file_name,split,is_train,is_test,width,height,mode,n_channels,file_size_bytes,px_mean,px_std,px_min,px_max,filename_parse_ok,capture_datetime,capture_date,instrument_code
20110109104734Ch.jpeg,train,1,0,2048,2048,L,1,873742,85.329509973526,57.091923256530265,0.0,230.0,True,2011-01-09 10:47:34,2011-01-09,Ch
20110114105034Ch.jpeg,train,1,0,2048,2048,L,1,870883,83.6482105255127,57.631484116627846,0.0,231.0,True,2011-01-14 10:50:34,2011-01-14,Ch
20110119082634Lh.jpeg,train,1,0,2048,2048,L,1,748571,80.96520137786865,58.91510994035545,0.0,242.0,True,2011-01-19 08:26:34,2011-01-19,Lh
20110123174914Mh.jpeg,train,1,0,2048,2048,L,1,609820,76.88766312599182,60.3041446070264,0.0,230.0,True,2011-01-23 17:49:14,2011-01-23,Mh
20110128174814Mh.jpeg,train,1,0,2048,2048,L,1,620384,77.0990080833435,60.36768664993954,0.0,232.0,True,2011-01-28 17:48:14,2011-01-28,Mh
20110203082634Lh.jpeg,train,1,0,2048,2048,L,1,750124,80.98329973220825,56.85946897673076,0.0,232.0,True,2011-02-03 08:26:34,2011-02-03,Lh
20110205082634Lh.jpeg,train,1,0,2048,2048,L,1,739637,81.03513240814209,56.858200771912976,0.0,231.0,True,2011-02-05 08:26:34,2011-02-05,Lh
20110211084114Th.jpeg,train,1,0,2048,2048,L,1,676340,86.20384120941162,51.339454056657,0.0,230.0,True,2011-02-11 08:41:14,2011-02-11,Th
20110213093414Th.jpeg,train,1,0,2048,2048,L,1,696905,86.21495962142944,51.321215027986845,0.0,255.0,True,2011-02-13 09:34:14,2011-02-13,Th
20110215083814Th.jpeg,train,1,0,2048,2048,L,1,688639,86.3820378780365,51.45362988133372,0.0,238.0,True,2011-02-15 08:38:14,2011-02-15,Th
20110220082634Lh.jpeg,train,1,0,2048,2048,L,1,754531,78.23332118988037,54.43557236390501,0.0,253.0,True,2011-02-20 08:26:34,2011-02-20,Lh
20110221173814Mh.jpeg,train,1,0,2048,2048,L,1,608879,77.10392189025879,60.29430840148845,0.0,231.0,True,2011-02-21 17:38:14,2011-02-21,Mh
20110301082654Uh.jpeg,train,1,0,2048,2048,L,1,764911,82.5113091468811,58.481203062126774,0.0,255.0,True,2011-03-01 08:26:54,2011-03-01,Uh
20110306082634Lh.jpeg,train,1,0,2048,2048,L,1,753273,82.01697444915771,56.49607775055576,0.0,255.0,True,2011-03-06 08:26:34,2011-03-06,Lh
20110312082634Lh.jpeg,train,1,0,2048,2048,L,1,776121,83.27966117858887,55.28925646310794,0.0,255.0,True,2011-03-12 08:26:34,2011-03-12,Lh
20110313082654Uh.jpeg,train,1,0,2048,2048,L,1,746781,80.04923009872437,55.100537671587006,0.0,232.0,True,2011-03-13 08:26:54,2011-03-13,Uh
20110317082654Uh.jpeg,train,1,0,2048,2048,L,1,755336,80.04819083213806,54.90801284455112,0.0,234.0,True,2011-03-17 08:26:54,2011-03-17,Uh
20110322005814Mh.jpeg,train,1,0,2048,2048,L,1,741178,91.50378656387329,49.74531077292425,0.0,231.0,True,2011-03-22 00:58:14,2011-03-22,Mh
20110324082614Th.jpeg,train,1,0,2048,2048,L,1,732433,86.61935782432556,51.168471787198094,0.0,229.0,True,2011-03-24 08:26:14,2011-03-24,Th
20110325171014Mh.jpeg,train,1,0,2048,2048,L,1,760799,79.03539252281189,58.001201524880436,0.0,244.0,True,2011-03-25 17:10:14,2011-03-25,Mh
20110326170914Mh.jpeg,train,1,0,2048,2048,L,1,541798,78.97145318984985,58.35558110045323,0.0,230.0,True,2011-03-26 17:09:14,2011-03-26,Mh
20110327143554Bh.jpeg,train,1,0,2048,2048,L,1,713800,79.86989855766296,58.34637118489616,0.0,230.0,True,2011-03-27 14:35:54,2011-03-27,Bh
20110406082634Lh.jpeg,train,1,0,2048,2048,L,1,755421,81.81207323074341,56.60130944992182,0.0,230.0,True,2011-04-06 08:26:34,2011-04-06,Lh
20110410141654Bh.jpeg,train,1,0,2048,2048,L,1,725668,80.62947130203247,58.308953404580556,0.0,230.0,True,2011-04-10 14:16:54,2011-04-10,Bh
20110421164914Mh.jpeg,train,1,0,2048,2048,L,1,803047,79.04253673553467,58.17987221349726,0.0,255.0,True,2011-04-21 16:49:14,2011-04-21,Mh
20110425063154Uh.jpeg,train,1,0,2048,2048,L,1,785799,85.16191267967224,56.69794910428433,0.0,233.0,True,2011-04-25 06:31:54,2011-04-25,Uh
20110429135554Bh.jpeg,train,1,0,2048,2048,L,1,481212,79.95427012443542,59.75397946617012,0.0,231.0,True,2011-04-29 13:55:54,2011-04-29,Bh
20110502063154Uh.jpeg,train,1,0,2048,2048,L,1,806118,84.7759017944336,56.28943498270668,0.0,230.0,True,2011-05-02 06:31:54,2011-05-02,Uh
20110509121334Ch.jpeg,train,1,0,2048,2048,L,1,813810,91.17637610435486,54.230023156725544,0.0,255.0,True,2011-05-09 12:13:34,2011-05-09,Ch
20110510063134Lh.jpeg,train,1,0,2048,2048,L,1,771474,82.36011075973511,56.5498427664322,0.0,255.0,True,2011-05-10 06:31:34,2011-05-10,Lh
20110511063154Uh.jpeg,train,1,0,2048,2048,L,1,771003,85.37938570976257,56.52550480787763,0.0,229.0,True,2011-05-11 06:31:54,2011-05-11,Uh
20110517164514Mh.jpeg,train,1,0,2048,2048,L,1,779411,87.1743836402893,51.60952596308367,0.0,242.0,True,2011-05-17 16:45:14,2011-05-17,Mh
20110520063154Uh.jpeg,train,1,0,2048,2048,L,1,775605,83.42519998550415,56.087060740294184,0.0,232.0,True,2011-05-20 06:31:54,2011-05-20,Uh
20110521063134Lh.jpeg,train,1,0,2048,2048,L,1,780207,82.2629382610321,56.590059943423114,0.0,230.0,True,2011-05-21 06:31:34,2011-05-21,Lh
20110523063154Uh.jpeg,train,1,0,2048,2048,L,1,788414,84.29076099395752,56.54442490850806,0.0,232.0,True,2011-05-23 06:31:54,2011-05-23,Uh
20110525063154Uh.jpeg,train,1,0,2048,2048,L,1,788374,83.83242964744568,55.918420902250006,0.0,230.0,True,2011-05-25 06:31:54,2011-05-25,Uh
20110526122534Ch.jpeg,train,1,0,2048,2048,L,1,831911,91.16162848472595,53.84826619957354,0.0,255.0,True,2011-05-26 12:25:34,2011-05-26,Ch
20110530122834Ch.jpeg,train,1,0,2048,2048,L,1,811238,84.85432553291321,58.52107205973659,0.0,230.0,True,2011-05-30 12:28:34,2011-05-30,Ch
20110601063134Lh.jpeg,train,1,0,2048,2048,L,1,804231,81.97067189216614,56.56492029422029,0.0,246.0,True,2011-06-01 06:31:34,2011-06-01,Lh
20110603163414Mh.jpeg,train,1,0,2048,2048,L,1,757005,81.10016965866089,57.255118521293916,0.0,255.0,True,2011-06-03 16:34:14,2011-06-03,Mh
20110615133454Bh.jpeg,train,1,0,2048,2048,L,1,780975,80.02948784828186,57.853217126469616,0.0,231.0,True,2011-06-15 13:34:54,2011-06-15,Bh
20110616133454Bh.jpeg,train,1,0,2048,2048,L,1,764604,80.05754518508911,57.705538484169175,0.0,237.0,True,2011-06-16 13:34:54,2011-06-16,Bh
20110617063134Lh.jpeg,train,1,0,2048,2048,L,1,825981,82.52090549468994,56.53508782404208,0.0,255.0,True,2011-06-17 06:31:34,2011-06-17,Lh
20110619063134Lh.jpeg,train,1,0,2048,2048,L,1,772865,83.51961922645569,55.431587707237234,0.0,238.0,True,2011-06-19 06:31:34,2011-06-19,Lh
20110621063134Lh.jpeg,train,1,0,2048,2048,L,1,749552,82.59293603897095,56.38022611577888,0.0,255.0,True,2011-06-21 06:31:34,2011-06-21,Lh
20110623063134Lh.jpeg,train,1,0,2048,2048,L,1,768812,82.09457111358643,56.15579172800162,0.0,232.0,True,2011-06-23 06:31:34,2011-06-23,Lh
20110625163814Mh.jpeg,train,1,0,2048,2048,L,1,763275,80.70466756820679,58.387653359085526,0.0,231.0,True,2011-06-25 16:38:14,2011-06-25,Mh
20110707074514Th.jpeg,train,1,0,2048,2048,L,1,838441,83.30900979042053,56.01780005512559,0.0,235.0,True,2011-07-07 07:45:14,2011-07-07,Th
20110711071214Th.jpeg,train,1,0,2048,2048,L,1,856231,83.49083113670349,55.67940699490596,0.0,233.0,True,2011-07-11 07:12:14,2011-07-11,Th
20110724164614Mh.jpeg,train,1,0,2048,2048,L,1,795613,80.49649095535278,58.46525758694592,0.0,230.0,True,2011-07-24 16:46:14,2011-07-24,Mh
20110727063234Lh.jpeg,train,1,0,2048,2048,L,1,752522,82.76062321662903,56.62266345005725,0.0,255.0,True,2011-07-27 06:32:34,2011-07-27,Lh
20110728084714Th.jpeg,train,1,0,2048,2048,L,1,831185,83.8696014881134,55.536624178293344,0.0,255.0,True,2011-07-28 08:47:14,2011-07-28,Th
20110803164914Mh.jpeg,train,1,0,2048,2048,L,1,816924,80.75893878936768,58.8630784813492,0.0,255.0,True,2011-08-03 16:49:14,2011-08-03,Mh
20110810063134Lh.jpeg,train,1,0,2048,2048,L,1,742520,81.8273572921753,55.81278020366158,0.0,230.0,True,2011-08-10 06:31:34,2011-08-10,Lh
20110815140454Bh.jpeg,train,1,0,2048,2048,L,1,805728,82.12863278388977,58.680328370511106,0.0,229.0,True,2011-08-15 14:04:54,2011-08-15,Bh
20110823120334Ch.jpeg,train,1,0,2048,2048,L,1,823499,87.77936100959778,56.89523825548759,0.0,232.0,True,2011-08-23 12:03:34,2011-08-23,Ch
20110824141054Bh.jpeg,train,1,0,2048,2048,L,1,857961,82.26591920852661,59.775553988946115,0.0,255.0,True,2011-08-24 14:10:54,2011-08-24,Bh
20110826074214Th.jpeg,train,1,0,2048,2048,L,1,946496,84.24932074546814,55.82593632993087,0.0,250.0,True,2011-08-26 07:42:14,2011-08-26,Th
20110902073614Th.jpeg,train,1,0,2048,2048,L,1,829538,84.23019647598267,55.26683198869911,0.0,251.0,True,2011-09-02 07:36:14,2011-09-02,Th
20110914063134Lh.jpeg,train,1,0,2048,2048,L,1,811505,81.82281184196472,55.915437091972635,0.0,253.0,True,2011-09-14 06:31:34,2011-09-14,Lh
20110918112834Ch.jpeg,train,1,0,2048,2048,L,1,962950,82.15755653381348,58.6722076819855,0.0,255.0,True,2011-09-18 11:28:34,2011-09-18,Ch
20110923112234Ch.jpeg,train,1,0,2048,2048,L,1,927486,85.32256388664246,60.80023736279648,0.0,255.0,True,2011-09-23 11:22:34,2011-09-23,Ch
20110923165814Mh.jpeg,train,1,0,2048,2048,L,1,796628,81.11800479888916,59.11899364714579,0.0,255.0,True,2011-09-23 16:58:14,2011-09-23,Mh
20111009110234Ch.jpeg,train,1,0,2048,2048,L,1,933117,84.76878380775452,60.683336650631986,0.0,245.0,True,2011-10-09 11:02:34,2011-10-09,Ch
20111011112054Uh.jpeg,train,1,0,2048,2048,L,1,676057,80.3308424949646,57.87920161105993,0.0,232.0,True,2011-10-11 11:20:54,2011-10-11,Uh
20111018063134Lh.jpeg,train,1,0,2048,2048,L,1,653755,86.59141087532043,49.09724301323761,0.0,229.0,True,2011-10-18 06:31:34,2011-10-18,Lh
20111019063154Uh.jpeg,train,1,0,2048,2048,L,1,829180,83.04476642608643,57.70932121585601,0.0,255.0,True,2011-10-19 06:31:54,2011-10-19,Uh
20111025080614Th.jpeg,train,1,0,2048,2048,L,1,828641,84.24366044998169,54.79109350320049,0.0,231.0,True,2011-10-25 08:06:14,2011-10-25,Th
20111027145954Bh.jpeg,train,1,0,2048,2048,L,1,805814,85.0892288684845,60.31343976574051,0.0,230.0,True,2011-10-27 14:59:54,2011-10-27,Bh
20111029063154Uh.jpeg,train,1,0,2048,2048,L,1,829213,82.25571346282959,58.082308025820666,0.0,241.0,True,2011-10-29 06:31:54,2011-10-29,Uh
20111107063154Uh.jpeg,train,1,0,2048,2048,L,1,808271,83.15226173400879,58.036538898957566,0.0,255.0,True,2011-11-07 06:31:54,2011-11-07,Uh
20111112193254Bh.jpeg,train,1,0,2048,2048,L,1,741846,90.1142942905426,50.20826603693264,0.0,231.0,True,2011-11-12 19:32:54,2011-11-12,Bh
20111114082314Th.jpeg,train,1,0,2048,2048,L,1,769187,84.98999571800232,54.91551441072372,0.0,231.0,True,2011-11-14 08:23:14,2011-11-14,Th
20111115063134Lh.jpeg,train,1,0,2048,2048,L,1,819874,81.01105761528015,55.5938202644896,0.0,255.0,True,2011-11-15 06:31:34,2011-11-15,Lh
20111116063134Lh.jpeg,train,1,0,2048,2048,L,1,777311,81.6660258769989,55.9081521000599,0.0,229.0,True,2011-11-16 06:31:34,2011-11-16,Lh
20111201063154Uh.jpeg,train,1,0,2048,2048,L,1,832912,83.3585364818573,58.00076374811982,0.0,255.0,True,2011-12-01 06:31:54,2011-12-01,Uh
20111206102934Ch.jpeg,train,1,0,2048,2048,L,1,896819,85.92038655281067,60.577762771398916,0.0,255.0,True,2011-12-06 10:29:34,2011-12-06,Ch
20111208063134Lh.jpeg,train,1,0,2048,2048,L,1,779190,82.0027642250061,56.23341099993475,0.0,232.0,True,2011-12-08 06:31:34,2011-12-08,Lh
20111214063134Lh.jpeg,train,1,0,2048,2048,L,1,742447,81.90061473846436,55.79378565502632,0.0,229.0,True,2011-12-14 06:31:34,2011-12-14,Lh
20111214132434Ch.jpeg,train,1,0,2048,2048,L,1,882032,82.39970827102661,57.99931551653338,0.0,230.0,True,2011-12-14 13:24:34,2011-12-14,Ch
20111215063134Lh.jpeg,train,1,0,2048,2048,L,1,770856,81.52952837944031,55.95527422985427,0.0,244.0,True,2011-12-15 06:31:34,2011-12-15,Lh
20111218085014Th.jpeg,train,1,0,2048,2048,L,1,828873,85.04544162750244,55.20621675310365,0.0,238.0,True,2011-12-18 08:50:14,2011-12-18,Th
20111222063154Uh.jpeg,train,1,0,2048,2048,L,1,862472,83.31243205070496,57.91567008900355,0.0,255.0,True,2011-12-22 06:31:54,2011-12-22,Uh
20111223085314Th.jpeg,train,1,0,2048,2048,L,1,861307,85.29888701438904,55.182209446834655,0.0,255.0,True,2011-12-23 08:53:14,2011-12-23,Th
20111226155454Bh.jpeg,train,1,0,2048,2048,L,1,752824,83.11327385902405,59.28362532442875,0.0,232.0,True,2011-12-26 15:54:54,2011-12-26,Bh
20111229063154Uh.jpeg,train,1,0,2048,2048,L,1,834838,83.34617161750793,58.70141820320711,0.0,245.0,True,2011-12-29 06:31:54,2011-12-29,Uh
20120103104134Ch.jpeg,train,1,0,2048,2048,L,1,887880,86.18495583534241,60.11780280474638,0.0,249.0,True,2012-01-03 10:41:34,2012-01-03,Ch
20120104063134Lh.jpeg,train,1,0,2048,2048,L,1,709758,82.13945508003235,55.926278859636945,0.0,230.0,True,2012-01-04 06:31:34,2012-01-04,Lh
20120110155754Bh.jpeg,train,1,0,2048,2048,L,1,775820,83.40160393714905,58.70944575350451,0.0,230.0,True,2012-01-10 15:57:54,2012-01-10,Bh
20120113104834Ch.jpeg,train,1,0,2048,2048,L,1,877881,85.84680414199829,59.39325773109084,0.0,255.0,True,2012-01-13 10:48:34,2012-01-13,Ch
20120114063154Uh.jpeg,train,1,0,2048,2048,L,1,782965,82.9435486793518,57.538774577003785,0.0,231.0,True,2012-01-14 06:31:54,2012-01-14,Uh
20120116063254Uh.jpeg,train,1,0,2048,2048,L,1,888724,83.02229332923889,58.387856835014695,0.0,255.0,True,2012-01-16 06:32:54,2012-01-16,Uh
20120127085214Th.jpeg,train,1,0,2048,2048,L,1,787329,85.22618627548218,54.70045668752535,0.0,231.0,True,2012-01-27 08:52:14,2012-01-27,Th
20120131063154Uh.jpeg,train,1,0,2048,2048,L,1,819439,82.50485134124756,56.40628249843202,0.0,232.0,True,2012-01-31 06:31:54,2012-01-31,Uh
20120205172414Mh.jpeg,train,1,0,2048,2048,L,1,721600,81.06362080574036,58.67608279667561,0.0,230.0,True,2012-02-05 17:24:14,2012-02-05,Mh
20120206063134Lh.jpeg,train,1,0,2048,2048,L,1,870979,81.82712912559509,56.298472430246974,0.0,233.0,True,2012-02-06 06:31:34,2012-02-06,Lh
20120213063134Lh.jpeg,train,1,0,2048,2048,L,1,836397,81.25807690620422,55.870163183092274,0.0,255.0,True,2012-02-13 06:31:34,2012-02-13,Lh
20120215153654Bh.jpeg,train,1,0,2048,2048,L,1,770897,82.74782466888428,58.830262249734346,0.0,229.0,True,2012-02-15 15:36:54,2012-02-15,Bh
20120217063154Uh.jpeg,train,1,0,2048,2048,L,1,796875,82.44482445716858,57.70054758527393,0.0,232.0,True,2012-02-17 06:31:54,2012-02-17,Uh
20120217181154Bh.jpeg,train,1,0,2048,2048,L,1,793481,82.53054141998291,58.65541956815,0.0,231.0,True,2012-02-17 18:11:54,2012-02-17,Bh
20120218173614Mh.jpeg,train,1,0,2048,2048,L,1,728126,80.09657120704651,56.351803160035,0.0,231.0,True,2012-02-18 17:36:14,2012-02-18,Mh
20120223063154Uh.jpeg,train,1,0,2048,2048,L,1,757579,83.72528076171875,57.594096437032974,0.0,231.0,True,2012-02-23 06:31:54,2012-02-23,Uh
20120223152054Bh.jpeg,train,1,0,2048,2048,L,1,762511,85.7404158115387,55.520239950311364,0.0,229.0,True,2012-02-23 15:20:54,2012-02-23,Bh
20120225172914Mh.jpeg,train,1,0,2048,2048,L,1,792956,80.7090892791748,58.40213216988122,0.0,231.0,True,2012-02-25 17:29:14,2012-02-25,Mh
20120227161654Bh.jpeg,train,1,0,2048,2048,L,1,792053,82.37775182723999,58.719842328581365,0.0,229.0,True,2012-02-27 16:16:54,2012-02-27,Bh
20120306063154Uh.jpeg,train,1,0,2048,2048,L,1,812159,83.1577639579773,57.6656845975003,0.0,255.0,True,2012-03-06 06:31:54,2012-03-06,Uh
20120313063154Uh.jpeg,train,1,0,2048,2048,L,1,801287,83.35761904716492,57.10603013720394,0.0,244.0,True,2012-03-13 06:31:54,2012-03-13,Uh
20120318063154Uh.jpeg,train,1,0,2048,2048,L,1,807551,83.30877494812012,57.59321346602205,0.0,243.0,True,2012-03-18 06:31:54,2012-03-18,Uh
20120323144054Bh.jpeg,train,1,0,2048,2048,L,1,754914,83.43503475189209,58.48925455149511,0.0,255.0,True,2012-03-23 14:40:54,2012-03-23,Bh
20120328164614Mh.jpeg,train,1,0,2048,2048,L,1,749761,80.7852373123169,58.93984600439677,0.0,231.0,True,2012-03-28 16:46:14,2012-03-28,Mh
20120330063134Lh.jpeg,train,1,0,2048,2048,L,1,809755,81.67022275924683,55.79426723024994,0.0,236.0,True,2012-03-30 06:31:34,2012-03-30,Lh
20120330063154Uh.jpeg,train,1,0,2048,2048,L,1,793126,83.00131916999817,57.41861004055292,0.0,230.0,True,2012-03-30 06:31:54,2012-03-30,Uh
20120331142954Bh.jpeg,train,1,0,2048,2048,L,1,776713,82.19644498825073,59.25425776372032,0.0,233.0,True,2012-03-31 14:29:54,2012-03-31,Bh
20120403083114Th.jpeg,train,1,0,2048,2048,L,1,793806,85.5044858455658,54.30615831143877,0.0,255.0,True,2012-04-03 08:31:14,2012-04-03,Th
20120403164114Mh.jpeg,train,1,0,2048,2048,L,1,753703,80.39164590835571,58.598579082244164,0.0,230.0,True,2012-04-03 16:41:14,2012-04-03,Mh
20120404063154Uh.jpeg,train,1,0,2048,2048,L,1,765124,83.71219420433044,57.47471850201569,0.0,231.0,True,2012-04-04 06:31:54,2012-04-04,Uh
20120414115434Ch.jpeg,train,1,0,2048,2048,L,1,858775,87.15299248695374,58.20806452162324,0.0,230.0,True,2012-04-14 11:54:34,2012-04-14,Ch
20120414175914Mh.jpeg,train,1,0,2048,2048,L,1,815765,87.82076907157898,51.38114099004659,0.0,255.0,True,2012-04-14 17:59:14,2012-04-14,Mh
20120421063154Uh.jpeg,train,1,0,2048,2048,L,1,780349,83.58709859848022,57.104007121782075,0.0,255.0,True,2012-04-21 06:31:54,2012-04-21,Uh
20120424072414Th.jpeg,train,1,0,2048,2048,L,1,816342,85.36596393585205,54.3031113558054,0.0,255.0,True,2012-04-24 07:24:14,2012-04-24,Th
20120424120134Ch.jpeg,train,1,0,2048,2048,L,1,843024,87.4023060798645,58.14223984858934,0.0,255.0,True,2012-04-24 12:01:34,2012-04-24,Ch
20120427063154Uh.jpeg,train,1,0,2048,2048,L,1,762579,83.75713753700256,57.275823636469674,0.0,232.0,True,2012-04-27 06:31:54,2012-04-27,Uh
20120427162614Mh.jpeg,train,1,0,2048,2048,L,1,761911,80.3403160572052,58.67439625775114,0.0,234.0,True,2012-04-27 16:26:14,2012-04-27,Mh
20120430063154Uh.jpeg,train,1,0,2048,2048,L,1,782768,83.86977028846741,57.37142251801333,0.0,231.0,True,2012-04-30 06:31:54,2012-04-30,Uh
20120509163414Mh.jpeg,train,1,0,2048,2048,L,1,794888,80.44324445724487,58.86404546915699,0.0,255.0,True,2012-05-09 16:34:14,2012-05-09,Mh
20120519070814Th.jpeg,train,1,0,2048,2048,L,1,802095,85.21151423454285,54.509289354695994,0.0,255.0,True,2012-05-19 07:08:14,2012-05-19,Th
20120523163014Mh.jpeg,train,1,0,2048,2048,L,1,741003,80.37844252586365,58.69305691810672,0.0,237.0,True,2012-05-23 16:30:14,2012-05-23,Mh
20120603123034Ch.jpeg,train,1,0,2048,2048,L,1,805173,87.97588872909546,57.73591919693937,0.0,239.0,True,2012-06-03 12:30:34,2012-06-03,Ch
20120610175114Mh.jpeg,train,1,0,2048,2048,L,1,779570,85.59475374221802,52.734988396134256,0.0,230.0,True,2012-06-10 17:51:14,2012-06-10,Mh
20120627162114Mh.jpeg,train,1,0,2048,2048,L,1,782135,80.26892185211182,58.80264293731561,0.0,253.0,True,2012-06-27 16:21:14,2012-06-27,Mh
20120703070814Th.jpeg,train,1,0,2048,2048,L,1,861371,84.04536294937134,54.84247956931501,0.0,255.0,True,2012-07-03 07:08:14,2012-07-03,Th
20120712123634Ch.jpeg,train,1,0,2048,2048,L,1,831554,87.74495339393616,57.78924189761292,0.0,246.0,True,2012-07-12 12:36:34,2012-07-12,Ch
20120715123434Ch.jpeg,train,1,0,2048,2048,L,1,833698,88.25622367858887,58.14865707513264,0.0,230.0,True,2012-07-15 12:34:34,2012-07-15,Ch
20120720085114Th.jpeg,train,1,0,2048,2048,L,1,830525,85.60365414619446,54.74320858946544,0.0,230.0,True,2012-07-20 08:51:14,2012-07-20,Th
20120723095014Th.jpeg,train,1,0,2048,2048,L,1,822194,85.16966247558594,54.03593266444169,0.0,231.0,True,2012-07-23 09:50:14,2012-07-23,Th
20120725122934Ch.jpeg,train,1,0,2048,2048,L,1,837675,88.13049721717834,57.86251818808609,0.0,239.0,True,2012-07-25 12:29:34,2012-07-25,Ch
20120726071914Th.jpeg,train,1,0,2048,2048,L,1,874987,85.23327136039734,54.68264720581224,0.0,233.0,True,2012-07-26 07:19:14,2012-07-26,Th
20120729122634Ch.jpeg,train,1,0,2048,2048,L,1,849833,89.08666896820068,58.68191267000245,0.0,255.0,True,2012-07-29 12:26:34,2012-07-29,Ch
20120730135454Bh.jpeg,train,1,0,2048,2048,L,1,863044,82.71434783935547,59.781412308305605,0.0,255.0,True,2012-07-30 13:54:54,2012-07-30,Bh
20120802090314Th.jpeg,train,1,0,2048,2048,L,1,866940,85.44858407974243,55.51631014664684,0.0,255.0,True,2012-08-02 09:03:14,2012-08-02,Th
20120803102114Th.jpeg,train,1,0,2048,2048,L,1,804966,84.91411924362183,54.949776539362816,0.0,253.0,True,2012-08-03 10:21:14,2012-08-03,Th
20120803164614Mh.jpeg,train,1,0,2048,2048,L,1,796512,86.38789391517639,55.28391804342491,0.0,254.0,True,2012-08-03 16:46:14,2012-08-03,Mh
20120810121634Ch.jpeg,train,1,0,2048,2048,L,1,849798,88.40137028694153,58.4135097209951,0.0,255.0,True,2012-08-10 12:16:34,2012-08-10,Ch
20120811121434Ch.jpeg,train,1,0,2048,2048,L,1,794069,88.07451391220093,58.13433140303417,0.0,255.0,True,2012-08-11 12:14:34,2012-08-11,Ch
20120813164714Mh.jpeg,train,1,0,2048,2048,L,1,758403,80.83549165725708,58.83973723432251,0.0,229.0,True,2012-08-13 16:47:14,2012-08-13,Mh
20120814140454Bh.jpeg,train,1,0,2048,2048,L,1,908492,80.87669277191162,59.730951423097,0.0,255.0,True,2012-08-14 14:04:54,2012-08-14,Bh
20120814163114Mh.jpeg,train,1,0,2048,2048,L,1,782379,80.41035485267639,58.93542664829029,0.0,230.0,True,2012-08-14 16:31:14,2012-08-14,Mh
20120816072814Th.jpeg,train,1,0,2048,2048,L,1,846944,84.69144129753113,54.50353572409518,0.0,231.0,True,2012-08-16 07:28:14,2012-08-16,Th
20120827085114Th.jpeg,train,1,0,2048,2048,L,1,892041,84.78868842124939,54.970478398259175,0.0,255.0,True,2012-08-27 08:51:14,2012-08-27,Th
20120829063134Lh.jpeg,train,1,0,2048,2048,L,1,774624,79.88729572296143,59.068755160486745,0.0,246.0,True,2012-08-29 06:31:34,2012-08-29,Lh
20120901114934Ch.jpeg,train,1,0,2048,2048,L,1,875434,86.20304727554321,56.886005037824205,0.0,255.0,True,2012-09-01 11:49:34,2012-09-01,Ch
20120907141954Bh.jpeg,train,1,0,2048,2048,L,1,861358,82.2924530506134,59.44526963994787,0.0,255.0,True,2012-09-07 14:19:54,2012-09-07,Bh
20120910074014Th.jpeg,train,1,0,2048,2048,L,1,861417,84.88393521308899,54.63109787961373,0.0,236.0,True,2012-09-10 07:40:14,2012-09-10,Th
20120913165314Mh.jpeg,train,1,0,2048,2048,L,1,783094,80.548593044281,58.66374528145003,0.0,235.0,True,2012-09-13 16:53:14,2012-09-13,Mh
20120914063134Lh.jpeg,train,1,0,2048,2048,L,1,766637,80.00600171089172,59.12432813347137,0.0,241.0,True,2012-09-14 06:31:34,2012-09-14,Lh
20120917142654Bh.jpeg,train,1,0,2048,2048,L,1,811389,82.04815673828125,59.22133453508477,0.0,231.0,True,2012-09-17 14:26:54,2012-09-17,Bh
20120928063134Lh.jpeg,train,1,0,2048,2048,L,1,756712,80.77339696884155,58.90156188231769,0.0,231.0,True,2012-09-28 06:31:34,2012-09-28,Lh
20121006063534Lh.jpeg,train,1,0,2048,2048,L,1,744001,79.75034189224243,58.9691636890436,0.0,234.0,True,2012-10-06 06:35:34,2012-10-06,Lh
20121007131134Ch.jpeg,train,1,0,2048,2048,L,1,823289,91.98025465011597,60.869367336409006,0.0,230.0,True,2012-10-07 13:11:34,2012-10-07,Ch
20121009165914Mh.jpeg,train,1,0,2048,2048,L,1,788765,80.42284607887268,58.43988601474985,0.0,231.0,True,2012-10-09 16:59:14,2012-10-09,Mh
20121018063134Lh.jpeg,train,1,0,2048,2048,L,1,737053,80.12778425216675,58.64867637971926,0.0,233.0,True,2012-10-18 06:31:34,2012-10-18,Lh
20121021145454Bh.jpeg,train,1,0,2048,2048,L,1,778428,81.74129891395569,58.129474045120055,0.0,229.0,True,2012-10-21 14:54:54,2012-10-21,Bh
20121022145554Bh.jpeg,train,1,0,2048,2048,L,1,838204,82.53000092506409,59.43943039980097,0.0,255.0,True,2012-10-22 14:55:54,2012-10-22,Bh
20121024164714Mh.jpeg,train,1,0,2048,2048,L,1,805641,77.47881364822388,58.00698585478866,0.0,230.0,True,2012-10-24 16:47:14,2012-10-24,Mh
20121026063134Lh.jpeg,train,1,0,2048,2048,L,1,810280,80.23558163642883,59.897341839565215,0.0,255.0,True,2012-10-26 06:31:34,2012-10-26,Lh
20121027063134Lh.jpeg,train,1,0,2048,2048,L,1,790545,80.9260025024414,59.17135879687248,0.0,232.0,True,2012-10-27 06:31:34,2012-10-27,Lh
20121027165114Mh.jpeg,train,1,0,2048,2048,L,1,729639,81.2013099193573,58.86291758150206,0.0,230.0,True,2012-10-27 16:51:14,2012-10-27,Mh
20121030150354Bh.jpeg,train,1,0,2048,2048,L,1,788915,82.9516863822937,59.31815985160457,0.0,231.0,True,2012-10-30 15:03:54,2012-10-30,Bh
20121108155954Bh.jpeg,train,1,0,2048,2048,L,1,835516,82.70884203910828,58.97677961432543,0.0,231.0,True,2012-11-08 15:59:54,2012-11-08,Bh
20121109103634Ch.jpeg,train,1,0,2048,2048,L,1,823629,86.46241903305054,59.465482725799866,0.0,230.0,True,2012-11-09 10:36:34,2012-11-09,Ch
20121113103634Ch.jpeg,train,1,0,2048,2048,L,1,860151,87.28745245933533,60.11112510290254,0.0,255.0,True,2012-11-13 10:36:34,2012-11-13,Ch
20121114172254Bh.jpeg,train,1,0,2048,2048,L,1,748503,91.22370862960815,50.607932074006484,0.0,242.0,True,2012-11-14 17:22:54,2012-11-14,Bh
20121118092514Th.jpeg,train,1,0,2048,2048,L,1,812146,82.27846097946167,52.933104474457004,0.0,235.0,True,2012-11-18 09:25:14,2012-11-18,Th
20121129063154Uh.jpeg,train,1,0,2048,2048,L,1,813147,82.86731433868408,57.67165173021509,0.0,255.0,True,2012-11-29 06:31:54,2012-11-29,Uh
20121207103034Ch.jpeg,train,1,0,2048,2048,L,1,806422,80.16078519821167,58.24597013915945,0.0,240.0,True,2012-12-07 10:30:34,2012-12-07,Ch
20121208171514Mh.jpeg,train,1,0,2048,2048,L,1,727519,80.34282350540161,58.688591748940176,0.0,233.0,True,2012-12-08 17:15:14,2012-12-08,Mh
20121218063534Lh.jpeg,train,1,0,2048,2048,L,1,756123,81.45720720291138,59.575286496066276,0.0,230.0,True,2012-12-18 06:35:34,2012-12-18,Lh
20121219063154Uh.jpeg,train,1,0,2048,2048,L,1,772506,86.8526623249054,53.15428334569387,0.0,230.0,True,2012-12-19 06:31:54,2012-12-19,Uh
20130107174854Bh.jpeg,train,1,0,2048,2048,L,1,767299,78.18628239631653,55.49412100796414,0.0,230.0,True,2013-01-07 17:48:54,2013-01-07,Bh
20130109130334Ch.jpeg,train,1,0,2048,2048,L,1,807275,82.64141488075256,59.41219067275698,0.0,231.0,True,2013-01-09 13:03:34,2013-01-09,Ch
20130110104734Ch.jpeg,train,1,0,2048,2048,L,1,830559,83.6472020149231,60.77752119066544,0.0,255.0,True,2013-01-10 10:47:34,2013-01-10,Ch
20130111104734Ch.jpeg,train,1,0,2048,2048,L,1,792801,81.28654623031616,57.968508628845576,0.0,255.0,True,2013-01-11 10:47:34,2013-01-11,Ch
20130116172814Mh.jpeg,train,1,0,2048,2048,L,1,748240,80.6985068321228,57.76908821125111,0.0,231.0,True,2013-01-16 17:28:14,2013-01-16,Mh
20130201084914Th.jpeg,train,1,0,2048,2048,L,1,953429,86.30674529075623,54.60993740184809,0.0,232.0,True,2013-02-01 08:49:14,2013-02-01,Th
20130208063154Uh.jpeg,train,1,0,2048,2048,L,1,753296,83.27342057228088,57.66286382568025,0.0,233.0,True,2013-02-08 06:31:54,2013-02-08,Uh
20130211063134Lh.jpeg,train,1,0,2048,2048,L,1,761466,80.89565062522888,59.433539101338596,0.0,230.0,True,2013-02-11 06:31:34,2013-02-11,Lh
20130212153254Bh.jpeg,train,1,0,2048,2048,L,1,741446,83.07553958892822,59.166989935643095,0.0,232.0,True,2013-02-12 15:32:54,2013-02-12,Bh
20130214111534Ch.jpeg,train,1,0,2048,2048,L,1,802797,80.91329884529114,58.676170336226996,0.0,232.0,True,2013-02-14 11:15:34,2013-02-14,Ch
20130218220314Mh.jpeg,train,1,0,2048,2048,L,1,770026,88.27980256080627,51.404748297906394,0.0,255.0,True,2013-02-18 22:03:14,2013-02-18,Mh
20130219063134Lh.jpeg,train,1,0,2048,2048,L,1,741285,80.21966552734375,58.77429671279387,0.0,255.0,True,2013-02-19 06:31:34,2013-02-19,Lh
20130221063134Lh.jpeg,train,1,0,2048,2048,L,1,794741,79.38686919212341,58.208586286031604,0.0,255.0,True,2013-02-21 06:31:34,2013-02-21,Lh
20130222082914Th.jpeg,train,1,0,2048,2048,L,1,766739,85.51749038696289,54.40171241332066,0.0,230.0,True,2013-02-22 08:29:14,2013-02-22,Th
20130225171214Mh.jpeg,train,1,0,2048,2048,L,1,750369,80.72071743011475,59.132441670376814,0.0,232.0,True,2013-02-25 17:12:14,2013-02-25,Mh
20130303063134Lh.jpeg,train,1,0,2048,2048,L,1,763752,80.70727777481079,59.04600625935592,0.0,229.0,True,2013-03-03 06:31:34,2013-03-03,Lh
20130303063154Uh.jpeg,train,1,0,2048,2048,L,1,792481,83.51193714141846,57.626025056992226,0.0,230.0,True,2013-03-03 06:31:54,2013-03-03,Uh
20130304170614Mh.jpeg,train,1,0,2048,2048,L,1,769395,80.6687080860138,58.77725019939238,0.0,230.0,True,2013-03-04 17:06:14,2013-03-04,Mh
20130305112734Ch.jpeg,train,1,0,2048,2048,L,1,805200,81.41502618789673,59.003582095705234,0.0,253.0,True,2013-03-05 11:27:34,2013-03-05,Ch
20130306172214Mh.jpeg,train,1,0,2048,2048,L,1,731265,80.50071120262146,55.913340652235526,0.0,230.0,True,2013-03-06 17:22:14,2013-03-06,Mh
20130314165714Mh.jpeg,train,1,0,2048,2048,L,1,730651,80.71799397468567,59.015982566267674,0.0,231.0,True,2013-03-14 16:57:14,2013-03-14,Mh
20130319144654Bh.jpeg,train,1,0,2048,2048,L,1,773214,86.48226690292358,54.481835092052144,0.0,253.0,True,2013-03-19 14:46:54,2013-03-19,Bh
20130324015554Uh.jpeg,train,1,0,2048,2048,L,1,746468,81.42524099349976,58.7117382417113,0.0,229.0,True,2013-03-24 01:55:54,2013-03-24,Uh
20130326063134Lh.jpeg,train,1,0,2048,2048,L,1,749333,80.74620914459229,58.91074673460692,0.0,233.0,True,2013-03-26 06:31:34,2013-03-26,Lh
20130327175114Mh.jpeg,train,1,0,2048,2048,L,1,788582,86.23492431640625,51.256899440755916,0.0,255.0,True,2013-03-27 17:51:14,2013-03-27,Mh
20130404063134Lh.jpeg,train,1,0,2048,2048,L,1,782528,80.97261095046997,59.301202241924884,0.0,231.0,True,2013-04-04 06:31:34,2013-04-04,Lh
20130405114734Ch.jpeg,train,1,0,2048,2048,L,1,783764,81.29726076126099,59.00268772171577,0.0,252.0,True,2013-04-05 11:47:34,2013-04-05,Ch
20130407063154Uh.jpeg,train,1,0,2048,2048,L,1,759292,83.37185025215149,57.67335338374775,0.0,230.0,True,2013-04-07 06:31:54,2013-04-07,Uh
20130411115134Ch.jpeg,train,1,0,2048,2048,L,1,835147,80.9323902130127,58.669160432126716,0.0,255.0,True,2013-04-11 11:51:34,2013-04-11,Ch
20130419070254Uh.jpeg,train,1,0,2048,2048,L,1,816588,82.85374307632446,57.64412282809548,0.0,231.0,True,2013-04-19 07:02:54,2013-04-19,Uh
20130423072414Th.jpeg,train,1,0,2048,2048,L,1,790268,85.03443717956543,54.615335892576645,0.0,255.0,True,2013-04-23 07:24:14,2013-04-23,Th
20130425135954Bh.jpeg,train,1,0,2048,2048,L,1,825903,82.73611855506897,59.64158904881882,0.0,255.0,True,2013-04-25 13:59:54,2013-04-25,Bh
20130429063154Uh.jpeg,train,1,0,2048,2048,L,1,775905,83.56103181838989,57.381715133715,0.0,231.0,True,2013-04-29 06:31:54,2013-04-29,Uh
20130502063134Lh.jpeg,train,1,0,2048,2048,L,1,746398,80.33961582183838,59.12224364270035,0.0,237.0,True,2013-05-02 06:31:34,2013-05-02,Lh
20130510134654Bh.jpeg,train,1,0,2048,2048,L,1,838513,83.26308631896973,58.0317931711501,0.0,255.0,True,2013-05-10 13:46:54,2013-05-10,Bh
20130517063134Lh.jpeg,train,1,0,2048,2048,L,1,778478,81.60288405418396,59.673061691180656,0.0,255.0,True,2013-05-17 06:31:34,2013-05-17,Lh
20130601063154Uh.jpeg,train,1,0,2048,2048,L,1,777992,84.01288437843323,57.50457452472218,0.0,230.0,True,2013-06-01 06:31:54,2013-06-01,Uh
20130609123334Ch.jpeg,train,1,0,2048,2048,L,1,869254,80.78906273841858,58.43854638335173,0.0,254.0,True,2013-06-09 12:33:34,2013-06-09,Ch
20130609173414Mh.jpeg,train,1,0,2048,2048,L,1,809652,83.04072332382202,55.290338773362144,0.0,230.0,True,2013-06-09 17:34:14,2013-06-09,Mh
20130611063154Uh.jpeg,train,1,0,2048,2048,L,1,784007,84.26223826408386,53.055040006510296,0.0,231.0,True,2013-06-11 06:31:54,2013-06-11,Uh
20130615002434Lh.jpeg,train,1,0,2048,2048,L,1,760162,82.14466190338135,58.67984729861829,0.0,246.0,True,2013-06-15 00:24:34,2013-06-15,Lh
20130616070414Th.jpeg,train,1,0,2048,2048,L,1,641825,94.03570246696472,58.449386527426455,0.0,232.0,True,2013-06-16 07:04:14,2013-06-16,Th
20130628063134Lh.jpeg,train,1,0,2048,2048,L,1,832513,81.73533010482788,60.22301676760133,0.0,233.0,True,2013-06-28 06:31:34,2013-06-28,Lh
20130630070714Th.jpeg,train,1,0,2048,2048,L,1,774861,85.17934703826904,54.28392936823016,0.0,241.0,True,2013-06-30 07:07:14,2013-06-30,Th
20130705161714Mh.jpeg,train,1,0,2048,2048,L,1,785190,80.28945398330688,59.03149273879706,0.0,255.0,True,2013-07-05 16:17:14,2013-07-05,Mh
20130707134154Bh.jpeg,train,1,0,2048,2048,L,1,860594,82.46482038497925,59.42955126216009,0.0,255.0,True,2013-07-07 13:41:54,2013-07-07,Bh
20130716162214Mh.jpeg,train,1,0,2048,2048,L,1,789757,79.89078092575073,58.69373765112077,0.0,255.0,True,2013-07-16 16:22:14,2013-07-16,Mh
20130717123434Ch.jpeg,train,1,0,2048,2048,L,1,804446,80.44705605506897,58.4150918257576,0.0,255.0,True,2013-07-17 12:34:34,2013-07-17,Ch
20130719140154Bh.jpeg,train,1,0,2048,2048,L,1,887378,86.70257258415222,52.80764610512245,0.0,238.0,True,2013-07-19 14:01:54,2013-07-19,Bh
20130725122934Ch.jpeg,train,1,0,2048,2048,L,1,817701,82.37982249259949,58.08703298905429,0.0,255.0,True,2013-07-25 12:29:34,2013-07-25,Ch
20130805135854Bh.jpeg,train,1,0,2048,2048,L,1,788548,82.4813904762268,58.88797546453125,0.0,230.0,True,2013-08-05 13:58:54,2013-08-05,Bh
20130807073114Th.jpeg,train,1,0,2048,2048,L,1,888369,85.23726987838745,54.910382052450196,0.0,255.0,True,2013-08-07 07:31:14,2013-08-07,Th
20130808140054Bh.jpeg,train,1,0,2048,2048,L,1,781071,82.94942283630371,58.63460412235645,0.0,232.0,True,2013-08-08 14:00:54,2013-08-08,Bh
20130809072814Th.jpeg,train,1,0,2048,2048,L,1,882006,84.60759329795837,54.75350425210489,0.0,233.0,True,2013-08-09 07:28:14,2013-08-09,Th
20130810121534Ch.jpeg,train,1,0,2048,2048,L,1,787103,80.7847158908844,58.64818518074296,0.0,231.0,True,2013-08-10 12:15:34,2013-08-10,Ch
20130811140254Bh.jpeg,train,1,0,2048,2048,L,1,818929,82.68471717834473,58.7472425351793,0.0,255.0,True,2013-08-11 14:02:54,2013-08-11,Bh
20130813060834Lh.jpeg,train,1,0,2048,2048,L,1,780143,80.54151630401611,58.7151633861602,0.0,245.0,True,2013-08-13 06:08:34,2013-08-13,Lh
20130824060834Lh.jpeg,train,1,0,2048,2048,L,1,778295,82.5233244895935,59.58963201737686,0.0,231.0,True,2013-08-24 06:08:34,2013-08-24,Lh
20130828141354Bh.jpeg,train,1,0,2048,2048,L,1,876692,82.55346703529358,59.16821843802959,0.0,255.0,True,2013-08-28 14:13:54,2013-08-28,Bh
20130901073614Th.jpeg,train,1,0,2048,2048,L,1,862761,84.47392272949219,54.6693189028836,0.0,255.0,True,2013-09-01 07:36:14,2013-09-01,Th
20130903060834Lh.jpeg,train,1,0,2048,2048,L,1,738260,79.42658019065857,57.78161789066102,0.0,231.0,True,2013-09-03 06:08:34,2013-09-03,Lh
20130903141654Bh.jpeg,train,1,0,2048,2048,L,1,869081,82.08239221572876,59.03738420129581,0.0,255.0,True,2013-09-03 14:16:54,2013-09-03,Bh
20130905073714Th.jpeg,train,1,0,2048,2048,L,1,854267,85.08526849746704,54.72527768922451,0.0,255.0,True,2013-09-05 07:37:14,2013-09-05,Th
20130913142354Bh.jpeg,train,1,0,2048,2048,L,1,913026,82.04616975784302,58.976251520705944,0.0,236.0,True,2013-09-13 14:23:54,2013-09-13,Bh
20130919060834Lh.jpeg,train,1,0,2048,2048,L,1,766449,80.35828828811646,58.56458403159383,0.0,229.0,True,2013-09-19 06:08:34,2013-09-19,Lh
20130921060834Lh.jpeg,train,1,0,2048,2048,L,1,763646,80.70397901535034,58.60295345963639,0.0,231.0,True,2013-09-21 06:08:34,2013-09-21,Lh
20130923060834Lh.jpeg,train,1,0,2048,2048,L,1,746497,80.64353203773499,58.70936069926581,0.0,230.0,True,2013-09-23 06:08:34,2013-09-23,Lh
20130925143254Bh.jpeg,train,1,0,2048,2048,L,1,793229,80.52493238449097,56.407924461810126,0.0,255.0,True,2013-09-25 14:32:54,2013-09-25,Bh
20130926060834Lh.jpeg,train,1,0,2048,2048,L,1,775402,77.3892457485199,56.501001582408776,0.0,239.0,True,2013-09-26 06:08:34,2013-09-26,Lh
20131006075314Th.jpeg,train,1,0,2048,2048,L,1,756936,85.34239053726196,54.59590077953439,0.0,230.0,True,2013-10-06 07:53:14,2013-10-06,Th
20131007075314Th.jpeg,train,1,0,2048,2048,L,1,844581,85.30131125450134,54.61595884819768,0.0,234.0,True,2013-10-07 07:53:14,2013-10-07,Th
20131011195414Mh.jpeg,train,1,0,2048,2048,L,1,735228,81.1451575756073,59.16463654842964,0.0,255.0,True,2013-10-11 19:54:14,2013-10-11,Mh
20131013185334Ch.jpeg,train,1,0,2048,2048,L,1,791397,81.48950719833374,58.64111480429417,0.0,248.0,True,2013-10-13 18:53:34,2013-10-13,Ch
20131016185334Ch.jpeg,train,1,0,2048,2048,L,1,781702,81.7651150226593,58.452189828310914,0.0,255.0,True,2013-10-16 18:53:34,2013-10-16,Ch
20131017185334Ch.jpeg,train,1,0,2048,2048,L,1,778331,81.62627243995667,58.556352410666115,0.0,242.0,True,2013-10-17 18:53:34,2013-10-17,Ch
20131019080114Th.jpeg,train,1,0,2048,2048,L,1,682918,85.1566801071167,54.8003546536981,0.0,255.0,True,2013-10-19 08:01:14,2013-10-19,Th
20131020080114Th.jpeg,train,1,0,2048,2048,L,1,713456,85.52446627616882,54.47847166272268,0.0,232.0,True,2013-10-20 08:01:14,2013-10-20,Th
20131025185414Mh.jpeg,train,1,0,2048,2048,L,1,821134,80.50835967063904,58.93046086223228,0.0,255.0,True,2013-10-25 18:54:14,2013-10-25,Mh
20131027025654Uh.jpeg,train,1,0,2048,2048,L,1,780737,81.70481491088867,59.408459133231624,0.0,251.0,True,2013-10-27 02:56:54,2013-10-27,Uh
20131028190734Ch.jpeg,train,1,0,2048,2048,L,1,804601,80.99494051933289,58.471660624411285,0.0,254.0,True,2013-10-28 19:07:34,2013-10-28,Ch
20131030185354Bh.jpeg,train,1,0,2048,2048,L,1,832982,83.65991044044495,58.32256591692742,0.0,255.0,True,2013-10-30 18:53:54,2013-10-30,Bh
20131031185614Mh.jpeg,train,1,0,2048,2048,L,1,824598,89.66434979438782,51.06085139911598,0.0,255.0,True,2013-10-31 18:56:14,2013-10-31,Mh
20131101222734Lh.jpeg,train,1,0,2048,2048,L,1,737631,78.42711973190308,58.70268413796257,0.0,255.0,True,2013-11-01 22:27:34,2013-11-01,Lh
20131107043054Uh.jpeg,train,1,0,2048,2048,L,1,802579,81.89100122451782,59.33607817922608,0.0,243.0,True,2013-11-07 04:30:54,2013-11-07,Uh
20131108045254Uh.jpeg,train,1,0,2048,2048,L,1,767472,82.32456111907959,59.09070393384327,0.0,230.0,True,2013-11-08 04:52:54,2013-11-08,Uh
20131109190514Mh.jpeg,train,1,0,2048,2048,L,1,815352,80.141108751297,58.83647507731008,0.0,246.0,True,2013-11-09 19:05:14,2013-11-09,Mh
20131109222434Lh.jpeg,train,1,0,2048,2048,L,1,793000,80.9409589767456,60.05183432116983,0.0,255.0,True,2013-11-09 22:24:34,2013-11-09,Lh
20131113004514Mh.jpeg,train,1,0,2048,2048,L,1,719411,82.94217300415039,59.040579241724686,0.0,255.0,True,2013-11-13 00:45:14,2013-11-13,Mh
20131113185414Mh.jpeg,train,1,0,2048,2048,L,1,805616,81.49232602119446,59.11182955092782,0.0,245.0,True,2013-11-13 18:54:14,2013-11-13,Mh
20131115185414Mh.jpeg,train,1,0,2048,2048,L,1,800311,81.92946672439575,59.385756567463396,0.0,246.0,True,2013-11-15 18:54:14,2013-11-15,Mh
20131116185334Ch.jpeg,train,1,0,2048,2048,L,1,763467,82.33234095573425,59.06830359707999,0.0,255.0,True,2013-11-16 18:53:34,2013-11-16,Ch
20131125192154Bh.jpeg,train,1,0,2048,2048,L,1,817262,83.38260412216187,58.368617656393376,0.0,232.0,True,2013-11-25 19:21:54,2013-11-25,Bh
20131128192214Mh.jpeg,train,1,0,2048,2048,L,1,808085,81.38646817207336,59.02069095428218,0.0,250.0,True,2013-11-28 19:22:14,2013-11-28,Mh
20131130192134Ch.jpeg,train,1,0,2048,2048,L,1,850438,81.34646916389465,59.041673355051444,0.0,255.0,True,2013-11-30 19:21:34,2013-11-30,Ch
20131201192134Ch.jpeg,train,1,0,2048,2048,L,1,768022,81.64946269989014,58.65460085906339,0.0,238.0,True,2013-12-01 19:21:34,2013-12-01,Ch
20131204192154Bh.jpeg,train,1,0,2048,2048,L,1,828569,85.0216498374939,59.26466210760505,0.0,255.0,True,2013-12-04 19:21:54,2013-12-04,Bh
20131206084114Th.jpeg,train,1,0,2048,2048,L,1,805738,85.17013573646545,54.653880526464256,0.0,255.0,True,2013-12-06 08:41:14,2013-12-06,Th
20131207084214Th.jpeg,train,1,0,2048,2048,L,1,752763,85.06923842430115,54.85144038103664,0.0,255.0,True,2013-12-07 08:42:14,2013-12-07,Th
20131224192154Bh.jpeg,train,1,0,2048,2048,L,1,835665,82.90975165367126,58.12309140462766,0.0,232.0,True,2013-12-24 19:21:54,2013-12-24,Bh
20131225065154Uh.jpeg,train,1,0,2048,2048,L,1,808045,81.24817776679993,59.10549108216824,0.0,230.0,True,2013-12-25 06:51:54,2013-12-25,Uh
20131229112414Th.jpeg,train,1,0,2048,2048,L,1,707041,88.51511430740356,51.5544094832433,0.0,255.0,True,2013-12-29 11:24:14,2013-12-29,Th
20140111224134Lh.jpeg,train,1,0,2048,2048,L,1,771518,79.8778703212738,58.85119420194307,0.0,235.0,True,2014-01-11 22:41:34,2014-01-11,Lh
20140112180134Ch.jpeg,train,1,0,2048,2048,L,1,787277,81.61369562149048,58.617359593821114,0.0,255.0,True,2014-01-12 18:01:34,2014-01-12,Ch
20140116180214Mh.jpeg,train,1,0,2048,2048,L,1,762775,81.00848865509033,58.97409123542814,0.0,230.0,True,2014-01-16 18:02:14,2014-01-16,Mh
20140122180214Mh.jpeg,train,1,0,2048,2048,L,1,738777,81.55243110656738,59.293225551818864,0.0,236.0,True,2014-01-22 18:02:14,2014-01-22,Mh
20140127180134Ch.jpeg,train,1,0,2048,2048,L,1,847602,80.89965867996216,58.5269660586707,0.0,255.0,True,2014-01-27 18:01:34,2014-01-27,Ch
20140128174554Bh.jpeg,train,1,0,2048,2048,L,1,872728,83.83029079437256,58.75403190524979,0.0,237.0,True,2014-01-28 17:45:54,2014-01-28,Bh
20140205180154Bh.jpeg,train,1,0,2048,2048,L,1,819831,83.8077564239502,58.692325273062316,0.0,255.0,True,2014-02-05 18:01:54,2014-02-05,Bh
20140210180154Bh.jpeg,train,1,0,2048,2048,L,1,830128,83.78479194641113,58.655339702683975,0.0,251.0,True,2014-02-10 18:01:54,2014-02-10,Bh
20140212024554Uh.jpeg,train,1,0,2048,2048,L,1,736222,77.4084963798523,55.43702861723019,0.0,246.0,True,2014-02-12 02:45:54,2014-02-12,Uh
20140213024554Uh.jpeg,train,1,0,2048,2048,L,1,757520,81.08865022659302,58.50019487841835,0.0,255.0,True,2014-02-13 02:45:54,2014-02-13,Uh
20140216230134Lh.jpeg,train,1,0,2048,2048,L,1,868431,77.30484938621521,55.32550477661754,0.0,252.0,True,2014-02-16 23:01:34,2014-02-16,Lh
20140218230234Lh.jpeg,train,1,0,2048,2048,L,1,759185,80.13412189483643,59.46045531549153,0.0,237.0,True,2014-02-18 23:02:34,2014-02-18,Lh
20140225163314Th.jpeg,train,1,0,2048,2048,L,1,811062,86.9548556804657,55.40310247115858,0.0,239.0,True,2014-02-25 16:33:14,2014-02-25,Th
20140312025454Uh.jpeg,train,1,0,2048,2048,L,1,793480,81.61821365356445,57.84627360281944,0.0,241.0,True,2014-03-12 02:54:54,2014-03-12,Uh
20140312081114Th.jpeg,train,1,0,2048,2048,L,1,682062,84.9437358379364,54.95026408540029,0.0,230.0,True,2014-03-12 08:11:14,2014-03-12,Th
20140321195814Mh.jpeg,train,1,0,2048,2048,L,1,823798,85.86884832382202,61.502889966080886,0.0,255.0,True,2014-03-21 19:58:14,2014-03-21,Mh
20140323020654Uh.jpeg,train,1,0,2048,2048,L,1,746295,80.74255561828613,57.80725182204653,0.0,237.0,True,2014-03-23 02:06:54,2014-03-23,Uh
20140401014754Uh.jpeg,train,1,0,2048,2048,L,1,745795,81.52537560462952,58.40166249472328,0.0,230.0,True,2014-04-01 01:47:54,2014-04-01,Uh
20140406195854Bh.jpeg,train,1,0,2048,2048,L,1,771724,82.64972758293152,57.33977471613382,0.0,229.0,True,2014-04-06 19:58:54,2014-04-06,Bh
20140409081614Th.jpeg,train,1,0,2048,2048,L,1,728304,91.44582796096802,51.4901037507428,0.0,236.0,True,2014-04-09 08:16:14,2014-04-09,Th
20140411013854Uh.jpeg,train,1,0,2048,2048,L,1,759517,81.97048044204712,57.82191149232193,0.0,231.0,True,2014-04-11 01:38:54,2014-04-11,Uh
20140413195914Mh.jpeg,train,1,0,2048,2048,L,1,744014,87.88516998291016,51.721852245096954,0.0,231.0,True,2014-04-13 19:59:14,2014-04-13,Mh
20140414020354Uh.jpeg,train,1,0,2048,2048,L,1,811382,82.6633894443512,58.524094922582314,0.0,255.0,True,2014-04-14 02:03:54,2014-04-14,Uh
20140414195834Ch.jpeg,train,1,0,2048,2048,L,1,806084,82.45709681510925,59.63778034052122,0.0,255.0,True,2014-04-14 19:58:34,2014-04-14,Ch
20140420085614Th.jpeg,train,1,0,2048,2048,L,1,761028,86.60282564163208,51.758503678572495,0.0,255.0,True,2014-04-20 08:56:14,2014-04-20,Th
20140428233234Lh.jpeg,train,1,0,2048,2048,L,1,673845,87.27157473564148,51.50458365287317,0.0,231.0,True,2014-04-28 23:32:34,2014-04-28,Lh
20140430071914Th.jpeg,train,1,0,2048,2048,L,1,824076,84.77968263626099,54.85546218614762,0.0,255.0,True,2014-04-30 07:19:14,2014-04-30,Th
20140501195814Mh.jpeg,train,1,0,2048,2048,L,1,725721,83.38709163665771,55.52733636858967,0.0,229.0,True,2014-05-01 19:58:14,2014-05-01,Mh
20140508195834Ch.jpeg,train,1,0,2048,2048,L,1,746906,82.63595223426819,59.073121605609934,0.0,234.0,True,2014-05-08 19:58:34,2014-05-08,Ch
20140509071314Th.jpeg,train,1,0,2048,2048,L,1,902225,85.51832795143127,55.149953879571825,0.0,255.0,True,2014-05-09 07:13:14,2014-05-09,Th
20140509195814Mh.jpeg,train,1,0,2048,2048,L,1,781387,81.88938403129578,58.54626615190304,0.0,236.0,True,2014-05-09 19:58:14,2014-05-09,Mh
20140513012554Uh.jpeg,train,1,0,2048,2048,L,1,733795,80.02362275123596,57.53143758175304,0.0,229.0,True,2014-05-13 01:25:54,2014-05-13,Uh
20140522070614Th.jpeg,train,1,0,2048,2048,L,1,796634,85.11597752571106,54.656220351162624,0.0,233.0,True,2014-05-22 07:06:14,2014-05-22,Th
20140523195814Mh.jpeg,train,1,0,2048,2048,L,1,746833,82.68775987625122,59.001524737761606,0.0,230.0,True,2014-05-23 19:58:14,2014-05-23,Mh
20140525070514Th.jpeg,train,1,0,2048,2048,L,1,710875,84.83418250083923,55.005886774504056,0.0,239.0,True,2014-05-25 07:05:14,2014-05-25,Th
20140531195834Ch.jpeg,train,1,0,2048,2048,L,1,796159,81.7347903251648,58.76277384316655,0.0,253.0,True,2014-05-31 19:58:34,2014-05-31,Ch
20140601195814Mh.jpeg,train,1,0,2048,2048,L,1,790284,82.45795226097107,57.63993610523372,0.0,233.0,True,2014-06-01 19:58:14,2014-06-01,Mh
20140603070414Th.jpeg,train,1,0,2048,2048,L,1,813509,84.499276638031,53.297982849500265,0.0,232.0,True,2014-06-03 07:04:14,2014-06-03,Th
20140604195854Bh.jpeg,train,1,0,2048,2048,L,1,822675,84.99776697158813,55.50563336703146,0.0,243.0,True,2014-06-04 19:58:54,2014-06-04,Bh
20140605195854Bh.jpeg,train,1,0,2048,2048,L,1,874075,82.54926633834839,57.39149759358292,0.0,255.0,True,2014-06-05 19:58:54,2014-06-05,Bh
20140607112354Uh.jpeg,train,1,0,2048,2048,L,1,771550,82.90121269226074,57.95075969147023,0.0,233.0,True,2014-06-07 11:23:54,2014-06-07,Uh
20140607195854Bh.jpeg,train,1,0,2048,2048,L,1,824903,82.39560604095459,57.0443782339657,0.0,249.0,True,2014-06-07 19:58:54,2014-06-07,Bh
20140609195854Bh.jpeg,train,1,0,2048,2048,L,1,840307,83.52360224723816,57.889441983871336,0.0,255.0,True,2014-06-09 19:58:54,2014-06-09,Bh
20140615195814Mh.jpeg,train,1,0,2048,2048,L,1,791771,82.335116147995,58.87135737134985,0.0,235.0,True,2014-06-15 19:58:14,2014-06-15,Mh
20140615195854Bh.jpeg,train,1,0,2048,2048,L,1,788194,92.61948132514954,51.02814435183299,0.0,231.0,True,2014-06-15 19:58:54,2014-06-15,Bh
20140701195814Mh.jpeg,train,1,0,2048,2048,L,1,788998,81.63393926620483,58.40038367116642,0.0,236.0,True,2014-07-01 19:58:14,2014-07-01,Mh
20140705035754Uh.jpeg,train,1,0,2048,2048,L,1,769856,80.8064374923706,57.55334737113582,0.0,233.0,True,2014-07-05 03:57:54,2014-07-05,Uh
20140709195814Mh.jpeg,train,1,0,2048,2048,L,1,775677,82.10257863998413,56.676178917216006,0.0,239.0,True,2014-07-09 19:58:14,2014-07-09,Mh
20140710083214Th.jpeg,train,1,0,2048,2048,L,1,854658,84.50116610527039,54.621737263341956,0.0,255.0,True,2014-07-10 08:32:14,2014-07-10,Th
20140712195854Bh.jpeg,train,1,0,2048,2048,L,1,826893,83.20036363601685,54.85271729891768,0.0,255.0,True,2014-07-12 19:58:54,2014-07-12,Bh
20140716195854Bh.jpeg,train,1,0,2048,2048,L,1,866196,84.13537073135376,57.84127256670756,0.0,230.0,True,2014-07-16 19:58:54,2014-07-16,Bh
20140719071414Th.jpeg,train,1,0,2048,2048,L,1,826833,84.7834005355835,54.374916508165846,0.0,230.0,True,2014-07-19 07:14:14,2014-07-19,Th
20140720195834Ch.jpeg,train,1,0,2048,2048,L,1,813738,80.90900230407715,58.66486101698508,0.0,253.0,True,2014-07-20 19:58:34,2014-07-20,Ch
20140723071614Th.jpeg,train,1,0,2048,2048,L,1,758373,84.97090435028076,54.39944023027367,0.0,230.0,True,2014-07-23 07:16:14,2014-07-23,Th
20140725195814Mh.jpeg,train,1,0,2048,2048,L,1,767850,82.43110680580139,58.32496681255662,0.0,233.0,True,2014-07-25 19:58:14,2014-07-25,Mh
20140726071814Th.jpeg,train,1,0,2048,2048,L,1,869021,85.10248970985413,54.738797538522554,0.0,231.0,True,2014-07-26 07:18:14,2014-07-26,Th
20140802072114Th.jpeg,train,1,0,2048,2048,L,1,837051,84.87388253211975,54.515694445185446,0.0,255.0,True,2014-08-02 07:21:14,2014-08-02,Th
20140803234534Lh.jpeg,train,1,0,2048,2048,L,1,750590,80.9529299736023,59.7757486725532,0.0,244.0,True,2014-08-03 23:45:34,2014-08-03,Lh
20140806195834Ch.jpeg,train,1,0,2048,2048,L,1,820893,83.10528182983398,58.27381645685648,0.0,252.0,True,2014-08-06 19:58:34,2014-08-06,Ch
20140807195854Bh.jpeg,train,1,0,2048,2048,L,1,868764,81.86143779754639,56.69887933533468,0.0,255.0,True,2014-08-07 19:58:54,2014-08-07,Bh
20140813064254Uh.jpeg,train,1,0,2048,2048,L,1,797431,83.7231616973877,56.39846136970812,0.0,255.0,True,2014-08-13 06:42:54,2014-08-13,Uh
20140814195854Bh.jpeg,train,1,0,2048,2048,L,1,857786,84.30160522460938,57.809964837142,0.0,253.0,True,2014-08-14 19:58:54,2014-08-14,Bh
20140816072814Th.jpeg,train,1,0,2048,2048,L,1,880617,84.73484587669373,54.86454029215526,0.0,255.0,True,2014-08-16 07:28:14,2014-08-16,Th
20140817195834Ch.jpeg,train,1,0,2048,2048,L,1,748763,81.3207175731659,58.29098640069707,0.0,248.0,True,2014-08-17 19:58:34,2014-08-17,Ch
20140818195814Mh.jpeg,train,1,0,2048,2048,L,1,793296,81.96338438987732,58.775555826518634,0.0,231.0,True,2014-08-18 19:58:14,2014-08-18,Mh
20140821195834Ch.jpeg,train,1,0,2048,2048,L,1,844144,81.43905973434448,59.103280079264,0.0,255.0,True,2014-08-21 19:58:34,2014-08-21,Ch
20140903073614Th.jpeg,train,1,0,2048,2048,L,1,807577,84.69674277305603,54.38397169980241,0.0,255.0,True,2014-09-03 07:36:14,2014-09-03,Th
20140904195814Mh.jpeg,train,1,0,2048,2048,L,1,793830,81.92300248146057,58.636634291559545,0.0,236.0,True,2014-09-04 19:58:14,2014-09-04,Mh
20140908175354Bh.jpeg,train,1,0,2048,2048,L,1,923655,89.26627135276794,56.369056056380586,0.0,255.0,True,2014-09-08 17:53:54,2014-09-08,Bh
20140908231334Lh.jpeg,train,1,0,2048,2048,L,1,835509,80.72124814987183,58.32932819133959,0.0,255.0,True,2014-09-08 23:13:34,2014-09-08,Lh
20140918195854Bh.jpeg,train,1,0,2048,2048,L,1,863826,84.47226071357727,54.84654364492519,0.0,255.0,True,2014-09-18 19:58:54,2014-09-18,Bh
20140921195854Bh.jpeg,train,1,0,2048,2048,L,1,839007,87.02618741989136,56.529832267857756,0.0,232.0,True,2014-09-21 19:58:54,2014-09-21,Bh
20140922195854Bh.jpeg,train,1,0,2048,2048,L,1,829498,85.1824095249176,55.18576420971051,0.0,243.0,True,2014-09-22 19:58:54,2014-09-22,Bh
20140927014554Uh.jpeg,train,1,0,2048,2048,L,1,787336,86.10665655136108,58.63683146669505,0.0,245.0,True,2014-09-27 01:45:54,2014-09-27,Uh
20141001195834Ch.jpeg,train,1,0,2048,2048,L,1,790054,82.48519110679626,55.2409235722166,0.0,254.0,True,2014-10-01 19:58:34,2014-10-01,Ch
20141004075414Th.jpeg,train,1,0,2048,2048,L,1,828422,84.76712441444397,55.06318297279542,0.0,255.0,True,2014-10-04 07:54:14,2014-10-04,Th
20141006224634Lh.jpeg,train,1,0,2048,2048,L,1,747282,80.7921826839447,59.41609681637735,0.0,231.0,True,2014-10-06 22:46:34,2014-10-06,Lh
20141007224934Lh.jpeg,train,1,0,2048,2048,L,1,742800,80.31533455848694,59.182601570270855,0.0,234.0,True,2014-10-07 22:49:34,2014-10-07,Lh
20141009023454Uh.jpeg,train,1,0,2048,2048,L,1,758589,82.73736119270325,58.901711949370394,0.0,254.0,True,2014-10-09 02:34:54,2014-10-09,Uh
20141010195834Ch.jpeg,train,1,0,2048,2048,L,1,790152,80.4240391254425,57.951236723171554,0.0,230.0,True,2014-10-10 19:58:34,2014-10-10,Ch
20141012015654Uh.jpeg,train,1,0,2048,2048,L,1,777101,82.63040971755981,58.49341975550722,0.0,231.0,True,2014-10-12 01:56:54,2014-10-12,Uh
20141012195854Bh.jpeg,train,1,0,2048,2048,L,1,767372,86.64599943161011,55.72159390492719,0.0,231.0,True,2014-10-12 19:58:54,2014-10-12,Bh
20141013195834Ch.jpeg,train,1,0,2048,2048,L,1,818845,80.92046856880188,58.562066342193894,0.0,231.0,True,2014-10-13 19:58:34,2014-10-13,Ch
20141013195854Bh.jpeg,train,1,0,2048,2048,L,1,824353,86.44280815124512,55.785131843666406,0.0,231.0,True,2014-10-13 19:58:54,2014-10-13,Bh
20141016022554Uh.jpeg,train,1,0,2048,2048,L,1,798085,83.46101379394531,58.496783239362216,0.0,231.0,True,2014-10-16 02:25:54,2014-10-16,Uh
20141016195834Ch.jpeg,train,1,0,2048,2048,L,1,831593,84.8771436214447,51.15845123447957,0.0,251.0,True,2014-10-16 19:58:34,2014-10-16,Ch
20141022223334Lh.jpeg,train,1,0,2048,2048,L,1,754493,79.76884770393372,58.989953756764635,0.0,255.0,True,2014-10-22 22:33:34,2014-10-22,Lh
20141024195834Ch.jpeg,train,1,0,2048,2048,L,1,789094,81.95096182823181,59.3576712825083,0.0,255.0,True,2014-10-24 19:58:34,2014-10-24,Ch
20141025031154Uh.jpeg,train,1,0,2048,2048,L,1,770255,81.16837739944458,58.02960386289005,0.0,255.0,True,2014-10-25 03:11:54,2014-10-25,Uh
20141026024454Uh.jpeg,train,1,0,2048,2048,L,1,806921,82.39431929588318,58.53281253105471,0.0,255.0,True,2014-10-26 02:44:54,2014-10-26,Uh
20141027025054Uh.jpeg,train,1,0,2048,2048,L,1,789726,84.06483197212219,57.03516195089061,0.0,255.0,True,2014-10-27 02:50:54,2014-10-27,Uh
20141027224834Lh.jpeg,train,1,0,2048,2048,L,1,746678,80.73409414291382,59.637043102292914,0.0,255.0,True,2014-10-27 22:48:34,2014-10-27,Lh
20141105195814Mh.jpeg,train,1,0,2048,2048,L,1,810402,81.35822367668152,58.501775658150066,0.0,255.0,True,2014-11-05 19:58:14,2014-11-05,Mh
20141106195854Bh.jpeg,train,1,0,2048,2048,L,1,791117,86.6604163646698,55.991070223275365,0.0,255.0,True,2014-11-06 19:58:54,2014-11-06,Bh
20141112195854Bh.jpeg,train,1,0,2048,2048,L,1,827150,86.74046516418457,56.18098122646254,0.0,255.0,True,2014-11-12 19:58:54,2014-11-12,Bh
20141116222234Lh.jpeg,train,1,0,2048,2048,L,1,790468,80.47728490829468,59.31771568753178,0.0,255.0,True,2014-11-16 22:22:34,2014-11-16,Lh
20141129222134Lh.jpeg,train,1,0,2048,2048,L,1,542204,81.72655415534973,60.76778214380222,0.0,255.0,True,2014-11-29 22:21:34,2014-11-29,Lh
20141210201814Mh.jpeg,train,1,0,2048,2048,L,1,833631,81.8645932674408,58.94694635998673,0.0,255.0,True,2014-12-10 20:18:14,2014-12-10,Mh
20141214201834Ch.jpeg,train,1,0,2048,2048,L,1,750736,80.87768840789795,57.981977681371525,0.0,255.0,True,2014-12-14 20:18:34,2014-12-14,Ch
20141216222634Lh.jpeg,train,1,0,2048,2048,L,1,780603,80.72055172920227,58.84849062120148,0.0,255.0,True,2014-12-16 22:26:34,2014-12-16,Lh
20141225024354Uh.jpeg,train,1,0,2048,2048,L,1,786170,81.99936151504517,59.4091183549171,0.0,255.0,True,2014-12-25 02:43:54,2014-12-25,Uh
20141225172214Mh.jpeg,train,1,0,2048,2048,L,1,514214,82.57943153381348,60.61225969725622,0.0,231.0,True,2014-12-25 17:22:14,2014-12-25,Mh
20150112081954Uh.jpeg,train,1,0,2048,2048,L,1,753412,83.89175772666931,57.115811489405566,0.0,229.0,True,2015-01-12 08:19:54,2015-01-12,Uh
20150113105034Ch.jpeg,train,1,0,2048,2048,L,1,818514,79.07089638710022,58.0026834031173,0.0,253.0,True,2015-01-13 10:50:34,2015-01-13,Ch
20150113155654Bh.jpeg,train,1,0,2048,2048,L,1,719910,80.67762780189514,54.2848129263732,0.0,230.0,True,2015-01-13 15:56:54,2015-01-13,Bh
20150116082034Lh.jpeg,train,1,0,2048,2048,L,1,772222,81.71568536758423,58.90839260713926,0.0,243.0,True,2015-01-16 08:20:34,2015-01-16,Lh
20150119082034Lh.jpeg,train,1,0,2048,2048,L,1,762120,80.06334352493286,57.57140434466089,0.0,230.0,True,2015-01-19 08:20:34,2015-01-19,Lh
20150125172714Mh.jpeg,train,1,0,2048,2048,L,1,718045,81.12311553955078,59.18303734311962,0.0,229.0,True,2015-01-25 17:27:14,2015-01-25,Mh
20150130084914Th.jpeg,train,1,0,2048,2048,L,1,734363,88.434091091156,51.740871624116444,0.0,255.0,True,2015-01-30 08:49:14,2015-01-30,Th
20150203084714Th.jpeg,train,1,0,2048,2048,L,1,639207,88.68273973464966,51.62271976793865,0.0,232.0,True,2015-02-03 08:47:14,2015-02-03,Th
20150207084414Th.jpeg,train,1,0,2048,2048,L,1,752216,88.10416388511658,50.69545922852765,0.0,255.0,True,2015-02-07 08:44:14,2015-02-07,Th
20150216171714Mh.jpeg,train,1,0,2048,2048,L,1,744776,81.15359234809875,59.407650005117354,0.0,232.0,True,2015-02-16 17:17:14,2015-02-16,Mh
20150221155154Bh.jpeg,train,1,0,2048,2048,L,1,743465,90.58055353164673,53.46183212559794,0.0,231.0,True,2015-02-21 15:51:54,2015-02-21,Bh
20150222090014Th.jpeg,train,1,0,2048,2048,L,1,566930,89.4622552394867,50.94925318319832,0.0,230.0,True,2015-02-22 09:00:14,2015-02-22,Th
20150222112034Ch.jpeg,train,1,0,2048,2048,L,1,839781,81.40075039863586,59.262020585958254,0.0,252.0,True,2015-02-22 11:20:34,2015-02-22,Ch
20150225171114Mh.jpeg,train,1,0,2048,2048,L,1,739181,80.3547260761261,57.84832114826129,0.0,229.0,True,2015-02-25 17:11:14,2015-02-25,Mh
20150228082414Th.jpeg,train,1,0,2048,2048,L,1,745342,90.01439380645752,50.72172293941268,0.0,255.0,True,2015-02-28 08:24:14,2015-02-28,Th
20150302082034Lh.jpeg,train,1,0,2048,2048,L,1,792539,80.79509377479553,58.52099817070774,0.0,233.0,True,2015-03-02 08:20:34,2015-03-02,Lh
20150305081954Uh.jpeg,train,1,0,2048,2048,L,1,771261,83.81547927856445,57.02525755614412,0.0,231.0,True,2015-03-05 08:19:54,2015-03-05,Uh
20150308081954Uh.jpeg,train,1,0,2048,2048,L,1,745497,83.79867839813232,56.909081417900026,0.0,231.0,True,2015-03-08 08:19:54,2015-03-08,Uh
20150314081954Uh.jpeg,train,1,0,2048,2048,L,1,886345,84.09982752799988,57.26922736504487,0.0,255.0,True,2015-03-14 08:19:54,2015-03-14,Uh
20150315082034Lh.jpeg,train,1,0,2048,2048,L,1,797951,78.49663043022156,57.70330815967229,0.0,253.0,True,2015-03-15 08:20:34,2015-03-15,Lh
20150323172814Mh.jpeg,train,1,0,2048,2048,L,1,767758,89.475665807724,50.04538228022138,0.0,232.0,True,2015-03-23 17:28:14,2015-03-23,Mh
20150324145954Bh.jpeg,train,1,0,2048,2048,L,1,762372,85.59687685966492,56.02413702510102,0.0,231.0,True,2015-03-24 14:59:54,2015-03-24,Bh
20150325015554Uh.jpeg,train,1,0,2048,2048,L,1,748739,81.69456219673157,57.80571645773544,0.0,255.0,True,2015-03-25 01:55:54,2015-03-25,Uh
20150327145114Th.jpeg,train,1,0,2048,2048,L,1,761533,82.03271555900574,52.229050670585096,0.0,231.0,True,2015-03-27 14:51:14,2015-03-27,Th
20150330081954Uh.jpeg,train,1,0,2048,2048,L,1,752795,84.69479274749756,57.24306488599529,0.0,230.0,True,2015-03-30 08:19:54,2015-03-30,Uh
20150409081954Uh.jpeg,train,1,0,2048,2048,L,1,770953,84.56820392608643,57.91911378291008,0.0,235.0,True,2015-04-09 08:19:54,2015-04-09,Uh
20150417082314Th.jpeg,train,1,0,2048,2048,L,1,843337,84.44009900093079,52.15903603577685,0.0,231.0,True,2015-04-17 08:23:14,2015-04-17,Th
20150421140454Bh.jpeg,train,1,0,2048,2048,L,1,780065,84.05482769012451,57.146076649784106,0.0,232.0,True,2015-04-21 14:04:54,2015-04-21,Bh
20150423120034Ch.jpeg,train,1,0,2048,2048,L,1,818185,80.35227370262146,57.72745443212181,0.0,255.0,True,2015-04-23 12:00:34,2015-04-23,Ch
20150427162314Mh.jpeg,train,1,0,2048,2048,L,1,796940,80.43476152420044,59.51688672462827,0.0,231.0,True,2015-04-27 16:23:14,2015-04-27,Mh
20150501120634Ch.jpeg,train,1,0,2048,2048,L,1,812745,80.86524152755737,58.56318383257438,0.0,255.0,True,2015-05-01 12:06:34,2015-05-01,Ch
20150518145654Bh.jpeg,train,1,0,2048,2048,L,1,870958,88.41998648643494,53.79710439407594,0.0,231.0,True,2015-05-18 14:56:54,2015-05-18,Bh
20150527082014Th.jpeg,train,1,0,2048,2048,L,1,815197,85.5927140712738,50.713085575560186,0.0,232.0,True,2015-05-27 08:20:14,2015-05-27,Th
20150527161214Mh.jpeg,train,1,0,2048,2048,L,1,781524,80.15094947814941,58.91784474053607,0.0,231.0,True,2015-05-27 16:12:14,2015-05-27,Mh
20150531082034Lh.jpeg,train,1,0,2048,2048,L,1,826555,80.25627636909485,58.44181869230665,0.0,239.0,True,2015-05-31 08:20:34,2015-05-31,Lh
20150610082014Th.jpeg,train,1,0,2048,2048,L,1,754450,85.39779257774353,49.906192329966665,0.0,230.0,True,2015-06-10 08:20:14,2015-06-10,Th
20150614162514Mh.jpeg,train,1,0,2048,2048,L,1,702102,81.98764419555664,55.9303185134905,0.0,255.0,True,2015-06-14 16:25:14,2015-06-14,Mh
20150615133554Bh.jpeg,train,1,0,2048,2048,L,1,780828,85.13788223266602,57.093642841664916,0.0,253.0,True,2015-06-15 13:35:54,2015-06-15,Bh
20150617161314Mh.jpeg,train,1,0,2048,2048,L,1,784762,81.51692819595337,58.4897960217557,0.0,253.0,True,2015-06-17 16:13:14,2015-06-17,Mh
20150620082014Th.jpeg,train,1,0,2048,2048,L,1,779837,86.4582028388977,50.168867908032915,0.0,255.0,True,2015-06-20 08:20:14,2015-06-20,Th
20150621161314Mh.jpeg,train,1,0,2048,2048,L,1,791412,80.24665951728821,59.16070057005464,0.0,255.0,True,2015-06-21 16:13:14,2015-06-21,Mh
20150625082014Th.jpeg,train,1,0,2048,2048,L,1,793881,87.0407235622406,50.41718486545181,0.0,255.0,True,2015-06-25 08:20:14,2015-06-25,Th
20150625082034Lh.jpeg,train,1,0,2048,2048,L,1,823895,80.61646628379822,58.72897062897578,0.0,255.0,True,2015-06-25 08:20:34,2015-06-25,Lh
20150626161514Mh.jpeg,train,1,0,2048,2048,L,1,737710,80.99511504173279,59.786506630925686,0.0,253.0,True,2015-06-26 16:15:14,2015-06-26,Mh
20150627133754Bh.jpeg,train,1,0,2048,2048,L,1,822691,85.15528321266174,58.06684370242119,0.0,254.0,True,2015-06-27 13:37:54,2015-06-27,Bh
20150629161614Mh.jpeg,train,1,0,2048,2048,L,1,718166,81.05550932884216,55.4017635130868,0.0,255.0,True,2015-06-29 16:16:14,2015-06-29,Mh
20150630083214Th.jpeg,train,1,0,2048,2048,L,1,719088,85.65314102172852,49.88725818120195,0.0,234.0,True,2015-06-30 08:32:14,2015-06-30,Th
20150706083014Th.jpeg,train,1,0,2048,2048,L,1,827891,86.07200837135315,49.825072021048655,0.0,255.0,True,2015-07-06 08:30:14,2015-07-06,Th
20150716162114Mh.jpeg,train,1,0,2048,2048,L,1,741674,80.72504782676697,59.191249199121415,0.0,230.0,True,2015-07-16 16:21:14,2015-07-16,Mh
20150718082014Th.jpeg,train,1,0,2048,2048,L,1,801897,86.46216797828674,49.54744584396843,0.0,231.0,True,2015-07-18 08:20:14,2015-07-18,Th
20150719182314Mh.jpeg,train,1,0,2048,2048,L,1,714791,80.80119848251343,60.053548613313325,0.0,231.0,True,2015-07-19 18:23:14,2015-07-19,Mh
20150720082014Th.jpeg,train,1,0,2048,2048,L,1,768603,87.22256636619568,49.833132748120484,0.0,230.0,True,2015-07-20 08:20:14,2015-07-20,Th
20150727082014Th.jpeg,train,1,0,2048,2048,L,1,745664,87.37568259239197,49.73516223749597,0.0,232.0,True,2015-07-27 08:20:14,2015-07-27,Th
20150731082034Lh.jpeg,train,1,0,2048,2048,L,1,805084,82.41138434410095,57.99652729910522,0.0,235.0,True,2015-07-31 08:20:34,2015-07-31,Lh
20150806082034Lh.jpeg,train,1,0,2048,2048,L,1,842639,82.64406752586365,58.33848258949914,0.0,255.0,True,2015-08-06 08:20:34,2015-08-06,Lh
20150819082014Th.jpeg,train,1,0,2048,2048,L,1,767058,87.79781198501587,49.75504889550927,0.0,230.0,True,2015-08-19 08:20:14,2015-08-19,Th
20150820152254Bh.jpeg,train,1,0,2048,2048,L,1,795815,87.44000315666199,55.91474309305706,0.0,255.0,True,2015-08-20 15:22:54,2015-08-20,Bh
20150825082034Lh.jpeg,train,1,0,2048,2048,L,1,834657,80.85812878608704,58.57897220952803,0.0,255.0,True,2015-08-25 08:20:34,2015-08-25,Lh
20150830084134Lh.jpeg,train,1,0,2048,2048,L,1,775697,86.30855417251587,52.5702693981472,0.0,255.0,True,2015-08-30 08:41:34,2015-08-30,Lh
20150913082014Th.jpeg,train,1,0,2048,2048,L,1,740748,87.90752792358398,49.72027170800598,0.0,231.0,True,2015-09-13 08:20:14,2015-09-13,Th
20150916055454Uh.jpeg,train,1,0,2048,2048,L,1,796186,85.26762771606445,56.46729084715129,0.0,255.0,True,2015-09-16 05:54:54,2015-09-16,Uh
20150919165814Mh.jpeg,train,1,0,2048,2048,L,1,692408,80.30452275276184,59.17252003986112,0.0,231.0,True,2015-09-19 16:58:14,2015-09-19,Mh
20150926111934Ch.jpeg,train,1,0,2048,2048,L,1,758573,79.25245881080627,57.271114734972834,0.0,232.0,True,2015-09-26 11:19:34,2015-09-26,Ch
20150927111834Ch.jpeg,train,1,0,2048,2048,L,1,823613,80.26868391036987,58.43098179335408,0.0,255.0,True,2015-09-27 11:18:34,2015-09-27,Ch
20151011144554Bh.jpeg,train,1,0,2048,2048,L,1,794656,86.39053988456726,56.152944523526706,0.0,230.0,True,2015-10-11 14:45:54,2015-10-11,Bh
20151013144654Bh.jpeg,train,1,0,2048,2048,L,1,845653,85.37565994262695,56.94727224027793,0.0,235.0,True,2015-10-13 14:46:54,2015-10-13,Bh
20151019223534Lh.jpeg,train,1,0,2048,2048,L,1,818883,82.07519888877869,58.13740372491732,0.0,255.0,True,2015-10-19 22:35:34,2015-10-19,Lh
20151105133734Ch.jpeg,train,1,0,2048,2048,L,1,804786,81.16493892669678,58.1447105880924,0.0,255.0,True,2015-11-05 13:37:34,2015-11-05,Ch
20151106171514Mh.jpeg,train,1,0,2048,2048,L,1,756484,81.80526089668274,59.11523897491771,0.0,255.0,True,2015-11-06 17:15:14,2015-11-06,Mh
20151107133734Ch.jpeg,train,1,0,2048,2048,L,1,882730,81.60517191886902,58.71670814169194,0.0,255.0,True,2015-11-07 13:37:34,2015-11-07,Ch
20151116201114Mh.jpeg,train,1,0,2048,2048,L,1,762461,82.18082332611084,59.506093010809856,0.0,232.0,True,2015-11-16 20:11:14,2015-11-16,Mh
20151116224034Lh.jpeg,train,1,0,2048,2048,L,1,869658,80.61077737808228,60.16374569069038,0.0,243.0,True,2015-11-16 22:40:34,2015-11-16,Lh
20151117172314Mh.jpeg,train,1,0,2048,2048,L,1,655513,81.73922443389893,59.63467715561684,0.0,230.0,True,2015-11-17 17:23:14,2015-11-17,Mh
20151118172314Mh.jpeg,train,1,0,2048,2048,L,1,771640,80.30421805381775,58.21392360372435,0.0,231.0,True,2015-11-18 17:23:14,2015-11-18,Mh
20151119133734Ch.jpeg,train,1,0,2048,2048,L,1,849525,80.77691578865051,57.926469254610176,0.0,253.0,True,2015-11-19 13:37:34,2015-11-19,Ch
20151122172614Mh.jpeg,train,1,0,2048,2048,L,1,688792,81.51747989654541,60.30517694248979,0.0,255.0,True,2015-11-22 17:26:14,2015-11-22,Mh
20151128133714Th.jpeg,train,1,0,2048,2048,L,1,796486,81.00877785682678,57.26046054305464,0.0,229.0,True,2015-11-28 13:37:14,2015-11-28,Th
20151128133734Ch.jpeg,train,1,0,2048,2048,L,1,858985,81.17367744445801,58.43520406532087,0.0,242.0,True,2015-11-28 13:37:34,2015-11-28,Ch
20151128222134Lh.jpeg,train,1,0,2048,2048,L,1,875489,80.5843608379364,59.71932097657173,0.0,242.0,True,2015-11-28 22:21:34,2015-11-28,Lh
20151209201754Bh.jpeg,train,1,0,2048,2048,L,1,746947,95.4921886920929,51.762301277745806,0.0,229.0,True,2015-12-09 20:17:54,2015-12-09,Bh
20151212171154Bh.jpeg,train,1,0,2048,2048,L,1,804461,86.43897557258606,55.46805761736364,0.0,249.0,True,2015-12-12 17:11:54,2015-12-12,Bh
20151213023454Uh.jpeg,train,1,0,2048,2048,L,1,711388,81.92235612869263,58.48842816616429,0.0,230.0,True,2015-12-13 02:34:54,2015-12-13,Uh
20151219133734Ch.jpeg,train,1,0,2048,2048,L,1,850679,81.60963988304138,58.881025995404954,0.0,232.0,True,2015-12-19 13:37:34,2015-12-19,Ch
20151224133734Ch.jpeg,train,1,0,2048,2048,L,1,886956,82.34295535087585,59.29249334174555,0.0,255.0,True,2015-12-24 13:37:34,2015-12-24,Ch
20151226133734Ch.jpeg,train,1,0,2048,2048,L,1,843057,82.00869369506836,59.101723823388916,0.0,255.0,True,2015-12-26 13:37:34,2015-12-26,Ch
20151228024254Uh.jpeg,train,1,0,2048,2048,L,1,784594,81.31414461135864,56.27065697913851,0.0,234.0,True,2015-12-28 02:42:54,2015-12-28,Uh
20160101133714Th.jpeg,train,1,0,2048,2048,L,1,829413,81.96453404426575,55.974763499816554,0.0,232.0,True,2016-01-01 13:37:14,2016-01-01,Th
20160103133734Ch.jpeg,train,1,0,2048,2048,L,1,884597,81.71642208099365,58.99156206015948,0.0,255.0,True,2016-01-03 13:37:34,2016-01-03,Ch
20160107133714Th.jpeg,train,1,0,2048,2048,L,1,792718,81.54973793029785,55.268968980599595,0.0,231.0,True,2016-01-07 13:37:14,2016-01-07,Th
20160110133714Th.jpeg,train,1,0,2048,2048,L,1,803869,82.00278949737549,55.4643481920149,0.0,231.0,True,2016-01-10 13:37:14,2016-01-10,Th
20160125154854Bh.jpeg,train,1,0,2048,2048,L,1,731787,85.23061466217041,55.450643815122326,0.0,231.0,True,2016-01-25 15:48:54,2016-01-25,Bh
20160127225034Lh.jpeg,train,1,0,2048,2048,L,1,901539,77.30757403373718,58.16563185778458,0.0,255.0,True,2016-01-27 22:50:34,2016-01-27,Lh
20160129225334Lh.jpeg,train,1,0,2048,2048,L,1,906177,77.58388566970825,58.76268041303108,0.0,255.0,True,2016-01-29 22:53:34,2016-01-29,Lh
20160201025254Uh.jpeg,train,1,0,2048,2048,L,1,731239,81.74098467826843,58.515012293468644,0.0,230.0,True,2016-02-01 02:52:54,2016-02-01,Uh
20160204133734Ch.jpeg,train,1,0,2048,2048,L,1,868970,81.06019234657288,58.52329423411352,0.0,255.0,True,2016-02-04 13:37:34,2016-02-04,Ch
20160213153054Bh.jpeg,train,1,0,2048,2048,L,1,771410,86.62125015258789,56.05822740819586,0.0,255.0,True,2016-02-13 15:30:54,2016-02-13,Bh
20160215133734Ch.jpeg,train,1,0,2048,2048,L,1,839664,81.75094270706177,58.7340804735235,0.0,255.0,True,2016-02-15 13:37:34,2016-02-15,Ch
20160215175514Mh.jpeg,train,1,0,2048,2048,L,1,747771,81.10734128952026,58.74339293519428,0.0,255.0,True,2016-02-15 17:55:14,2016-02-15,Mh
20160223173514Mh.jpeg,train,1,0,2048,2048,L,1,783668,80.3385694026947,58.55669183970181,0.0,231.0,True,2016-02-23 17:35:14,2016-02-23,Mh
20160225173314Mh.jpeg,train,1,0,2048,2048,L,1,790897,80.99361419677734,59.064083144677916,0.0,231.0,True,2016-02-25 17:33:14,2016-02-25,Mh
20160226173214Mh.jpeg,train,1,0,2048,2048,L,1,718218,80.62712621688843,59.033725845207904,0.0,233.0,True,2016-02-26 17:32:14,2016-02-26,Mh
20160229151254Bh.jpeg,train,1,0,2048,2048,L,1,732287,86.64080262184143,55.92435171294789,0.0,233.0,True,2016-02-29 15:12:54,2016-02-29,Bh
20160302133734Ch.jpeg,train,1,0,2048,2048,L,1,896460,81.2871561050415,58.55664331925995,0.0,235.0,True,2016-03-02 13:37:34,2016-03-02,Ch
20160309172214Mh.jpeg,train,1,0,2048,2048,L,1,725139,80.35054516792297,59.40497416148837,0.0,233.0,True,2016-03-09 17:22:14,2016-03-09,Mh
20160310133734Ch.jpeg,train,1,0,2048,2048,L,1,826072,81.21281433105469,58.30287812717493,0.0,232.0,True,2016-03-10 13:37:34,2016-03-10,Ch
20160315133714Th.jpeg,train,1,0,2048,2048,L,1,799442,83.43769407272339,52.34623856186812,0.0,230.0,True,2016-03-15 13:37:14,2016-03-15,Th
20160317232434Lh.jpeg,train,1,0,2048,2048,L,1,933735,80.39323425292969,57.54286163994296,0.0,255.0,True,2016-03-17 23:24:34,2016-03-17,Lh
20160320133714Th.jpeg,train,1,0,2048,2048,L,1,795573,83.92945003509521,52.20299684542713,0.0,231.0,True,2016-03-20 13:37:14,2016-03-20,Th
20160326143654Bh.jpeg,train,1,0,2048,2048,L,1,728696,86.32475996017456,55.89947709438301,0.0,230.0,True,2016-03-26 14:36:54,2016-03-26,Bh
20160327170714Mh.jpeg,train,1,0,2048,2048,L,1,785728,82.94403290748596,59.901752080426164,0.0,255.0,True,2016-03-27 17:07:14,2016-03-27,Mh
20160401133734Ch.jpeg,train,1,0,2048,2048,L,1,854073,81.21956253051758,58.167351321113664,0.0,255.0,True,2016-04-01 13:37:34,2016-04-01,Ch
20160401170314Mh.jpeg,train,1,0,2048,2048,L,1,770285,81.12361669540405,58.815565993091724,0.0,233.0,True,2016-04-01 17:03:14,2016-04-01,Mh
20160402025254Uh.jpeg,train,1,0,2048,2048,L,1,760199,92.89021372795105,50.30680564487919,0.0,230.0,True,2016-04-02 02:52:54,2016-04-02,Uh
20160403170114Mh.jpeg,train,1,0,2048,2048,L,1,794858,81.0660674571991,58.91580010109258,0.0,237.0,True,2016-04-03 17:01:14,2016-04-03,Mh
20160408232234Lh.jpeg,train,1,0,2048,2048,L,1,873068,79.64810013771057,59.01736445127247,0.0,235.0,True,2016-04-08 23:22:34,2016-04-08,Lh
20160411134234Ch.jpeg,train,1,0,2048,2048,L,1,818852,80.80220746994019,58.09732183588878,0.0,243.0,True,2016-04-11 13:42:34,2016-04-11,Ch
20160430133714Th.jpeg,train,1,0,2048,2048,L,1,768511,84.890793800354,50.132050793048904,0.0,231.0,True,2016-04-30 13:37:14,2016-04-30,Th
20160430133734Ch.jpeg,train,1,0,2048,2048,L,1,893849,81.00011849403381,58.5431768949907,0.0,255.0,True,2016-04-30 13:37:34,2016-04-30,Ch
20160501143154Bh.jpeg,train,1,0,2048,2048,L,1,798321,87.13235068321228,55.78700608892586,0.0,255.0,True,2016-05-01 14:31:54,2016-05-01,Bh
20160510163914Mh.jpeg,train,1,0,2048,2048,L,1,715084,79.62289047241211,59.16772265723499,0.0,255.0,True,2016-05-10 16:39:14,2016-05-10,Mh
20160516012454Uh.jpeg,train,1,0,2048,2048,L,1,756706,82.5720283985138,57.61235862554963,0.0,255.0,True,2016-05-16 01:24:54,2016-05-16,Uh
20160518011654Uh.jpeg,train,1,0,2048,2048,L,1,742335,82.81690120697021,57.576622801800326,0.0,231.0,True,2016-05-18 01:16:54,2016-05-18,Uh
20160526011254Uh.jpeg,train,1,0,2048,2048,L,1,730361,83.19184708595276,57.76862020647099,0.0,231.0,True,2016-05-26 01:12:54,2016-05-26,Uh
20160530234734Lh.jpeg,train,1,0,2048,2048,L,1,738575,79.88067293167114,58.865412118726525,0.0,255.0,True,2016-05-30 23:47:34,2016-05-30,Lh
20160604163414Mh.jpeg,train,1,0,2048,2048,L,1,809007,81.89621877670288,58.59064237582508,0.0,250.0,True,2016-06-04 16:34:14,2016-06-04,Mh
20160606163514Mh.jpeg,train,1,0,2048,2048,L,1,833959,88.34798502922058,52.4550909463371,0.0,231.0,True,2016-06-06 16:35:14,2016-06-06,Mh
20160609133654Bh.jpeg,train,1,0,2048,2048,L,1,727367,90.39643335342407,51.463898744966016,0.0,231.0,True,2016-06-09 13:36:54,2016-06-09,Bh
20160617133654Bh.jpeg,train,1,0,2048,2048,L,1,751328,86.52992343902588,55.05564325957082,0.0,231.0,True,2016-06-17 13:36:54,2016-06-17,Bh
20160619133714Th.jpeg,train,1,0,2048,2048,L,1,751601,87.05266809463501,49.4664345506075,0.0,232.0,True,2016-06-19 13:37:14,2016-06-19,Th
20160627133734Ch.jpeg,train,1,0,2048,2048,L,1,835457,81.17170596122742,58.50394707715223,0.0,229.0,True,2016-06-27 13:37:34,2016-06-27,Ch
20160628152654Bh.jpeg,train,1,0,2048,2048,L,1,893166,85.84418773651123,56.05608991924016,0.0,255.0,True,2016-06-28 15:26:54,2016-06-28,Bh
20160629133714Th.jpeg,train,1,0,2048,2048,L,1,778369,87.12072038650513,49.292693862930776,0.0,231.0,True,2016-06-29 13:37:14,2016-06-29,Th
20160703133714Th.jpeg,train,1,0,2048,2048,L,1,772185,87.27038478851318,49.26604391344116,0.0,230.0,True,2016-07-03 13:37:14,2016-07-03,Th
20160714235434Lh.jpeg,train,1,0,2048,2048,L,1,890496,78.81634593009949,55.690201994737805,0.0,255.0,True,2016-07-14 23:54:34,2016-07-14,Lh
20160720133734Ch.jpeg,train,1,0,2048,2048,L,1,867917,81.20336318016052,58.52225612031739,0.0,255.0,True,2016-07-20 13:37:34,2016-07-20,Ch
20160724135554Bh.jpeg,train,1,0,2048,2048,L,1,773312,86.77876901626587,56.00935059537769,0.0,230.0,True,2016-07-24 13:55:54,2016-07-24,Bh
20160726135354Bh.jpeg,train,1,0,2048,2048,L,1,820102,86.49123907089233,56.240148605799845,0.0,231.0,True,2016-07-26 13:53:54,2016-07-26,Bh
20160804133734Ch.jpeg,train,1,0,2048,2048,L,1,867677,80.69246745109558,58.18506192176866,0.0,255.0,True,2016-08-04 13:37:34,2016-08-04,Ch
20160808133714Th.jpeg,train,1,0,2048,2048,L,1,759272,88.22131824493408,49.20588996991185,0.0,233.0,True,2016-08-08 13:37:14,2016-08-08,Th
20160809164914Mh.jpeg,train,1,0,2048,2048,L,1,822221,81.27589845657349,58.98555036321962,0.0,255.0,True,2016-08-09 16:49:14,2016-08-09,Mh
20160810234034Lh.jpeg,train,1,0,2048,2048,L,1,752356,78.39609742164612,55.20333703189095,0.0,230.0,True,2016-08-10 23:40:34,2016-08-10,Lh
20160831133714Th.jpeg,train,1,0,2048,2048,L,1,733588,80.54190254211426,58.83817701958066,0.0,231.0,True,2016-08-31 13:37:14,2016-08-31,Th
20160920230134Lh.jpeg,train,1,0,2048,2048,L,1,897408,85.14195013046265,56.63602763587191,0.0,255.0,True,2016-09-20 23:01:34,2016-09-20,Lh
20160925165814Mh.jpeg,train,1,0,2048,2048,L,1,779647,81.65729975700378,57.425878773809664,0.0,241.0,True,2016-09-25 16:58:14,2016-09-25,Mh
20160925225634Lh.jpeg,train,1,0,2048,2048,L,1,844657,85.47944712638855,57.02031585857995,0.0,255.0,True,2016-09-25 22:56:34,2016-09-25,Lh
20160927133734Ch.jpeg,train,1,0,2048,2048,L,1,881916,80.86377263069153,58.3563335142776,0.0,255.0,True,2016-09-27 13:37:34,2016-09-27,Ch
20160928143554Bh.jpeg,train,1,0,2048,2048,L,1,868998,87.13758492469788,55.747345763805214,0.0,255.0,True,2016-09-28 14:35:54,2016-09-28,Bh
20161002225034Lh.jpeg,train,1,0,2048,2048,L,1,894637,81.21400475502014,57.99013648785143,0.0,255.0,True,2016-10-02 22:50:34,2016-10-02,Lh
20161012133734Ch.jpeg,train,1,0,2048,2048,L,1,778564,81.23470139503479,57.8409975960926,0.0,245.0,True,2016-10-12 13:37:34,2016-10-12,Ch
20161013133734Ch.jpeg,train,1,0,2048,2048,L,1,807760,81.0413269996643,58.02246738147368,0.0,232.0,True,2016-10-13 13:37:34,2016-10-13,Ch
20161023133814Th.jpeg,train,1,0,2048,2048,L,1,937776,82.02133870124817,58.58384145379866,0.0,230.0,True,2016-10-23 13:38:14,2016-10-23,Th
20161105222634Lh.jpeg,train,1,0,2048,2048,L,1,786167,80.0644121170044,58.61879006005226,0.0,255.0,True,2016-11-05 22:26:34,2016-11-05,Lh
20161108021454Uh.jpeg,train,1,0,2048,2048,L,1,770333,82.46227288246155,58.16113727271512,0.0,229.0,True,2016-11-08 02:14:54,2016-11-08,Uh
20161109171714Mh.jpeg,train,1,0,2048,2048,L,1,754808,86.49754858016968,54.13363802919588,0.0,255.0,True,2016-11-09 17:17:14,2016-11-09,Mh
20161110151454Bh.jpeg,train,1,0,2048,2048,L,1,749092,87.38120889663696,55.717079541508554,0.0,230.0,True,2016-11-10 15:14:54,2016-11-10,Bh
20161116133714Th.jpeg,train,1,0,2048,2048,L,1,799062,81.92996168136597,56.74950288858066,0.0,231.0,True,2016-11-16 13:37:14,2016-11-16,Th
20161129022454Uh.jpeg,train,1,0,2048,2048,L,1,846279,83.93920302391052,56.682531864004154,0.0,230.0,True,2016-11-29 02:24:54,2016-11-29,Uh
20161201160954Bh.jpeg,train,1,0,2048,2048,L,1,727130,87.9683346748352,53.191349626273315,0.0,229.0,True,2016-12-01 16:09:54,2016-12-01,Bh
20161205133714Th.jpeg,train,1,0,2048,2048,L,1,810968,82.508633852005,55.04965907463004,0.0,231.0,True,2016-12-05 13:37:14,2016-12-05,Th
20161210133714Th.jpeg,train,1,0,2048,2048,L,1,787838,82.58052611351013,54.5656832004052,0.0,231.0,True,2016-12-10 13:37:14,2016-12-10,Th
20161217133734Ch.jpeg,train,1,0,2048,2048,L,1,762026,81.27049469947815,58.07364279227102,0.0,239.0,True,2016-12-17 13:37:34,2016-12-17,Ch
20161222133714Th.jpeg,train,1,0,2048,2048,L,1,811677,82.8618152141571,53.42374532396889,0.0,230.0,True,2016-12-22 13:37:14,2016-12-22,Th
20161223133734Ch.jpeg,train,1,0,2048,2048,L,1,862864,81.04826664924622,58.31059482740911,0.0,230.0,True,2016-12-23 13:37:34,2016-12-23,Ch
20161224024154Uh.jpeg,train,1,0,2048,2048,L,1,821166,85.30875420570374,56.15067204441963,0.0,231.0,True,2016-12-24 02:41:54,2016-12-24,Uh
20161229133734Ch.jpeg,train,1,0,2048,2048,L,1,830113,81.2896032333374,58.53051905949274,0.0,229.0,True,2016-12-29 13:37:34,2016-12-29,Ch
20161231133734Ch.jpeg,train,1,0,2048,2048,L,1,815394,81.24529886245728,58.272261708947894,0.0,231.0,True,2016-12-31 13:37:34,2016-12-31,Ch
20170102024454Uh.jpeg,train,1,0,2048,2048,L,1,776664,83.0835587978363,57.095080702201585,0.0,230.0,True,2017-01-02 02:44:54,2017-01-02,Uh
20170103030554Uh.jpeg,train,1,0,2048,2048,L,1,786595,82.3214910030365,57.98907808647964,0.0,232.0,True,2017-01-03 03:05:54,2017-01-03,Uh
20170106133714Th.jpeg,train,1,0,2048,2048,L,1,811742,83.31434106826782,53.006048229732805,0.0,231.0,True,2017-01-06 13:37:14,2017-01-06,Th
20170107133714Th.jpeg,train,1,0,2048,2048,L,1,770380,83.43921303749084,52.88420756596321,0.0,229.0,True,2017-01-07 13:37:14,2017-01-07,Th
20170117175014Mh.jpeg,train,1,0,2048,2048,L,1,761905,86.03161811828613,58.26442217217059,0.0,230.0,True,2017-01-17 17:50:14,2017-01-17,Mh
20170119031254Uh.jpeg,train,1,0,2048,2048,L,1,852070,83.02884912490845,56.83165914617971,0.0,229.0,True,2017-01-19 03:12:54,2017-01-19,Uh
20170122034654Uh.jpeg,train,1,0,2048,2048,L,1,823078,83.7503252029419,58.25199226025104,0.0,240.0,True,2017-01-22 03:46:54,2017-01-22,Uh
20170125133734Ch.jpeg,train,1,0,2048,2048,L,1,861563,80.61456751823425,58.40454766654877,0.0,255.0,True,2017-01-25 13:37:34,2017-01-25,Ch
20170217165250Bh.jpeg,train,1,0,2048,2048,L,1,743938,88.73919129371643,54.15773620478438,0.0,233.0,True,2017-02-17 16:52:50,2017-02-17,Bh
20170218173710Mh.jpeg,train,1,0,2048,2048,L,1,741134,81.31521582603455,58.611025490173745,0.0,232.0,True,2017-02-18 17:37:10,2017-02-18,Mh
20170222133710Th.jpeg,train,1,0,2048,2048,L,1,683954,87.19658041000366,50.542114038110064,0.0,255.0,True,2017-02-22 13:37:10,2017-02-22,Th
20170310133730Ch.jpeg,train,1,0,2048,2048,L,1,839916,80.99533939361572,58.297848034949574,0.0,242.0,True,2017-03-10 13:37:30,2017-03-10,Ch
20170310173450Bh.jpeg,train,1,0,2048,2048,L,1,857959,90.0744161605835,52.64322744223669,0.0,255.0,True,2017-03-10 17:34:50,2017-03-10,Bh
20170316133730Ch.jpeg,train,1,0,2048,2048,L,1,778405,81.04839158058167,57.84574682046192,0.0,230.0,True,2017-03-16 13:37:30,2017-03-16,Ch
20170322015550Uh.jpeg,train,1,0,2048,2048,L,1,757839,83.09215354919434,57.214097740283044,0.0,230.0,True,2017-03-22 01:55:50,2017-03-22,Uh
20170323041730Lh.jpeg,train,1,0,2048,2048,L,1,833441,87.05065965652466,51.83370821021347,0.0,255.0,True,2017-03-23 04:17:30,2017-03-23,Lh
20170327143550Bh.jpeg,train,1,0,2048,2048,L,1,758512,87.32697701454163,55.91918575456938,0.0,234.0,True,2017-03-27 14:35:50,2017-03-27,Bh
20170329133730Ch.jpeg,train,1,0,2048,2048,L,1,809328,81.19790053367615,58.192223920883244,0.0,255.0,True,2017-03-29 13:37:30,2017-03-29,Ch
20170408133710Th.jpeg,train,1,0,2048,2048,L,1,763969,86.76318764686584,50.06359750649947,0.0,232.0,True,2017-04-08 13:37:10,2017-04-08,Th
20170411013550Uh.jpeg,train,1,0,2048,2048,L,1,810346,83.47595191001892,57.19649472064501,0.0,231.0,True,2017-04-11 01:35:50,2017-04-11,Uh
20170415145450Bh.jpeg,train,1,0,2048,2048,L,1,787400,87.68731021881104,55.12166601887623,0.0,230.0,True,2017-04-15 14:54:50,2017-04-15,Bh
20170417014150Uh.jpeg,train,1,0,2048,2048,L,1,765370,82.98377394676208,56.7752571632265,0.0,230.0,True,2017-04-17 01:41:50,2017-04-17,Uh
20170417232530Lh.jpeg,train,1,0,2048,2048,L,1,890535,79.12393188476562,57.22947203070946,0.0,231.0,True,2017-04-17 23:25:30,2017-04-17,Lh
20170418013450Uh.jpeg,train,1,0,2048,2048,L,1,724392,82.946848154068,57.00246012463571,0.0,229.0,True,2017-04-18 01:34:50,2017-04-18,Uh
20170423014350Uh.jpeg,train,1,0,2048,2048,L,1,761687,82.45881080627441,57.10515514006609,0.0,232.0,True,2017-04-23 01:43:50,2017-04-23,Uh
20170425133730Ch.jpeg,train,1,0,2048,2048,L,1,767077,80.93268752098083,57.774907844068665,0.0,241.0,True,2017-04-25 13:37:30,2017-04-25,Ch
20170427154550Bh.jpeg,train,1,0,2048,2048,L,1,752732,89.12299227714539,53.572185952228054,0.0,232.0,True,2017-04-27 15:45:50,2017-04-27,Bh
20170502233130Lh.jpeg,train,1,0,2048,2048,L,1,907556,81.70828199386597,57.333389072289584,0.0,255.0,True,2017-05-02 23:31:30,2017-05-02,Lh
20170503013050Uh.jpeg,train,1,0,2048,2048,L,1,773495,82.7427761554718,57.098080547828125,0.0,230.0,True,2017-05-03 01:30:50,2017-05-03,Uh
20170609133710Th.jpeg,train,1,0,2048,2048,L,1,732487,88.70596694946289,49.796724340473574,0.0,231.0,True,2017-06-09 13:37:10,2017-06-09,Th
20170612135150Bh.jpeg,train,1,0,2048,2048,L,1,747660,88.46241664886475,55.09675209038811,0.0,230.0,True,2017-06-12 13:51:50,2017-06-12,Bh
20170619012150Uh.jpeg,train,1,0,2048,2048,L,1,730242,83.30653309822083,57.120318606064245,0.0,231.0,True,2017-06-19 01:21:50,2017-06-19,Uh
20170701235630Lh.jpeg,train,1,0,2048,2048,L,1,773357,82.6227457523346,55.92292736570621,0.0,230.0,True,2017-07-01 23:56:30,2017-07-01,Lh
20170702133730Ch.jpeg,train,1,0,2048,2048,L,1,853963,80.89867329597473,58.41908866328173,0.0,240.0,True,2017-07-02 13:37:30,2017-07-02,Ch
20170719235330Lh.jpeg,train,1,0,2048,2048,L,1,801342,79.55530881881714,57.370320321161756,0.0,230.0,True,2017-07-19 23:53:30,2017-07-19,Lh
20170722235230Lh.jpeg,train,1,0,2048,2048,L,1,798966,78.38077998161316,56.706024134965936,0.0,229.0,True,2017-07-22 23:52:30,2017-07-22,Lh
20170726235030Lh.jpeg,train,1,0,2048,2048,L,1,767450,80.18131422996521,55.46620821839937,0.0,231.0,True,2017-07-26 23:50:30,2017-07-26,Lh
20170728150230Ch.jpeg,train,1,0,2048,2048,L,1,875898,85.60058379173279,55.03584181104801,0.0,231.0,True,2017-07-28 15:02:30,2017-07-28,Ch
20170801164710Mh.jpeg,train,1,0,2048,2048,L,1,825896,80.83685541152954,58.34540443495362,0.0,233.0,True,2017-08-01 16:47:10,2017-08-01,Mh
20170804140650Bh.jpeg,train,1,0,2048,2048,L,1,780362,87.53356432914734,54.88028757356269,0.0,234.0,True,2017-08-04 14:06:50,2017-08-04,Bh
20170805133710Th.jpeg,train,1,0,2048,2048,L,1,758080,89.57624292373657,49.91947570809247,0.0,232.0,True,2017-08-05 13:37:10,2017-08-05,Th
20170806133710Th.jpeg,train,1,0,2048,2048,L,1,778656,89.60770153999329,49.96248225172947,0.0,231.0,True,2017-08-06 13:37:10,2017-08-06,Th
20170809164910Mh.jpeg,train,1,0,2048,2048,L,1,808558,80.17952466011047,58.16284358019632,0.0,235.0,True,2017-08-09 16:49:10,2017-08-09,Mh
20170827165310Mh.jpeg,train,1,0,2048,2048,L,1,816317,80.93383240699768,58.46001110432594,0.0,229.0,True,2017-08-27 16:53:10,2017-08-27,Mh
20170831170750Bh.jpeg,train,1,0,2048,2048,L,1,790885,89.36263632774353,54.75644320762502,0.0,236.0,True,2017-08-31 17:07:50,2017-08-31,Bh
20170925225630Lh.jpeg,train,1,0,2048,2048,L,1,954069,80.83210372924805,56.31895060137431,0.0,255.0,True,2017-09-25 22:56:30,2017-09-25,Lh
20170927143450Bh.jpeg,train,1,0,2048,2048,L,1,836529,88.96948909759521,55.583447736274735,0.0,255.0,True,2017-09-27 14:34:50,2017-09-27,Bh
20171004143950Bh.jpeg,train,1,0,2048,2048,L,1,849011,89.15012645721436,55.271568759501676,0.0,255.0,True,2017-10-04 14:39:50,2017-10-04,Bh
20171005133730Ch.jpeg,train,1,0,2048,2048,L,1,844230,80.91422438621521,58.100532081668334,0.0,255.0,True,2017-10-05 13:37:30,2017-10-05,Ch
20171005144050Bh.jpeg,train,1,0,2048,2048,L,1,703545,86.386470079422,57.704665392902086,0.0,255.0,True,2017-10-05 14:40:50,2017-10-05,Bh
20171007133710Th.jpeg,train,1,0,2048,2048,L,1,770367,90.74558639526367,50.46035747438721,0.0,231.0,True,2017-10-07 13:37:10,2017-10-07,Th
20171007133730Ch.jpeg,train,1,0,2048,2048,L,1,787447,87.7859947681427,52.23776802196391,0.0,255.0,True,2017-10-07 13:37:30,2017-10-07,Ch
20171008144250Bh.jpeg,train,1,0,2048,2048,L,1,833508,88.97406435012817,55.142571934941635,0.0,255.0,True,2017-10-08 14:42:50,2017-10-08,Bh
20171011170310Mh.jpeg,train,1,0,2048,2048,L,1,810707,81.01733469963074,58.289944927530996,0.0,230.0,True,2017-10-11 17:03:10,2017-10-11,Mh
20171011224130Lh.jpeg,train,1,0,2048,2048,L,1,923429,80.611900806427,57.97290828998663,0.0,231.0,True,2017-10-11 22:41:30,2017-10-11,Lh
20171014133730Ch.jpeg,train,1,0,2048,2048,L,1,838804,81.15618324279785,58.06601111424212,0.0,255.0,True,2017-10-14 13:37:30,2017-10-14,Ch
20171022170710Mh.jpeg,train,1,0,2048,2048,L,1,799893,81.19903802871704,58.43703114097842,0.0,229.0,True,2017-10-22 17:07:10,2017-10-22,Mh
20171025133730Ch.jpeg,train,1,0,2048,2048,L,1,804778,81.75244808197021,58.0691377663634,0.0,233.0,True,2017-10-25 13:37:30,2017-10-25,Ch
20171025223130Lh.jpeg,train,1,0,2048,2048,L,1,817068,80.83395457267761,58.22495692791696,0.0,231.0,True,2017-10-25 22:31:30,2017-10-25,Lh
20171027223030Lh.jpeg,train,1,0,2048,2048,L,1,817426,81.64158511161804,57.49583953139798,0.0,231.0,True,2017-10-27 22:30:30,2017-10-27,Lh
20171029150150Bh.jpeg,train,1,0,2048,2048,L,1,788597,88.93009305000305,55.203405577695705,0.0,233.0,True,2017-10-29 15:01:50,2017-10-29,Bh
20171101133730Ch.jpeg,train,1,0,2048,2048,L,1,819919,93.66964507102966,51.07193034073354,0.0,255.0,True,2017-11-01 13:37:30,2017-11-01,Ch
20171103222630Lh.jpeg,train,1,0,2048,2048,L,1,831994,80.27020621299744,59.14942483880963,0.0,231.0,True,2017-11-03 22:26:30,2017-11-03,Lh
20171106171510Mh.jpeg,train,1,0,2048,2048,L,1,775967,81.06637191772461,58.19074943950788,0.0,231.0,True,2017-11-06 17:15:10,2017-11-06,Mh
20171109023950Uh.jpeg,train,1,0,2048,2048,L,1,736232,83.5740613937378,57.71112697527331,0.0,232.0,True,2017-11-09 02:39:50,2017-11-09,Uh
20171114133730Ch.jpeg,train,1,0,2048,2048,L,1,835343,81.55156540870667,58.29882034941593,0.0,232.0,True,2017-11-14 13:37:30,2017-11-14,Ch
20171115170950Bh.jpeg,train,1,0,2048,2048,L,1,752623,93.17914962768555,51.38817244612997,0.0,231.0,True,2017-11-15 17:09:50,2017-11-15,Bh
20171115222230Lh.jpeg,train,1,0,2048,2048,L,1,880999,79.99516677856445,59.42853589260833,0.0,255.0,True,2017-11-15 22:22:30,2017-11-15,Lh
20171121222130Lh.jpeg,train,1,0,2048,2048,L,1,755667,82.22494840621948,57.32530061700548,0.0,230.0,True,2017-11-21 22:21:30,2017-11-21,Lh
20171123133730Ch.jpeg,train,1,0,2048,2048,L,1,869690,81.34083914756775,58.19118766110891,0.0,230.0,True,2017-11-23 13:37:30,2017-11-23,Ch
20171123222130Lh.jpeg,train,1,0,2048,2048,L,1,796121,82.05574941635132,57.426048984740774,0.0,230.0,True,2017-11-23 22:21:30,2017-11-23,Lh
20180109223930Lh.jpeg,train,1,0,2048,2048,L,1,826007,80.49421548843384,58.170538698466196,0.0,239.0,True,2018-01-09 22:39:30,2018-01-09,Lh
20180112130330Ch.jpeg,train,1,0,2048,2048,L,1,838615,81.63063049316406,58.64259062888189,0.0,255.0,True,2018-01-12 13:03:30,2018-01-12,Ch
20180202130330Ch.jpeg,train,1,0,2048,2048,L,1,850221,81.01460981369019,58.02767815172072,0.0,241.0,True,2018-02-02 13:03:30,2018-02-02,Ch
20180301050430Lh.jpeg,train,1,0,2048,2048,L,1,743126,82.83493900299072,55.53812976703929,0.0,230.0,True,2018-03-01 05:04:30,2018-03-01,Lh
20180306081810Th.jpeg,train,1,0,2048,2048,L,1,769092,91.28095316886902,50.67448080514607,0.0,250.0,True,2018-03-06 08:18:10,2018-03-06,Th
20180309000910Mh.jpeg,train,1,0,2048,2048,L,1,685564,88.40057015419006,52.21667688633482,0.0,231.0,True,2018-03-09 00:09:10,2018-03-09,Mh
20180318020350Uh.jpeg,train,1,0,2048,2048,L,1,709784,83.99721884727478,56.013212762407875,0.0,229.0,True,2018-03-18 02:03:50,2018-03-18,Uh
20180318232230Lh.jpeg,train,1,0,2048,2048,L,1,738267,80.13508701324463,55.81923825433815,0.0,230.0,True,2018-03-18 23:22:30,2018-03-18,Lh
20180506140230Ch.jpeg,train,1,0,2048,2048,L,1,799893,81.13996934890747,57.78430424697614,0.0,233.0,True,2018-05-06 14:02:30,2018-05-06,Ch
20180710031950Uh.jpeg,train,1,0,2048,2048,L,1,781476,84.87023186683655,55.66814806889331,0.0,231.0,True,2018-07-10 03:19:50,2018-07-10,Uh
20180712123630Ch.jpeg,train,1,0,2048,2048,L,1,796964,80.8150269985199,58.21653653428255,0.0,255.0,True,2018-07-12 12:36:30,2018-07-12,Ch
20180714000010Mh.jpeg,train,1,0,2048,2048,L,1,742547,81.8429856300354,57.4471261561358,0.0,232.0,True,2018-07-14 00:00:10,2018-07-14,Mh
20180801232450Bh.jpeg,train,1,0,2048,2048,L,1,778130,86.1185953617096,53.4681257297367,0.0,229.0,True,2018-08-01 23:24:50,2018-08-01,Bh
20180804234530Lh.jpeg,train,1,0,2048,2048,L,1,753843,81.67281341552734,55.45018839280928,0.0,230.0,True,2018-08-04 23:45:30,2018-08-04,Lh
20180805232510Mh.jpeg,train,1,0,2048,2048,L,1,756573,79.06648015975952,57.02978531470554,0.0,255.0,True,2018-08-05 23:25:10,2018-08-05,Mh
20180825205030Ch.jpeg,train,1,0,2048,2048,L,1,800019,82.49783205986023,58.79295910726148,0.0,248.0,True,2018-08-25 20:50:30,2018-08-25,Ch
20180827232530Lh.jpeg,train,1,0,2048,2048,L,1,783797,82.5757110118866,55.737800755066054,0.0,231.0,True,2018-08-27 23:25:30,2018-08-27,Lh
20180923112330Ch.jpeg,train,1,0,2048,2048,L,1,822681,80.67563152313232,58.286448643523116,0.0,232.0,True,2018-09-23 11:23:30,2018-09-23,Ch
20180924112030Ch.jpeg,train,1,0,2048,2048,L,1,866880,80.81965732574463,58.26884549885483,0.0,243.0,True,2018-09-24 11:20:30,2018-09-24,Ch
20180925000030Lh.jpeg,train,1,0,2048,2048,L,1,742406,81.25150728225708,55.73238321433463,0.0,233.0,True,2018-09-25 00:00:30,2018-09-25,Lh
20180926014350Uh.jpeg,train,1,0,2048,2048,L,1,700486,83.7232928276062,56.40485292710378,0.0,231.0,True,2018-09-26 01:43:50,2018-09-26,Uh
20181014105830Ch.jpeg,train,1,0,2048,2048,L,1,728666,79.85274171829224,57.62512626243406,0.0,255.0,True,2018-10-14 10:58:30,2018-10-14,Ch
20181023232430Lh.jpeg,train,1,0,2048,2048,L,1,826852,83.29897093772888,56.56865193947476,0.0,231.0,True,2018-10-23 23:24:30,2018-10-23,Lh
20181024232430Lh.jpeg,train,1,0,2048,2048,L,1,841172,83.48964190483093,56.36623092758092,0.0,231.0,True,2018-10-24 23:24:30,2018-10-24,Lh
20181101230010Mh.jpeg,train,1,0,2048,2048,L,1,816065,81.66991639137268,58.17049090483785,0.0,255.0,True,2018-11-01 23:00:10,2018-11-01,Mh
20181102104630Ch.jpeg,train,1,0,2048,2048,L,1,787019,80.45838332176208,58.00399188922803,0.0,255.0,True,2018-11-02 10:46:30,2018-11-02,Ch
20190317145150Bh.jpeg,train,1,0,2048,2048,L,1,831075,87.99180507659912,54.09903771044402,0.0,255.0,True,2019-03-17 14:51:50,2019-03-17,Bh
20190322144450Bh.jpeg,train,1,0,2048,2048,L,1,821805,87.93084597587585,54.030773583618675,0.0,255.0,True,2019-03-22 14:44:50,2019-03-22,Bh
20190412025430Lh.jpeg,train,1,0,2048,2048,L,1,823213,85.18392419815063,55.395116739844994,0.0,243.0,True,2019-04-12 02:54:30,2019-04-12,Lh
20190602025430Lh.jpeg,train,1,0,2048,2048,L,1,770416,86.48906779289246,54.928428141145986,0.0,231.0,True,2019-06-02 02:54:30,2019-06-02,Lh
20190609123330Ch.jpeg,train,1,0,2048,2048,L,1,807890,81.13399076461792,58.417797931832375,0.0,230.0,True,2019-06-09 12:33:30,2019-06-09,Ch
20190611032810Mh.jpeg,train,1,0,2048,2048,L,1,747712,83.43946886062622,58.589001939767336,0.0,233.0,True,2019-06-11 03:28:10,2019-06-11,Mh
20190626025430Lh.jpeg,train,1,0,2048,2048,L,1,773001,83.70748996734619,55.18563356723552,0.0,229.0,True,2019-06-26 02:54:30,2019-06-26,Lh
20190629163710Mh.jpeg,train,1,0,2048,2048,L,1,726436,80.36302590370178,58.75599131141218,0.0,232.0,True,2019-06-29 16:37:10,2019-06-29,Mh
20190701123830Ch.jpeg,train,1,0,2048,2048,L,1,791819,80.20808291435242,57.80623632353416,0.0,253.0,True,2019-07-01 12:38:30,2019-07-01,Ch
20190704123830Ch.jpeg,train,1,0,2048,2048,L,1,764381,80.62445521354675,58.003763639912336,0.0,244.0,True,2019-07-04 12:38:30,2019-07-04,Ch
20190805054730Lh.jpeg,train,1,0,2048,2048,L,1,792760,84.12817621231079,54.78967827709464,0.0,231.0,True,2019-08-05 05:47:30,2019-08-05,Lh
20190925165810Mh.jpeg,train,1,0,2048,2048,L,1,786680,81.2664680480957,58.489095267599296,0.0,230.0,True,2019-09-25 16:58:10,2019-09-25,Mh
20190926165810Mh.jpeg,train,1,0,2048,2048,L,1,806364,81.34013295173645,58.90655095393006,0.0,231.0,True,2019-09-26 16:58:10,2019-09-26,Mh
20190927165910Mh.jpeg,train,1,0,2048,2048,L,1,781801,80.89399337768555,58.50815396440193,0.0,255.0,True,2019-09-27 16:59:10,2019-09-27,Mh
20200105073250Uh.jpeg,train,1,0,2048,2048,L,1,759047,87.75682640075684,55.27143280717387,0.0,232.0,True,2020-01-05 07:32:50,2020-01-05,Uh
20200110073230Lh.jpeg,train,1,0,2048,2048,L,1,727440,81.81610035896301,53.49322973512895,0.0,232.0,True,2020-01-10 07:32:30,2020-01-10,Lh
20200114073230Lh.jpeg,train,1,0,2048,2048,L,1,877184,84.79458546638489,56.15013892536789,0.0,247.0,True,2020-01-14 07:32:30,2020-01-14,Lh
20200116073250Uh.jpeg,train,1,0,2048,2048,L,1,795207,85.23107385635376,56.05808179536354,0.0,233.0,True,2020-01-16 07:32:50,2020-01-16,Uh
20200619123010Th.jpeg,train,1,0,2048,2048,L,1,695999,94.45627117156982,50.316993601816336,0.0,230.0,True,2020-06-19 12:30:10,2020-06-19,Th
20200806053830Lh.jpeg,train,1,0,2048,2048,L,1,873317,83.29956865310669,54.585118523351376,0.0,232.0,True,2020-08-06 05:38:30,2020-08-06,Lh
20201022223330Lh.jpeg,train,1,0,2048,2048,L,1,839022,84.36910223960876,58.310650026177285,0.0,230.0,True,2020-10-22 22:33:30,2020-10-22,Lh
20201227202710Mh.jpeg,train,1,0,2048,2048,L,1,995252,77.14405226707458,54.331065370191105,0.0,254.0,True,2020-12-27 20:27:10,2020-12-27,Mh
20201228202430Ch.jpeg,train,1,0,2048,2048,L,1,765931,83.40916800498962,58.76768244007093,0.0,229.0,True,2020-12-28 20:24:30,2020-12-28,Ch
20210103223630Lh.jpeg,train,1,0,2048,2048,L,1,772085,82.38559770584106,58.364889477109,0.0,231.0,True,2021-01-03 22:36:30,2021-01-03,Lh
20210201020330Lh.jpeg,train,1,0,2048,2048,L,1,751954,86.36578488349915,51.72171170856506,0.0,232.0,True,2021-02-01 02:03:30,2021-02-01,Lh
20210222222850Bh.jpeg,train,1,0,2048,2048,L,1,836929,90.87638807296753,52.98626791868231,0.0,255.0,True,2021-02-22 22:28:50,2021-02-22,Bh
20210223222830Ch.jpeg,train,1,0,2048,2048,L,1,813171,82.90549182891846,59.08531437671291,0.0,230.0,True,2021-02-23 22:28:30,2021-02-23,Ch
20210329015250Uh.jpeg,train,1,0,2048,2048,L,1,732909,86.66140580177307,54.2759295887221,0.0,232.0,True,2021-03-29 01:52:50,2021-03-29,Uh
20210329114430Ch.jpeg,train,1,0,2048,2048,L,1,834607,80.23661923408508,57.83519972167425,0.0,232.0,True,2021-03-29 11:44:30,2021-03-29,Ch
20210331231510Mh.jpeg,train,1,0,2048,2048,L,1,706895,84.56941175460815,54.737024716010644,0.0,232.0,True,2021-03-31 23:15:10,2021-03-31,Mh
20210616142650Bh.jpeg,train,1,0,2048,2048,L,1,762212,89.85032749176025,51.366608325991805,0.0,232.0,True,2021-06-16 14:26:50,2021-06-16,Bh
20210620163530Mh.jpeg,train,1,0,2048,2048,L,1,777156,80.16450572013855,58.729897680200935,0.0,229.0,True,2021-06-20 16:35:30,2021-06-20,Mh
20210621133650Bh.jpeg,train,1,0,2048,2048,L,1,702427,88.31543707847595,52.35491254396089,0.0,229.0,True,2021-06-21 13:36:50,2021-06-21,Bh
20210624133950Bh.jpeg,train,1,0,2048,2048,L,1,725284,87.92496490478516,52.78948834643625,0.0,232.0,True,2021-06-24 13:39:50,2021-06-24,Bh
20210626060050Uh.jpeg,train,1,0,2048,2048,L,1,751035,89.13502144813538,52.98933999694956,0.0,230.0,True,2021-06-26 06:00:50,2021-06-26,Uh
20210626133950Bh.jpeg,train,1,0,2048,2048,L,1,736841,87.91382193565369,52.41865892925517,0.0,229.0,True,2021-06-26 13:39:50,2021-06-26,Bh
20210721123430Ch.jpeg,train,1,0,2048,2048,L,1,827946,86.77020812034607,50.92762391395752,0.0,255.0,True,2021-07-21 12:34:30,2021-07-21,Ch
20210728164530Mh.jpeg,train,1,0,2048,2048,L,1,594278,80.61622190475464,59.03180022118678,0.0,238.0,True,2021-07-28 16:45:30,2021-07-28,Mh
20210731074710Th.jpeg,train,1,0,2048,2048,L,1,865821,82.68857288360596,56.71829586146117,0.0,230.0,True,2021-07-31 07:47:10,2021-07-31,Th
20210810121630Ch.jpeg,train,1,0,2048,2048,L,1,797431,80.91323590278625,57.77996065970372,0.0,230.0,True,2021-08-10 12:16:30,2021-08-10,Ch
20210812044930Lh.jpeg,train,1,0,2048,2048,L,1,844181,85.55314016342163,54.992243618241424,0.0,250.0,True,2021-08-12 04:49:30,2021-08-12,Lh
20210814044930Lh.jpeg,train,1,0,2048,2048,L,1,846951,86.82871389389038,55.73134403015041,0.0,255.0,True,2021-08-14 04:49:30,2021-08-14,Lh
20210815140550Bh.jpeg,train,1,0,2048,2048,L,1,769500,87.64608311653137,53.69298235129721,0.0,255.0,True,2021-08-15 14:05:50,2021-08-15,Bh
20210817165030Mh.jpeg,train,1,0,2048,2048,L,1,796875,81.31062459945679,58.25069884158958,0.0,237.0,True,2021-08-17 16:50:30,2021-08-17,Mh
20211016145050Bh.jpeg,train,1,0,2048,2048,L,1,777757,89.53474259376526,53.13243214684551,0.0,229.0,True,2021-10-16 14:50:50,2021-10-16,Bh
20211119103130Ch.jpeg,train,1,0,2048,2048,L,1,842681,81.01134204864502,58.259276479105786,0.0,255.0,True,2021-11-19 10:31:30,2021-11-19,Ch
20211222120130Ch.jpeg,train,1,0,2048,2048,L,1,858264,81.07838010787964,58.76443931914913,0.0,255.0,True,2021-12-22 12:01:30,2021-12-22,Ch
20211225025850Uh.jpeg,train,1,0,2048,2048,L,1,543204,86.48746418952942,55.322513175885085,0.0,231.0,True,2021-12-25 02:58:50,2021-12-25,Uh
20211229120130Ch.jpeg,train,1,0,2048,2048,L,1,871261,81.03839826583862,58.69316905249878,0.0,255.0,True,2021-12-29 12:01:30,2021-12-29,Ch
20211229120210Th.jpeg,train,1,0,2048,2048,L,1,747799,90.43930864334106,51.29956559479151,0.0,255.0,True,2021-12-29 12:02:10,2021-12-29,Th
20211231223430Lh.jpeg,train,1,0,2048,2048,L,1,816723,82.53115725517273,56.85656282720341,0.0,255.0,True,2021-12-31 22:34:30,2021-12-31,Lh
20220104043050Uh.jpeg,train,1,0,2048,2048,L,1,656215,88.388023853302,54.01551155663036,0.0,230.0,True,2022-01-04 04:30:50,2022-01-04,Uh
20220122085210Th.jpeg,train,1,0,2048,2048,L,1,728237,89.98773193359375,50.55648966676996,0.0,232.0,True,2022-01-22 08:52:10,2022-01-22,Th
20220328143550Bh.jpeg,train,1,0,2048,2048,L,1,670779,90.25706505775452,53.438962769461774,0.0,230.0,True,2022-03-28 14:35:50,2022-03-28,Bh
20220418020950Uh.jpeg,train,1,0,2048,2048,L,1,759874,88.05680394172668,53.6184586118534,0.0,231.0,True,2022-04-18 02:09:50,2022-04-18,Uh
20220617185352Mh.jpeg,train,1,0,2048,2048,L,1,833508,83.98568558692932,54.6301749189154,0.0,252.0,True,2022-06-17 18:53:52,2022-06-17,Mh
20220618185332Bh.jpeg,train,1,0,2048,2048,L,1,715060,91.9030294418335,52.705167945663305,0.0,230.0,True,2022-06-18 18:53:32,2022-06-18,Bh
20220622205632Bh.jpeg,train,1,0,2048,2048,L,1,692231,93.37902665138245,51.030062861382085,0.0,231.0,True,2022-06-22 20:56:32,2022-06-22,Bh
20220710085152Th.jpeg,train,1,0,2048,2048,L,1,814430,94.57820105552673,50.95972123656125,0.0,232.0,True,2022-07-10 08:51:52,2022-07-10,Th
20220718185352Mh.jpeg,train,1,0,2048,2048,L,1,843262,83.78042554855347,54.734634185957155,0.0,255.0,True,2022-07-18 18:53:52,2022-07-18,Mh
20220721185332Bh.jpeg,train,1,0,2048,2048,L,1,760153,92.79578566551208,52.29535869538695,0.0,228.0,True,2022-07-21 18:53:32,2022-07-21,Bh
20220724185352Mh.jpeg,train,1,0,2048,2048,L,1,874415,83.49237656593323,54.63673367876145,0.0,255.0,True,2022-07-24 18:53:52,2022-07-24,Mh
20220803074752Th.jpeg,train,1,0,2048,2048,L,1,807029,94.13524723052979,50.558092098637836,0.0,255.0,True,2022-08-03 07:47:52,2022-08-03,Th
20110120105534Ch.jpeg,test,0,1,2048,2048,L,1,784000,79.36289572715759,65.37263102502178,0.0,255.0,True,2011-01-20 10:55:34,2011-01-20,Ch
20110130110334Ch.jpeg,test,0,1,2048,2048,L,1,709996,88.90675973892212,56.80225833065491,0.0,255.0,True,2011-01-30 11:03:34,2011-01-30,Ch
20110214175414Mh.jpeg,test,0,1,2048,2048,L,1,685363,85.46007299423218,50.649595162561674,0.0,255.0,True,2011-02-14 17:54:14,2011-02-14,Mh
20110329082654Uh.jpeg,test,0,1,2048,2048,L,1,829454,84.42637658119202,57.83186328900786,0.0,245.0,True,2011-03-29 08:26:54,2011-03-29,Uh
20110408083214Th.jpeg,test,0,1,2048,2048,L,1,754470,86.5899224281311,51.40554632540606,0.0,229.0,True,2011-04-08 08:32:14,2011-04-08,Th
20110424064534Lh.jpeg,test,0,1,2048,2048,L,1,754193,82.43594527244568,56.71482407349776,0.0,230.0,True,2011-04-24 06:45:34,2011-04-24,Lh
20110429120534Ch.jpeg,test,0,1,2048,2048,L,1,833628,91.29371953010559,54.55383467390715,0.0,234.0,True,2011-04-29 12:05:34,2011-04-29,Ch
20110529063154Uh.jpeg,test,0,1,2048,2048,L,1,753890,85.02234101295471,56.26439858325456,0.0,229.0,True,2011-05-29 06:31:54,2011-05-29,Uh
20110531070514Th.jpeg,test,0,1,2048,2048,L,1,857913,83.42340326309204,56.08257406737686,0.0,231.0,True,2011-05-31 07:05:14,2011-05-31,Th
20110603123034Ch.jpeg,test,0,1,2048,2048,L,1,859780,84.12874865531921,58.48293589730009,0.0,255.0,True,2011-06-03 12:30:34,2011-06-03,Ch
20110706164014Mh.jpeg,test,0,1,2048,2048,L,1,819952,80.26850581169128,58.60108414609182,0.0,232.0,True,2011-07-06 16:40:14,2011-07-06,Mh
20110811121534Ch.jpeg,test,0,1,2048,2048,L,1,856145,85.51094651222229,58.632682551927374,0.0,230.0,True,2011-08-11 12:15:34,2011-08-11,Ch
20110819131834Ch.jpeg,test,0,1,2048,2048,L,1,798256,85.6352972984314,58.15716567542804,0.0,229.0,True,2011-08-19 13:18:34,2011-08-19,Ch
20110827141254Bh.jpeg,test,0,1,2048,2048,L,1,849900,81.43452477455139,58.59190989338232,0.0,230.0,True,2011-08-27 14:12:54,2011-08-27,Bh
20110912142254Bh.jpeg,test,0,1,2048,2048,L,1,796044,82.12999057769775,58.88569249723026,0.0,229.0,True,2011-09-12 14:22:54,2011-09-12,Bh
20111015063134Lh.jpeg,test,0,1,2048,2048,L,1,829145,80.66748905181885,56.006664137050564,0.0,255.0,True,2011-10-15 06:31:34,2011-10-15,Lh
20111017113714Th.jpeg,test,0,1,2048,2048,L,1,750713,91.05365324020386,51.01945814417244,0.0,231.0,True,2011-10-17 11:37:14,2011-10-17,Th
20111114063134Lh.jpeg,test,0,1,2048,2048,L,1,822916,81.20080542564392,55.6190157271711,0.0,240.0,True,2011-11-14 06:31:34,2011-11-14,Lh
20111122063134Lh.jpeg,test,0,1,2048,2048,L,1,787163,82.26796317100525,56.740506319365956,0.0,255.0,True,2011-11-22 06:31:34,2011-11-22,Lh
20111124153054Bh.jpeg,test,0,1,2048,2048,L,1,832713,87.4365394115448,62.030293317484414,0.0,255.0,True,2011-11-24 15:30:54,2011-11-24,Bh
20111128175514Mh.jpeg,test,0,1,2048,2048,L,1,756026,92.18113088607788,51.09720634320237,0.0,245.0,True,2011-11-28 17:55:14,2011-11-28,Mh
20111208173814Mh.jpeg,test,0,1,2048,2048,L,1,765935,80.46572875976562,59.83268154506384,0.0,237.0,True,2011-12-08 17:38:14,2011-12-08,Mh
20111216103234Ch.jpeg,test,0,1,2048,2048,L,1,903316,85.00688195228577,59.76485606448607,0.0,246.0,True,2011-12-16 10:32:34,2011-12-16,Ch
20111216174914Mh.jpeg,test,0,1,2048,2048,L,1,735793,80.68945646286011,58.467261182168826,0.0,232.0,True,2011-12-16 17:49:14,2011-12-16,Mh
20120107063134Lh.jpeg,test,0,1,2048,2048,L,1,763993,81.11754417419434,55.741140253573946,0.0,246.0,True,2012-01-07 06:31:34,2012-01-07,Lh
20120111191454Bh.jpeg,test,0,1,2048,2048,L,1,773476,93.61007881164551,50.84402763082778,0.0,233.0,True,2012-01-11 19:14:54,2012-01-11,Bh
20120115063134Lh.jpeg,test,0,1,2048,2048,L,1,760293,82.37971782684326,56.10415984157195,0.0,243.0,True,2012-01-15 06:31:34,2012-01-15,Lh
20120218152654Bh.jpeg,test,0,1,2048,2048,L,1,765873,82.53229546546936,59.82455620860746,0.0,232.0,True,2012-02-18 15:26:54,2012-02-18,Bh
20120402105814Th.jpeg,test,0,1,2048,2048,L,1,948163,88.14807677268982,54.50635308593096,0.0,229.0,True,2012-04-02 10:58:14,2012-04-02,Th
20120402164214Mh.jpeg,test,0,1,2048,2048,L,1,763461,80.59750556945801,58.80243913687151,0.0,230.0,True,2012-04-02 16:42:14,2012-04-02,Mh
20120405130014Th.jpeg,test,0,1,2048,2048,L,1,1036529,88.9177017211914,54.181750202479286,0.0,234.0,True,2012-04-05 13:00:14,2012-04-05,Th
20120512063234Lh.jpeg,test,0,1,2048,2048,L,1,748637,79.54969000816345,59.25904977844695,0.0,242.0,True,2012-05-12 06:32:34,2012-05-12,Lh
20120528063154Uh.jpeg,test,0,1,2048,2048,L,1,803270,82.46709299087524,57.53289676136756,0.0,234.0,True,2012-05-28 06:31:54,2012-05-28,Uh
20120606063154Uh.jpeg,test,0,1,2048,2048,L,1,726685,81.82492160797119,57.91460521126046,0.0,233.0,True,2012-06-06 06:31:54,2012-06-06,Uh
20120622063154Uh.jpeg,test,0,1,2048,2048,L,1,794971,82.8008508682251,57.47997879990941,0.0,229.0,True,2012-06-22 06:31:54,2012-06-22,Uh
20120707070914Th.jpeg,test,0,1,2048,2048,L,1,826457,84.83333611488342,54.86000255907966,0.0,255.0,True,2012-07-07 07:09:14,2012-07-07,Th
20120710063134Lh.jpeg,test,0,1,2048,2048,L,1,783031,80.69823145866394,59.49168062118899,0.0,255.0,True,2012-07-10 06:31:34,2012-07-10,Lh
20120730072014Th.jpeg,test,0,1,2048,2048,L,1,851867,84.47434186935425,54.836425632822795,0.0,249.0,True,2012-07-30 07:20:14,2012-07-30,Th
20120813063134Lh.jpeg,test,0,1,2048,2048,L,1,781266,80.88085269927979,59.643079874222785,0.0,229.0,True,2012-08-13 06:31:34,2012-08-13,Lh
20120930063534Lh.jpeg,test,0,1,2048,2048,L,1,778870,80.97091603279114,59.58508924200137,0.0,241.0,True,2012-09-30 06:35:34,2012-09-30,Lh
20121024073354Uh.jpeg,test,0,1,2048,2048,L,1,900062,81.35382533073425,56.861287126342006,0.0,230.0,True,2012-10-24 07:33:54,2012-10-24,Uh
20121125063154Uh.jpeg,test,0,1,2048,2048,L,1,817211,84.86614108085632,53.971030501492955,0.0,255.0,True,2012-11-25 06:31:54,2012-11-25,Uh
20121203063334Lh.jpeg,test,0,1,2048,2048,L,1,741826,79.4869179725647,58.58488218659871,0.0,230.0,True,2012-12-03 06:33:34,2012-12-03,Lh
20121206063154Uh.jpeg,test,0,1,2048,2048,L,1,733582,87.02681541442871,52.90487192326599,0.0,232.0,True,2012-12-06 06:31:54,2012-12-06,Uh
20121216154954Bh.jpeg,test,0,1,2048,2048,L,1,762394,82.66178488731384,58.94273111103694,0.0,232.0,True,2012-12-16 15:49:54,2012-12-16,Bh
20121220110614Th.jpeg,test,0,1,2048,2048,L,1,784065,84.62479329109192,55.219307976146716,0.0,232.0,True,2012-12-20 11:06:14,2012-12-20,Th
20121229085414Th.jpeg,test,0,1,2048,2048,L,1,891269,85.32844638824463,54.840089096392774,0.0,230.0,True,2012-12-29 08:54:14,2012-12-29,Th
20130104104234Ch.jpeg,test,0,1,2048,2048,L,1,762562,80.01617622375488,58.1637982497107,0.0,239.0,True,2013-01-04 10:42:34,2013-01-04,Ch
20130110085614Th.jpeg,test,0,1,2048,2048,L,1,836527,85.81043744087219,54.79443322397178,0.0,243.0,True,2013-01-10 08:56:14,2013-01-10,Th
20130206063154Uh.jpeg,test,0,1,2048,2048,L,1,781542,83.2222421169281,58.0837106628823,0.0,231.0,True,2013-02-06 06:31:54,2013-02-06,Uh
20130208063134Lh.jpeg,test,0,1,2048,2048,L,1,788348,80.58275413513184,59.42217890785998,0.0,230.0,True,2013-02-08 06:31:34,2013-02-08,Lh
20130213063454Uh.jpeg,test,0,1,2048,2048,L,1,696599,94.04852604866028,51.45752678550004,0.0,232.0,True,2013-02-13 06:34:54,2013-02-13,Uh
20130310063154Uh.jpeg,test,0,1,2048,2048,L,1,828593,83.80197238922119,58.0001271111699,0.0,243.0,True,2013-03-10 06:31:54,2013-03-10,Uh
20130315063154Uh.jpeg,test,0,1,2048,2048,L,1,777277,83.282799243927,58.265441417139954,0.0,255.0,True,2013-03-15 06:31:54,2013-03-15,Uh
20130328063154Uh.jpeg,test,0,1,2048,2048,L,1,773088,82.86501026153564,56.93477466737562,0.0,231.0,True,2013-03-28 06:31:54,2013-03-28,Uh
20130521063134Lh.jpeg,test,0,1,2048,2048,L,1,782118,80.83767318725586,59.11945351300764,0.0,234.0,True,2013-05-21 06:31:34,2013-05-21,Lh
20130526063134Lh.jpeg,test,0,1,2048,2048,L,1,798061,79.923015832901,58.37710159733124,0.0,230.0,True,2013-05-26 06:31:34,2013-05-26,Lh
20130530133654Bh.jpeg,test,0,1,2048,2048,L,1,813675,82.38137888908386,58.67408216788807,0.0,232.0,True,2013-05-30 13:36:54,2013-05-30,Bh
20130603063154Uh.jpeg,test,0,1,2048,2048,L,1,765800,82.76536178588867,57.611927755425626,0.0,250.0,True,2013-06-03 06:31:54,2013-06-03,Uh
20130606133454Bh.jpeg,test,0,1,2048,2048,L,1,839998,82.19849944114685,59.21280025681419,0.0,251.0,True,2013-06-06 13:34:54,2013-06-06,Bh
20130609133454Bh.jpeg,test,0,1,2048,2048,L,1,794508,83.06565260887146,58.298505276037,0.0,230.0,True,2013-06-09 13:34:54,2013-06-09,Bh
20130627063134Lh.jpeg,test,0,1,2048,2048,L,1,848707,81.6239082813263,60.16512606396332,0.0,233.0,True,2013-06-27 06:31:34,2013-06-27,Lh
20130702070714Th.jpeg,test,0,1,2048,2048,L,1,827937,84.18734097480774,54.13679511770028,0.0,234.0,True,2013-07-02 07:07:14,2013-07-02,Th
20130811121434Ch.jpeg,test,0,1,2048,2048,L,1,803377,80.89190983772278,58.91888459986265,0.0,241.0,True,2013-08-11 12:14:34,2013-08-11,Ch
20130825141154Bh.jpeg,test,0,1,2048,2048,L,1,788309,82.24502110481262,58.78588617006036,0.0,231.0,True,2013-08-25 14:11:54,2013-08-25,Bh
20131027185354Bh.jpeg,test,0,1,2048,2048,L,1,903555,83.94961547851562,59.087434755688044,0.0,255.0,True,2013-10-27 18:53:54,2013-10-27,Bh
20131027223034Lh.jpeg,test,0,1,2048,2048,L,1,766254,81.96231818199158,59.19603360263131,0.0,255.0,True,2013-10-27 22:30:34,2013-10-27,Lh
20131110185354Bh.jpeg,test,0,1,2048,2048,L,1,813122,84.2197835445404,57.972096369634805,0.0,241.0,True,2013-11-10 18:53:54,2013-11-10,Bh
20131217192134Ch.jpeg,test,0,1,2048,2048,L,1,787791,81.39761853218079,58.84924050413166,0.0,252.0,True,2013-12-17 19:21:34,2013-12-17,Ch
20131230192154Bh.jpeg,test,0,1,2048,2048,L,1,820493,83.31136012077332,58.35140346776679,0.0,255.0,True,2013-12-30 19:21:54,2013-12-30,Bh
20140118180214Mh.jpeg,test,0,1,2048,2048,L,1,774756,80.8826687335968,58.93068840087203,0.0,250.0,True,2014-01-18 18:02:14,2014-01-18,Mh
20140309170314Mh.jpeg,test,0,1,2048,2048,L,1,1105945,86.8898138999939,54.295666887969766,0.0,255.0,True,2014-03-09 17:03:14,2014-03-09,Mh
20140322200714Mh.jpeg,test,0,1,2048,2048,L,1,859775,89.00494408607483,50.19699786961345,0.0,255.0,True,2014-03-22 20:07:14,2014-03-22,Mh
20140403081714Th.jpeg,test,0,1,2048,2048,L,1,804068,85.13037014007568,53.97134576957994,0.0,244.0,True,2014-04-03 08:17:14,2014-04-03,Th
20140410195814Mh.jpeg,test,0,1,2048,2048,L,1,784368,81.3488130569458,58.336463172275856,0.0,231.0,True,2014-04-10 19:58:14,2014-04-10,Mh
20140420195854Bh.jpeg,test,0,1,2048,2048,L,1,825071,81.75156998634338,57.26403760421925,0.0,255.0,True,2014-04-20 19:58:54,2014-04-20,Bh
20140514195854Bh.jpeg,test,0,1,2048,2048,L,1,807044,83.23616790771484,57.98705644612097,0.0,255.0,True,2014-05-14 19:58:54,2014-05-14,Bh
20140516234034Lh.jpeg,test,0,1,2048,2048,L,1,741352,90.16227507591248,50.29350406826187,0.0,235.0,True,2014-05-16 23:40:34,2014-05-16,Lh
20140519195834Ch.jpeg,test,0,1,2048,2048,L,1,800234,81.02583146095276,51.300881700882265,0.0,238.0,True,2014-05-19 19:58:34,2014-05-19,Ch
20140520200054Bh.jpeg,test,0,1,2048,2048,L,1,801316,84.41823291778564,57.713927342688685,0.0,230.0,True,2014-05-20 20:00:54,2014-05-20,Bh
20140526195834Ch.jpeg,test,0,1,2048,2048,L,1,772336,81.00403308868408,58.65430270348271,0.0,255.0,True,2014-05-26 19:58:34,2014-05-26,Ch
20140629195814Mh.jpeg,test,0,1,2048,2048,L,1,826562,81.8516411781311,58.73200396596029,0.0,255.0,True,2014-06-29 19:58:14,2014-06-29,Mh
20140707023654Uh.jpeg,test,0,1,2048,2048,L,1,789987,84.02226781845093,56.92368654552329,0.0,250.0,True,2014-07-07 02:36:54,2014-07-07,Uh
20140710020754Uh.jpeg,test,0,1,2048,2048,L,1,917806,81.41738200187683,57.27561246743082,0.0,248.0,True,2014-07-10 02:07:54,2014-07-10,Uh
20140828080414Th.jpeg,test,0,1,2048,2048,L,1,848995,83.5667405128479,54.52242281787874,0.0,255.0,True,2014-08-28 08:04:14,2014-08-28,Th
20140907195814Mh.jpeg,test,0,1,2048,2048,L,1,798942,82.2838728427887,58.659510961505,0.0,255.0,True,2014-09-07 19:58:14,2014-09-07,Mh
20140925195834Ch.jpeg,test,0,1,2048,2048,L,1,816288,80.46771311759949,58.57343948050038,0.0,255.0,True,2014-09-25 19:58:34,2014-09-25,Ch
20141009195814Mh.jpeg,test,0,1,2048,2048,L,1,808400,81.58976030349731,58.72522158863387,0.0,255.0,True,2014-10-09 19:58:14,2014-10-09,Mh
20141104195854Bh.jpeg,test,0,1,2048,2048,L,1,815672,86.48422813415527,56.05837739111676,0.0,231.0,True,2014-11-04 19:58:54,2014-11-04,Bh
20141120195834Ch.jpeg,test,0,1,2048,2048,L,1,773100,81.32739639282227,58.575318689805016,0.0,255.0,True,2014-11-20 19:58:34,2014-11-20,Ch
20141220201934Ch.jpeg,test,0,1,2048,2048,L,1,717881,81.54141616821289,59.20726806028416,0.0,255.0,True,2014-12-20 20:19:34,2014-12-20,Ch
20141222201814Mh.jpeg,test,0,1,2048,2048,L,1,772156,81.86211919784546,58.93834466339413,0.0,234.0,True,2014-12-22 20:18:14,2014-12-22,Mh
20150105104334Ch.jpeg,test,0,1,2048,2048,L,1,840128,78.99534368515015,56.624237621855485,0.0,255.0,True,2015-01-05 10:43:34,2015-01-05,Ch
20150124081954Uh.jpeg,test,0,1,2048,2048,L,1,785686,85.94849705696106,57.18653527240464,0.0,229.0,True,2015-01-24 08:19:54,2015-01-24,Uh
20150430082014Th.jpeg,test,0,1,2048,2048,L,1,829698,84.51708459854126,51.413852098818644,0.0,232.0,True,2015-04-30 08:20:14,2015-04-30,Th
20150601122834Ch.jpeg,test,0,1,2048,2048,L,1,804838,81.07215619087219,58.9124345346626,0.0,252.0,True,2015-06-01 12:28:34,2015-06-01,Ch
20150602122934Ch.jpeg,test,0,1,2048,2048,L,1,818761,81.40583515167236,59.07069031986587,0.0,255.0,True,2015-06-02 12:29:34,2015-06-02,Ch
20150619133554Bh.jpeg,test,0,1,2048,2048,L,1,685249,84.58869171142578,57.2783313111341,0.0,230.0,True,2015-06-19 13:35:54,2015-06-19,Bh
20150620161314Mh.jpeg,test,0,1,2048,2048,L,1,783360,80.60477805137634,59.42915623237458,0.0,255.0,True,2015-06-20 16:13:14,2015-06-20,Mh
20150623152934Ch.jpeg,test,0,1,2048,2048,L,1,739711,85.08234405517578,51.563622401973085,0.0,255.0,True,2015-06-23 15:29:34,2015-06-23,Ch
20150913082034Lh.jpeg,test,0,1,2048,2048,L,1,787867,81.3171923160553,58.37762834489821,0.0,250.0,True,2015-09-13 08:20:34,2015-09-13,Lh
20151003081954Uh.jpeg,test,0,1,2048,2048,L,1,739241,85.3882794380188,55.70449119671283,0.0,229.0,True,2015-10-03 08:19:54,2015-10-03,Uh
20151015170634Ch.jpeg,test,0,1,2048,2048,L,1,896751,81.3343665599823,58.746702283535974,0.0,229.0,True,2015-10-15 17:06:34,2015-10-15,Ch
20151026171014Mh.jpeg,test,0,1,2048,2048,L,1,770777,81.82684230804443,59.43008867967924,0.0,253.0,True,2015-10-26 17:10:14,2015-10-26,Mh
20151117212434Ch.jpeg,test,0,1,2048,2048,L,1,717589,90.22184443473816,51.512364992227305,0.0,255.0,True,2015-11-17 21:24:34,2015-11-17,Ch
20151204133714Th.jpeg,test,0,1,2048,2048,L,1,797137,80.745032787323,57.04683331835833,0.0,230.0,True,2015-12-04 13:37:14,2015-12-04,Th
20151207173614Mh.jpeg,test,0,1,2048,2048,L,1,738055,81.45122241973877,58.98143979620869,0.0,230.0,True,2015-12-07 17:36:14,2015-12-07,Mh
20151214171854Bh.jpeg,test,0,1,2048,2048,L,1,742856,85.81523084640503,54.75311634472508,0.0,235.0,True,2015-12-14 17:18:54,2015-12-14,Bh
20151227133734Ch.jpeg,test,0,1,2048,2048,L,1,853683,78.96254062652588,57.04833327301209,0.0,255.0,True,2015-12-27 13:37:34,2015-12-27,Ch
20160116133734Ch.jpeg,test,0,1,2048,2048,L,1,780406,81.87276864051819,58.61473240921256,0.0,255.0,True,2016-01-16 13:37:34,2016-01-16,Ch
20160226151654Bh.jpeg,test,0,1,2048,2048,L,1,781282,86.35109519958496,56.2101574983943,0.0,229.0,True,2016-02-26 15:16:54,2016-02-26,Bh
20160311020654Uh.jpeg,test,0,1,2048,2048,L,1,775656,83.08934116363525,57.244742513819794,0.0,229.0,True,2016-03-11 02:06:54,2016-03-11,Uh
20160312020554Uh.jpeg,test,0,1,2048,2048,L,1,770037,82.37548208236694,58.179315223952926,0.0,234.0,True,2016-03-12 02:05:54,2016-03-12,Uh
20160327133714Th.jpeg,test,0,1,2048,2048,L,1,810702,83.95012259483337,51.71701753278196,0.0,231.0,True,2016-03-27 13:37:14,2016-03-27,Th
20160327133734Ch.jpeg,test,0,1,2048,2048,L,1,857877,81.28198313713074,58.53521378850411,0.0,255.0,True,2016-03-27 13:37:34,2016-03-27,Ch
20160405014154Uh.jpeg,test,0,1,2048,2048,L,1,786520,82.2650842666626,57.749619226002565,0.0,229.0,True,2016-04-05 01:41:54,2016-04-05,Uh
20160505025554Uh.jpeg,test,0,1,2048,2048,L,1,804192,82.84511423110962,56.30754974131779,0.0,230.0,True,2016-05-05 02:55:54,2016-05-05,Uh
20160513133714Th.jpeg,test,0,1,2048,2048,L,1,769325,85.6567120552063,49.851465742491165,0.0,232.0,True,2016-05-13 13:37:14,2016-05-13,Th
20160602010754Uh.jpeg,test,0,1,2048,2048,L,1,765121,82.35593461990356,57.27772044909968,0.0,229.0,True,2016-06-02 01:07:54,2016-06-02,Uh
20160713133714Th.jpeg,test,0,1,2048,2048,L,1,780002,86.77504277229309,49.02477133852319,0.0,231.0,True,2016-07-13 13:37:14,2016-07-13,Th
20160820233134Lh.jpeg,test,0,1,2048,2048,L,1,795818,78.75153851509094,55.27287885419323,0.0,231.0,True,2016-08-20 23:31:34,2016-08-20,Lh
20160828133734Ch.jpeg,test,0,1,2048,2048,L,1,735794,87.7957603931427,50.87096873761046,0.0,241.0,True,2016-08-28 13:37:34,2016-08-28,Ch
20160930165914Mh.jpeg,test,0,1,2048,2048,L,1,739573,84.60765624046326,49.51238296352956,0.0,231.0,True,2016-09-30 16:59:14,2016-09-30,Mh
20161015144954Bh.jpeg,test,0,1,2048,2048,L,1,757654,88.33827114105225,55.95428051184607,0.0,230.0,True,2016-10-15 14:49:54,2016-10-15,Bh
20161019133714Th.jpeg,test,0,1,2048,2048,L,1,750582,81.04048490524292,58.632466756616196,0.0,231.0,True,2016-10-19 13:37:14,2016-10-19,Th
20161020145454Bh.jpeg,test,0,1,2048,2048,L,1,796894,88.37292861938477,55.81542482220887,0.0,255.0,True,2016-10-20 14:54:54,2016-10-20,Bh
20161104133714Th.jpeg,test,0,1,2048,2048,L,1,814111,80.70388841629028,57.245724682366735,0.0,230.0,True,2016-11-04 13:37:14,2016-11-04,Th
20161111133734Ch.jpeg,test,0,1,2048,2048,L,1,879065,81.1397979259491,58.50449691872057,0.0,255.0,True,2016-11-11 13:37:34,2016-11-11,Ch
20161116222134Lh.jpeg,test,0,1,2048,2048,L,1,803862,81.63707494735718,59.56023163084055,0.0,232.0,True,2016-11-16 22:21:34,2016-11-16,Lh
20161219133734Ch.jpeg,test,0,1,2048,2048,L,1,848396,81.01686215400696,58.34212682970923,0.0,232.0,True,2016-12-19 13:37:34,2016-12-19,Ch
20161231223534Lh.jpeg,test,0,1,2048,2048,L,1,775595,81.7901041507721,57.24236120381875,0.0,231.0,True,2016-12-31 22:35:34,2016-12-31,Lh
20170129133714Th.jpeg,test,0,1,2048,2048,L,1,760090,84.1884913444519,52.05694707226289,0.0,230.0,True,2017-01-29 13:37:14,2017-01-29,Th
20170313145450Bh.jpeg,test,0,1,2048,2048,L,1,876101,87.38781809806824,55.55013345555266,0.0,255.0,True,2017-03-13 14:54:50,2017-03-13,Bh
20170326133730Ch.jpeg,test,0,1,2048,2048,L,1,848074,81.23275876045227,58.510460993585546,0.0,255.0,True,2017-03-26 13:37:30,2017-03-26,Ch
20170328014950Uh.jpeg,test,0,1,2048,2048,L,1,740704,82.79267072677612,56.82370012303111,0.0,245.0,True,2017-03-28 01:49:50,2017-03-28,Uh
20170329014850Uh.jpeg,test,0,1,2048,2048,L,1,744922,83.13316464424133,56.69836543330731,0.0,230.0,True,2017-03-29 01:48:50,2017-03-29,Uh
20170330133710Th.jpeg,test,0,1,2048,2048,L,1,768623,86.0923981666565,50.107731961326174,0.0,230.0,True,2017-03-30 13:37:10,2017-03-30,Th
20170414151450Bh.jpeg,test,0,1,2048,2048,L,1,576038,85.25867938995361,57.5814516595321,0.0,230.0,True,2017-04-14 15:14:50,2017-04-14,Bh
20170516134450Bh.jpeg,test,0,1,2048,2048,L,1,750657,86.98241877555847,55.84082976230733,0.0,229.0,True,2017-05-16 13:44:50,2017-05-16,Bh
20170626133730Ch.jpeg,test,0,1,2048,2048,L,1,839949,80.96647214889526,58.1084908802289,0.0,255.0,True,2017-06-26 13:37:30,2017-06-26,Ch
20170708164010Mh.jpeg,test,0,1,2048,2048,L,1,803143,81.10563921928406,58.3300938943196,0.0,255.0,True,2017-07-08 16:40:10,2017-07-08,Mh
20170902231930Lh.jpeg,test,0,1,2048,2048,L,1,782288,83.25295424461365,57.280333822041904,0.0,255.0,True,2017-09-02 23:19:30,2017-09-02,Lh
20170926225530Lh.jpeg,test,0,1,2048,2048,L,1,925014,80.47748684883118,56.42331982138552,0.0,255.0,True,2017-09-26 22:55:30,2017-09-26,Lh
20171018223630Lh.jpeg,test,0,1,2048,2048,L,1,779900,82.28770542144775,57.05822910684184,0.0,231.0,True,2017-10-18 22:36:30,2017-10-18,Lh
20171021223430Lh.jpeg,test,0,1,2048,2048,L,1,817075,79.33355593681335,59.009094779043,0.0,229.0,True,2017-10-21 22:34:30,2017-10-21,Lh
20171027150050Bh.jpeg,test,0,1,2048,2048,L,1,751426,88.70432567596436,55.09205403279647,0.0,230.0,True,2017-10-27 15:00:50,2017-10-27,Bh
20171029171010Mh.jpeg,test,0,1,2048,2048,L,1,822792,81.0678870677948,58.623905502920714,0.0,229.0,True,2017-10-29 17:10:10,2017-10-29,Mh
20171107222630Lh.jpeg,test,0,1,2048,2048,L,1,893190,80.37605571746826,58.44090263196166,0.0,244.0,True,2017-11-07 22:26:30,2017-11-07,Lh
20171108222430Lh.jpeg,test,0,1,2048,2048,L,1,865062,80.23197078704834,58.4682186937091,0.0,233.0,True,2017-11-08 22:24:30,2017-11-08,Lh
20171122022450Uh.jpeg,test,0,1,2048,2048,L,1,723565,83.55594372749329,57.270618821721385,0.0,232.0,True,2017-11-22 02:24:50,2017-11-22,Uh
20180507140210Th.jpeg,test,0,1,2048,2048,L,1,737912,93.02352833747864,51.02235650720926,0.0,231.0,True,2018-05-07 14:02:10,2018-05-07,Th
20180726232450Bh.jpeg,test,0,1,2048,2048,L,1,802218,87.73938488960266,55.30616111615333,0.0,230.0,True,2018-07-26 23:24:50,2018-07-26,Bh
20181012105930Ch.jpeg,test,0,1,2048,2048,L,1,811208,81.10327649116516,58.6636689572832,0.0,255.0,True,2018-10-12 10:59:30,2018-10-12,Ch
20181030230030Lh.jpeg,test,0,1,2048,2048,L,1,793068,81.52852511405945,57.93963521825156,0.0,229.0,True,2018-10-30 23:00:30,2018-10-30,Lh
20190605025430Lh.jpeg,test,0,1,2048,2048,L,1,773947,87.4716010093689,55.2676833780987,0.0,230.0,True,2019-06-05 02:54:30,2019-06-05,Lh
20190607032610Mh.jpeg,test,0,1,2048,2048,L,1,782389,83.16272830963135,58.23175688733398,0.0,255.0,True,2019-06-07 03:26:10,2019-06-07,Mh
20200310113230Ch.jpeg,test,0,1,2048,2048,L,1,891550,80.91779375076294,58.80472014502106,0.0,233.0,True,2020-03-10 11:32:30,2020-03-10,Ch
20200806072410Th.jpeg,test,0,1,2048,2048,L,1,775380,94.5251214504242,50.40949513401275,0.0,230.0,True,2020-08-06 07:24:10,2020-08-06,Th
20201228202510Mh.jpeg,test,0,1,2048,2048,L,1,809996,81.76280546188354,58.31016410985646,0.0,239.0,True,2020-12-28 20:25:10,2020-12-28,Mh
20210101202450Bh.jpeg,test,0,1,2048,2048,L,1,726977,90.62667512893677,53.39539648683655,0.0,230.0,True,2021-01-01 20:24:50,2021-01-01,Bh
20210127110130Ch.jpeg,test,0,1,2048,2048,L,1,844893,80.84346318244934,58.42030114574712,0.0,255.0,True,2021-01-27 11:01:30,2021-01-27,Ch
20210219230330Lh.jpeg,test,0,1,2048,2048,L,1,814577,82.86310768127441,55.18965308634857,0.0,234.0,True,2021-02-19 23:03:30,2021-02-19,Lh
20210607142350Bh.jpeg,test,0,1,2048,2048,L,1,645876,92.40061378479004,50.68622142119866,0.0,231.0,True,2021-06-07 14:23:50,2021-06-07,Bh
20210627163630Mh.jpeg,test,0,1,2048,2048,L,1,802230,81.50488233566284,59.34318268213899,0.0,232.0,True,2021-06-27 16:36:30,2021-06-27,Mh
20210701163730Mh.jpeg,test,0,1,2048,2048,L,1,844878,80.08426547050476,58.63056602293257,0.0,236.0,True,2021-07-01 16:37:30,2021-07-01,Mh
20210708060030Lh.jpeg,test,0,1,2048,2048,L,1,886876,82.49293684959412,54.61667673252003,0.0,255.0,True,2021-07-08 06:00:30,2021-07-08,Lh
20210726041650Uh.jpeg,test,0,1,2048,2048,L,1,616584,86.87535238265991,53.21102013392745,0.0,234.0,True,2021-07-26 04:16:50,2021-07-26,Uh
20210730044930Lh.jpeg,test,0,1,2048,2048,L,1,783962,83.04840159416199,54.23515325188221,0.0,230.0,True,2021-07-30 04:49:30,2021-07-30,Lh
20210811072510Th.jpeg,test,0,1,2048,2048,L,1,764171,85.21109580993652,57.27202505648906,0.0,232.0,True,2021-08-11 07:25:10,2021-08-11,Th
20211119005210Mh.jpeg,test,0,1,2048,2048,L,1,757248,87.84404277801514,52.88925723898566,0.0,229.0,True,2021-11-19 00:52:10,2021-11-19,Mh
20211214174010Mh.jpeg,test,0,1,2048,2048,L,1,729298,83.40699696540833,54.6712909308544,0.0,230.0,True,2021-12-14 17:40:10,2021-12-14,Mh
20211224120130Ch.jpeg,test,0,1,2048,2048,L,1,871083,80.91832137107849,58.673193615044205,0.0,255.0,True,2021-12-24 12:01:30,2021-12-24,Ch
20211231180850Bh.jpeg,test,0,1,2048,2048,L,1,696284,89.1106538772583,52.795170995586155,0.0,255.0,True,2021-12-31 18:08:50,2021-12-31,Bh
20220124155050Bh.jpeg,test,0,1,2048,2048,L,1,793476,90.6629319190979,53.757790472450026,0.0,255.0,True,2022-01-24 15:50:50,2022-01-24,Bh
20220328035030Lh.jpeg,test,0,1,2048,2048,L,1,689559,84.37679958343506,56.06094472043339,0.0,255.0,True,2022-03-28 03:50:30,2022-03-28,Lh
20220523234912Lh.jpeg,test,0,1,2048,2048,L,1,773925,88.75995111465454,59.26277881883476,0.0,255.0,True,2022-05-23 23:49:12,2022-05-23,Lh
20220621185332Bh.jpeg,test,0,1,2048,2048,L,1,724596,91.78884863853455,52.656060433850314,0.0,230.0,True,2022-06-21 18:53:32,2022-06-21,Bh
20220626185332Bh.jpeg,test,0,1,2048,2048,L,1,745185,91.71209406852722,52.43040055392493,0.0,230.0,True,2022-06-26 18:53:32,2022-06-26,Bh
20220714185352Th.jpeg,test,0,1,2048,2048,L,1,761815,93.51801490783691,50.37437563240315,0.0,255.0,True,2022-07-14 18:53:52,2022-07-14,Th
20220728185352Th.jpeg,test,0,1,2048,2048,L,1,732036,94.43744492530823,50.45515826500207,0.0,230.0,True,2022-07-28 18:53:52,2022-07-28,Th
