id,image_id,geom_vs_bbox_max_diff
d7fd9cdb-3f34-4dfc-a1fa-c1fd25110a98,040301-20140609195854Bh,0.0
ca65251f-f7c8-4553-ad55-ad0f06272782,040301-20140609195854Bh,0.0
7b301b5d-fe5d-4b4d-b0b7-41b0f8cabeec,040301-20140609195854Bh,0.0
184911bf-d671-4a08-bc84-6f5fb7ce5277,040301-20140609195854Bh,0.0
67dcd25e-ed1e-4565-960e-d653c9a905ab,040301-20140609195854Bh,0.0
730b345b-574a-4da7-9b62-5ffe6192ed30,040301-20140609195854Bh,0.0
e5f87bb8-4000-46ee-81b5-701705880be6,040301-20140609195854Bh,0.0
30c4ce39-dfff-4b27-8624-fa9a6a00b76e,040301-20140609195854Bh,0.0
f376240a-00af-44da-9705-402ffc8f8d49,040301-20140609195854Bh,0.0
dcd80baf-0c75-44cb-99ce-9eda5756e507,040301-20140609195854Bh,0.0
5787e002-b7aa-46d2-85e1-5d99afc6355a,040301-20140609195854Bh,0.0
9113780a-b5a4-4dc2-b6fc-580a7513ed94,040301-20140609195854Bh,0.0
358e381d-d27e-4e28-8899-236567aa8a00,050103-20111116063134Lh,0.0
381a63d8-5401-4131-b181-282c0d50fd50,050103-20111116063134Lh,0.0
3f0cf8fe-0689-44f6-b436-88628fdd3a9d,050103-20111116063134Lh,0.0
cb3d0cd0-00d4-4f36-8b07-2edf1cc36cf8,050103-20111116063134Lh,0.0
feb82bc1-6d42-4766-a0e8-f857c47cd5ad,050103-20111116063134Lh,0.0
197f4b3f-03ee-45fa-be1d-97cef92d9ce9,050103-20111116063134Lh,0.0
4fbc3119-3d78-4078-8852-064714ca76b0,050103-20111116063134Lh,0.0
6aac8e61-826b-4a66-ad0c-1cd2698a2a65,050103-20111116063134Lh,0.0
04864537-97a2-4075-b19d-d2c5760e26ce,050103-20111116063134Lh,0.0
c3783a29-d5ad-4d3a-9837-cc3d5233638b,050103-20111116063134Lh,0.0
f1e18d29-0432-4894-9639-141ec44eae0c,050103-20111116063134Lh,0.0
fa579752-0fa6-4802-9eec-5d98558875a0,050102-20111116063134Lh,0.0
07733b34-f29f-471a-bc5a-fe2046043bcc,050102-20111116063134Lh,0.0
130b47c0-4c47-48e7-bcb1-4531e6405e34,050102-20111116063134Lh,0.0
9763785a-692d-4cef-84ce-a54a5a60f4cc,050102-20111116063134Lh,0.0
a362baa2-b3ee-43a8-8f1d-b1ac95790cf2,050102-20111116063134Lh,0.0
b7fbe21a-bfed-4874-9360-d16c4aafbf07,050102-20111116063134Lh,0.0
145297eb-431d-426e-acee-65ac1c652b8d,050102-20111116063134Lh,0.0
30246318-3c2c-42e3-b2b1-e43851808134,050102-20111116063134Lh,0.0
32159e24-4b1e-47e2-bda9-f350d6e86f48,050102-20111116063134Lh,0.0
782ac718-9fe1-45a1-a031-d25e5447b436,050102-20111116063134Lh,0.0
bf59bc64-3a68-4ed7-8218-b690196eb42e,050102-20111116063134Lh,0.0
ea9db1f3-0a9d-4e0d-ad7a-9ed57cae5f1a,050101-20111116063134Lh,0.0
af69b8cc-4195-4814-b801-2bbe41c3662c,050101-20111116063134Lh,0.0
68726409-c7e1-49be-86ae-2ffa556143f7,050101-20111116063134Lh,0.0
892a563c-fb44-47cd-911c-bb2567ab5517,050101-20111116063134Lh,0.0
88e62b93-4f03-45d4-9b8c-9dc6782b3c10,050101-20111116063134Lh,0.0
3ed9ddb5-c1f7-4388-977b-ccd196784bfb,050101-20111116063134Lh,0.0
cc1e701e-e79f-4d6b-a7a3-41bd6df241a6,050101-20111116063134Lh,0.0
71199cc4-041d-4064-afa3-5ca71b40ead4,050101-20111116063134Lh,0.0
04a87a70-ae01-4199-a3a8-43b4ff99bcff,050101-20111116063134Lh,0.0
83fab9de-41f5-450e-8053-8b25db20e4df,050101-20111116063134Lh,0.0
3c7bf013-7cc8-45ae-866b-2697767ab974,050101-20111116063134Lh,0.0
f62b064c-3fa0-4570-8ac4-ac64aabc7ee3,030101-20130725122934Ch,0.0
50979dce-42dd-46ad-844d-4ca260ec1ca8,030101-20130725122934Ch,0.0
cfcadd5b-78a7-4ea5-8d15-d2fedf2b38fd,030101-20130725122934Ch,0.0
7b6952e5-389f-4dc8-adf3-8237b62ef14e,030101-20130725122934Ch,0.0
5df634a4-f32a-481f-9e13-2c43671ccc64,030101-20130725122934Ch,0.0
3514000f-db66-4775-8b8b-0d61c6ab2da8,030101-20130725122934Ch,0.0
babf74c9-cd68-4aaa-9a0e-472cc4deaea7,030101-20130725122934Ch,0.0
413ac06b-a004-4cce-be65-24cd570db232,030101-20130725122934Ch,0.0
a030bcdb-efc8-4785-9ed3-ad417c1b7b51,030101-20130725122934Ch,0.0
d0a91c63-1374-4a1a-8c17-17d9a5a8c8e5,030101-20130725122934Ch,0.0
8ccc33a7-2263-430f-bcf1-bcea71878181,030101-20130725122934Ch,0.0
4b565aaa-8dfd-4567-a316-0bfd8bdca0dc,030101-20130725122934Ch,0.0
ff87fb13-0104-41b5-a497-1563945fdcca,030101-20130725122934Ch,0.0
0f12069d-ef58-41ee-8b61-43b48261acbd,030101-20130725122934Ch,0.0
596b6254-a021-4735-b188-e93970352629,030101-20130725122934Ch,0.0
ca4085e0-d338-4baa-aa5f-ac162f355fbd,030101-20130725122934Ch,0.0
88dd66e8-8a14-48dd-8241-0c6a4d0c777d,010102-20141027025054Uh,0.0
767935b9-297b-4cde-8ab7-ed9f039e5a2c,010102-20141027025054Uh,0.0
b46fa8ad-d135-4656-b303-5f44d43f3d6f,010102-20141027025054Uh,0.0
a480ecd3-e81f-4376-b9a9-60cd6e6e54b4,010102-20141027025054Uh,0.0
62643dfd-f2c1-4c7f-8ec0-470635ba70e5,010102-20141027025054Uh,0.0
00582689-feb5-4938-a39f-e30de6aee50e,010102-20141027025054Uh,0.0
a2ea9d0a-e493-4286-83f7-7e4ffdd16565,010102-20141027025054Uh,0.0
d2768d6b-e827-4de0-97e4-c6fd89aee646,010101-20141027025054Uh,0.0
b3603bed-4a79-4156-ae7d-f60dd2cdfed5,010101-20141027025054Uh,0.0
a4009461-a3da-4fad-ae41-1a61784c3a24,010101-20141027025054Uh,0.0
5019db77-c378-4587-a77e-01bcf86fc7a6,010101-20141027025054Uh,0.0
fed0a13f-b6d3-463a-99b1-da79e7f3c530,010101-20141027025054Uh,0.0
ccaa5015-c5b2-431f-92df-dbb92ac5554d,010101-20141027025054Uh,0.0
585340a6-a293-48a3-9e77-c3bf92e0dd5b,010101-20141027025054Uh,0.0
2fb70156-7c82-4593-bab0-cc1224560a94,010101-20160714235434Lh,0.0
cb900533-b433-4238-bad9-955474df6fb4,010101-20160714235434Lh,0.0
9d0e394e-ca35-4615-a162-ac735e158119,010101-20160714235434Lh,0.0
bb1a8e0a-8c6a-48f2-88cc-1b1be30d492e,010101-20160714235434Lh,0.0
c05f5ff8-979e-4ec3-8ece-375a70042871,010101-20160714235434Lh,0.0
6c328e51-b7f6-46ed-89e5-d1bf7c5db2b3,010101-20160714235434Lh,0.0
58fc0176-333f-411b-9846-7734a4975856,010101-20160714235434Lh,0.0
2ecaef2e-84aa-4460-8922-b3143bb66b75,010101-20160714235434Lh,0.0
05fd2bc0-0a60-4a47-9da0-44c1331b0d55,010101-20160714235434Lh,0.0
0a6b62e8-4b79-44d5-8cad-b984b71fa5d9,010102-20160714235434Lh,0.0
a233d77d-717e-4795-aac3-4d8a728205bc,010102-20160714235434Lh,0.0
a5e4a972-9da7-4068-afa6-82790a560405,010102-20160714235434Lh,0.0
792adf61-171a-41a5-8430-5c05f1dd4814,010102-20160714235434Lh,0.0
047b0960-2cfd-4421-9170-312d5c3d7031,010102-20160714235434Lh,0.0
5df803ec-d1aa-40a3-a507-098fd9c5a491,010102-20160714235434Lh,0.0
4308f5b8-04f7-47e2-a5ab-53fda1324358,010102-20160714235434Lh,0.0
ea5e47a9-b6ca-41cb-87a5-ece6acb60d06,010102-20160714235434Lh,0.0
d5005289-4b72-4ff0-a050-7ce30c724d0b,010102-20160714235434Lh,0.0
eca88dc9-b228-4562-8dc8-b8f53d67cae2,010102-20160714235434Lh,0.0
b657a7f7-5a3b-4be4-bd16-85b26a66c8ea,020101-20170411013550Uh,0.0
0033ac4e-9782-4a47-ba4e-d32cc4ab6ec1,020101-20170411013550Uh,0.0
0f33843d-b947-4a1b-9ee4-3b74190b4a7e,020101-20170411013550Uh,0.0
0d4d84d6-5667-4ce5-8355-9821ef8f7e5a,010201-20131224192154Bh,0.0
178572e9-95f1-462d-91c4-5aaa2bdb3561,010201-20131224192154Bh,0.0
22e26187-92aa-4b4f-9877-faeccaebb15e,010201-20131224192154Bh,0.0
c13cf396-6e27-4bcc-9dbb-bcdbfd0177e0,010201-20131224192154Bh,0.0
b4358982-ff5b-4294-9b13-7e64aaff3907,010201-20131224192154Bh,0.0
ade94ad3-c3f9-43a8-8c66-f89fd2aeb031,010201-20131224192154Bh,0.0
82c04f94-4400-4bbb-b3fd-80760d8d5993,010201-20131224192154Bh,0.0
82e0f67c-48bb-41e0-9cd4-7358e4ff9123,010201-20131224192154Bh,0.0
ab8e0f3e-3cd3-46ed-95d8-0f063b71fc0b,010201-20131224192154Bh,0.0
b03bab25-3a88-4fa9-ad67-6fa7ee549675,010201-20131224192154Bh,0.0
a308454d-e554-4c2c-a561-353dbba90524,010201-20131224192154Bh,0.0
66804195-b102-43ad-9dd0-3fba5848af62,020403-20180318232230Lh,0.0
87fc42e2-21dc-4bca-bb23-97963ad0ada4,020401-20180318232230Lh,0.0
e96474f6-742c-4e3c-a19e-d2c102dd326b,020401-20180318232230Lh,0.0
19c0dbc4-ed20-4060-bcde-05a0d7d95900,040201-20130306172214Mh,0.0
c8009ef7-dd58-4f0b-9f30-88fe62019af7,040201-20130306172214Mh,0.0
e4f8cf65-dbd7-4813-9860-5312f642c786,040201-20130306172214Mh,0.0
03a2158c-cbd7-4326-92a4-9f2f1d364e24,040201-20130306172214Mh,0.0
2ec539b5-269f-4db4-9726-be6ada4e1fe0,040201-20130306172214Mh,0.0
d775be63-2a13-4486-92da-7ea61d1b54ae,040201-20130306172214Mh,0.0
23fbc392-783c-4a3c-993c-a5652327c514,040201-20130306172214Mh,0.0
7a7c0047-3f53-4a9c-b488-75df940ddb8e,040201-20130306172214Mh,0.0
4befd9b6-c1bb-47f4-974e-eeba596e668c,050302-20130808140054Bh,0.0
f11372cd-e20a-4b60-9299-6a5686ec6d03,050302-20130808140054Bh,0.0
598b9537-3c3e-4790-8fb1-a1ab1774967d,050302-20130808140054Bh,0.0
fda9d3ee-99a1-47ee-9d1f-01b4735c3b05,050302-20130808140054Bh,0.0
1b2cc163-47cb-43ab-b8c6-329edc782d47,050302-20130808140054Bh,0.0
542cba53-3a9a-4f48-aadc-3ab81f7bceb2,050302-20130808140054Bh,0.0
7969a3c9-0638-425b-b952-229ca06f7450,050302-20130808140054Bh,0.0
0be9547b-7467-4967-bcca-478a55f90731,050302-20130808140054Bh,0.0
c563aec4-8e25-487e-9343-93cffc07f08e,050302-20130808140054Bh,0.0
822cd744-303c-467c-9e1c-6677365ff64e,010102-20160703133714Th,0.0
4b786204-d8f9-4564-b9f1-748c11360b3b,010102-20160703133714Th,0.0
b1f4b56f-d9bc-4dc5-abe0-be1921170541,010102-20160703133714Th,0.0
ef426a8e-0b1a-49b6-9991-600f299565b1,010102-20160703133714Th,0.0
c25dae92-35d3-427c-a9f7-41c61769db1a,010102-20160703133714Th,0.0
964d4e8e-2d2c-478b-9533-d7e21158e3c8,010102-20160703133714Th,0.0
45828a98-b3c9-40d1-913a-8dc46e437392,010102-20160703133714Th,0.0
13cbe386-9b97-4a12-a683-ea8aa155c301,010101-20160703133714Th,0.0
22e37261-c887-4c38-9a69-c530e753c6e2,010101-20160703133714Th,0.0
7f19c35e-5aa0-424f-8ae1-d1b2da44cb73,010101-20160703133714Th,0.0
a951b2e3-8aa0-4b5f-b53c-45c0adff7e3f,010101-20160703133714Th,0.0
78314be4-6243-45fd-9271-f3f72ce5c294,010101-20160703133714Th,0.0
63311071-9db6-4aa5-ab19-a678a3dd27a9,010101-20160703133714Th,0.0
9730c564-c016-4937-9d2f-3f29da02f389,010101-20160703133714Th,0.0
db515b52-c884-432d-9c21-27df8068c18a,010101-20160703133714Th,0.0
b88e90b7-5959-40bc-af79-f1e4f87b219f,010103-20160703133714Th,0.0
b07578f1-71fe-4b80-8cbc-a8d1af59862a,010103-20160703133714Th,0.0
30590b28-d265-4766-8f93-249cacd0294e,010103-20160703133714Th,0.0
0792828f-636a-43f3-a409-b105ae7e3b83,010103-20160703133714Th,0.0
378263dd-c9d1-422c-b6d5-2c455038c183,010103-20160703133714Th,0.0
98c3e552-f19c-434e-baa5-3fa1225c8d48,010103-20160703133714Th,0.0
80aa961b-56e2-4e84-9628-1d26a2867bb9,010103-20160703133714Th,0.0
a6f3fba7-70d5-40c4-a747-4dc3da5ca6e8,050302-20190317145150Bh,0.0
546c4173-8643-486e-b819-455dd0643587,010403-20190412025430Lh,0.0
968c38a0-afd8-49f2-af0f-93b06f54c682,010401-20190412025430Lh,0.0
5d472b41-4991-4c26-9679-8b3e0c1794fa,010402-20190412025430Lh,0.0
da0ad2e0-99d1-4718-8650-03ed03298c5e,040102-20160302133734Ch,0.0
48ee0c41-4bbb-4b22-af64-9ab51b3a4299,040102-20160302133734Ch,0.0
938b327a-7a7c-46ac-a433-3e95826c8c48,040102-20160302133734Ch,0.0
bb75bbdf-6993-4c35-ad66-47a7ffacfc09,040102-20160302133734Ch,0.0
8c1391f4-f30a-4fd9-8c38-04b2e2fd36f9,040102-20160302133734Ch,0.0
424bb55f-7ceb-4c0a-8ec0-d63cf79a5b7f,040102-20160302133734Ch,0.0
14f13cb9-702c-4de6-a233-cf7f98c9c0ec,040102-20160302133734Ch,0.0
d1e26c79-8f59-417f-8430-cc0321d108bb,010202-20170719235330Lh,0.0
09a926c8-e6c9-42f3-9bcd-52def254008b,010202-20170719235330Lh,0.0
fc7a95ae-c243-4847-9743-6ae4b3802d51,010202-20170719235330Lh,0.0
ed899907-beff-4abe-b9eb-c467557f78e3,010202-20170719235330Lh,0.0
4bd2f081-583c-4cc9-b33f-d584c63c54a9,010202-20170719235330Lh,0.0
f8481535-6b9a-4a93-97b7-dccc39d4b640,010102-20171027223030Lh,0.0
86244a7c-80d7-4af3-b617-56ab23f61bd9,010102-20171027223030Lh,0.0
98b1820c-cf91-4d27-9d23-831d82fd7aff,010102-20171027223030Lh,0.0
cf40c0bb-412f-4a91-b299-a2e97b12f38c,010102-20171027223030Lh,0.0
e88a6701-1650-4164-8fd2-8d3b5805ffe7,010102-20171027223030Lh,0.0
a8f7cc5b-e46b-489a-a818-0619c501d928,010102-20171027223030Lh,0.0
2add990a-3ca7-441d-af8f-565539115a98,010102-20171027223030Lh,0.0
36984285-c36a-4ff7-9396-2bbc38211633,010102-20171027223030Lh,0.0
8cf63c0c-d012-43b8-8bb0-65858f12969d,010102-20171027223030Lh,0.0
00001950-66d7-4923-9e53-abcf09398704,010101-20171027223030Lh,0.0
34278148-adc3-41c2-997d-b78a5f70f552,010101-20171027223030Lh,0.0
bb4b1046-2ff0-4057-bb1a-ff35a00f9ed0,010101-20171027223030Lh,0.0
fc52b1d4-094a-4174-a75c-cb5fe71d437a,010101-20171027223030Lh,0.0
26cc0544-cf8b-4a1e-bee0-45271bdb3f96,010101-20171027223030Lh,0.0
4ce54889-3c09-41ac-aa62-702d28f6920d,010101-20171027223030Lh,0.0
0534e229-296f-4ec6-86d4-7f7085e1806a,010101-20171027223030Lh,0.0
96636dcc-8d2b-4467-932a-42a279a32ce3,010101-20171027223030Lh,0.0
a268e237-0cc5-46ab-b1fd-3824129779a8,010101-20171027223030Lh,0.0
5e6f15cb-2108-4dc7-8b2c-f19b539a5b86,030101-20151013144654Bh,0.0
228d423b-3af4-4b6f-a3bd-ae2f74910329,030101-20151013144654Bh,0.0
517fd7b4-ca71-400a-af32-2fec4ec4f67b,030101-20151013144654Bh,0.0
52d14df4-9d7b-454e-88e7-2cb817fadf30,030101-20151013144654Bh,0.0
f4e72d0b-7352-46d5-ba79-6a8e6e1a4d3e,030101-20151013144654Bh,0.0
94441113-624f-4f22-87c4-583c5d6250e0,030101-20151013144654Bh,0.0
0fdd11b1-012f-4389-af48-3db26802e47a,030101-20151013144654Bh,0.0
238a944f-d2d6-459e-b337-5b801c507cb3,030101-20151013144654Bh,0.0
310787bd-ecd6-4281-9c30-d04eacbd0bf7,030101-20151013144654Bh,0.0
739c05c2-9d56-4fe4-a7fa-2719de51fe98,010403-20131007075314Th,0.0
c2412ed4-c9f7-466a-8ba2-387e1ca358b9,010403-20131007075314Th,0.0
fe629726-2ef6-4fd2-9418-4ad94d687d4c,010403-20131007075314Th,0.0
5d91f3c2-6b58-4a87-8d30-475907257b6d,010403-20131007075314Th,0.0
316e3741-72a1-4acc-8417-416fd4bf6f89,010403-20131007075314Th,0.0
cc53e4d0-0547-453f-a627-facd5b8bb365,010403-20131007075314Th,0.0
fb826fdf-e5db-4ea3-a24c-63ba9a23a047,010403-20131007075314Th,0.0
d5db3d80-70d7-45fd-ae8e-09786be52689,010402-20131007075314Th,0.0
2c4462dd-0f4f-49b0-b9e8-12a41080a15d,010402-20131007075314Th,0.0
28d4af5d-7f14-4232-b156-372599029dcd,010402-20131007075314Th,0.0
9180a7fd-dc69-4b37-b98c-8cba111284a6,010402-20131007075314Th,0.0
a8c2094a-369f-4b46-8e06-53e29cc40cf9,010402-20131007075314Th,0.0
b86baecb-04c6-452f-be38-b30f181cca5d,010402-20131007075314Th,0.0
3987f460-9e4d-49da-91cc-e21bfed0bcb1,010402-20131007075314Th,0.0
958d42b7-97c2-4f65-b7fe-a078f105b43e,010402-20131007075314Th,0.0
1f9afa87-d97b-4798-9c47-c5bfe96326c0,010402-20131007075314Th,0.0
a51c3a24-f3e2-4265-8e72-8008c2966293,010402-20131007075314Th,0.0
49cb613f-0fa2-4baf-bc8d-2c288afd7282,010401-20131007075314Th,0.0
dbbbf1cb-8316-448b-ac7b-31e4707bcc31,010401-20131007075314Th,0.0
0a2630cf-f532-4d1b-a48a-b98bd420cdb5,010401-20131007075314Th,0.0
d2509e0a-cbca-4952-8ebc-293bb9921e30,010401-20131007075314Th,0.0
e3c04c07-8b24-4050-83c1-840983f134e5,010401-20131007075314Th,0.0
d0039d44-5c2e-42b5-82db-df98cf74dab0,010401-20131007075314Th,0.0
722fcf12-13c8-412e-9130-7bd32879a0ca,010401-20131007075314Th,0.0
7afc8c33-67b8-4641-a983-44d5c1b2fbcc,020401-20170425133730Ch,0.0
3f07538b-4609-4115-9eb9-816008691288,020401-20170425133730Ch,0.0
930a82d4-3ac2-43bf-8692-b41d45c6a33e,020401-20170425133730Ch,0.0
0074683e-3f67-49cd-9425-1a837f928eea,020403-20170425133730Ch,0.0
d44f9bf0-fae8-4518-b313-3a3d33ae8eb1,020403-20170425133730Ch,0.0
7d144333-0558-40da-99f5-cf49d531d386,030302-20110603163414Mh,0.0
5ce6d02d-eda4-4964-b721-0fe157b12f3d,030302-20110603163414Mh,0.0
d86139f9-45cd-400b-9c53-5db586583dec,030302-20110603163414Mh,0.0
16d95191-49b3-49a0-9b4a-b46d6a206c59,030302-20110603163414Mh,0.0
299e84b0-9237-4468-88b5-14a021d6cd50,030302-20110603163414Mh,0.0
c65a2d4f-7843-4514-803f-0d4da925f569,030302-20110603163414Mh,0.0
e97d61b0-8f4e-45e8-9375-a9c2cb693695,030302-20110603163414Mh,0.0
9331be0d-653e-4f85-acb9-14f654615563,030302-20110603163414Mh,0.0
0955a34e-bdee-4f44-ab2c-53008d627f9e,030101-20160411134234Ch,0.0
9c9d732b-babc-4e3c-98ba-b9277b4ed438,030101-20160411134234Ch,0.0
0f121be1-f7a3-4d45-bcae-d6c9acbf3b0b,030101-20160411134234Ch,0.0
960c4a41-ba19-4dd8-ae4a-b0cc13774d0d,030101-20160411134234Ch,0.0
2d6ace09-a887-4036-bb85-97fbb130786c,030101-20160411134234Ch,0.0
94c096df-f6ca-452c-9fee-b122a3084884,030101-20160411134234Ch,0.0
b333f282-a77f-46d2-91f2-310ae4d6199b,030101-20160411134234Ch,0.0
371f8706-7b2d-43eb-bcee-b8b71893804c,030101-20160411134234Ch,0.0
fbd81c87-521d-40b5-ba12-244b8ee6b836,030101-20160411134234Ch,0.0
917e603e-01f6-4b2c-b53f-acedce093535,030101-20160411134234Ch,0.0
450c517f-bd98-4987-af06-7819688e272e,030101-20160411134234Ch,0.0
007dd6b1-6062-490d-8c5f-00ba4f77776d,030101-20160411134234Ch,0.0
389d1f51-d502-4595-8fab-0d78af7f53d4,030101-20160411134234Ch,0.0
2338ff4f-33a7-4b96-be4c-31ecfb2b322d,030101-20160411134234Ch,0.0
9aa7e805-1f74-48ed-8fba-a2bde796884b,030101-20160411134234Ch,0.0
18d88b2f-58d8-4134-ab96-99c7f17d075b,020403-20110510063134Lh,0.0
0079fb70-0d5d-48f4-8786-7087dd295894,020403-20110510063134Lh,0.0
c26ad342-6343-455f-bb4b-e7ccb56c9dc9,020403-20110510063134Lh,0.0
a06eebb0-f9d8-4fd3-b3bc-483bfa3e13fa,020403-20110510063134Lh,0.0
eb6b7890-9834-42c6-bf21-c4eb71a07075,020403-20110510063134Lh,0.0
1ba0e189-1538-4d6a-9c30-d44dd0375296,020403-20110510063134Lh,0.0
79864a7b-d51f-4fac-909f-3376ae774dbb,020403-20110510063134Lh,0.0
5668c17e-6225-46fc-b304-8aa5594a94de,020403-20110510063134Lh,0.0
d4a22e53-851d-4152-8aa3-1076f20943af,020401-20110510063134Lh,0.0
2a781b05-cd53-47ac-9328-5e3f8daca3aa,020401-20110510063134Lh,0.1792000000000371
ba9126fc-ced4-4d51-8481-55e427cd86a3,020401-20110510063134Lh,0.0
9f509ba6-760d-49e6-bd3e-77d34886613a,020401-20110510063134Lh,1.8840000000000146
67f83a22-4b2d-4051-b48e-1b044a8e881e,020401-20110510063134Lh,0.0
9adf9dfb-a0c8-434d-b9a8-f96d3a42bb90,020401-20110510063134Lh,0.0
113e5892-45f9-429a-b9e0-f0de37a92eff,020401-20110510063134Lh,0.0
cfa36035-e0bf-4761-8878-ca49aca6c394,010202-20140428233234Lh,0.0
92488060-9357-4fa3-92c4-7a9643ef1e41,010202-20140428233234Lh,0.0
44e6c2fe-802a-484f-b5ce-504a81d5cb85,010202-20140428233234Lh,0.0
28d1bac3-12ac-4231-b62a-59cdddd0930b,010202-20140428233234Lh,0.0
75bdd3d5-b6a0-474b-b70c-e9ccb8eaaf49,060102-20150207084414Th,0.0
8648815d-7dc5-4e6d-b1af-eb0b3880312b,060102-20150207084414Th,0.0
9692cd83-b06b-4481-a8b3-5ca791926a10,060102-20150207084414Th,0.0
8cba4cbf-d2b5-4ab9-bd68-10fc5bfe150d,060102-20150207084414Th,0.0
e334ff9a-9165-4256-83ef-1e28d188ec68,060102-20150207084414Th,0.0
971838fd-7fc8-4223-8b9d-4ee9d9f026c8,060102-20150207084414Th,0.0
90954e66-1eca-4b28-9033-8a0d7f5034e8,060102-20150207084414Th,0.0
3b54c458-2dde-404f-80b6-219ead3abcfb,040401-20151107133734Ch,0.0
cbae4d6f-9830-412e-8c77-ba711df2e211,040401-20151107133734Ch,0.0
8793f6fd-6bbe-4d94-9e6c-03416d471612,040401-20151107133734Ch,0.0
8c7fe5c5-8e67-4bca-8ae4-9920dd8af832,040401-20151107133734Ch,0.0
c69ae8ae-dd1d-4c9a-b36e-223436e6bd5d,040401-20220618185332Bh,0.0
421c3c67-fad0-4e8d-a2e0-9cb76eb1428a,040401-20220618185332Bh,0.0
3592c133-9da8-4366-8807-5ad462fe8e96,040401-20220618185332Bh,0.0
992b43c3-0d1d-4764-b905-fd39fc4d94fd,040401-20220618185332Bh,0.0
119402da-08e1-499f-939c-7b4de979921c,040401-20220618185332Bh,0.0
9e23b211-c549-48b8-94b3-76d0862e6e39,040401-20220618185332Bh,0.0
1713fdda-45cd-4532-a2a8-040922210e39,040401-20220618185332Bh,0.0
22643354-14e5-48e5-8e7d-49b4cc807a37,040401-20220618185332Bh,0.0
7e5cb79a-2f1d-44b2-aa61-119b17bada42,040401-20220618185332Bh,0.0
a2553fcb-5591-4e0d-a1e9-e50ad6b012fb,040401-20220618185332Bh,0.0
8268f904-53a7-4246-a8c1-b19f5e62d319,040401-20220618185332Bh,0.0
6f8c17aa-69d5-4756-943e-b85d654eb011,040401-20220618185332Bh,0.0
4b9c9a15-3b63-45c6-99dc-5d7bed3d31ce,040401-20220618185332Bh,0.0
67c5c3b7-4a75-4120-bfe2-ee22d691945b,040401-20220618185332Bh,0.0
39fa8f66-39ce-44c3-9e3c-e67d2786827a,040102-20141007224934Lh,0.0
a5b54975-5eff-4dac-90ee-95ee738cac1a,040102-20141007224934Lh,0.0
7ed0eb79-2670-448f-94a7-e5f003ee1aec,040102-20141007224934Lh,0.0
d8edd134-7c13-4113-93de-1acf49aa9c51,040102-20141007224934Lh,0.0
1dd96f4e-2c28-4cc2-8743-77f08621fa0e,040102-20141007224934Lh,0.0
346b00f6-76cc-4ac9-a190-4d3fd82b0a89,040102-20141007224934Lh,0.0
5d6f70a5-9674-4958-95bc-b8d9fb669f59,040102-20141007224934Lh,0.0
94d067a0-afab-4db5-bd31-fe38fa3a0a19,040102-20141007224934Lh,0.0
bbb1d763-1a48-4b93-bad5-ed493716801e,040102-20141007224934Lh,0.0
434075f5-4581-476a-8e92-fef1892ebc30,040102-20141007224934Lh,0.0
e10a129c-e37b-4d9a-95a6-1091fa196494,040102-20141007224934Lh,0.0
f87adb51-3694-4910-9bbc-a5694114ca3d,040102-20141007224934Lh,0.0
d8bf2845-15d0-46d6-8a44-d4fbd1e3124f,040102-20141007224934Lh,0.0
4345d1f0-6b30-4d57-861d-4832b3e49b0c,040102-20141007224934Lh,0.0
b4d77792-dede-4468-b225-8aa3a56cad6f,040102-20141007224934Lh,0.0
8a65482f-7110-490f-a76c-228b8d13f903,040401-20211119103130Ch,0.0
ce7ac16b-155b-4d3d-a649-1f08509c9cc9,040401-20211119103130Ch,0.0
a9e506a4-08c6-49ac-b564-de5f4bc510d7,040401-20211119103130Ch,0.0
858b69bb-eda7-4664-92ea-c388a66e77c5,040401-20211119103130Ch,0.0
6541d803-e94f-428b-b905-0287ee52e822,040401-20211119103130Ch,0.0
9f7a394a-ea92-41e9-87df-524b8bce5413,040301-20180109223930Lh,0.0
d6b0d7b6-f692-425f-bf86-330264bc5cbb,040301-20180109223930Lh,0.0
f9bee00b-daee-455f-8040-e173da0fb094,040301-20180109223930Lh,0.0
ab18f2ef-dd31-4706-ad8d-7f2e580a10f1,040301-20180109223930Lh,0.0
fa1800bd-7fbf-4af3-ad42-03436bded667,010101-20130425135954Bh,0.0
d24d4cef-a739-4233-8b8e-b85fd5f94477,010101-20130425135954Bh,0.0
a21c2e29-b250-484e-9474-aaa91a16c845,010101-20130425135954Bh,0.0
d4713b92-adb6-471a-9959-6d6fea10f9cc,010101-20130425135954Bh,0.0
a1a0e6b3-bfc7-4e6b-a5ff-38912c79d002,010101-20130425135954Bh,0.0
bb7d20c3-eb03-40fb-9253-a1fd29d713bf,010101-20130425135954Bh,0.0
a6ce877e-dea7-4f92-b6bb-06ff4b9a5270,010101-20130425135954Bh,0.0
88d6f589-f8eb-4934-a375-d08b3b26ab25,010101-20130425135954Bh,0.0
b7d7ae1f-92b6-4f42-8e19-32a16f51b244,010101-20130425135954Bh,0.0
894c88d0-76d2-4d6f-9ca6-cc3176eea0b0,010101-20130425135954Bh,0.0
5b6753b1-ae48-4e8a-97e0-e928e4baaff1,010101-20130425135954Bh,0.0
ca6edfe9-df79-4085-b481-41d0466198b3,010102-20130425135954Bh,0.0
b0a38a7d-1d6a-4549-83c0-7f1a6cafb012,010102-20130425135954Bh,0.0
fadeeceb-164b-40f7-9caf-e334fc261921,010102-20130425135954Bh,0.0
9033e5eb-0d15-4158-a981-67eee4338e70,010102-20130425135954Bh,0.0
9ee077e2-dc1e-4d3a-a7ec-fe1438d31b98,010102-20130425135954Bh,0.0
0ce0083d-2a2f-4e5e-be88-8dc5ea8e55c2,010102-20130425135954Bh,0.0
e2c561c4-b7c9-4e3d-a4cd-260d320a5721,010102-20130425135954Bh,0.0
5ecdd252-ec01-49c6-9f13-b17918f0905c,020401-20120223063154Uh,0.0
09b63368-66c7-4ae2-a3f4-407dd489bd78,020401-20120223063154Uh,0.0
916ac806-39f2-44a5-b459-f0fa4bbddb7f,020401-20120223063154Uh,0.0
2130814b-36a1-42f7-a5f1-301dfe9139d2,020401-20120223063154Uh,0.0
9e93fb8d-381e-4b95-ad7d-48f8051f314c,020401-20120223063154Uh,0.0
6634d4a9-959f-444c-8416-102c767addbf,020401-20120223063154Uh,6.430900000000065
cdae0088-a76a-4d2c-9a21-a7cbfb9f3be7,020401-20120223063154Uh,0.0
fc47d938-6746-494c-ab20-918027c50acc,020401-20120223063154Uh,0.0
8585c132-b85e-43b7-aac7-d968e818fc1f,020403-20120223063154Uh,0.0
82d98a15-cd3a-45e2-95a9-371d77324f52,020403-20120223063154Uh,0.0
4b204696-9d56-41aa-b0e6-851a84f7b93e,020403-20120223063154Uh,0.0
5719934f-afe0-4050-bd48-89fedf208b31,020403-20120223063154Uh,0.0
844d4318-d084-4a90-8a7f-70fea1039f6d,020403-20120223063154Uh,0.0
2558abe8-38dd-40d3-9682-b5460f64a085,020403-20120223063154Uh,0.0
66c0da44-e645-4507-9f2e-253f24f2b8d3,020403-20120223063154Uh,0.0
453c34ab-9315-428d-bb86-e37219586fa3,030101-20210103223630Lh,0.0
9d10af95-3cdc-42b7-bbdf-2a9925929341,030101-20210103223630Lh,0.0
1ac9fe4c-4253-4ed6-9cd1-759e0995d79c,030101-20210103223630Lh,0.0
e41f5682-f643-43c1-8b03-18e052d0f74a,030101-20210103223630Lh,0.0
fffbb189-b5e4-4c75-aa60-26bc944e9f38,030101-20210103223630Lh,0.0
9a881c39-1800-4f18-8947-b327b891e10c,030101-20210103223630Lh,0.0
a4d0ef01-6007-4f7a-9228-e6ed30c08a7c,040301-20130109130334Ch,0.0
89c64e0c-f473-4768-9000-abf1c212b950,040301-20130109130334Ch,0.0
1e1d83ab-e481-4a0d-b8e8-33d36f411671,040301-20130109130334Ch,0.0
1ca91621-2363-41e3-96b4-953c3ef0f5be,040301-20130109130334Ch,0.0
1e66997f-7a9b-4860-ae43-cbac9e5168d3,040301-20130109130334Ch,0.0
01b88259-5b52-4a02-b3a0-6797115cc09d,040301-20130109130334Ch,0.0
ec8410fc-c1b1-42a5-9448-5a14cc600f3c,040301-20130109130334Ch,0.0
9430bdc6-cbd4-46a6-b994-d060547ded19,040301-20130304170614Mh,0.0
a9efc65c-e9bc-492c-a299-fbb3ffa95b07,040301-20130304170614Mh,0.0
e9c622c0-98ff-4aba-bc87-03abe5d607e5,040301-20130304170614Mh,0.0
57086f53-3ed3-46a6-b0cd-fafce287644c,040301-20130304170614Mh,0.0
dc9ec286-6ce2-4c0f-87ff-71cd164b3a02,040301-20130304170614Mh,0.0
a6fb3387-814d-4ac5-aa62-24b5a6d4e393,040301-20130304170614Mh,0.0
304283a8-eb14-4273-a772-c478eec883f2,040301-20130304170614Mh,0.0
319eec94-5f71-4e91-bd24-c9ea4bfa4fb9,010301-20160315133714Th,0.0
d6b0f705-abcf-4596-8629-119a71f2b468,010301-20160315133714Th,0.0
c8fda378-92d0-4192-b4f7-9e988586dac3,010301-20160315133714Th,0.0
ffb80394-f4b5-4a57-88a7-7fc6e1e0d9c3,010301-20160315133714Th,0.5222999999999729
b92b1b18-8192-4274-a898-7884b676535b,010302-20160315133714Th,0.0
8643e1ef-7f6e-48a4-a17d-0d5288e600e7,010302-20160315133714Th,0.0
d2fb5012-c420-4adb-95ac-516bbde3c71b,010302-20160315133714Th,0.0
9f16167d-a57c-4769-b05d-7de878c3b402,010302-20160315133714Th,0.0
23688446-3734-4c89-9480-c4b025e6489a,030302-20150625082014Th,0.0
26ad887f-2140-424a-a654-ad488ca65730,030302-20150625082014Th,0.0
c8d949c4-2014-44d1-833a-c15aa2cf5274,030302-20150625082014Th,0.0
1ae43916-828a-4d12-a35c-785397acdb33,010402-20120424072414Th,0.0
e8fc8f60-93a4-4786-85b6-97a8f04659dd,010402-20120424072414Th,0.0
2284f611-04d9-4994-9b7f-ebbbeceee9fd,010402-20120424072414Th,0.0
b4643f98-68f5-4d28-af4c-44154113158e,010402-20120424072414Th,0.0
a07944b1-3b74-4ff7-a955-b20229d2559b,010402-20120424072414Th,0.0
d95cc96f-cd4c-4a8f-b825-52513b385972,010402-20120424072414Th,0.0
d0d709b8-7f11-4e59-b174-d9d79037f247,010402-20120424072414Th,0.0
bb09fd9e-21ff-48dd-8e90-06184f822387,010402-20120424072414Th,0.0
54091b35-6886-4275-bd1c-f0b6feecc440,010402-20120424072414Th,0.0
ca3b6eec-3b5d-4699-8185-b02b2e924908,010402-20120424072414Th,0.0
5117223a-ce4a-4dbe-861a-b0c6402c8c3b,010401-20120424072414Th,0.0
f23efc03-8b8c-4877-9583-1051440d669d,010401-20120424072414Th,0.0
5a5c10fb-48ba-4e0c-83d8-067057bb7938,010401-20120424072414Th,0.0
341547dc-6e08-49bf-a380-2c90eb28ebd7,010401-20120424072414Th,0.0
6a68502c-f599-4a60-93e4-bfd77618ce43,010403-20120424072414Th,0.0
9985b9f1-c432-465f-8301-286e6cc9f0bf,010403-20120424072414Th,0.0
d4fe88c3-0a9d-4969-bae4-acdeec3e21d4,010403-20120424072414Th,0.0
969fb632-2a14-468b-9516-653c6f34bddd,010403-20120424072414Th,0.0
01a7e552-a163-446f-b24a-3d461e6d2a20,010403-20120424072414Th,0.0
c4ae43fc-d54c-4ece-9d2c-dbf7494ed79d,010403-20120424072414Th,0.0
99c76ca6-c04d-4693-a150-0a3161885666,010401-20160213153054Bh,0.0
6f304c16-3f6f-4ed3-bf1d-e953c2a7daae,010401-20160213153054Bh,0.0
7bd5b40d-c15b-4cba-b4d6-64013559faf5,010401-20160213153054Bh,0.0
01f939d5-9510-4f5b-9ef5-05db743e1722,010401-20160213153054Bh,0.0
d9e76214-99d7-4ce6-aab1-2e112a1047e2,010401-20160213153054Bh,0.0
c38206d8-de1a-44b9-8ebf-21604707a058,010401-20160213153054Bh,0.0
174f1c6c-c0aa-4be7-893f-7d9ac015298c,010403-20160213153054Bh,0.0
b1aacbeb-06f0-4915-93a3-ac3baa0a1af6,010403-20160213153054Bh,0.0
9bcb4382-b52e-424b-945a-6e03c803bce3,010403-20160213153054Bh,0.0
e35ffc06-5c48-424f-9acb-4e218950d58c,010403-20160213153054Bh,0.0
d850ec44-9f7a-4bb5-ba7d-cb6c26714ad2,010402-20160213153054Bh,0.0
7109f803-8e9f-4938-8e1d-9e27f49b635a,010402-20160213153054Bh,0.0
9fcd7eee-fe7c-45cd-802f-6a0c006f2953,010402-20160213153054Bh,0.0
a4b0793c-2ecc-4411-9919-20a005a37bd0,010402-20160213153054Bh,0.0
16b44992-9083-4341-9f43-cc363b47f7e2,010402-20160213153054Bh,0.0
c7716d2f-4c22-4adf-9499-78e3f8a4cbc5,010402-20160213153054Bh,0.0
51ef2e89-a4c7-421e-bf77-919aab938d27,010402-20160213153054Bh,0.0
6f9b6771-bb1f-48d2-8be3-e8c51a1784bb,010402-20160213153054Bh,0.0
e5e6b95a-c41d-47fd-a4e7-b709e41d573d,010403-20140216230134Lh,0.0
17201442-7e30-4628-b8c4-89c1ec5092fe,010403-20140216230134Lh,0.0
4cd7e1f4-873f-4b2e-b4d9-89a857753729,010403-20140216230134Lh,0.0
39c77852-da6b-479f-b2f3-d89255925af4,010403-20140216230134Lh,0.0
cf8ac4d7-20d8-4e02-8757-52e45c1bbe9d,010403-20140216230134Lh,0.0
6a567c8f-2ad9-4904-93b5-086b58565165,010403-20140216230134Lh,0.0
6de7038c-9698-4b67-892c-0933bd8ddbae,010403-20140216230134Lh,0.0
1f400213-2736-4521-ab9d-b215c3edf08a,010403-20140216230134Lh,0.0
a8052d90-85e2-432b-886d-55bbeb386d20,010403-20140216230134Lh,0.0
bd87009f-aa0b-4ad1-850c-5d56e9086838,010402-20140216230134Lh,0.0
743e3745-6f8e-4bd3-a8ec-f5cdff600881,010402-20140216230134Lh,0.0
28c7a17b-5589-498a-8c51-16e373fc0427,010402-20140216230134Lh,0.0
5db2d67e-9a90-41ee-9e10-05906f16429a,010402-20140216230134Lh,0.0
a42cdaa7-b1ea-46b0-83ad-4cc07f422c79,010402-20140216230134Lh,0.0
a4cf2e89-cccd-42a7-a71d-0f521d22c341,010402-20140216230134Lh,0.0
4d8bd56a-3360-4ddf-84c8-8f558486279d,010402-20140216230134Lh,0.0
bc929ebf-331a-4d93-957b-87757887744e,010402-20140216230134Lh,0.0
baa2f234-53df-4e75-9ae2-3acfad696df1,010402-20140216230134Lh,0.0
149c55a4-cc45-4083-a913-14b19cba2708,010402-20140216230134Lh,0.0
bfe717de-8b20-44f8-85fe-5a425b30d954,010402-20140216230134Lh,0.0
ec311e1a-9a4f-452a-afa7-d796941c5e69,010402-20140216230134Lh,0.0
df3d0fe5-f244-4aec-aed3-89a61dd03da1,010402-20140216230134Lh,0.0
8dbf20c5-3810-4b0d-8c1f-578a0ac21b2b,010402-20140216230134Lh,0.0
69d02783-a33b-4575-82f9-20d585f8e7c4,010401-20140216230134Lh,0.0
86725943-b9c3-4301-8a0b-2cfb1a982ebd,010401-20140216230134Lh,0.0
1a798e8b-b999-4cec-b8f8-7e19fb4cf4b3,010401-20140216230134Lh,0.0
83511866-605f-4143-821e-09ff0a515bfa,010401-20140216230134Lh,0.0
2b4aa186-9899-4ea8-9018-731619782d28,010401-20140216230134Lh,1.021099999999933
066bb9c0-e3ee-4f49-b6b1-f5d511484fc1,010401-20140216230134Lh,0.0
47d05e7e-50a2-46fd-89e3-f10c2157bc59,010401-20140216230134Lh,0.0
ff7c0a7c-6361-48fc-9efe-c1b9777e5e65,010401-20140216230134Lh,0.0
1181a5c9-7d9d-4c62-91a3-8dc26e784f76,010401-20140216230134Lh,0.0
ffb525e8-2f31-4df1-8ba7-0375180af785,010401-20140216230134Lh,0.0
e4a3cc9c-41e3-4971-8394-1112e372f28b,010401-20140216230134Lh,0.0
561d639c-7603-4c37-bf3c-ff0340a8f194,010401-20140216230134Lh,0.0
746d5a79-e70c-45ab-bfe0-2d1a456ae54d,010401-20140216230134Lh,0.0
a4076fc7-98fb-459b-89b9-8549a152be58,010401-20140216230134Lh,0.0
710fc9b5-d399-4a26-ad68-9d35407ad768,010401-20140216230134Lh,0.0
94c10a76-02c9-4cbd-9c42-e47806a8406d,010401-20140216230134Lh,1.6643999999998869
863591d5-ced3-4b91-a8e6-3f488746acab,010201-20150819082014Th,0.0
2a1f76e2-44a3-4ce8-9a28-b88bd5ec3f9e,010201-20150819082014Th,0.0
f6949220-cf9c-4ea6-b635-b6254319413c,010201-20150819082014Th,0.0
bf9a6c09-404b-4607-ba4f-7ece5ed4be2a,010201-20150819082014Th,0.0
0e926f91-4735-4200-9183-ad3be5cf842d,010201-20150819082014Th,0.0
fbef2889-2d35-487b-b114-06694656e54b,010201-20150819082014Th,0.0
c2be932e-7319-408a-9dd1-ca15c126ab4c,010203-20150819082014Th,0.0
5fddd234-b514-431a-a59d-3a9f7975c581,010202-20150819082014Th,0.0
a00183d6-d0f7-4994-ac3b-c73ef8d0ed4f,030101-20150615133554Bh,0.0
3fb041ca-58b6-48ee-bc29-70060039a85b,030101-20150615133554Bh,0.0
087a7680-2c3f-4ea0-aaf0-576ce754d541,030101-20150615133554Bh,0.03590000000008331
1ce2d1f7-8602-409d-8354-dc5326aba91b,030101-20150615133554Bh,0.0
e869fd90-b334-49f4-bf2a-bdd952b57b37,030101-20150615133554Bh,0.0
c750d202-ad04-4c02-acd8-92d561c297f3,030101-20150615133554Bh,0.0
442c8be9-1111-4d8e-872a-fecd88d446cb,030101-20150615133554Bh,0.0
313a0289-e734-4d70-ad25-b369ce8eab27,030101-20150615133554Bh,0.0
54a96d9d-fa3a-4dfc-8916-fe26b6a97ac1,030101-20150615133554Bh,0.0
ba638003-3b42-4458-a243-1ab9ce58a2e4,030101-20150615133554Bh,0.0
ff9d16f7-4a68-4f70-a090-e5a9e5222ee4,030101-20150615133554Bh,0.0
15a6b3d4-62da-47f1-8e5f-727a39493a69,030101-20150615133554Bh,0.0
f37dfe30-c234-4e9e-b39c-ec74d452ef84,010102-20120427063154Uh,0.0
ea90fc41-85c9-4bd5-b24a-eb745e50b9de,010102-20120427063154Uh,0.0
2309b8f3-ea38-4a0e-931c-a657433c391a,010102-20120427063154Uh,0.0
4fb5d738-fd2c-47a1-a219-baf795391203,010102-20120427063154Uh,0.0
7bcd5d16-c100-4c8e-ba79-96e8d38c8c01,010102-20120427063154Uh,0.0
426f43f5-61e5-45a9-8ec6-74a053c2f3cf,010102-20120427063154Uh,0.0
bf2c2791-cb7b-4981-96fe-a07dbc945935,010101-20120427063154Uh,0.0
479b771d-6379-4fb5-9c66-525f4b829f71,010101-20120427063154Uh,0.0
36648b88-fff1-4dce-a458-64b49b523648,010101-20120427063154Uh,0.0
f82761ae-1e87-4522-aa21-03952d611134,010101-20120427063154Uh,0.0
3a653c20-48af-460b-965e-9f2cc0920618,010101-20120427063154Uh,0.0
5fcceb47-5405-459d-a629-0b9f8f12a0a9,010101-20120427063154Uh,0.0
8d61ef08-0d0f-4970-b371-d974373ed5a1,010101-20120427063154Uh,0.0
2adbd407-cd7d-4aff-94a3-b2e85d1ba1c1,010101-20120427063154Uh,0.0
48c458f6-c6c1-400a-ae76-c15b43a9c7fd,010101-20120427063154Uh,0.0
cf87add2-9fa1-40f4-b9b4-f5f30bd69187,010101-20120427063154Uh,0.0
c42e331c-bbf7-4d59-9bf7-4eb99119a08f,010203-20170327143550Bh,0.0
4cca720a-1ae1-4885-9bc8-74fc117f9b82,010203-20170327143550Bh,0.0
b3bb38a5-318b-4048-a704-7b2ee433711a,010203-20170327143550Bh,0.0
ed0878ed-645a-4603-b2b0-0fe384926232,010203-20170327143550Bh,0.0
b212cede-2342-4d21-bdf1-12f3d003090d,010203-20170327143550Bh,0.0
d9cdba13-2597-4b2a-ac7a-c48bd093d4b4,010202-20170327143550Bh,0.0
9e4555f7-fcc2-4a3e-b576-217a8a7a23ac,010202-20170327143550Bh,0.0
c9ee676a-4c10-41a4-91f3-c32481255723,010202-20170327143550Bh,0.0
f211bd14-4d5b-4435-8788-622d8725c062,010101-20170107133714Th,0.0
93515682-3642-4705-a787-3e85c9604a5b,020101-20150630083214Th,0.0
c5405d52-1ea8-490f-9b76-12b403e822f7,020101-20150630083214Th,0.0
1aa4d221-40a4-4930-b5cc-05609d5e6556,020101-20150630083214Th,0.0
6ae4c7f8-24fb-40c9-b182-68eb1dc4965d,020101-20150630083214Th,0.0
3d22c59b-14f0-4fc7-8270-b23d22f10bb3,020101-20150630083214Th,0.0
5ee8eaa7-d4b6-4b8c-a2a3-78797dea956e,020101-20150630083214Th,0.0
712674ae-3826-448b-ae89-ab3b3971733d,020101-20150630083214Th,0.0
1cd1f8a9-581f-4b22-9d29-901bf35f744e,050102-20141214201834Ch,0.0
ce21a3fc-de85-44af-9601-4314f229bb69,050102-20141214201834Ch,0.0
8ae3311e-0df4-45b5-858e-a5f327a788d7,050102-20141214201834Ch,0.0
c0c9ba70-ba32-41c7-960c-e8e6f778ffc1,050102-20141214201834Ch,0.0
577b165d-c269-4e79-a082-cf769656857b,050102-20141214201834Ch,0.0
f94fa27e-50b2-491e-aebb-dc720b06e801,050102-20141214201834Ch,0.0
c6036518-a83c-40d6-8514-32cffad489c8,050102-20141214201834Ch,0.0
0bc2d670-cd2b-45bb-9496-69ce86b4d8e8,050102-20141214201834Ch,0.0
33f9c95f-e072-4764-a4d0-1a2a25245df7,050102-20141214201834Ch,0.0
511456c4-a204-4a76-a072-b24d61ae8124,050102-20141214201834Ch,0.0
9de3bd05-b7f8-49de-8a8c-b39e5fda13ac,050102-20141214201834Ch,0.0
35756cf6-1591-4029-bfd3-29949635ed71,050101-20141214201834Ch,0.0
4a828194-b683-4c21-ba7b-4c9707994ea0,050101-20141214201834Ch,0.0
00698a41-c7f1-413e-9ec1-25e2267fb0b6,050101-20141214201834Ch,0.0
5985f41a-bc82-42af-9446-7d7bbcb153c2,050101-20141214201834Ch,0.0
bf1d152e-1cb0-4768-83fe-cc206bab824e,050101-20141214201834Ch,0.0
5d1bbada-2d09-4048-b29b-c40e021bdb84,050101-20141214201834Ch,0.0
14a2ecf3-c95a-4d6a-95f6-656e19e05d2e,050101-20141214201834Ch,0.0
092046ca-4d55-4f2f-bcd4-e2d39c33c802,050101-20141214201834Ch,0.0
b402b6ef-e7f7-4c6a-ac87-7ab06a68d470,050101-20141214201834Ch,0.0
1c541b6d-bd4e-4209-8e01-64fd4c0dd671,050101-20141214201834Ch,0.0
9ddf8524-0bc7-489a-b8da-2717568a9eb8,050103-20141214201834Ch,0.0
3f273456-c138-45bf-830f-ddf71212059b,050103-20141214201834Ch,0.0
54695d3a-8b09-4a69-9c3b-e4880b73407f,050103-20141214201834Ch,0.0
e7770029-16c0-419c-930b-acd43eb89fe7,050103-20141214201834Ch,0.0
93b7d360-212e-4ad9-ba3d-0259d5c27338,050103-20141214201834Ch,0.0
85b9d969-a891-4eb6-907c-82005b7c5718,050103-20141214201834Ch,0.0
6c8d490f-3e4b-4510-b9f1-e6236fafea1b,050103-20141214201834Ch,0.0
70ae9b80-72eb-44b2-91d6-9d9fcaa44059,050103-20141214201834Ch,0.0
7bc9f908-3d8f-4d19-b2a2-50e9317ced06,050103-20141214201834Ch,0.0
1ffe31ba-8dfa-4cc0-936e-a6e58256ae1a,050103-20141214201834Ch,0.0
2c31a3b5-b207-41ed-b5d5-4705fd7c20a4,050103-20141214201834Ch,0.0
acf5b51b-86ee-4ee7-920e-efcca52844a5,050103-20141214201834Ch,0.0
6beb8094-b8c5-4736-a375-af1e984ffb58,040301-20151226133734Ch,0.0
db8bd380-8376-4d31-b2e4-29fb905bc8b0,040301-20151226133734Ch,0.0
2a7fcf04-1e42-4964-8553-e918d7e8efa4,040301-20151226133734Ch,0.0
b564fe8e-1ea6-4822-8af6-77a5e879448a,040301-20151226133734Ch,0.0
1ddc51a9-92f3-4847-a39e-81a52fd928a8,040301-20151226133734Ch,0.0
aa7b9c71-c40c-41b0-a271-782ddf53be20,040301-20151226133734Ch,0.0
65f9eaf6-e07c-47c9-b2df-4c8d39dfff07,040301-20151226133734Ch,0.0
109e49a3-8c71-4510-8adc-c6792faeeafa,040301-20151226133734Ch,0.0
e51406fc-2047-4eff-ab3f-afecb0f18be8,040301-20151226133734Ch,0.0
f60db124-fa5c-42e5-820c-f5b55642bd43,010102-20131016185334Ch,0.0
965ac12e-1bcb-4bc4-bf3f-4d31156d4c57,010102-20131016185334Ch,0.0
b05a98de-0eed-4c16-baf5-79ecc9948a83,010102-20131016185334Ch,0.0
8270c6bb-3eb3-4d16-8139-637765fe2126,010102-20131016185334Ch,0.0
ce1adeb7-ec5d-4d82-a2b0-73eb9c94b45f,010102-20131016185334Ch,0.0
23caf561-59f8-4d57-b1c6-198160972a44,010102-20131016185334Ch,0.0
de17c42d-f5c5-47c5-b48a-1593f8a0b3c1,010102-20131016185334Ch,0.0
1835f470-893f-439f-bba3-6037eabf14b3,010102-20131016185334Ch,0.0
86a51faa-fe55-4f61-863f-f9c83182b4d5,010101-20131016185334Ch,0.0
8871c4aa-f154-4395-986d-cf336d81d318,010101-20131016185334Ch,0.0
572d50e5-481d-435b-a349-806e6bc40a25,010101-20131016185334Ch,0.0
cdeaedd3-1909-43b6-8262-b3976ea5acac,010101-20131016185334Ch,0.0
5ccbf1c9-18b0-4c2f-9916-7b1039f2b897,010101-20131016185334Ch,0.0
9f2d6bc7-7d27-47b3-ad3b-96831899022d,010101-20131016185334Ch,0.0
3e7bee5a-96b7-4b92-bd68-100d3a5f81b2,010101-20131016185334Ch,0.0
1b7ac235-6d11-4411-ae61-ecdf39cc1854,010101-20131016185334Ch,0.0
4186e192-5594-4e3f-865d-6b457274fd69,010101-20131016185334Ch,0.0
e82dfceb-5a13-433e-97d5-f5cad66374db,010101-20131016185334Ch,0.0
fe6e5407-a0a8-42d3-87d4-d8b9ecbc1dc1,010103-20131016185334Ch,0.0
8d1d7d63-30ac-4252-ba41-baecf5fa511f,010103-20131016185334Ch,0.0
72418983-afdf-430c-bf16-0049ab0f9704,010103-20131016185334Ch,0.0
20c6a537-c6f9-4245-86e3-823978912d26,010103-20131016185334Ch,0.0
784750c2-8b78-40f3-91ab-a4fb848476e7,010103-20131016185334Ch,0.0
1d82111c-ed48-4dee-bf1f-83f22f40e05c,010103-20131016185334Ch,0.0
06d5c1bc-bf7d-474d-9025-eb0167d2961c,010103-20131016185334Ch,0.0
4668bf74-a4e6-4bf7-a4ea-dbe9f65fab3f,010103-20131016185334Ch,0.0
9118f42f-cde8-4d68-95de-b1e33da8b515,030302-20120103104134Ch,0.0
d1eff957-2e87-4884-becd-f4cbb6e5821a,030302-20120103104134Ch,0.0
bd9d6771-8840-414d-ab69-ba61ef93fdb0,030302-20120103104134Ch,0.0
70e1c1d2-44a3-4484-a748-a68fcb9479f4,030302-20120103104134Ch,0.0
3607e8bf-ca65-47b9-87aa-a594c45bd34b,030302-20120103104134Ch,0.0
97b586d2-39d1-4451-8f59-3d27dc4be6f4,030302-20120103104134Ch,0.0
4d7111f0-59fb-49d9-8428-7150d8e97a70,030302-20120103104134Ch,0.0
d88fa12b-d80c-4682-8fe2-da06e35381f7,030302-20120103104134Ch,0.0
0ad36b3e-0e5c-446a-9655-31b4c7ab3b88,030302-20120103104134Ch,0.0
01038f7d-31dd-4f02-8a64-a294611ca709,030302-20120103104134Ch,0.0
047b8280-2e50-450a-991e-957eb63b0544,030302-20120103104134Ch,0.0
1106133c-1d10-4683-8031-f11c091a1c0e,030302-20120103104134Ch,0.0
a6558ac4-7866-4b0d-8696-f2d46ea3e92f,030302-20120103104134Ch,0.0
95f2f8b3-2e6e-49d9-9493-6022b7433169,030302-20150302082034Lh,0.0
9a8a4f39-645f-40c6-9627-e5de3eb8a776,030302-20150302082034Lh,0.0
f6b82d7e-5d73-416c-a08c-cb18acd8cd84,030302-20150302082034Lh,0.0
8755c491-6468-4291-83f4-7500ebedefc4,030302-20150302082034Lh,0.0
fcfd5ee7-ca5d-4520-923b-9caeb36407b3,030302-20150302082034Lh,0.0
aed249c3-eb06-4a1c-891e-32554d79dab6,030302-20150302082034Lh,0.0
992f4caa-d90d-49f5-b885-0e11a8a07efa,030302-20150302082034Lh,0.0
5711df22-9d06-4086-a43d-3b1f905053a3,030302-20150302082034Lh,0.0
3a4dcb3d-1033-4cdc-b4e5-ea8109faf3e6,030302-20150302082034Lh,0.0
ff3a43fa-1815-456d-8b1a-6a3c7d66b195,030302-20150302082034Lh,0.0
84d7a150-32b9-433b-88db-b54b82f8a67b,030302-20150302082034Lh,0.0
0d55b0c7-a726-471a-bfb2-a95fb9549d73,030302-20150302082034Lh,0.0
d1afc0da-a73b-4ad9-adf5-a07a7d9ec357,010203-20161110151454Bh,0.0
a4d56009-b5e9-4b7f-bbf7-9ab27d60b088,010203-20161110151454Bh,0.0
7b950035-2242-4d20-a341-05b67a45fe93,010203-20161110151454Bh,0.0
63a1cc62-174d-49a4-b79d-038337ed4dd5,010202-20161110151454Bh,0.0
01991b84-d6a7-4070-ba7b-a54a44a81482,030302-20141009023454Uh,0.0
bba89b98-1e84-48b4-8e36-ef8780e6cb31,030302-20141009023454Uh,0.0
4694fb1e-7adc-44e5-8ff8-35071994ec2f,030302-20141009023454Uh,0.0
4d1e07bf-b478-423c-b326-2d6b6299fcb6,030302-20141009023454Uh,0.0
ce14c3ad-8139-46fa-8726-f61b30bd793a,030302-20141009023454Uh,0.0
676ae86c-bc62-4a0d-9d78-d15959706680,030302-20141009023454Uh,0.0
92469b47-776c-4062-b55f-c8dffd9f8391,030302-20141009023454Uh,0.0
6aed8ded-71a2-4255-88ed-fafe2cab55e9,030302-20141009023454Uh,0.0
e795ad49-cb6a-4a11-910b-a8d82efb2911,030302-20141009023454Uh,0.0
6b1495aa-bcb1-4dfd-b4df-323a5ab66eee,060102-20170809164910Mh,0.0
d5706f9e-625f-4e73-9013-14994e097d30,060102-20170809164910Mh,0.0
619ecede-cbb9-4797-b0d1-921f2ef64a27,060102-20170809164910Mh,0.0
ede2295f-020f-4463-800f-7f5ce948dcf9,010102-20141210201814Mh,0.0
81acaeda-366b-4665-9a0b-9276c16e1047,010102-20141210201814Mh,0.0
3b7f4657-84f0-4ee3-9de5-7cb264afed5c,010102-20141210201814Mh,0.0
d664ee41-c7ff-455f-91e7-f6491a7ac760,010102-20141210201814Mh,0.0
0660503f-3a2b-4c88-8bf8-4660fb15827a,010102-20141210201814Mh,0.0
f6c0509c-3f4e-41ad-bd1e-7f34e15c974a,010102-20141210201814Mh,0.0
2b619eaa-d75c-4a0f-a542-2c4e423c8974,010102-20141210201814Mh,0.0
db6840d8-1885-4214-8916-23d628f93097,010102-20141210201814Mh,0.0
d567dd91-acc9-453d-94c5-16080b4baf4a,010102-20141210201814Mh,0.0
9bff7b31-e69e-4e7b-b978-4b0adf416a9f,010102-20141210201814Mh,0.0
4480414f-d187-4ac6-8adc-fd3806c3be81,010101-20141210201814Mh,0.0
02c8bee1-7d86-4fb6-bb72-e71441461ed5,010101-20141210201814Mh,0.0
d2ebace0-bdb5-4f8d-b558-5b2416baa2cb,010101-20141210201814Mh,0.0
6a84e253-1aeb-4072-a4fa-e938b0ea153d,010101-20141210201814Mh,0.0
fb64c382-ea12-4ca0-93bd-37424bc7972f,010101-20141210201814Mh,0.0
5e90834b-9367-4668-a52c-ecebe8b9716b,010101-20141210201814Mh,0.0
3d5c3e49-a8dd-41a4-8084-46a22dffa68a,010101-20141210201814Mh,0.0
08097394-f329-4eb3-9a5c-145a4a555e8a,010101-20141210201814Mh,0.0
03cc6f6a-83b0-475f-882c-b6af15148393,010101-20141210201814Mh,0.0
838ee41d-e97b-4550-936d-6ee39b50e23a,010401-20170119031254Uh,0.0
c8a593b7-5f62-4119-8576-f8c802d52a2d,010401-20170119031254Uh,0.0
961a0797-187b-4bce-bbbb-7e9f5f3b697c,010403-20170119031254Uh,0.0
b08dd7bd-71aa-4ed0-aaba-59b59f473350,010402-20170119031254Uh,0.0
0ef65e1c-457e-4259-97b1-ef367e123b85,010402-20170119031254Uh,0.0
ec464fa0-498d-4258-a037-391b66b5266e,010402-20170119031254Uh,0.0
17cac4cb-b057-4e01-ad15-9a8f70d1769b,010402-20170119031254Uh,0.0
900ef15f-9870-4b74-9ce0-4f942cd7b17c,050202-20160928143554Bh,0.0
59dc9b8d-0c41-40fe-84bc-54e41708646f,050202-20160928143554Bh,0.0
efd4506b-323d-42a5-8c06-910322286156,050202-20160928143554Bh,0.0
d33b550a-bad7-4be4-a896-ad8ed136bb2e,050202-20160928143554Bh,0.0
96733abb-e18a-45da-a290-2ca5a15b8d2b,050201-20160928143554Bh,0.0
b2d79651-d0a8-450d-b24e-b5eadda836ad,050201-20160928143554Bh,0.0
d3d3b6c3-bea1-4572-abac-ad2a4aeca404,050201-20160928143554Bh,6.782400000000052
ccd9a6b8-125e-478c-a61e-acfb39403fab,050201-20160928143554Bh,0.0
965268d1-45a6-4394-954e-b75b1c963240,040302-20120914063134Lh,0.0
3d819be5-16ad-49fe-9a0d-ff2236d6f1e8,040302-20120914063134Lh,0.0
12a32a12-5a31-42c1-a94f-a911e169def0,040302-20120914063134Lh,0.0
df9221b4-3821-4b57-80c6-e22827f45409,040302-20120914063134Lh,0.0
2d24c3a7-ec20-4354-999a-bf4663fc120c,040301-20120914063134Lh,0.0
342f4221-0689-4125-8e63-7217ed893deb,040301-20120914063134Lh,0.0
d2b199ea-6cfe-41be-818f-9e687b18211b,040301-20120914063134Lh,0.0
58173990-f156-4ced-92cd-781e04fd2a75,010403-20110410141654Bh,0.0
b947b4de-2926-4790-8840-e44e0d2dbd65,010403-20110410141654Bh,0.0
e55ad5ba-9a59-4457-9355-1a1b0dea9f80,010401-20110410141654Bh,0.0
805efbc8-bdf6-4a71-848c-8c87628e9f9c,010401-20110410141654Bh,0.0
8e32a6f1-0848-4a66-a21a-f96266936d14,010401-20110410141654Bh,0.0
77a6aca9-2d43-4469-89a7-36dc3421cee0,010401-20110410141654Bh,7.329600000000028
d6392590-6e1e-4e5e-bfd1-99716455490e,010402-20110410141654Bh,0.0
ade0270f-068a-45e0-85bf-6d88db04785f,010402-20110410141654Bh,0.0
d71691ef-174e-457d-abba-34a3efcfcfca,010402-20110410141654Bh,0.0
18a1ff56-1ede-4317-9046-4cca14a3f54b,010402-20110410141654Bh,0.0
ce3454f8-afeb-4d8f-94ba-f4c7e59c03eb,020101-20170801164710Mh,0.0
0aef055b-cb0a-49d3-aa77-a43c60c78e70,020101-20170801164710Mh,0.0
53071059-846d-41f8-b184-f5e7de851805,020101-20170801164710Mh,0.0
0411940a-0072-4286-90da-005af381bad9,020101-20170801164710Mh,0.0
2716965f-9e4d-4fb5-8de8-a9e660757d50,020101-20170801164710Mh,0.0
7e4d6bf5-477f-4b31-ad4d-24f033292c5e,020101-20170801164710Mh,0.0
602fff74-4f7d-46a3-96b4-e7d62eb05497,020101-20140430071914Th,0.0
382bc9e9-2d45-4aaa-93c7-dc1d166f8bb9,020101-20140430071914Th,0.0
30392488-f0d8-4675-afcc-cdb20c7c31db,020101-20140430071914Th,0.0
b4cc8d08-cc7d-4dab-b9c8-bc313354dae9,020101-20140430071914Th,0.0
473a4580-565d-4d76-9cc7-193a378e07b9,020101-20140430071914Th,0.0
226e6621-9245-4dd1-aed3-53e5e9e0d437,020101-20140430071914Th,0.0
34a99f97-b4d8-4b52-92f1-5902a74b625c,020101-20140430071914Th,0.0
6537ef68-1ca3-4e7c-9332-2a427b478b3d,020101-20140430071914Th,0.0
4f8e54e1-3dce-4290-8aa7-15749a4d918f,020101-20140430071914Th,0.0
1e3b3ec2-3833-4d53-ac32-dae9c1ac6563,020101-20140430071914Th,0.0
b9404e82-27ee-4c98-99ca-abcf515a2e73,020101-20140430071914Th,0.0
44a88744-2714-4dfd-b108-f55fe8d58d6d,020101-20140430071914Th,0.0
89c6e698-804a-411d-a5d6-d8427d1398db,020101-20140430071914Th,0.0
c0555ee0-7041-49d7-9615-77dbd2766cc5,020101-20140430071914Th,0.0
2716aaf6-5894-473c-a958-b5cc783faa24,020101-20140430071914Th,0.0
4676a421-4bc1-46d7-b307-bf0b094a9e7b,020101-20140430071914Th,0.0
4a82327f-dfa5-4ac6-80c8-1807aff399f2,020101-20140430071914Th,0.0
ce008637-2242-4e4f-9a6c-e44400839330,020101-20140430071914Th,0.0
67f161d9-3605-4c34-ac40-d54f63d9e190,020101-20140430071914Th,0.0
c4632fad-a4c0-4d00-96f3-a71d47db5045,020101-20140430071914Th,0.0
0f036ad2-61fd-40ed-adf1-936530ec0c5f,020101-20140430071914Th,0.0
73abf9d9-26ed-49b8-a322-adc8099873b5,020101-20140430071914Th,0.0
fedd384c-a506-468b-8470-85c75fd44d2e,020101-20140430071914Th,0.0
8748279e-26da-4c01-992e-ae1b2d9e52b7,020101-20140430071914Th,0.0
ba940538-1191-41ea-badd-304daedb2cac,020101-20140430071914Th,0.0
08b392d0-f024-4a4c-99ce-764169b9809c,020101-20140430071914Th,0.0
44bc49f1-a659-4b40-814d-e8aa52d0ba9c,050101-20170117175014Mh,0.0
82b854c3-f720-44f6-8283-f4935a306012,050101-20170117175014Mh,0.0
21659342-51eb-41c2-bbc0-cf6730e026f5,050101-20170117175014Mh,0.0
2e6d9ef5-71bf-48ca-9c46-d26e4552f8f0,050102-20170117175014Mh,0.0
a8cbfc5b-ce00-4177-859b-d576dd6cef53,050102-20170117175014Mh,0.0
4b138b55-c4cc-4a3e-bec0-4373d525ed05,050102-20170117175014Mh,0.0
4f546e6c-b2eb-49b8-8395-a90216e13246,050102-20170117175014Mh,0.0
7e928b12-bcbf-4d51-95c6-407d2e64db26,050103-20170117175014Mh,0.0
33c61244-7ab6-4502-ab7c-9a160e479d7c,050103-20170117175014Mh,0.0
39adf3f4-84e9-4b13-ad84-3e34f6aa3c0e,050103-20170117175014Mh,0.0
052ed75e-6378-4dd8-99eb-c810c677b537,050103-20170117175014Mh,0.0
7c6c02ac-b3a3-4670-be1a-d2cb0096ffcb,030401-20140922195854Bh,0.0
3fe3648f-cb4c-4a1b-a6ad-c93df0536b92,030401-20140922195854Bh,0.0
ec1bcfe5-9961-445b-b6df-b8d19b28436e,030401-20140922195854Bh,0.0
74923d0f-8fa3-489c-99a3-0cc65f8f4eed,030401-20140922195854Bh,0.0
aad0ce36-235b-4f2a-b976-b288a9dc0b41,030401-20140922195854Bh,0.0
60c4119f-1c80-40e7-9f29-38a9c5b4a897,030401-20140922195854Bh,0.0
6b65b67a-2b0f-46ee-8000-29d973ff6d46,030401-20140922195854Bh,0.0
7e891d4a-9272-4a65-99d2-cbb7ceed737c,010202-20210201020330Lh,0.0
81009217-1e38-4597-9ee9-c6917ec6a963,010202-20210201020330Lh,0.0
4e0f67c8-3383-4457-a7ed-26e18f6aacfb,010201-20210201020330Lh,0.0
6340c813-f5e3-4fa8-9c01-5b72fa377034,010201-20210201020330Lh,0.0
250cccaf-052b-4565-8470-0b9fc07d7a7d,010201-20210201020330Lh,0.0
19c1c408-6ac2-45cd-8d2f-a31bb6cad7cd,010203-20210201020330Lh,0.0
baceba71-97ce-4d9c-a321-4b1f8f557b7d,030302-20131113185414Mh,0.0
d73f0515-afb0-49ee-a158-38a4aeb595e3,030302-20131113185414Mh,0.0
6b7e5b24-5e8d-4d9f-a645-77e5f3160ad4,030302-20131113185414Mh,0.0
bafd586f-3dfb-4881-9f07-ff72ea5b75b3,030302-20131113185414Mh,0.0
a36ae59b-931b-466c-a3ed-7148aea758fb,030302-20131113185414Mh,0.0
7fd9298b-0c8c-4861-b0e2-e1362571847d,030302-20131113185414Mh,0.0
835fa4af-9baf-4b7d-84a9-17364da6e724,030302-20131113185414Mh,0.0
3f22c4f9-c2bc-4e63-bae2-0136f05f2252,030302-20131113185414Mh,0.0
f0574950-ad34-4ae1-b84c-955376b078ee,040401-20121018063134Lh,0.0
215d0505-e2a5-466c-a3fd-23793f85bd52,040401-20121018063134Lh,0.0
8753316b-0b4b-40f3-be3e-1e9a3bcd4ce6,040401-20121018063134Lh,0.0
0fecc224-3ac6-483d-a525-dd992e9e2c94,040401-20121018063134Lh,0.0
c9a28d1f-6bdc-45ad-b660-ea2a6b68dcaa,040401-20121018063134Lh,0.0
2cb51a0e-a81e-4bd0-9626-c7a406233811,040401-20121018063134Lh,0.0
651315d1-3b14-43b7-9b69-83bfeb9bbdca,040401-20121018063134Lh,0.0
9c25127b-4e49-4f4f-b7c0-7baef63e0d10,040102-20130214111534Ch,0.0
f445ad2f-fe00-4a51-ac93-5a20874243fa,040102-20130214111534Ch,0.0
64f09165-8349-4964-8404-6386a2bef450,040102-20130214111534Ch,0.0
b96c7d28-1355-4fa7-a08e-cc1029fa486a,040102-20130214111534Ch,0.0
fa6a3ccb-77c1-403b-9479-824ab5734b2d,040102-20130214111534Ch,0.0
3d1c5cda-59dd-4fd2-ab7d-17a818ce16f9,040102-20130214111534Ch,0.0
5972669d-d32a-4b14-9aa9-391a4d473c7f,040102-20130214111534Ch,0.0
15ab229b-4069-48a9-acae-6e9189c20c53,010203-20161231133734Ch,0.0
da9cb90b-8a8c-4c28-8d8e-6a346235f85d,010203-20161231133734Ch,0.0
7f25c1e0-f85b-476b-8f06-dcbbdc781048,010203-20161231133734Ch,0.0
0c535ee6-15e5-47dd-9cdf-3dd79e711bec,010203-20161231133734Ch,0.0
facc29f5-0b2c-41d5-8daa-df70c89b6581,010202-20161231133734Ch,0.0
0fffc407-bae1-41e7-b014-80065f7a030c,010202-20161231133734Ch,0.0
768c3d14-da6c-4715-b76f-22f86510d0a7,010202-20161231133734Ch,0.04349999999999454
3742ef4e-af32-47d7-87ca-de6a3a0e1ad3,010202-20161231133734Ch,0.0
7a941cdc-3f6c-41eb-a402-3776b9f3b881,010202-20161231133734Ch,0.0
78fa9b8f-a1eb-47bb-b946-ec6f4b8b5744,010202-20161231133734Ch,0.0
a1ef0c0c-1daa-4433-af61-fd4837a81ac4,060102-20180827232530Lh,0.0
99348a9f-b5c8-4a41-92cc-b0c8aea2eae4,010101-20110327143554Bh,0.0
0448225d-888a-48c3-9324-546c5d8da81a,010101-20110327143554Bh,0.0
55310174-5562-4601-8765-77220f4fa41d,010101-20110327143554Bh,0.0
0f58e549-813e-4ef2-9de5-94cfcc887c5e,010101-20110327143554Bh,0.0
0f35e36a-f37c-4e94-9020-af11296a850c,010101-20110327143554Bh,0.0
b8989f0a-8326-4755-aaa9-77c358977545,010101-20110327143554Bh,0.0
99aa1d79-245b-4865-bf07-6a346d81626a,010101-20110327143554Bh,0.0
248a9813-e555-4f0a-b5fc-f3ab0250a62f,010102-20110327143554Bh,0.0
b6599e27-895c-4bc8-80e2-344947d602ca,010102-20110327143554Bh,0.0
c7946e24-dbc1-4bbe-82aa-7176cb6bafaa,010102-20110327143554Bh,0.0
4ebf0463-bc43-46b1-bfbc-f5a883ecd490,010102-20110327143554Bh,0.0
7afad6bd-238b-4a06-b625-0d0275538f9d,010102-20110327143554Bh,0.0
5d6c9250-eaef-4b8e-b1c7-8de46cafe1f1,010102-20110327143554Bh,0.0
48994e57-eccd-48bd-be40-dc4cf97808d6,010102-20110327143554Bh,0.0
030548df-6ec9-489a-9ed7-e9478c0fe562,030101-20140719071414Th,0.0
4153887b-1e98-45f0-ae9d-cdd2988f51c7,030101-20140719071414Th,0.0
2b0c1ce6-6e14-4aee-87cb-0f16090c623d,030101-20140719071414Th,0.0
89e6dc01-9909-4c3f-b7b3-ccc27e7d70ec,030101-20140719071414Th,0.0
7d5d4288-bcfb-40e0-919a-d49c9bd8ea46,030101-20140719071414Th,0.0
9f21fb98-8782-44c2-b4f7-d066f5804753,030101-20140719071414Th,0.0
e28d5041-82a8-433d-909a-589329f57466,030101-20140719071414Th,0.0
93488c6f-5922-4e7c-8017-c8fa438d5f90,030101-20140719071414Th,0.0
a882379c-2da4-4744-9ef2-0149f2f56d4e,020403-20130110104734Ch,0.0
331b6ff6-e366-4c4e-967c-a97670b29d13,020403-20130110104734Ch,0.0
dbee4018-9ba3-42f0-b584-7ad0b907df1f,020403-20130110104734Ch,0.0
ee82c830-dbd5-41c5-a5e7-d962451e26b7,020403-20130110104734Ch,0.0
0a568d4f-adbb-4f1d-ad33-94da100e66e7,020403-20130110104734Ch,0.0
dd69aaa0-88d7-430b-81bf-d3b49c249413,020403-20130110104734Ch,0.0
f82b685e-094f-4edf-b6d7-dc1bc5263f25,020403-20130110104734Ch,0.0
79548bab-f141-4f61-9481-a415f3f7a85b,020403-20130110104734Ch,0.0
0695de06-94d3-4b2f-b6e7-132f187728fb,020403-20130110104734Ch,0.0
5e7dcaa2-9f12-4c25-a3e6-1d1db5020bfe,020403-20130110104734Ch,0.0
cc7d4aee-403e-4bc1-bc10-f4f922705364,020401-20130110104734Ch,0.0
bc94be60-cf30-455f-b606-5f69873ac3e9,020401-20130110104734Ch,0.0
5de31e32-69c2-4026-839c-d658a775ba67,020401-20130110104734Ch,0.0
079a05ef-ca04-4c37-bb5a-0977f5266d42,020401-20130110104734Ch,0.0
0f7055b1-a228-437d-a135-9d10b1925ab5,020401-20130110104734Ch,0.0
78e8168d-bc91-4cf0-b7fa-3b1f04d8460b,020401-20130110104734Ch,0.0
1de91f83-3fd2-44af-a25a-aa8d716806b7,020401-20130110104734Ch,0.0
ffdaea7f-f37e-4424-848e-b473f53ed429,020401-20130110104734Ch,0.0
8924a359-1b04-4683-b064-b8bc45791272,020401-20130110104734Ch,0.0
8b48411b-ac49-4948-9f4a-ec9f71471efd,040401-20121021145454Bh,0.0
4ebca38d-3daf-446b-98c9-e42073a9f544,040401-20121021145454Bh,0.0
afbc0920-7ed4-4bcc-87f0-9c038a2c219a,040401-20121021145454Bh,0.0
1a654174-9dd8-4aa5-a80b-4f3f3d76aea2,040401-20121021145454Bh,0.0
27495b38-f066-45f8-bb4e-a4e8f69b8cf3,040401-20121021145454Bh,0.0
42154aed-fb3e-4b04-8b65-0c75808f85f5,040401-20121021145454Bh,0.0
66d56407-bcf9-4235-8ae3-e2513d205ab3,040401-20121021145454Bh,0.0
cdcfad3a-25f0-46d5-a28a-3127c628ebba,040402-20190805054730Lh,0.0
adef3a37-2d62-40a7-9b40-7843cd45c653,060102-20201228202430Ch,0.0
6cd7687b-efe8-49db-9bec-f6ed0f6f27c0,060102-20201228202430Ch,0.0
47b1ed39-ac0b-4d8f-9669-d63dda254ceb,060102-20201228202430Ch,0.0
7db93c90-9240-4dd7-8051-0d90ba8fa802,060102-20201228202430Ch,0.0
62fae247-c164-4944-8c39-e1ba3e3a41a8,040301-20120414175914Mh,0.0
0f98df19-a9f2-426e-b069-6eb8b5beefcd,040301-20120414175914Mh,0.0
450c0761-0f42-4bc4-a4af-e13be80eed49,040301-20120414175914Mh,0.0
039a284a-6124-4294-9bb6-61041e98eeb0,040301-20120414175914Mh,0.0
8b943453-10a4-4da7-804f-b2c797a935de,040301-20120414175914Mh,0.0
acf78357-16eb-44e3-bbe4-f889793bc497,050102-20110429135554Bh,0.0
9b62b498-84b8-4d76-ab7f-3ac5903ff666,050102-20110429135554Bh,0.0
d7284901-a0bf-4b86-9b4e-47477db813de,050102-20110429135554Bh,0.0
832c037f-273e-445b-b13d-f7b377938928,050102-20110429135554Bh,0.0
d97373ad-a99e-4297-982c-9fcc479a5532,050102-20110429135554Bh,0.0
a6dce678-8ac7-4bc8-b276-05c6693b3e01,050102-20110429135554Bh,0.0
e5554b8c-755c-4fee-89d7-304f878756b6,050103-20110429135554Bh,0.0
2ff0ae7b-52e6-4618-93eb-73fdf69393b9,050103-20110429135554Bh,0.0
0581f3c1-6810-4819-b80d-994fa26198be,050103-20110429135554Bh,0.0
f4d2d6f4-d817-4f9b-bfb3-ea9c21c31892,050103-20110429135554Bh,0.0
a5d89bcd-7c46-4489-917f-28de37b8be93,050103-20110429135554Bh,0.0
3407eee9-5136-41e6-b4c3-67f0220797f5,050103-20110429135554Bh,0.0
a8af57d1-fd0c-4c32-bc57-7e3c4312c69b,050103-20110429135554Bh,0.0
59391545-54cc-4280-9ef5-b53b3624e307,050103-20110429135554Bh,0.0
859c1896-9802-434e-a4ee-3511ab7614ce,050101-20110429135554Bh,0.0
0feaa801-2367-42de-b580-5158d07a990e,050101-20110429135554Bh,0.0
838f7108-385a-4429-8a51-70825a90da32,050101-20110429135554Bh,0.0
f9c73283-e1d4-4c54-a0b7-843db5e43d9b,050101-20110429135554Bh,0.0
40e94dd7-ea08-4448-8ffb-f62ec89369f1,050101-20110429135554Bh,0.0
ad95b3dd-5c27-4953-9796-d6f9061ceceb,030302-20110530122834Ch,0.0
6907a0d0-b60b-46e5-8293-5d05096091db,030302-20110530122834Ch,0.0
818cca77-e80f-48bd-b2c6-5cbc31c84496,030302-20110530122834Ch,0.0
1016068a-4f74-4d61-8a39-4bfe165b0b41,030302-20110530122834Ch,0.0
c6b081ce-2172-4d39-ab48-6e62c08a8268,030302-20110530122834Ch,0.0
71a3da6f-36d4-43d8-b2c0-c7a5dc6198af,030302-20110530122834Ch,0.0
95cf37da-4187-476e-bb6b-52f98e766028,030302-20110530122834Ch,0.0
9c96e630-6b09-4f17-bb39-9087791330e0,030302-20110530122834Ch,0.0
7f914fbf-1d79-4cce-9afb-3715b6876ab2,030302-20110530122834Ch,0.0
b17f8d0b-3651-4a8b-a3ae-0bbcc97d4210,030302-20110530122834Ch,0.0
68fdc107-7294-4931-9f6d-2bec9ada9ec0,010403-20130517063134Lh,0.0
66a72ffc-6dad-4f3f-9fd4-4cda12f00345,010403-20130517063134Lh,0.0
1ecf2788-5fab-4b22-a5ad-7cb979063a0e,010403-20130517063134Lh,0.0
a021b0a7-bcf7-45e4-ad56-3cd98370aaa7,010403-20130517063134Lh,0.0
3c21c408-b191-460b-a2a8-5161d916be65,010403-20130517063134Lh,0.0
7c9d3838-82dd-4261-9e5c-d6668031b952,010403-20130517063134Lh,0.0
b8db2206-7fe7-46c1-898c-714bcf43de9b,010403-20130517063134Lh,0.0
97d4cf4a-9355-4b20-8582-73cec4932e8a,010403-20130517063134Lh,0.0
307c7850-ca12-4566-a180-4032d1ef6587,010402-20130517063134Lh,0.0
91791e5b-2cc7-4fc1-b12c-1f6aa44bdc09,010402-20130517063134Lh,0.0
236e164a-e096-4c00-83e5-c4356d3f3e79,010402-20130517063134Lh,0.0
97566e24-920d-484a-b0e1-1e16217c9898,010402-20130517063134Lh,0.0
5e6ec47a-7f12-4479-a9d3-d11cbe0eb204,010402-20130517063134Lh,0.0
67282a78-ba3f-42c9-b026-a0f12e7766b5,010402-20130517063134Lh,0.0
8a838719-c881-457c-8c3c-a58d356fe233,010402-20130517063134Lh,0.0
8309839c-9008-4f09-a6e1-c0215e992a59,010402-20130517063134Lh,0.0
113f5eb6-23b3-4c6d-a031-0de10297acc7,010402-20130517063134Lh,0.0
3a79ef78-ecb0-438b-a042-da51d8e329a9,010402-20130517063134Lh,0.0
3f07c939-e9dc-4fe0-a228-749faa611917,010401-20130517063134Lh,0.0
c2102f12-76a1-4c95-b234-ac7cccbf11e6,010401-20130517063134Lh,0.0
5edd47f2-61c1-4f66-afc1-fd55945050e1,010401-20130517063134Lh,0.0
3f01b0f0-8040-454d-bcb3-62f186c97b87,010401-20130517063134Lh,0.0
f69f0391-9175-4577-9455-3bc1ee30b7f0,010401-20130517063134Lh,0.0
8e39fb8e-233e-4232-95ce-949840ff798b,010401-20130517063134Lh,0.0
984da07d-d0d5-468f-95f1-218e223afce6,010401-20130517063134Lh,0.0
557d24cf-d155-4c6b-8a02-703f188f6feb,010102-20170418013450Uh,0.0
73361d0d-fe59-472b-9198-cce6e18a5f81,010102-20170418013450Uh,24.225099999999998
9e5ad12a-a360-4913-a425-19c0db78f811,010101-20170418013450Uh,0.0
aa941617-7453-4cfa-a566-73b4168d6abc,010101-20170418013450Uh,0.0
216de8e1-bbd3-4d11-8b72-f71cee2bc179,010103-20170418013450Uh,0.0
dfa6b18e-d3e0-42e8-b4ff-5feefb73fbaf,030302-20150718082014Th,0.0
709ba40a-4395-4bc1-b41e-865c09f91fd6,030302-20150718082014Th,0.0
ca0bc836-bf4d-4c4b-b091-c1ba5a5321db,030302-20150718082014Th,0.0
e6968a16-9115-47f9-a1b4-6a9f956abca6,030302-20150718082014Th,0.0
4d4dcc2e-c8dc-49a2-a342-88b90f6c5f89,030302-20150718082014Th,0.0
af94990d-251e-4a32-ad6b-8cd20cd1bc3f,030302-20150718082014Th,0.0
f16acf38-858c-45b1-8a9c-36d4ae5290db,030302-20150718082014Th,0.0
5af38d3d-0914-46b7-b2cc-7a2ed6940853,030302-20150718082014Th,0.0
a62aa827-227c-4561-9286-61a5703a39c1,030302-20150718082014Th,0.0
832e588f-e53b-42eb-bc78-8d3ac3793cf2,010301-20190609123330Ch,0.0
baaceeef-77d5-4ba9-92f2-efc622152062,010301-20190609123330Ch,0.0
b4bc1a67-7cda-4a61-b9de-917fd2748806,010301-20190609123330Ch,0.0
ec66e4d2-49d4-4140-b7f3-edc554f1c1a0,010301-20190609123330Ch,0.0
a2fc45ab-fbb5-493e-b37d-243bafeed74b,010302-20190609123330Ch,0.0
0adc9734-c962-41e5-813c-88b9c1dda5d4,010302-20190609123330Ch,0.0
6095e302-1046-4e36-ab6d-0bb10ec8af05,010302-20190609123330Ch,0.0
e2acafdc-67a6-4f16-9c2a-48b7e6fa474d,030101-20130926060834Lh,0.0
fca5f360-5991-44b2-bcf7-b8753d8b39ab,030101-20130926060834Lh,0.0
8598ed8a-60be-4fc5-996c-c9a9efe0caf3,030101-20130926060834Lh,0.0
f7c0bfa8-de0c-4219-85d2-fb1ea33688d7,030101-20130926060834Lh,0.0
319e074a-42a8-41c9-b63a-37c1ab2a2499,030101-20130926060834Lh,0.0
175a5f82-42fd-462b-bb59-b2a896e3e266,030101-20130926060834Lh,0.0
29c278e6-ac5c-4da3-9899-debe28c56e8b,030101-20130926060834Lh,0.0
e2858202-c616-4a2d-aada-51d1dbe673ba,030101-20130926060834Lh,0.0
5234b2dd-7f09-48bc-8122-4c1e43480160,030101-20130926060834Lh,0.0
7f36c38b-6990-4a92-af7c-5846a2f1534e,030101-20130926060834Lh,0.0
5e04a580-8ceb-4220-bc8e-88823d13a5d0,030101-20130926060834Lh,0.0
9faaaebf-8b09-4866-8d8b-057f70a65fe3,030101-20130926060834Lh,0.0
8e717311-9d4b-43ca-bc1b-6c5a4686e544,030101-20130926060834Lh,0.0
19598367-4bc3-4f7f-a7d5-1ab342398992,030101-20130926060834Lh,0.0
6f47f072-9811-4210-817f-2dbdfb0eb512,030101-20130926060834Lh,0.0
e9d1fde1-8200-499d-b177-1a988062cabf,030101-20170427154550Bh,0.0
97d50034-c713-4955-905e-27fbcda6b03f,030101-20170427154550Bh,0.0
910e34a7-9e79-4170-a253-20c863c73251,030101-20170427154550Bh,0.0
b7dc57db-32ea-4d10-a561-2245dc68d5b7,030101-20170427154550Bh,0.0
f650c081-14f2-4408-b269-cda063027e57,010403-20220721185332Bh,0.0
5af4135a-5107-4fb2-ac35-63507ea1cccb,010403-20220721185332Bh,0.0
5fdc051d-b230-4e2f-bf61-daaae020c793,010403-20220721185332Bh,0.0
bafd1539-d501-4575-b00e-8ee825a328b9,010403-20220721185332Bh,0.0
d1e8eef5-b90a-4776-a0b3-fbdacb844266,010403-20220721185332Bh,0.0
fd078c73-c710-4eba-8d15-949ad1b02190,010403-20220721185332Bh,0.0
8f847fa9-3d2b-4f84-a494-ab6927355042,010403-20220721185332Bh,0.0
45cc592a-ec51-4a71-9a1d-561a893499c9,010401-20220721185332Bh,0.0
a4a00120-8ecf-462f-b6d2-bc7ea552ea57,010401-20220721185332Bh,0.0
b43db465-ba38-4e47-a3b2-5e234f776dc2,010401-20220721185332Bh,0.0
3c604755-b4d2-4ae1-b63e-b14808e274a9,010401-20220721185332Bh,0.0
5fa21355-21e4-4774-88e1-f6f5fe97cef4,010401-20220721185332Bh,0.0
235a71c1-e9db-4228-94b2-b98424a4f6e5,010401-20220721185332Bh,0.0
7313b75c-171a-47cf-b2e2-1d3da40a315d,010401-20220721185332Bh,0.0
e6d0307d-6017-44a0-b064-6eda309adb3e,010401-20220721185332Bh,0.0
68675561-3bd0-4b89-a69d-094fb9078c3f,010401-20220721185332Bh,0.0
0a08caaa-bc79-48a6-82aa-ba009fb5a143,010401-20220721185332Bh,0.0
9279670a-f1fc-4b6e-bcb7-b203b4f71ed9,010401-20220721185332Bh,0.0
79c3abe2-92ac-4d2d-b178-66721cfdd7c8,010401-20220721185332Bh,0.0
1074e70c-74fc-4119-b7c3-9bac37b44f5d,010401-20220721185332Bh,0.0
cf4931f8-0ee7-4d4a-a558-3e098f2b9e22,010401-20220721185332Bh,0.0
45cd3ad5-f31a-4c5f-bf25-d15cd79f7077,010401-20220721185332Bh,0.0
5c66ac77-3082-4928-acda-b4e3dde9f7bf,010401-20220721185332Bh,0.0
806c05d1-11e0-437a-9aac-b1853b6a6f62,010401-20220721185332Bh,0.0
23bde2b2-8bb7-41d7-979d-cb4fba38464a,010402-20220721185332Bh,0.0
ac97ce0b-e5c5-4ac6-a952-664319ec1a40,010402-20220721185332Bh,0.0
4b66ba8b-8aaf-4a3d-9a6f-65b1beefc3ea,010402-20220721185332Bh,0.0
fad43cd6-cf50-476b-adb1-4d7d9aaac0f3,010402-20220721185332Bh,0.0
19e34256-fa17-48f5-b010-a22ade207330,010402-20220721185332Bh,0.0
66a0341a-d00d-44c8-9dc9-ab5a2b11f1cf,010402-20220721185332Bh,0.0
8014d8a5-2bed-4ab7-a623-1427d1c4b19c,010402-20220721185332Bh,0.0
7901eb97-de60-41db-95cd-0b7c79b284b7,010402-20220721185332Bh,0.0
99a47519-d01a-4c49-ab0a-c282bb332fc4,010402-20220721185332Bh,0.0
5348b7d6-6211-41a8-9895-c2583a4ebfe6,010402-20220721185332Bh,0.0
4115b45a-e83a-45ca-81d0-a3088a82a309,010402-20220721185332Bh,0.0
26533790-dda1-4c1e-86a6-833245a296f9,010402-20220721185332Bh,0.0
d3aefdf9-18ab-4b75-9d90-069050533396,020401-20171007133710Th,0.0
6774525b-2fca-49c0-8d03-c5c17500f90d,020401-20171007133710Th,0.0
638d7012-5480-418c-a242-2495c2b9660d,010102-20111027145954Bh,0.0
97dde7c8-37fd-4d07-809c-a742b493dec3,010102-20111027145954Bh,0.0
2f74f7ce-7cad-40d7-94cb-4996cbad1901,010102-20111027145954Bh,0.0
122683c3-b166-44a7-b598-1c5c235fb414,010102-20111027145954Bh,0.0
1301bf3b-9334-4f1f-bd8a-ddc4cd6762c7,010102-20111027145954Bh,0.0
02e0bd26-dd44-4f70-b9b5-02feff48fa74,010103-20111027145954Bh,0.0
140cac52-2a95-45e7-97d5-d892d8689d42,010103-20111027145954Bh,0.0
22120450-9741-4f21-9692-fd3f64feeebd,010103-20111027145954Bh,0.0
52f37d09-25f1-4b46-baff-00eaa5a67fb6,010103-20111027145954Bh,0.0
9b76d989-dc54-43b7-8a31-39033649d905,010103-20111027145954Bh,0.0
f99abffe-d446-45a0-b09c-8e66fb0c9818,010103-20111027145954Bh,0.0
60519c2b-7070-4e10-ad10-24696376ca29,010103-20111027145954Bh,0.0
92fb6afe-41e3-402d-8b57-b03d28ae532c,010101-20111027145954Bh,0.0
441dec33-b1b4-446d-bcd2-d502a2106864,010101-20111027145954Bh,0.0
94e4cf55-57e1-412c-81f3-6ab5bfe16dc3,010101-20111027145954Bh,0.0
092d1197-a0f3-4d86-ae86-6b1bd16bc2b1,010101-20111027145954Bh,0.0
aedeb936-2773-4186-89dc-f2fd6f583622,010403-20121009165914Mh,0.0
7f3d325b-4bca-4c5c-a483-f53e4985f19d,010402-20121009165914Mh,0.0
ae515334-3bf4-4c80-8a93-b2b7863ce579,010402-20121009165914Mh,0.0
b9513991-603e-40a8-a1fd-6a2b517e0dae,010402-20121009165914Mh,0.0
06c74678-e38c-4035-945f-4ebabb574385,010402-20121009165914Mh,0.0
1c5a9fec-9c60-4717-903e-17089491dd2a,010303-20170415145450Bh,0.0
8902bf6a-b8d2-4730-a587-5e67fa15771d,010303-20170415145450Bh,0.0
07242ab7-90ca-409e-a505-e5dd78d465d1,050303-20150305081954Uh,0.0
ad2b3142-768d-4314-b9d8-bd3ccda2a2f2,050303-20150305081954Uh,0.0
e57a0e71-38ee-4d22-bea1-5eb59327da84,050303-20150305081954Uh,0.0
c779637f-e5b5-436a-b349-5edb58bcfe2e,050303-20150305081954Uh,0.0
ed5078c4-3383-4609-a127-7313489c2af3,050303-20150305081954Uh,0.0
4c011ab7-b8a5-45cc-8a99-ea7fc9932135,050303-20150305081954Uh,0.0
76264d08-6899-4969-9706-d3da6bdc4536,050303-20150305081954Uh,0.0
6c98e167-8445-4e41-af30-aefa1685eea8,050303-20150305081954Uh,0.0
1de617c0-7737-472d-89d9-82f348c2a376,050303-20150305081954Uh,0.0
d56bf21f-4174-4bc2-abb3-add30d00c940,050303-20150305081954Uh,0.0
90f9029f-6e23-476a-9b7d-7dd187826c67,050303-20150305081954Uh,0.0
349c3102-f970-4c49-8891-b612baeb2b9a,040201-20120725122934Ch,0.0
e043b550-37c8-46e8-a923-42cf40c86028,040201-20120725122934Ch,0.0
3a0a9967-0939-48d8-b6c2-0044b852a43d,040201-20120725122934Ch,0.0
61d47d4b-1a99-4c79-a11d-67bb527b269c,040201-20120725122934Ch,0.0
825ad8aa-a562-4d42-afb3-81903c6eabaf,040201-20120725122934Ch,0.0
270631d5-8120-4d8c-9398-e1a9676406e4,040201-20120725122934Ch,0.0
a6376569-cf9f-462e-98d1-a601d4e23996,040201-20120725122934Ch,0.0
c4297ee2-f304-42ba-9d3f-897e3b521f57,040201-20120725122934Ch,0.0
d2b484f9-4652-4a08-af5b-27dcbeaa35aa,040201-20120725122934Ch,0.0
720fbb9f-c674-4865-884f-12988931f8f3,040201-20120725122934Ch,0.0
ceeefbc4-ea5f-4ea7-8856-5c8b8a4bf938,040201-20171114133730Ch,0.0
fa4f4097-cdb3-4ca8-b068-5548c89f8c78,040201-20171114133730Ch,0.0
308bacb5-2092-4473-b5ad-d0be1e2ec91a,040201-20171114133730Ch,0.0
c7098894-e7c3-4e96-8aa3-a933c77add06,040201-20171114133730Ch,0.0
601de55f-0a22-4c92-b23b-792d5c023022,040201-20171114133730Ch,0.0
d0fd30a6-d3ea-43d9-8dcb-f9ca63dadd95,020403-20140212024554Uh,0.0
16e2be87-b12c-4bd5-af6b-9b7deb3eb3be,020403-20140212024554Uh,0.0
cfd9a6dd-960d-4674-bada-3014d12be06a,020403-20140212024554Uh,0.0
b5ed70f3-4c84-4d6b-8196-ee4fd8aa2dbc,020403-20140212024554Uh,0.0
cfe9ac9d-3e97-4863-ad08-0b876ed3b065,020403-20140212024554Uh,0.0
5fae4df8-b26b-473a-a2b3-7072b26f8712,020403-20140212024554Uh,0.0
0878bfc1-b650-4d35-b80e-1602e945738c,020403-20140212024554Uh,0.0
71353d38-09d3-4c3b-9815-a699c95124b7,020403-20140212024554Uh,0.0
d303476f-d4e7-40b7-b76c-1a4819efe91b,020401-20140212024554Uh,0.0
5b273d65-fe0e-4488-aa4d-37337bbc2276,020401-20140212024554Uh,0.0
eff99284-917d-416f-b4e5-b7f527f0a56f,020401-20140212024554Uh,0.0
cf72cf00-3b1d-4161-ae6b-410af7e9196b,020401-20140212024554Uh,0.0
720b0d82-0879-40a4-ace9-ce8e0c954f39,020401-20140212024554Uh,0.0
5ada30c6-0a4e-4db9-b16f-f7b8c9984854,020401-20140212024554Uh,0.0
079a2871-5ef4-4c38-a3d4-39e628394035,020401-20140212024554Uh,0.0
c5756b03-7a15-4f55-bb48-d54113954dfe,010201-20170726235030Lh,0.0
9aca0d43-2b16-4b99-b060-3da57df827b1,010201-20170726235030Lh,0.0
44584097-6bce-451f-a5a4-dd03857c3fc3,010201-20170726235030Lh,0.0
4686b4c7-8866-410f-a14a-0eb41d7bd09c,010201-20170726235030Lh,0.0
a5284c7a-2ac2-40d4-a2bf-5e2b42386e64,010201-20170726235030Lh,0.0
68b5e126-3d29-4908-aced-71b1e9ccb29d,010201-20170726235030Lh,0.0
ad34a93f-d328-48ad-9b66-e8ecb6039637,010201-20170726235030Lh,0.0
903a5bb9-c91e-445c-be26-9b945a5e90f0,010202-20170726235030Lh,0.0
d03c901b-c120-4fda-8300-a8fd7dcb9d4a,010202-20170726235030Lh,0.0
8f798e5d-dd6a-41fc-989e-a64ab41a3cd2,010203-20170726235030Lh,0.0
a2e2dbf4-2842-4b02-bc4c-82f244b53d28,010203-20170726235030Lh,0.0
652d1b0a-2f05-4217-91fd-7a67ef410445,010203-20170726235030Lh,0.0
6c4154f2-96da-49f3-9779-bc2b209a4b97,010203-20170726235030Lh,0.0
584f1d17-279d-4420-b14d-e93f937215a9,010203-20170726235030Lh,0.0
72df1e1d-853e-4268-93dd-243b467c9a68,050202-20110425063154Uh,0.0
ec920bf9-0d12-471c-9e5e-0ddaad4f24f7,050202-20110425063154Uh,0.0
c4c46a1e-e8f6-49b2-9725-d0c11fcc22d5,050202-20110425063154Uh,0.0
19e18583-45f8-4ec8-b27a-5932d72e2395,050202-20110425063154Uh,0.0
222212f8-ad7a-45ba-8526-d60cd6c8d660,050202-20110425063154Uh,0.0
cd50d210-1e5e-40a8-bf95-b853b8cc586b,050202-20110425063154Uh,0.0
ee07f224-21d5-4d0a-8aaa-c56e636bf67d,010101-20160401170314Mh,0.0
8e31b487-e9b4-4536-a7cc-ca3947bdff8c,010101-20160401170314Mh,0.0
093c47a6-73f2-491e-853d-d8d1e1692af3,010101-20160401170314Mh,0.0
dd399c8d-b886-4fb0-a56f-cb0fb95e2331,010101-20160401170314Mh,0.0
bea2aafd-942d-4b99-8920-83cdf3823c08,010101-20160401170314Mh,0.0
7a139eb3-fa7b-4e4f-8722-6773199409d9,010101-20160401170314Mh,0.0
7a7edbd6-204c-4b67-b6ab-2a2f34bb90b6,010103-20160401170314Mh,0.0
18a93d0f-5bc7-468a-a0e4-938668abee81,010103-20160401170314Mh,0.0
a37368c0-9b2f-48ff-b678-4730d2b09745,010103-20160401170314Mh,0.0
ba5a5869-a8cc-4f86-b6a8-b1e2917e5135,010103-20160401170314Mh,0.0
be6ceff0-5d34-4f42-b038-3cc6fc44248a,010103-20160401170314Mh,0.0
32f75c3c-ac28-40af-b73d-8375c38ccd29,010103-20160401170314Mh,0.0
15d8b73e-2e7d-4149-ae46-94d4121d6792,010103-20160401170314Mh,0.0
4fab7b3f-2a42-46c2-bcd2-f29620f85ff4,010103-20160401170314Mh,0.0
14fb8591-9cde-487f-87d9-ec2736f8f54a,010102-20160401170314Mh,0.0
72f86233-4d13-4e61-95c1-8542b9248dac,010102-20160401170314Mh,0.0
097174b9-1a84-4647-a1d2-6f322298c6e9,010102-20160401170314Mh,0.0
874fb531-806d-420a-a00f-d8d2862aa4e3,010102-20160401170314Mh,0.0
f3211347-8637-4420-bae2-efe764cbec4b,050103-20181101230010Mh,0.0
818ce5e0-23ee-4457-bbf0-00e56340084f,050103-20181101230010Mh,0.0
a48bb4c8-cb90-40c2-a406-f05e4b723a54,050101-20181101230010Mh,0.0
31e18bb4-fbd2-4927-992f-316ea93feaf2,050101-20181101230010Mh,0.0
4c047c35-58e5-41a4-a427-5d0240ede89a,050102-20170609133710Th,0.0
eb733995-44ae-4e4c-b3b2-28d9ebb423d5,050103-20170609133710Th,0.0
9293e21e-adbc-49fc-b6ef-100ab912eb66,050103-20170609133710Th,0.0
66ac004f-aae7-4378-a6eb-90d2197ce918,050101-20170609133710Th,0.0
323972d5-1ae6-4298-addd-908c336ac22b,040201-20140903073614Th,0.0
60c7b940-7dc8-4fc1-a4e3-7d9b4cfe962e,040201-20140903073614Th,0.0
b7b991a5-f9ef-47b8-add8-3920b80a7b80,040201-20140903073614Th,0.0
fd8eb3f4-627d-4192-bad3-7b5b88379739,040201-20140903073614Th,0.0
f894cde5-f913-4600-9e2b-cb609cfe58ba,040201-20140903073614Th,0.0
46049c9f-2108-4d74-a9d7-55114840ae87,040201-20140903073614Th,0.0
0bf6522d-6f32-43a9-b098-59d6ee709ac6,050102-20160101133714Th,0.0
0bdd1520-df23-4054-a742-4fa85179a220,050102-20160101133714Th,0.0
7b97aa8b-4c19-4ace-b2b7-14c50c1a150b,050101-20160101133714Th,0.0
c28f799a-0409-4402-888b-f7150243c68a,050101-20160101133714Th,0.0
55855988-d6c9-474d-9d21-181fc8e4d15e,050103-20160101133714Th,0.0
ec181ce1-a45a-489e-9aab-ddf292a6cc8e,050103-20160101133714Th,0.0
06cc6d63-1e98-4001-9061-35c1602d1655,010101-20140513012554Uh,0.0
039f4fbe-f9d2-43b2-8e0d-ef10f76cf9dc,010101-20140513012554Uh,0.0
670018b7-8c14-4460-a3c9-4c001221f6ac,010101-20140513012554Uh,0.0
5a79c23d-4eb3-4b36-ae26-7821b81f20a0,010101-20140513012554Uh,0.0
49cf05f5-bee9-4a28-8701-b56a2faab0ff,010101-20140513012554Uh,0.0
0de54726-f631-499c-b638-6d4563e0ee53,010101-20140513012554Uh,0.0
e513badd-4318-4213-bcdb-394066d7d15b,010101-20140513012554Uh,0.0
c76ac1c2-90f1-4aa0-98bb-93363bc7c6ea,010101-20140513012554Uh,0.0
2c9f1fdb-dc54-4448-8a2b-196914485029,010101-20140513012554Uh,0.0
5300328b-bab1-4de4-b2ac-e579e459e6f4,010101-20140513012554Uh,0.0
46e5b5bd-8cd7-4774-9aea-ef9114c11fdf,010101-20140513012554Uh,0.0
b0816949-2a8f-4b65-ade2-1ad456a03e95,010101-20140513012554Uh,0.0
bfbd8628-a0e4-48e3-9150-487ae0c4e698,010101-20140513012554Uh,0.0
04b2284e-020a-4f12-acd0-d136fa3a8ab7,010101-20140513012554Uh,0.0
25a75255-8256-434e-9c40-8b50e73521d2,010101-20140513012554Uh,0.0
ec82dc63-987c-4976-bd2f-c5c58d74d4f6,010101-20140513012554Uh,0.0
4f9d1b9d-e8d9-49cd-b5f5-f499a5e62963,010102-20140513012554Uh,0.0
a34fb92a-7791-4bce-991b-0e10b46eb336,010102-20140513012554Uh,0.0
009ab42d-e7d9-41c3-86eb-04297ce2f1a6,010102-20140513012554Uh,0.0
c71480de-24bd-486b-9a94-25a66ef7c280,010102-20140513012554Uh,3.952299999999923
b0ad0d9d-3215-4318-952a-11b28cbc35f0,010102-20140513012554Uh,16.443700000000035
72fae532-01d9-41b5-ae49-e8d632decb01,010102-20140513012554Uh,0.0
124c9ab6-7096-4cd9-baf0-2f3ef8286bdb,010102-20140513012554Uh,0.0
4be67c6f-0df1-4858-b425-e78807686461,010102-20140513012554Uh,0.0
2c72612c-ae10-4ac8-aa0e-f9fde330df87,010102-20140513012554Uh,0.0
d08b4046-4197-4efb-9c85-bb8df155bb65,010102-20140513012554Uh,0.0
111da7fb-cd88-4236-ba85-74dd106d7176,010102-20140513012554Uh,0.0
d475aef7-9af5-4bc5-9f35-4de5e140af5d,010102-20140513012554Uh,0.0
00272dd9-e4da-4f20-8253-ed7362d893e5,050202-20140908231334Lh,0.0
b3965bbb-508b-4eee-81c2-27a640cd36b4,050202-20140908231334Lh,0.0
3e9c83f4-1141-488e-b0b0-750aa0293dfa,050202-20140908231334Lh,0.0
dd3aa350-e764-46ac-bdeb-e406f6b1d27a,050202-20140908231334Lh,0.0
34e0d492-ee8d-4eb3-887a-4a2641abc053,050202-20140908231334Lh,0.0
010c850b-75da-48cb-a305-eee66dbfdf0d,050202-20140908231334Lh,0.0
13a78aae-6ce9-4285-8c18-4943863a6a22,050202-20140908231334Lh,0.0
501766b8-f14e-4bae-b17d-9cda669b375d,050202-20140908231334Lh,0.0
3911803f-a783-4f60-8b33-c24ca3729c31,050202-20140908231334Lh,0.0
93509065-f281-4a47-99cc-2df76c466508,050202-20140908231334Lh,0.0
26e23ec3-adcd-42b8-8213-19b49983fcc6,050202-20140908231334Lh,0.0
93666e0e-6ffd-4eeb-b3e1-7eb86b018ea9,050202-20140908231334Lh,0.0
983f3031-898e-48c6-86c3-c02cd7258daf,010202-20170329133730Ch,0.0
df6967c6-2b29-4e35-84c1-56ff83a08ac9,010202-20170329133730Ch,0.0
c6d0503c-3d6a-4761-911f-4ad702f41243,010203-20170329133730Ch,0.0
176e372e-a6d5-48cd-916e-711c779b06e3,010203-20170329133730Ch,0.0
7ad8e57d-4ea7-4075-ba4c-f9112f140070,020101-20220718185352Mh,0.0
0b5db1ca-3dac-47a0-b7ca-3e41c4a2637e,020101-20220718185352Mh,0.0
ec0d5170-ece0-483d-a2b9-4ad3a2cd617c,020101-20220718185352Mh,0.0
d5bade44-ad8a-462c-bd7d-334d904d87f0,020101-20220718185352Mh,0.0
737fa99e-58c8-43f7-83a1-657acd1d950c,020101-20220718185352Mh,0.0
0c641d97-9309-4893-9493-7af89aa958e2,020101-20220718185352Mh,0.0
ca4af932-25a8-4353-ac91-c59cbb96c957,020101-20220718185352Mh,0.0
edcac304-1316-441e-818c-c67555e686c3,020101-20220718185352Mh,0.0
786256f9-0090-4828-8924-d07a34825bfb,020101-20220718185352Mh,0.0
bb255796-9d3e-44ee-9f0e-6c4ed5b1dcff,020101-20220718185352Mh,0.0
d76a5fa8-198c-4dcf-b592-e654ba47488c,020101-20220718185352Mh,0.0
e41f2f4c-6915-410a-b771-52d9289d8fee,020101-20220718185352Mh,0.0
605192e6-1ac9-4343-8251-b2dfbc5bd425,010401-20111009110234Ch,0.0
067fa901-5764-4ecd-941d-035600eaa83d,010401-20111009110234Ch,0.0
4c150c3a-d7de-40ca-9ff0-b80f41b5d6bc,010401-20111009110234Ch,0.0
eb331693-11e6-4b79-b6f2-03afea5b0476,010401-20111009110234Ch,0.0
0172b8bb-0e5a-44c5-83cd-74e26027081e,010401-20111009110234Ch,0.0
a4ddc3a1-7c0e-432c-9951-bb67524b03ae,010401-20111009110234Ch,0.0
c851271a-5198-4667-b6c3-65a626526c2a,010401-20111009110234Ch,0.0
e58fa02f-16a9-4bdd-a17a-c9eaded06a1a,010401-20111009110234Ch,0.0
99118f59-03f0-4231-8575-70949542a5d6,010401-20111009110234Ch,0.0
22b641ac-8b58-46fb-b862-fc38b499a894,010401-20111009110234Ch,0.0
eb51c7a1-b596-44ae-b2e5-2ff756f1cf58,010402-20111009110234Ch,0.0
4da1c924-1989-44d7-9407-7666b5c84a32,010402-20111009110234Ch,0.0
2f8168eb-a32e-42c2-a2ff-450482a301fc,010402-20111009110234Ch,0.0
72467d31-355e-4de5-ba76-17fb3a2dbbb6,010402-20111009110234Ch,0.0
3f879a2b-5f2d-42d4-ba9f-637c46181872,010402-20111009110234Ch,0.0
5d85c583-d346-4acf-9e39-14d59ec8871c,010402-20111009110234Ch,0.0
14e7304b-8e0b-4fa3-8bc9-bdecfd7ca202,010402-20111009110234Ch,0.0
a8a61dc9-939f-4d42-89ee-230f2a5e318a,010402-20111009110234Ch,0.0
7c6ef25a-cda4-4b5a-8633-16dc481af228,010402-20111009110234Ch,0.0
2527f121-b53c-4e3a-922e-5c723f57936a,010402-20111009110234Ch,0.0
5831dff9-a979-4c2a-8f90-5cd65d49be6b,010402-20111009110234Ch,0.0
a34f37d9-4c83-4d67-a4f7-92360301853e,010402-20111009110234Ch,0.0
e8c1742f-e6c1-4bcb-8476-3e7775ab78ad,010402-20111009110234Ch,0.0
cfeebc98-f6b4-4f0f-a6bd-71fc83b6e296,010402-20111009110234Ch,0.0
671439ac-7401-42cb-b1df-3df76e5e0d70,010402-20111009110234Ch,0.0
8b823bdf-7c71-4889-87d0-8328b0e78192,010402-20111009110234Ch,0.0
f03aecea-2c56-458e-a144-ae2ef617437d,010403-20111009110234Ch,0.0
540062f8-d27d-4a4f-ae46-8e25d4ea1f0c,010403-20111009110234Ch,0.0
1ffeb01a-4517-4117-b5bb-b31dccab6dfc,010403-20111009110234Ch,0.0
a9ed2ae5-6e61-44b2-bfe1-0cfc2149272d,010403-20111009110234Ch,0.0
0a10e15d-a29c-49a5-b9b1-e02a9c8953d5,010403-20111009110234Ch,0.0
c49d8512-fc22-4a12-831c-83ba3b1f9160,010403-20111009110234Ch,0.0
d4925a37-aaab-4ea7-9cf2-ffea23eb159b,010403-20111009110234Ch,0.0
ae110193-a8a3-44d3-ac3c-b874945baad7,020401-20141225024354Uh,0.0
bcf1ed1e-26d2-4b55-ae86-3c373e58b8f3,020401-20141225024354Uh,0.0
eb84406e-b0ed-4143-a6ea-eea3ff2338d8,020401-20141225024354Uh,0.0
9e2da3f7-b96f-427a-b81f-827f65c78ca7,020401-20141225024354Uh,0.0
6c2e72ae-16d9-4f84-8b89-32595aee9eed,020401-20141225024354Uh,0.0
8dcf0091-f2e9-4d33-83c9-c605a9131cf8,020401-20141225024354Uh,0.0
2d7f55fe-0c83-4a53-83b1-1cccd20c730a,020401-20141225024354Uh,0.0
99dcf46b-3ea4-4a9f-b712-15bd6290f906,020401-20141225024354Uh,0.0
3e3ea6b6-0466-4629-b08c-29257ce20310,020401-20141225024354Uh,0.0
8aa02926-2bc2-42dd-9c58-8b391dc9bf02,020401-20141225024354Uh,0.0
b9c2137e-e009-47f8-9dfd-4e68b53e095d,020401-20141225024354Uh,0.0
3a988882-49b8-481e-aa9e-1ed94d8ed931,020401-20141225024354Uh,0.0
f50a2391-e7c3-4e22-8cab-a184efce1132,020403-20141225024354Uh,0.0
87f8f531-84b1-4817-ae99-299f74e53638,020403-20141225024354Uh,0.0
d15cdda4-085b-4c23-8b28-24d4a59ad932,020403-20141225024354Uh,0.0
00df10e7-4a10-400a-9af0-57eccada0c94,020403-20141225024354Uh,0.0
6252667d-4f2d-46c1-8b65-8358ec7646b0,020403-20141225024354Uh,0.0
84a41c8b-2e67-4e0c-aa62-8dab044f06d0,020403-20141225024354Uh,0.0
48b77866-179a-443b-a296-09a567542414,020403-20141225024354Uh,0.0
a99be02b-b9f2-4b09-88d7-246313aeeec3,020403-20141225024354Uh,0.0
e8038b97-1e4f-4888-8f8f-2d1780ffd522,010201-20120729122634Ch,0.0
5c3aad2a-c9bd-4f68-b0c9-418da9514747,010201-20120729122634Ch,0.0
808ed371-098d-4e20-9b42-e6b258c13bd2,010201-20120729122634Ch,0.0
fdb9a925-82c9-4fab-8e91-817d3c95245c,010201-20120729122634Ch,0.0
5674c87f-6acd-4737-baee-20d575e15618,010201-20120729122634Ch,0.0
2345ccd9-c50b-4692-9d32-39939865743b,010201-20120729122634Ch,0.0
7da29a33-4154-48ed-b28d-dd75cdcaa419,010201-20120729122634Ch,0.0
7322457f-5e71-4954-b02d-e9ac7f306999,010201-20120729122634Ch,0.0
ea67cd94-9988-4b1d-b5d8-4a551a363f02,010201-20120729122634Ch,0.0
6cacf2d8-12d2-4189-9aad-77b32bf71b3f,010201-20120729122634Ch,0.0
16b25f8f-1066-4415-9b5e-7f2d7e8b7c26,010202-20120729122634Ch,0.0
00605af5-fba2-4604-9bb9-2bd685a2e94c,010202-20120729122634Ch,0.0
cc41792b-1d00-45cd-90a7-79e4423196b6,010202-20120729122634Ch,0.45820000000003347
4efed4b4-a4d5-4ba3-9fa9-7d853428e428,010202-20120729122634Ch,0.2988000000000284
6a4e7f0e-81c3-4451-8b9a-04d1ac763429,010202-20120729122634Ch,0.0
f32bad17-893b-4dcf-a295-d90fd849254b,010202-20120729122634Ch,0.0
9e2a4bb3-c6a5-4ae0-b322-7791baaf516a,010202-20120729122634Ch,0.0
2efb35ae-c543-46f1-81b4-e74bbd949fe7,010202-20120729122634Ch,0.0
14e58ad1-6a37-46d9-bad5-f8d6e3572223,010203-20120729122634Ch,0.0
3a7279da-1113-4c8b-bef1-aa5c250d1232,010203-20120729122634Ch,0.0
11a764a1-fba6-4dda-853d-045b2440bc44,010203-20120729122634Ch,0.0
20ac2480-5180-4583-a8c0-a0e8249aac8c,010203-20120729122634Ch,0.0
e6c7e6f8-62f5-4861-b4a5-f8cb34b6450a,010203-20120729122634Ch,0.0
86afe2b9-0cda-4ed3-a85e-fa35446c53a0,010203-20120729122634Ch,0.0
e91345cc-e1dc-4c5e-9f99-7e8ae0f1ea79,010203-20120729122634Ch,0.0
9c9e7e05-9a23-400b-beb4-9ab8c1c52801,010203-20120729122634Ch,0.0
bab7f549-f4ea-4a49-9c78-0c348f7fe4b2,040102-20140603070414Th,0.0
d294df55-0d7f-44e0-8d6b-b583705fb2d4,040102-20140603070414Th,0.0
827a6333-1ebf-4084-95e2-f313e1b37edb,040102-20140603070414Th,0.0
e8a7ed1b-e471-4280-a891-690c1afd85b8,040102-20140603070414Th,0.0
898116fe-bb05-406b-ba52-16a161ddb712,040102-20140603070414Th,0.0
a72f78f6-cf7a-4e6e-bd45-51af37dea982,040102-20140603070414Th,0.0
e2cc80cf-68e9-472f-b4bf-17ab063ff83b,040102-20140603070414Th,0.0
ec82fafc-89b2-4d42-bff5-daba868bb78d,040102-20140603070414Th,0.0
dcb974ca-5798-4594-af6e-5516b041c818,010403-20171007133730Ch,0.0
34de6c4d-30ef-4380-987e-16a95fdaf26f,010402-20171007133730Ch,0.0
374ce092-02c6-467a-8d7b-82091a2029bd,010402-20171007133730Ch,0.0
442bfca0-567b-4c59-89b1-a1868f8f4774,010402-20171007133730Ch,0.0
11c82457-e9f4-450d-9068-443b1c023188,010402-20171007133730Ch,0.0
651c072c-4de3-4071-9259-2f8be182c70f,030401-20140401014754Uh,0.0
018c76c3-778e-4dd9-a7f5-a6cbf2c957c4,030401-20140401014754Uh,0.0
b6f1486a-2c2a-4533-b43a-19d42d941837,030401-20140401014754Uh,0.0
887160cd-a7ee-40ec-acc8-9e8fd1bc9cb9,030401-20140401014754Uh,0.0
0808412d-39aa-4ff2-ab09-7241d9c9d481,030401-20140401014754Uh,0.0
cdfc703d-0c66-4419-b34f-0247c2eef070,030401-20140401014754Uh,0.0
f1fd6eed-5bf0-42c2-b0ab-d135ba6a691a,030401-20140401014754Uh,0.0
e217b470-9f90-448b-8d92-776848059f37,030401-20140401014754Uh,0.0
a504759e-caa5-4752-a2c1-fa9daa9a777e,030401-20140401014754Uh,0.0
18a58257-93b1-4422-bc49-fd614428c620,030401-20140401014754Uh,0.0
01fe16d5-5e90-4a03-b6e7-1336b35cec57,030401-20140401014754Uh,0.0
65315e42-5709-4e53-96da-245b9f54d4b8,030403-20140401014754Uh,0.0
2e7c0e9e-70e8-4cc2-8654-2302c988567e,030403-20140401014754Uh,0.0
ff959f0f-a0f8-421a-be6b-685d0a9af15a,030403-20140401014754Uh,0.0
2f60ff34-75e8-4834-940a-6aa2159b8b3c,030403-20140401014754Uh,0.0
84d39fea-b12b-46c8-9a6f-c41370bc5a8e,030403-20140401014754Uh,0.0
db1764b9-af65-43e5-be76-8de72b414f21,030403-20140401014754Uh,0.0
74a4d398-5eac-467b-a19c-18e52f700ffd,030403-20140401014754Uh,0.0
5c2152a5-c191-406e-b16a-310008fba868,030403-20140401014754Uh,0.0
6405095b-f5bd-46ea-a2ed-e719068a90cf,030403-20140401014754Uh,0.0
30b9b510-b8dd-43a9-9b33-e952e71ac6eb,030101-20150501120634Ch,0.0
1c468455-3570-4051-9b24-e18c32a2db23,030101-20150501120634Ch,0.0
75a01a21-0ddd-48fb-a2fa-66ce9e7c4c36,030101-20150501120634Ch,0.0
05628efa-7b13-471c-9df9-cf7ca78da3ad,030101-20150501120634Ch,0.0
db63e692-1b3e-46a6-874c-82466fe216ec,030101-20150501120634Ch,0.0
ebaad50f-8e13-4c04-a777-4e4ca572d6c5,030101-20150501120634Ch,0.0
c8a03c5c-601e-4f62-800e-05b2d56026da,030101-20150501120634Ch,0.0
f021ac48-238c-4c9f-add2-a02e99bdd51e,030101-20150501120634Ch,0.0
0453a27e-91d6-4732-99d5-d09d77071fda,030101-20150501120634Ch,0.0
0780c0e1-9e51-4339-bbb3-cbe3bf64251a,030101-20150501120634Ch,0.0
146b22db-d958-4a8e-a4ec-fa2125287d4b,030101-20150501120634Ch,0.0
c1bf148c-7419-4bba-8822-cf036794019f,010103-20140509195814Mh,0.0
327f209a-c7eb-4f87-974c-0e76ca29e91a,010103-20140509195814Mh,0.0
12d70e1c-149c-4ac8-be2b-6f1df7d7df41,010103-20140509195814Mh,0.0
c4a67f55-78db-4c5e-84fe-42f59cecc100,010103-20140509195814Mh,0.0
296bed39-0297-432a-8bd1-ac4e09b2d0a3,010103-20140509195814Mh,0.0
3a9ec33d-d50a-4d15-953b-aebe06d71ecf,010103-20140509195814Mh,0.0
753eb1a4-3d68-411f-9664-828a2d6e39bb,010102-20140509195814Mh,0.0
dea8a10b-3ad9-4b04-b2d1-870f42b55947,010102-20140509195814Mh,0.0
0cfd6cd6-9560-4404-a15c-48bade0ea265,010102-20140509195814Mh,0.0
57ba7ede-fd57-4477-8450-8821925b9bd9,010102-20140509195814Mh,0.0
55b549ef-d588-40ce-9cb6-ed0628849ba2,010102-20140509195814Mh,0.0
ec915738-4dba-46a8-ab3b-401d4fe26bfd,010102-20140509195814Mh,0.0
56225ecf-e020-499a-9863-20f07a2e2cfe,010102-20140509195814Mh,0.0
90d56d58-63d9-4930-8a6e-d384718a4d92,010102-20140509195814Mh,0.0
bdfe5111-a2fb-403a-9c03-a4686695d556,010101-20140509195814Mh,0.0
f01387f8-2d33-4bb3-87c3-c4d94d791e76,010101-20140509195814Mh,0.0
d310f42d-c648-4a41-8e45-170812efb019,010101-20140509195814Mh,0.0
81ddabed-665f-40bc-8361-5b77b60d6dde,010101-20140509195814Mh,0.0
1c66aef5-ea84-467e-995c-d1ac0eb2eba4,010101-20140509195814Mh,0.0
ec3848c7-6a23-48df-ad49-faf5525b93e6,010101-20140509195814Mh,0.0
ec123020-5b03-4c10-a019-2d39173284e1,010101-20140509195814Mh,0.0
d63bf9be-12f7-4511-ac52-74fa65e6df62,010102-20150518145654Bh,0.0
91d426ad-2f5d-4804-8234-759a1ca10319,010102-20150518145654Bh,0.0
3b2ce7b0-ed46-4a67-a0ea-f0425f7f8da7,010102-20150518145654Bh,0.0
c3642394-f6ee-4199-9ebd-4544b50fd66a,010102-20150518145654Bh,0.0
31b72fef-e423-43fb-9bdc-f32ae85249b4,010102-20150518145654Bh,0.0
d040ef3b-920f-4cf1-8099-c38dd055d8e8,010102-20150518145654Bh,0.0
c218603d-7aaf-478e-add5-dca76c30d045,010102-20150518145654Bh,0.0
37ef8b5e-abab-4116-9538-067de789eb3e,010102-20150518145654Bh,0.0
9fedf8f2-4e52-4280-a1e5-f6e171e8a0f3,010102-20150518145654Bh,0.0
edd8a993-7917-4fe2-9ed0-08bec97c20c2,010102-20150518145654Bh,0.0
8398e4bc-c6d0-44a7-a1e7-029617b4f3f4,010102-20150518145654Bh,0.0
e44f5cec-af27-4d2b-b992-3842cde2b538,010102-20150518145654Bh,0.0
5e0f82e6-0f28-4166-a8a0-261b92bdae7a,010102-20150518145654Bh,0.0
6f0c22d6-2ef5-4574-b216-fb87c3e8f885,010102-20150518145654Bh,0.0
17d93427-7aca-4a11-9795-01100f20cebf,010102-20150518145654Bh,0.0
99375ffa-08c0-46e4-8be8-9d3ebbffcfd1,010102-20150518145654Bh,0.0
ce7c9f65-7c52-46a7-a1b9-7e5768eb0407,010102-20150518145654Bh,0.0
47168759-8df0-4d8b-868d-e482711c30ff,010101-20150518145654Bh,0.0
03abf427-d653-404d-bf77-ebd9fb3febbf,010101-20150518145654Bh,0.0
0974e3ff-9bc7-4054-8270-10ab1d4f1d86,010101-20150518145654Bh,0.0
27723969-59d7-4ad1-85f8-d8594a1ac56b,010101-20150518145654Bh,0.0
9552f9ee-e38e-4315-9ae9-9548afc3eca3,010101-20150518145654Bh,0.0
e231c62d-59d7-477b-957d-88af4d299d04,010101-20150518145654Bh,0.0
814248ff-40da-493a-a0dd-2dfc775ecc0e,010101-20150518145654Bh,0.0
e696e266-f7b3-4bd2-b3c5-58528e4d80f3,010101-20150518145654Bh,0.0
2bccbc99-4a9a-4621-b5f0-a527551ff407,010101-20150518145654Bh,0.0
5583d586-be3c-4da1-83dc-23ff8fa26a62,010101-20150518145654Bh,0.0
021a35e8-4734-4109-b27e-f41c1e44f233,010101-20150518145654Bh,0.0
f0dfa246-4a8e-4470-bff0-7c511e88278c,010101-20150518145654Bh,0.0
957f7e28-2df4-4784-9a45-9211ffa44506,010101-20150518145654Bh,0.0
eafd2933-8cd7-484f-a476-a9a29a08877e,010101-20150518145654Bh,0.0
9836446d-94d6-402d-b591-e5d9f13456f8,010101-20150518145654Bh,0.0
a0ebc9c5-35ee-4f3f-baf9-55a0839d3b8e,010101-20150518145654Bh,0.0
b4d377ca-78ea-4675-95a6-154b5f7fc003,010101-20150518145654Bh,0.0
26dc78aa-fd16-4618-850c-945558867e07,010101-20150518145654Bh,10.742799999999988
3beaf116-a4cb-44c5-93a0-fb628d3285e9,010101-20150518145654Bh,0.0
e2ef0af9-6608-440c-b6f2-f03f235777f3,010101-20150518145654Bh,0.0
1266baf7-084c-4fe2-9673-359a227f500e,010101-20150518145654Bh,0.0
6981872a-4b0d-4f71-bac4-294c6f3a6229,010101-20150518145654Bh,0.0
8933592b-f3e4-4c1e-a905-7a6245bc9622,010101-20150518145654Bh,0.0
0d025ec5-3112-4bdf-b055-6c34fed17cb8,010101-20150518145654Bh,0.0
add0cb74-865c-48b8-8847-a0f26b511627,010102-20151122172614Mh,0.0
15c717e1-8a93-4878-90eb-bcceb240d52b,010102-20151122172614Mh,0.0
b70c0422-405f-4e3a-988f-c39c76c9efbd,010102-20151122172614Mh,0.0
223cd1ef-ed3b-46a3-9f4a-532cc04c63d1,010102-20151122172614Mh,0.0
8c8b2847-f9d8-4434-ac5f-adc729f6ab5b,010102-20151122172614Mh,0.0
6b0d9736-e405-406e-b110-ed3e3e3ab30c,010102-20151122172614Mh,0.0
91d85ca1-a484-4246-93cc-305bfa3d9633,010102-20151122172614Mh,0.0
3b5dd1b2-14cb-4274-93a9-dfdbd4ba9b6f,010102-20151122172614Mh,0.0
cef216ff-83e3-44e5-a680-20d47cb2339f,010102-20151122172614Mh,0.0
082fd74f-582c-4de0-b585-6fe9612b17cd,010103-20151122172614Mh,0.0
a0cce052-6fbd-4111-a702-b75204b4d9cd,010103-20151122172614Mh,0.0
56b78089-5671-48da-af1e-9ee8af17d0cd,010103-20151122172614Mh,0.0
ca6e6ecd-3689-4c53-9188-6eddc8373d2a,010103-20151122172614Mh,0.0
74942762-059e-4acc-aba2-eda4f730de7d,010103-20151122172614Mh,0.0
bb2cade8-0ca8-4db9-b178-70d339bd5025,010103-20151122172614Mh,0.0
7c70224a-b41a-4bea-8cea-352791170370,010103-20151122172614Mh,0.0
8d4d7cc5-e0eb-4568-b2a2-a88b08579f81,010103-20151122172614Mh,0.0
4b0c5729-88cf-4b57-8cf3-101625910de2,010101-20151122172614Mh,0.0
afef116f-6e52-4383-b8e4-6b91076d9521,010101-20151122172614Mh,0.0
bec8ea18-611d-4dff-bd0b-73e9607946c1,010101-20151122172614Mh,0.0
8fc656fc-7a9a-4a0c-b91a-c91dfe52e8d2,010101-20151122172614Mh,0.0
cd5f98cc-8188-4f08-a34a-de154554287f,010101-20151122172614Mh,0.0
1367e461-7342-4770-8046-56c205a82df6,010101-20151122172614Mh,0.0
889512fb-4024-4a13-a111-2a1daa7e20da,010101-20151122172614Mh,0.0
eee943e6-e02e-4820-a30f-4a5d6e921d12,010101-20151122172614Mh,0.0
f805afab-21dd-4414-9418-0091525974c8,010101-20151122172614Mh,0.0
3192a810-dd88-40da-8a24-055c4322185c,010101-20151122172614Mh,0.0
06927815-9ada-4bbe-88e6-302aa8013239,010101-20151122172614Mh,0.0
85bf5e4d-0d0a-4501-96ab-3976160a2006,010101-20151122172614Mh,0.0
d436e261-72bd-4b85-9a55-2da74c10199b,010101-20151122172614Mh,0.0
20a38841-e51b-4ef3-8a69-4ecd0b93f734,010101-20151122172614Mh,0.0
5c2738ce-e9e1-494a-95d0-9352f98b90ff,020401-20130219063134Lh,0.0
e01d8f25-d744-494c-a870-0a54def651d4,020403-20130219063134Lh,0.0
87251ba9-0251-43aa-9830-34ddc4868910,020101-20170701235630Lh,0.0
91a3b0d9-05b0-46b4-9bd2-32432c71c3b5,020101-20170701235630Lh,0.0
b4f48d69-de75-4333-b384-977639a9ce65,020101-20170701235630Lh,0.0
ca8c0bef-ee15-4e47-bdcd-a47a99313499,020101-20170701235630Lh,0.0
0d96ad5e-8007-49df-9e1d-14ace9a8bbc0,020101-20170701235630Lh,0.0
026b2eff-c885-46be-87e4-7add4a611c27,040401-20141010195834Ch,0.0
f4cf8446-73bf-4981-85b1-c06a915e9e27,040401-20141010195834Ch,0.0
a3acd8c7-2d06-42da-845b-6f4783e3b90b,040401-20141010195834Ch,0.0
6e3dce53-85a6-4a37-aea9-12d37b4d456c,040401-20141010195834Ch,0.0
92819fc0-1afb-433a-ab70-a9de8ceb0965,040401-20141010195834Ch,0.0
5f071d90-95b7-4bee-854c-3d9c9ca02cd5,040401-20141010195834Ch,0.0
280f32d2-7a21-4b55-9602-73e6dab6acf7,040401-20141010195834Ch,0.0
42f2e06f-65c3-4bf5-8721-9606ad666f42,040401-20141010195834Ch,0.0
a8b85ee6-bcc4-441d-a9dd-7fe53f6161c1,040401-20141010195834Ch,0.0
8a86f819-4f7b-4d7a-9e31-5ba07097e2b3,040401-20141010195834Ch,0.0
7e887d83-53dc-427f-84b1-bb6b8b8ac605,050102-20150731082034Lh,0.0
dcdc030d-4692-4566-990b-be64e90a5151,050102-20150731082034Lh,0.0
81067689-b41c-445c-bfda-2c59cf89dc07,050102-20150731082034Lh,0.0
6894fc9c-97fd-4185-a2bf-381f8aba0f96,050102-20150731082034Lh,0.0
f5e07ed9-ced4-4ecd-b9ea-eb6cfe1b4b1f,050102-20150731082034Lh,0.0
d85c1440-ad4b-438e-9ad5-4ee6604db81a,050102-20150731082034Lh,0.0
5aa3ae4c-13e3-4a97-8919-acbe61903a72,050102-20150731082034Lh,0.0
dd592339-262b-4f23-94dd-c90f1453e4b8,050102-20150731082034Lh,0.0
3ae48ec7-ded5-442c-9ada-57a2be6687ad,050102-20150731082034Lh,0.0
a9c6e667-5a99-4e47-8de5-5ac328955283,050102-20150731082034Lh,0.0
b8e29cc0-6f77-4adb-bd79-f7f3e0be3141,050101-20150731082034Lh,0.0
087e837c-d588-44f2-b6e0-9896d926dd1f,050101-20150731082034Lh,0.0
c27ddbfa-0f96-477a-ab52-1bd5564d2fe7,050101-20150731082034Lh,0.0
be6e7a9e-cd0f-47dc-a9b6-3ef26de24db1,050101-20150731082034Lh,0.0
00ca8795-341a-40a7-abe1-9a8a5853d65b,050101-20150731082034Lh,0.0
b69d8a5c-016b-4e18-a57f-c0837e4495ac,050101-20150731082034Lh,0.0
e4818ee8-4c0f-494b-aec3-492c6f850901,050101-20150731082034Lh,0.0
17956f78-6128-469a-aecd-c13bbc41658b,050101-20150731082034Lh,0.0
84df2fd6-7501-4647-b93d-19da6f1fa169,050101-20150731082034Lh,0.0
0d4448a5-0929-40a2-a9dc-69bb88f064a1,050101-20150731082034Lh,0.0
0238263b-0468-4674-b8e2-38ef8ff870f5,050103-20150731082034Lh,0.0
1e96a6b0-639d-4a96-b68b-e42a8bf57691,050103-20150731082034Lh,0.0
151ca2e2-7612-418c-acbc-438b9eb069a6,050103-20150731082034Lh,0.0
1c5a9480-1fae-45bd-af30-e128431de853,050103-20150731082034Lh,0.0
27d49587-190d-4ec0-83b6-7459bf995853,050103-20150731082034Lh,0.0
f91c63db-5dad-496e-9d2e-8be7a85ffcc9,050103-20150731082034Lh,0.0
e765e08f-b506-4c54-96ae-bb815a13dab2,050103-20150731082034Lh,0.0
5819d645-5d96-4eef-b8e5-e43f331521ee,050103-20150731082034Lh,0.0
58f411aa-0ed8-47b7-bc91-0537514ab377,050103-20121007131134Ch,0.0
17c26316-ea76-4c8f-80e2-a702c54f70d3,050103-20121007131134Ch,0.0
2fffff70-9f57-4f3d-8e10-f23f714e8976,050103-20121007131134Ch,0.0
7c5e8fb9-92fe-4e45-ac5e-d39a48f6499c,050101-20121007131134Ch,0.0
5248cf90-c9bd-4e6a-a205-03adcc7b33e4,050101-20121007131134Ch,0.0
a01a2c2e-b321-4feb-954d-2dc4af703260,050101-20121007131134Ch,0.0
11257d8f-141b-4512-9c63-292705e237b7,050101-20121007131134Ch,0.0
a2de824c-27a0-4dde-a294-ccee0f5571fb,050101-20121007131134Ch,0.0
6862112e-2e0a-4a22-ab9f-7beefb1bd96c,030101-20150203084714Th,0.0
04341d2f-da1d-4d27-b30b-f9eba69213fd,030101-20150203084714Th,0.0
c7b5e852-51a6-47a1-bf05-fee357bf61b1,030101-20150203084714Th,0.0
89b80192-dd59-49a4-8271-464bfacf04a5,030101-20150203084714Th,0.0
a418c3be-f11f-430b-9cb6-c684702f1c0f,030101-20150203084714Th,0.0
2b2c56ea-8caa-4fb0-8039-fa1c7b4dca0c,030101-20150203084714Th,0.0
bc9d517f-3ad8-404e-a239-998fee03bbb3,030101-20150203084714Th,0.0
69328999-85e5-49a4-833e-5ed8e4fa2a46,030101-20150203084714Th,0.0
4cdec83c-849d-4293-a816-4485de21a3a6,030101-20150203084714Th,0.0
a31ddc67-e9c0-4f93-b572-162509d4ce95,030101-20150203084714Th,0.0
8862d6ba-cca1-4c8b-a289-dff612f0c855,030101-20150203084714Th,0.0
9e56f00d-bf8a-49c7-9eb0-233f5ef8e474,030101-20150203084714Th,0.0
3e34ae85-a0c9-45aa-a64b-f84e47b26879,030101-20150203084714Th,0.0
ceb6311d-dbf2-43ea-b488-845189eba2a2,030101-20150203084714Th,0.0
55178f72-306f-4ba0-b29d-78d446d52daa,030101-20150203084714Th,0.0
402599ed-e49b-4239-b223-0e1a66b08d9b,050101-20111218085014Th,0.0
d4199c65-a8e4-45d1-8b9f-f89def69833c,050101-20111218085014Th,0.0
63d904b5-fb7c-47d9-adec-c92b38a160a2,050101-20111218085014Th,0.0
b1a6d147-65eb-467f-bc45-2d5847a63f96,050101-20111218085014Th,0.0
07e25b3d-6db4-4d2f-a07a-a1197143993d,050101-20111218085014Th,0.0
a0d5e0c1-f05a-48e0-8751-09d7d0e7acdb,050101-20111218085014Th,0.0
90461234-c29b-49df-b16b-40329bb445db,050101-20111218085014Th,0.0
219e706c-c1d5-41a1-ab9a-9981cbcc1994,050101-20111218085014Th,0.0
2eb4f52f-47cc-49f1-bd11-06131ec205c2,050101-20111218085014Th,0.0
81d6bd06-6f3f-49fe-a40f-61b558006722,050101-20111218085014Th,0.0
4cd46424-8d8b-446e-b22c-b5b65fe1fe17,050103-20111218085014Th,0.0
f20b93ba-03a3-47b9-8957-30dce1f19e87,050103-20111218085014Th,0.0
eb311d0d-044a-4f5b-b9a2-9b9e0cfac27b,050103-20111218085014Th,0.0
55726a34-0799-45fe-b638-32bf16b0af80,050103-20111218085014Th,0.0
d93f8b55-ae30-4675-8ef0-e415d9cae8d8,050103-20111218085014Th,0.0
687c5d6c-a93a-463b-b4e9-b06fa84e1b04,050103-20111218085014Th,0.0
dd26bbc9-a64a-45a2-88c6-ba37d89a932f,050103-20111218085014Th,0.0
bf925563-d2c0-4782-a843-296dd4137c2c,050103-20111218085014Th,0.0
53bb034c-6116-4f39-8270-5d282355c7ca,050103-20111218085014Th,0.0
14bcd585-4f47-4610-85b7-bf48cc10c753,050103-20111218085014Th,0.0
ad0832bf-f1af-4ae5-8238-a4e3010f4522,050103-20111218085014Th,0.0
d09e7e01-4ba4-405c-a042-ce4af8719bf3,050103-20111218085014Th,0.0
7088e79f-eb00-4a2c-b38d-96211e4d309c,050103-20111218085014Th,0.0
f352e968-99df-409d-b1bd-ce32a117ae27,050103-20111218085014Th,0.0
6b4bc42f-0710-4a34-b663-f3170d28e5cf,050102-20111218085014Th,0.0
29ef927d-e1e8-4e62-a396-5c75b2c0a629,050102-20111218085014Th,0.0
7df23870-9f6b-4423-98f9-52944698ca5f,050102-20111218085014Th,0.0
f306e717-4702-4d0a-bb4d-7515b2bba80a,050102-20111218085014Th,0.0
dcf09175-6b76-422d-9c94-60b0d307f14e,050102-20111218085014Th,0.0
d91c00dc-7049-4748-8b48-a8540184406e,050102-20111218085014Th,0.0
5f2fe91a-696a-4359-85f6-374705964bfc,050102-20111218085014Th,0.0
6c312d55-ac82-40a3-8797-a51bb5379063,050102-20111218085014Th,0.0
092393e6-1cf3-45a6-ba65-8fa55b7b52e5,050102-20111218085014Th,0.0
4d2a54e2-fdd0-4b12-b525-9f390d843675,050102-20111218085014Th,0.0
6809a168-2b44-49d6-8a73-f32b0c3841e4,050102-20111218085014Th,0.0
8bb81828-fcec-4852-8d66-244c9a3e7083,050102-20111218085014Th,0.0
efe0995f-953b-4ccb-a938-2d8d06183cf3,020101-20110619063134Lh,0.0
f32fb503-8e05-4fe8-9fc9-7c702b288c4f,020101-20110619063134Lh,0.0
98bea4f0-c26d-4399-abfe-029f4f9ecee6,020101-20110619063134Lh,0.0
232269b6-9c66-4e40-ac87-5569ea6a56e5,020101-20110619063134Lh,0.0
22f1dbfb-917a-4e60-8233-edb9c3afebce,020101-20110619063134Lh,0.0
936148b0-49ce-4d8d-a233-3a1651dfd3fd,020101-20110619063134Lh,0.0
9d19f6e8-6048-42da-b108-283ee57020f3,020101-20110619063134Lh,0.0
6211e4ad-62d7-4c03-89ad-992ee88ffb14,020101-20110619063134Lh,0.0
d4ad0b9f-5a9b-490c-bb33-80b46a4305f7,020101-20110619063134Lh,0.0
4c985249-839e-4954-b6ea-ef3dfad66e75,020401-20170417014150Uh,0.0
0fbc8f8a-164e-44be-87da-de2bcefd320e,020401-20170417014150Uh,0.0
bd92cb81-d067-4ac3-be5f-882fdff374eb,020403-20170417014150Uh,0.0
971397f4-4c28-4c3e-99da-5fec99072a35,040201-20171014133730Ch,0.0
d0906577-1769-466a-b4b5-ad0014737626,040201-20171014133730Ch,0.0
e8a69a19-112c-45ec-9179-ac4364773908,040201-20171014133730Ch,0.0
4a0f47a8-da0c-477a-894d-83e3bc1d9aee,010403-20141006224634Lh,0.0
d5d14571-721a-4a05-9a51-7401129540a8,010403-20141006224634Lh,0.0
21a631e6-cfd4-458e-bdb5-87ba95b9c659,010403-20141006224634Lh,0.0
3711b360-e418-488d-9288-8cc954fe0ee0,010403-20141006224634Lh,2.945500000000038
ab7f538a-6e43-46ff-aa6d-ee2efc10f553,010403-20141006224634Lh,0.0
6d03c320-0690-483f-9149-72ad9719a017,010403-20141006224634Lh,0.0
52388301-3964-4891-b694-aa4bfd32b70b,010403-20141006224634Lh,0.0
410ebb7f-246f-418b-ac94-81034f126add,010403-20141006224634Lh,0.0
cee14e11-cba6-4b2d-b71f-700076159f7a,010402-20141006224634Lh,0.0
4ff641e8-ffa3-4c13-903e-6287fedf5336,010402-20141006224634Lh,0.0
50fda0d7-8baf-4faf-8f4f-56eb0974488b,010402-20141006224634Lh,0.0
92650cda-4a99-4a80-b49c-6f13e9b3fe9a,010402-20141006224634Lh,0.0
82b7074c-e748-4ef8-bd44-f051eff6857b,010402-20141006224634Lh,0.0
15ec7d23-0771-4e08-b617-512e87f05493,010402-20141006224634Lh,0.0
fcab258a-c131-4c1e-8a58-f2dcd2eafbdc,010402-20141006224634Lh,0.0
2a3a0815-ebad-4e4b-b81d-54099cd4b841,010402-20141006224634Lh,0.0
30624ebd-878d-4e6f-ad1a-f9f04a250fbb,010402-20141006224634Lh,0.0
663910cc-668d-4d95-a0e7-5b30b5aaa1d4,010401-20141006224634Lh,0.0
506c7bec-cdce-4b86-a928-6392d3933e7e,010401-20141006224634Lh,0.0
714286f0-0b0c-48b8-94ae-10dc1a8fbd80,010401-20141006224634Lh,0.0
11abc93a-9e6b-455c-94a1-b95d6ef81cc7,010401-20141006224634Lh,0.0
e8fc76d1-7b5d-46b1-bb3f-214450700da9,010401-20141006224634Lh,0.0
cde05224-89fd-46b1-9272-393c9564ed99,010401-20141006224634Lh,0.0
22185780-8d67-49e7-964b-9bb9de00d198,010401-20141006224634Lh,0.0
698bd352-819f-4ccb-9b1d-42a23a3b9993,010401-20141006224634Lh,0.0
6168eec4-d750-42f8-906b-452b9d070c09,010401-20141006224634Lh,0.0
444b4376-5449-4f1d-a4d2-dcdf7c42fc28,030101-20150130084914Th,0.0
6474ca90-7ff2-4148-8394-93673c384c84,030101-20150130084914Th,0.0
8e62e89c-5291-4894-aa3e-e643bd5cbb45,030101-20150130084914Th,0.0
e3dac6ca-5f37-4ddb-ab1d-bd83a4f815c8,030101-20150130084914Th,0.0
f836920c-7904-459b-bd26-1d29053260bd,030101-20150130084914Th,0.0
e54d35ad-79f8-4316-b3c1-0438e49662b2,030101-20150130084914Th,0.0
12e18594-463f-45f9-b282-12c9384d6646,030101-20150130084914Th,0.0
bb0f8b47-f531-4362-bd05-9632e38be9eb,030101-20150130084914Th,0.0
bcf09fd1-d10e-41f1-83ac-16166331fa08,030101-20150130084914Th,0.0
5105f9af-a69b-4816-8fec-85ce0f791ec3,030101-20150130084914Th,0.0
e0bf8e5e-13c4-4280-b394-651bc2ffe357,030101-20150130084914Th,0.0
0ab1af6f-118a-4598-8851-0dbf54f38671,030101-20150130084914Th,0.0
26b39a61-d30b-4c41-9aea-b7fe75884a0c,030101-20150130084914Th,0.0
7af4b447-842d-4f7f-a7bc-8030a06cbc36,030101-20150130084914Th,0.0
e96067aa-3430-4cae-8f50-38a61c520c4d,030101-20150130084914Th,0.0
86d002ce-ea25-4cd9-8ee8-1b2ea74860f5,030101-20150130084914Th,0.0
4c9012ce-582e-4c0a-9c8f-747e8b627592,030101-20150130084914Th,0.0
9d779f9e-eaba-4576-bb6e-810aca36fad6,030101-20150130084914Th,0.0
79ce4b5a-08fc-45df-b1e5-74798264eb4a,050302-20181102104630Ch,0.0
9bda211e-4a4b-4505-9582-3de54bbec95f,030302-20170408133710Th,0.0
173c294e-dc63-4632-8aa0-2ed17a826c5d,030302-20170408133710Th,0.0
712d7260-416d-40fa-8625-5098a8e9899a,010101-20131025185414Mh,0.0
ba1daad6-4da3-48c9-95e0-5556ad4a8021,010101-20131025185414Mh,0.0
3daa103a-b002-4879-833c-877646ce4abb,010101-20131025185414Mh,0.0
5c3db719-034d-4234-9392-cca7c4654b27,010101-20131025185414Mh,0.0
7e93f751-e483-44d3-8ee7-cc4a0e3dea85,010101-20131025185414Mh,0.0
e9bf872c-da21-45fb-9938-978b64c1cc37,010101-20131025185414Mh,0.0
de8da55a-48f3-4023-b3aa-e808966111ff,010101-20131025185414Mh,0.0
938950f8-15c4-437f-8dd7-ed808e553c5a,010101-20131025185414Mh,0.0
13c9eb10-cdd9-4607-9af0-689efb3a31ea,010101-20131025185414Mh,0.0
71d7894c-5c86-4b61-a956-ba2a1dc634aa,010101-20131025185414Mh,0.0
7a13a16e-6b7b-4cea-99ed-ac1b7e78c9f3,010101-20131025185414Mh,0.0
07d13289-df6f-4c45-b37a-013af2b408db,010101-20131025185414Mh,0.0
16fc7933-3551-48f7-834f-78e90a3b5d3d,010101-20131025185414Mh,0.0
c3f60428-f7c6-4d2d-8629-bcebf928dfaf,010101-20131025185414Mh,0.0
efa69f96-03c2-4bca-bf6a-a77d15d50de2,010101-20131025185414Mh,0.0
cc47dd8c-c9ae-4ce6-94aa-3b62fd9ecea4,010101-20131025185414Mh,0.0
8b49593b-9e62-4771-aa71-485411b9a099,010101-20131025185414Mh,0.0
083b9a94-cf8e-4adc-9f68-6e33076b9758,010101-20131025185414Mh,0.0
d757e6a8-050d-404c-9eb2-fab3feb24de6,010101-20131025185414Mh,0.0
0d51515f-09c3-4d97-bd3b-5a8a19d29b95,010101-20131025185414Mh,0.0
a401b8d0-f3f5-4ba9-a3d4-9abb0a739075,010101-20131025185414Mh,0.0
7dbf12dc-22e5-4ef2-a857-77752aadd696,010101-20131025185414Mh,0.0
0fe46a1a-0e5b-4f46-92bc-cd2514ed89fd,010101-20131025185414Mh,0.0
8ef4108c-8ac1-4987-952c-4eb0812d26c7,010102-20131025185414Mh,0.0
42a8d668-69c2-40f3-9d3c-623f347b12e9,010102-20131025185414Mh,0.0
c71e79d4-026a-49cf-a6ab-4154f65f0dc7,010102-20131025185414Mh,0.0
61e918f6-1ddd-42cd-8327-391e686a696d,010102-20131025185414Mh,0.0
224ed90c-067b-4bf4-ae68-c3be25bd137c,010102-20131025185414Mh,0.0
fddc7776-3d38-4769-8083-ae53e36d47a1,010102-20131025185414Mh,0.0
0e16a182-660e-44f0-b26c-1adab9798084,010102-20131025185414Mh,0.0
b63d4827-4eb3-4c12-85fd-faf402ce5587,010102-20131025185414Mh,0.0
afc50f41-b364-4ca8-bfd5-e9388c69898b,010102-20131025185414Mh,0.0
f316e96b-ac28-48eb-9cd4-1d066250384a,010102-20131025185414Mh,0.0
89fa9d48-20cf-400c-945c-11abae94e1ea,010102-20131025185414Mh,0.0
f73edea8-cda9-4a6e-81d3-b1b5aa9e5882,010102-20131025185414Mh,0.0
c605e89e-4a50-44b1-99be-3486ae2d3fe5,010102-20131025185414Mh,0.0
04d8e231-fcf6-49a8-b1e7-f4339c941626,010102-20131025185414Mh,0.0
8f31538f-2f2c-4dee-9ecd-5a81f1116b24,010102-20131025185414Mh,0.0
c162e513-4469-41cc-9acf-b81807307c71,010102-20131025185414Mh,0.0
a1cb9fe4-e729-4938-9108-28a25baee265,010102-20131025185414Mh,0.0
3c29d2b1-a86a-481d-962a-375b1f1b8747,010102-20131025185414Mh,0.0
26a48221-1e0c-4632-a3ab-99194c3270fd,010102-20131025185414Mh,0.0
3a848d74-0ca9-49bb-a79f-4a6d95f3720c,060403-20120814140454Bh,0.0
981c2de6-3f04-4ad2-a990-ffc255a2ec0a,060403-20120814140454Bh,0.0
5e6c5287-c142-472a-9c14-25b216ae673a,060403-20120814140454Bh,0.0
3cc06ce9-62f0-47e6-9933-f6d7d614e7f6,060403-20120814140454Bh,0.0
2269a26b-91a1-40e0-a58a-dce64210b86a,060403-20120814140454Bh,0.0
092e46ce-43ae-4dc0-8d20-ce532b89df9d,060403-20120814140454Bh,0.0
bde071f5-3305-4488-8d12-3000a24b7a2e,060403-20120814140454Bh,0.0
b83f0ae4-e696-43e6-b8b6-4495ed1e2ef0,060403-20120814140454Bh,0.0
513c3238-91ca-400c-911c-9f1400cc0c88,060403-20120814140454Bh,0.0
25c499cf-daad-4280-9e9a-fd47a78e91f9,060403-20120814140454Bh,0.0
ae45796c-94da-4a3b-a566-27fe6370eceb,060403-20120814140454Bh,0.0
2db5963a-2334-44b4-816f-c43d5451dc57,020403-20111112193254Bh,0.0
a681fa7d-a047-4c08-b01a-481c6a935c75,020403-20111112193254Bh,0.0
8de8c5b4-f8ed-40ac-a6f8-77eac1504f3f,020403-20111112193254Bh,0.0
a2844b82-5efc-4c91-ac75-7230bec50e08,020403-20111112193254Bh,0.0
9922f765-edf7-4f51-b2c7-9973bd302c4c,020403-20111112193254Bh,0.0
9bc66078-8d63-4050-912c-0dec1a2f380a,020403-20111112193254Bh,0.0
ebdfba15-0270-4bdd-adc4-d0e5cd9a8387,020403-20111112193254Bh,0.0
49be3583-0b09-40b5-8b81-f8a99df17946,020403-20111112193254Bh,0.0
9a3fb6d4-cae6-4b63-890b-103652a8ddd5,020403-20111112193254Bh,0.0
e5acdb72-4f79-4a1d-a9bf-cfad664e40c5,020403-20111112193254Bh,0.0
16d521f7-1c9c-4785-b882-453f59eb917f,020401-20111112193254Bh,0.0
b47806dd-75fb-4f6c-bc54-d2512a4eab15,020401-20111112193254Bh,0.0
2727368c-39da-49b2-b1d8-0b9f44a87bd9,020401-20111112193254Bh,0.0
3ec2ad88-2252-4d99-b664-3345a5dd4256,020401-20111112193254Bh,0.0
a62fe623-495f-4dbe-863d-1945ef229aee,020401-20111112193254Bh,0.0
38c06a89-56f0-47db-9f2c-7acca2aa534f,020401-20111112193254Bh,0.0
7ddda754-7a93-40ba-812a-e97d348132ed,020401-20111112193254Bh,0.0
ad9fdb83-8d2a-427f-b049-6fcae873ba2e,020401-20111112193254Bh,0.0
b82bf027-4b40-42c0-94c2-6e7731a88f91,020401-20111112193254Bh,0.0
3643f504-16d2-4f6d-a79d-fbbcd1a077df,020401-20111112193254Bh,0.0
d0217ccc-2675-4ff0-bc4a-0ffe732b7763,020401-20111112193254Bh,0.0
fb0e00f3-8486-490c-ab30-0289f1fc3e43,010102-20140127180134Ch,0.0
09692cb9-9dcc-41fe-af17-6bd16185d9db,010102-20140127180134Ch,0.0
f88ac29d-f57c-4134-87d1-c6907cc9b13c,010102-20140127180134Ch,0.0
02286bdc-e5a4-48c3-8a17-f0c88b5ac542,010102-20140127180134Ch,0.0
6e62f954-7867-41b3-b3d9-71606f69ebe3,010102-20140127180134Ch,0.0
f03cc16a-1e8d-4602-81b9-32b7ef3502d2,010102-20140127180134Ch,0.0
14357920-fd8c-4cc3-bf4c-36329cec2fef,010102-20140127180134Ch,0.0
15616c8f-0120-47ea-9391-6ede12dec94b,010102-20140127180134Ch,0.0
5b2b8c10-6c5e-489d-b4ab-cc0d3825eb44,010102-20140127180134Ch,0.0
dffd43af-9dc0-413d-9d68-9270ffaf6581,010102-20140127180134Ch,0.0
08a930d1-69d9-446d-9be7-76827dda7332,010102-20140127180134Ch,0.0
1a21437d-b921-4bd3-84cd-f2814cde41c1,010102-20140127180134Ch,0.0
dc19566f-fbc7-48cc-8f34-ddc2cc10c5df,010102-20140127180134Ch,0.0
502c9fa6-3603-4825-867a-46d524cb5c6b,010102-20140127180134Ch,0.0
4e026017-4dd9-4c27-bd34-673f7e08a103,010102-20140127180134Ch,0.0
93c91f74-8fb1-4e0c-8594-4634a6afb8b5,010101-20140127180134Ch,0.0
4d3f0116-2506-481e-a23e-8663f6202d37,010101-20140127180134Ch,0.0
be866578-6e59-4f22-b7d2-a568cf0b1530,010101-20140127180134Ch,0.0
ba62d889-fee0-4fd8-a6b4-37c489d9a8a0,010101-20140127180134Ch,0.0
2b0d600c-f9c0-4059-909c-6ae5745dff8d,010101-20140127180134Ch,0.0
aea4f494-9d2f-4ff8-8f1f-74374583c859,010101-20140127180134Ch,0.0
793781f3-0b70-48cb-9285-f65a83d5c6e1,010101-20140127180134Ch,0.0
16bd6ff2-c145-4621-9860-9b393d0a654c,010101-20140127180134Ch,0.0
30b6b432-45d9-4c35-81b8-12a68739420d,010101-20140127180134Ch,0.0
5cf7acff-2ae1-4b7e-9d20-83b7f4fc24ba,010101-20140127180134Ch,0.0
bbe579e6-c016-4569-a421-2609d980c621,010101-20140127180134Ch,0.0
f8ae2855-acff-4fc9-b523-fccf3b2a96d0,010101-20140127180134Ch,0.0
d6db6618-8619-4b71-8dbd-95d717d07348,010101-20140127180134Ch,0.0
8e09aee6-8f17-4bdc-bb91-aba1c8b08a79,010101-20140127180134Ch,0.0
f4cc2317-f70e-4098-a283-32abaeae2bc9,010101-20140127180134Ch,0.0
8d8d74b2-b0bb-48f5-a725-0d2bdbb41a8b,010101-20140127180134Ch,0.0
f86aea34-a5c3-4304-96cd-f19a509f3ace,020403-20220122085210Th,0.0
638cca0f-167d-4c5e-a8bc-3e18f067af3e,020403-20220122085210Th,0.0
9f5d1146-674c-4c46-9517-a0cd4912249e,020401-20220122085210Th,0.0
3df7bba9-dc47-4b2e-9551-2259869dc912,020401-20220122085210Th,0.0
7b983e99-3255-413f-aa16-1293d9b9f8bb,020401-20220122085210Th,0.0
b41623a1-a878-4ae8-90a5-28ff38cd04cd,010103-20160320133714Th,0.0
475447ab-5c44-4d07-922b-450b4ba06ae9,010103-20160320133714Th,0.0
40a5dbef-8546-494c-ba1e-8c7746c71823,010103-20160320133714Th,0.0
eec1732d-427f-42c0-8fcf-21f90e4f4b79,010103-20160320133714Th,0.0
a2755a84-0f0b-4fe9-814f-2275b418dfcb,010103-20160320133714Th,0.0
dd8bf7a2-225e-4705-9b12-de20a7535c0e,010102-20160320133714Th,0.0
bbce9b8e-6af8-4dea-a636-b7895deccb03,010102-20160320133714Th,0.0
3bc7e7cc-b998-4797-bc6f-20868b263f11,010102-20160320133714Th,0.0
60bc75ee-15d1-408c-ad60-8b56d5c4b93e,010102-20160320133714Th,2.35329999999999
b53230e4-b900-496c-b999-9901af789180,010102-20160320133714Th,8.51139999999998
192bff3b-4874-4949-a932-fb2a82cc5756,010102-20160320133714Th,0.0
02064063-40f0-4f44-b9af-0f460f290e22,010101-20160320133714Th,0.0
2e86c876-52aa-464b-864b-3e0aa65dccb7,010101-20160320133714Th,0.0
818a889d-75a7-4518-bad0-217eba3cec0d,010101-20160320133714Th,0.0
b19a6403-ef16-46d1-a0af-f348881ef1ba,010101-20160320133714Th,0.0
06c183c3-fca4-4bb1-a248-8f4a3f7003c4,010101-20160320133714Th,0.0
e7b33f3b-efce-4a53-a256-59986db78f67,010101-20160320133714Th,0.0
f637d0b9-740c-4cad-8c34-8465807ab52b,010101-20160320133714Th,0.0
944b2d39-4c4f-45fe-b244-1ff13bd82d1d,040102-20150315082034Lh,0.0
f3afa31c-d253-496a-96cc-e6c17d936d00,040102-20150315082034Lh,0.0
34915d69-d31f-4307-9aeb-aad5a859623b,040102-20150315082034Lh,0.0
9ab2ecc1-47ce-4413-8a68-cf517d0c61c9,040102-20150315082034Lh,0.0
fee30845-d0b6-4040-8366-000cf0f93676,040102-20150315082034Lh,0.0
f523da00-3e2b-4442-a562-7604f9354f19,040102-20150315082034Lh,0.0
76e118a6-7f94-4254-827c-20948ee25089,040102-20150315082034Lh,0.0
23fe44bd-5d82-4e3b-8230-d5881d7c8cd5,040102-20150315082034Lh,0.0
19077880-9d98-49b1-95e8-76c2aaefbfa9,040102-20150315082034Lh,0.0
e2ccdd01-ea73-43b6-baf0-781af394b817,040102-20150315082034Lh,0.0
beb07864-581c-4701-9aca-630bb70dcc40,040102-20150315082034Lh,0.0
a301cb81-d405-422d-92aa-d8a02cfdcae0,030101-20140323020654Uh,0.0
cc9a81dc-0425-4c05-ac88-4a2611f9b848,030101-20140323020654Uh,0.0
e723adb3-4b87-4c9e-bed0-6bcd2418274e,030101-20140323020654Uh,0.0
57fdd5f7-6b27-4759-a417-89ff24c2e3f8,030101-20140323020654Uh,0.0
2ebf76a2-7f9c-4a40-b67d-683df5a48105,030101-20140323020654Uh,0.0
4fe89707-b5b6-4b04-b45d-ed1951e643a6,030101-20140323020654Uh,0.0
66c9a102-a6d7-41d4-a446-368dfe1eb46f,030101-20140323020654Uh,0.0
a483bc26-58fb-4948-982b-3735909e124b,030101-20140323020654Uh,0.0
a477ac34-906b-4251-bc24-c8f8d7efac7b,030101-20140323020654Uh,0.0
761e0864-7996-4ded-8d44-64a216bac767,030101-20140323020654Uh,0.0
24ef420a-80df-4402-81c5-6f9eed65744e,030101-20140323020654Uh,0.0
17632515-c800-4b24-9675-f51c24be4d63,030101-20140323020654Uh,0.0
dfb2d2b6-5516-49af-a664-b8b658125b58,030101-20140323020654Uh,0.0
dee9b78d-49b1-4e3e-ab7c-86a8e4fcfb0b,030101-20140323020654Uh,0.0
3ff884b1-ef74-4cfb-8633-053169ca2267,010402-20140509071314Th,0.0
84fa1caa-dfee-403e-9133-32400e74cfe6,010402-20140509071314Th,0.0
2f003c21-b24e-4d15-a29b-cbc4848d5403,010402-20140509071314Th,0.0
db6a4259-e8e4-4d29-8371-8bf397a40c39,010402-20140509071314Th,0.0
e985f1c1-f2a6-4d9d-9404-e339d65ccc75,010402-20140509071314Th,0.0
493c40c0-f45b-4eb5-a3d4-af0df77df061,010403-20140509071314Th,0.0
77a0647e-638a-4e3f-b978-6de337a4795d,010403-20140509071314Th,0.0
c4e2e6d2-b29b-40e6-b2ae-cb0a49ab604a,010403-20140509071314Th,0.0
32c79e11-4fd3-4fe8-a936-a4caedaa9c46,010403-20140509071314Th,0.0
7350712e-38de-4d25-a1c8-3d8839154619,010403-20140509071314Th,0.0
ac9760f6-e5aa-4b07-84fc-37de23942bad,010403-20140509071314Th,0.0
ff453e78-1b0f-468a-96a3-2781a11734b5,010401-20140509071314Th,0.0
cbb0bdd4-4800-47fe-9ad7-4c85a529765a,010401-20140509071314Th,0.0
ef6ea121-1059-4bc0-b557-aa0bdc845d6a,010401-20140509071314Th,0.0
2d7936ae-f3e6-44da-99c3-e203797d6006,010401-20140509071314Th,0.0
677b30cb-396e-455a-b1e2-ba7667a38c64,060403-20110615133454Bh,0.0
1f8efd62-9dff-4f21-a835-d96ec8929c47,060403-20110615133454Bh,0.0
1a04cc0b-305f-40b8-9a5d-3e48152ea0f2,060403-20110615133454Bh,0.0
8838e746-4631-418b-a5f6-5517f7f8311f,060403-20110615133454Bh,0.0
6b8ccedf-cb9b-4d09-8fc1-8dae3498ea6d,060403-20110615133454Bh,0.0
38299495-35da-4316-9975-d486f6af9320,060403-20110615133454Bh,0.0
db113052-f6cd-47ec-844f-561b3f75153e,060403-20110615133454Bh,0.0
5eeb9bef-7590-41a8-9477-8408eb4f5789,060403-20110615133454Bh,0.0
2016fd1d-eb70-4961-8101-d04f52182bba,010101-20150527161214Mh,0.0
2e6ec9af-108a-4911-820c-b504259d9bcf,010101-20150527161214Mh,0.0
62d94cf9-0579-417f-bd0f-f33b0b7570a9,010101-20150527161214Mh,0.0
56722d7a-dc7e-4a02-b48b-55843fcac15c,010101-20150527161214Mh,0.0
7ba4650e-0825-4942-90e6-89662d09507b,010101-20150527161214Mh,0.0
ef2d1191-a443-42d6-87b0-f8af951048e2,010102-20150527161214Mh,29.00369999999998
e6a07898-449c-4ac1-8c46-0d5b49f18b17,010102-20150527161214Mh,0.0
0515a787-83d9-492d-84df-edd80513eb61,010102-20150527161214Mh,0.0
97871ce1-bbe6-4ad7-a4c2-5ac8b8774cf8,010102-20150527161214Mh,0.0
47ffe381-d0c8-4dd7-9b09-8b03d48e0df6,010101-20160606163514Mh,0.0
8851e59c-4c98-4660-bd1e-389a23deb04f,010101-20160606163514Mh,0.0
45b32528-8d61-4c0d-bd71-515fc0a2db9f,010101-20160606163514Mh,0.0
fcab340a-6662-4e81-a7b5-f8e4eb2da2a6,010101-20160606163514Mh,0.0
a883fcde-e5fe-4569-b85d-32ac0536475d,010101-20160606163514Mh,0.0
f9c36e8e-113f-4a2a-9f55-402ed6d96740,010101-20160606163514Mh,0.0
7b5435ab-a2ce-4aa0-a20e-1585144237ce,010101-20160606163514Mh,0.0
29f5d2a4-da77-44a8-8c2f-315037824929,010101-20160606163514Mh,0.0
b7cd703d-e5d7-4c37-b9e4-bbe3a4035249,010101-20160606163514Mh,0.0
87f94070-de51-4cc8-96c7-603b6de23b85,010101-20160606163514Mh,0.0
0a4a21de-5a7e-4550-ac8d-595f0f57c9c8,010102-20160606163514Mh,0.0
28fdd026-b1a8-42e8-be3e-635dd1910808,010102-20160606163514Mh,0.0
12e77bdf-c8de-4a82-8edb-d5b870269105,010102-20160606163514Mh,0.0
0ca95767-898b-4f18-88d4-307f197faf4a,010102-20160606163514Mh,4.102499999999964
3bdf8c26-92d0-4e54-9f5a-cbf58dbc3d48,010102-20160606163514Mh,0.0
21319847-9f01-4278-a97a-40c7ab661f98,010101-20140604195854Bh,0.0
4e222305-7d08-4f1d-8bcc-7a2ac5938db2,010101-20140604195854Bh,0.0
2a856441-73b2-4f9c-9f1a-e400dc812766,010101-20140604195854Bh,0.0
7406dab6-848f-40e9-bc97-9b96b43e3d16,010101-20140604195854Bh,8.134800000000041
58076a8c-3f73-42d6-9190-6aac58d9810b,010101-20140604195854Bh,0.0
f69df0fc-49c1-4dc7-a4c1-60d901bf4e79,010101-20140604195854Bh,0.0
14ffae77-3c2b-443f-975f-e8edb7a06573,010101-20140604195854Bh,0.0
7d69c58c-31ab-455d-865e-3caf9d88b0a9,010101-20140604195854Bh,0.0
ed0c93a4-aa45-452f-a4b3-9f1338927eb1,010103-20140604195854Bh,0.0
490787eb-688a-476f-9a69-ad33137c75f2,010103-20140604195854Bh,0.0
0e30665b-e8fb-4bef-b73a-e685bad72e6c,010103-20140604195854Bh,0.0
6a787e29-0e9d-42ca-bf70-49a8800f1a19,010103-20140604195854Bh,0.0
1152f27b-f1e5-4c04-a348-8fb771263e91,010103-20140604195854Bh,0.0
e02f1827-8a78-441e-ae4f-27b0fcaaccfa,010102-20140604195854Bh,0.0
8113925b-74f2-4395-8982-9e3b5bbec5ad,010102-20140604195854Bh,0.0
0ef2b46b-1968-4d93-96d6-bfc786b04baa,040401-20160327170714Mh,3.1422000000000025
b2706121-d71e-4996-b5f0-91546b48aa31,040401-20160327170714Mh,0.0
7402a8c3-a9fc-4e88-8719-8551dba96e93,040401-20160327170714Mh,0.0
93d43141-201a-4c95-bbb7-61b067abb395,040401-20160327170714Mh,0.0
8a04f1fc-755e-4e7f-a198-e45d77c082f3,040401-20160327170714Mh,0.0
083c7639-795b-430a-bdb8-0932c2eed28a,040401-20160327170714Mh,0.0
e6b46ab5-3270-4cff-9465-d612396e8274,040401-20160327170714Mh,0.0
61994c50-c52f-4286-94d7-a772d3e9b796,010203-20211225025850Uh,0.0
8870a9d3-c068-495a-b9a4-0df690b06eda,010201-20211225025850Uh,0.0
f8c709a4-a005-4ec2-bbbc-0ce227ba0f29,010202-20211225025850Uh,3.473500000000058
ce55d164-c57a-4baf-bb15-7d27b8c4b2c9,040102-20141024195834Ch,0.0
cb398b49-2160-459d-80cf-f536a4c9084d,040102-20141024195834Ch,0.0
b16abdc8-b94a-4a46-ab4e-e2e37d469e33,040102-20141024195834Ch,0.0
0e4f5158-3e75-4d4e-a61d-2b75f22e5d2c,040102-20141024195834Ch,0.0
0014e232-b329-4432-8261-9bdd2ebddf19,040102-20141024195834Ch,0.0
92f07b66-be5e-423a-8c05-89c033ba6ab4,040102-20141024195834Ch,0.0
c898dcdf-4f6e-4950-880a-5ce565b0ecfa,060403-20130327175114Mh,0.0
c47c7b6e-6097-4300-b7ce-15b58c45bf03,060403-20130327175114Mh,0.0
cef309aa-3da9-4602-862b-68830fcfbe4c,060403-20130327175114Mh,0.0
693c7a7f-9570-4b24-b9ad-f3facf19e917,060403-20130327175114Mh,0.0
9bc04332-33bd-40e8-852f-15afe75ad929,060403-20130327175114Mh,0.0
28578817-9441-4fc6-8788-c0e8334a590a,060403-20130327175114Mh,0.0
de34f2b1-a9ef-4508-9f22-4907d3c31071,060403-20130327175114Mh,0.0
fa571f31-1567-4aeb-b5cf-5eb52ca1ccd0,060403-20130327175114Mh,0.0
8d0bab90-5331-4625-9fc5-bfa2a96d7467,060403-20130327175114Mh,0.0
5ec59e2a-0e68-4bae-8568-8ca60ee0bc53,060403-20130327175114Mh,0.0
c322709f-08b2-4478-811f-a6bb1d5959af,010101-20211016145050Bh,0.0
e4493aaa-0ad6-4225-9b43-44714e63c908,010101-20211016145050Bh,0.0
f6a116fa-4dd2-4e58-a61d-70d0fe8d53c3,030101-20160831133714Th,0.0
a15b340e-7669-4de2-af12-06b9186e9c3b,030101-20160831133714Th,0.0
1f695619-8544-4079-ab57-f608ba2ac167,030101-20160831133714Th,0.0
09a6f0b5-1cab-4f65-b239-1c253e234ad9,030101-20160831133714Th,0.0
f9a86897-df2b-448c-bd53-63bced19acbb,030101-20160831133714Th,0.0
8ca204a4-f464-4150-ac1f-29e82e6c7bc5,030101-20160831133714Th,0.0
d1b73357-7ff8-4f1b-b837-13c800d307ea,030101-20160831133714Th,0.0
b8498b9d-c357-4fd4-81b1-e3f8b889d1bf,030101-20160831133714Th,0.0
1a842d56-d3ca-4c84-a15c-d90c27540b23,030101-20160831133714Th,0.0
50660b36-17cf-432d-9bc0-a2e3352edb48,030101-20160831133714Th,0.0
3d96cd77-14c8-43af-8458-0f22b43c7ab6,040401-20210616142650Bh,0.0
b617c598-1017-4200-9e25-a4c618adbf9b,040402-20210616142650Bh,0.0
aba77f5b-9adb-4ceb-8fd4-06bbc754bf1e,040402-20210616142650Bh,0.0
2ad6bdcc-4775-4b0f-9f85-53d8e89955c1,040402-20210616142650Bh,0.0
c64f6fdc-8acf-4a5c-bdca-d55e3be2dc9d,040402-20210616142650Bh,0.0
bb3da807-b6a0-40f2-906e-2d1589f41459,040301-20140817195834Ch,0.0
2e0c4ec1-4cbd-4e93-9536-83388cce96de,040301-20140817195834Ch,0.0
9f3873da-aa87-4a27-9232-f34b924135df,040301-20140817195834Ch,0.0
2e3ab0f3-3bcf-494d-9ee2-66cd5e839b1e,040301-20140817195834Ch,0.0
8e7a3cb3-eedd-442e-9056-f76fdb0ac974,040301-20140817195834Ch,0.0
21fbe014-ce35-4320-91a4-6f2fd0b1c616,040401-20160629133714Th,0.0
1db7ff93-155c-420f-8e67-7baf9b6149e2,040401-20160629133714Th,0.0
2e9754f8-e243-4e17-a976-2cdf79b20550,040401-20160629133714Th,0.0
ef963179-bc43-400e-b64f-556fe5979dcd,040401-20160629133714Th,0.0
b592c018-dd11-479a-815d-321e8b407321,040401-20160629133714Th,0.0
b8a6c3ae-9cc8-476d-b79a-71fffc769fc8,040401-20160629133714Th,0.0
57bb7b47-20cc-4c54-b742-454bc589b908,030403-20180506140230Ch,0.0
4539ec12-f8cd-45f3-96ed-04acadfe730e,040401-20150324145954Bh,0.0
6fea8ffb-b6a5-4cd2-a74c-1d91dfe5df26,040401-20150324145954Bh,0.0
56fa92a7-3bbf-4647-8bf5-c817e6a1f825,040401-20150324145954Bh,0.0
466b0478-01ff-4307-bb65-64de8fe9142b,040401-20150324145954Bh,0.0
c9b7ff0c-2554-4436-ab84-a390d1d92383,040401-20150324145954Bh,0.0
de136bac-69f4-484e-9303-e4d79ac56973,040401-20150324145954Bh,0.0
14f2826d-7bd7-45af-891d-fc89cb638b9f,040401-20150324145954Bh,0.0
9a18eb4c-4edb-4703-9ce1-78ea459fa509,030302-20110421164914Mh,0.0
6a05320a-ecd2-425f-a96a-143a5f175743,030302-20110421164914Mh,0.0
ac1c10cc-89dc-4339-9f6f-aadf2de6e6b7,030302-20110421164914Mh,0.0
19635743-0f25-4f40-a7be-2da39068f0bf,060403-20140927014554Uh,0.0
b5411e3d-b324-4936-911e-556139685bd8,060403-20140927014554Uh,0.0
b1559d28-8352-4e69-abb1-ced314ce0def,060403-20140927014554Uh,0.0
2eeb9d0d-fb4a-4444-9317-a756190b3b16,060403-20140927014554Uh,0.0
5301dedb-b4a2-4c4a-83c4-85936c236e47,060403-20140927014554Uh,0.0
a02ad47a-b739-4d96-9c65-7fbb854ef0fc,060403-20140927014554Uh,0.0
c0851277-3645-4a9e-99e3-c61fcb5d5e50,060403-20140927014554Uh,0.0
4d24eb23-c1e3-4468-a3cc-6f3a0088b832,060403-20140927014554Uh,0.0
2c56bf66-80ec-4ea1-af41-17a5821d0292,060403-20140927014554Uh,0.0
8baecead-d93c-425c-b39a-6d4f84b5df41,060403-20140927014554Uh,0.0
18898728-a7a4-4093-8c22-6bc3c06baa5f,060403-20140927014554Uh,0.0
54c749f0-5379-4f2b-aaf5-12b813854fea,060403-20140927014554Uh,0.0
77df9b2d-bc2c-46f6-9af1-21206c9c5aa9,030302-20140523195814Mh,0.0
9f91bf28-a4d7-4ffb-a84d-b688c12f3567,030302-20140523195814Mh,0.0
477ed8d3-72c1-4f0b-8f9d-20448bef4ce2,030302-20140523195814Mh,0.0
cdfee9bc-eb78-4af7-acf3-84be07f58b41,030302-20140523195814Mh,0.0
3d1c82bf-5590-405b-beb6-078ab7367201,030302-20140523195814Mh,0.0
e6c458d4-ce67-488e-b775-e8e4d489a0be,030302-20140523195814Mh,0.0
d5ad81af-cee9-4a9c-b5e8-183687f3222c,030302-20140523195814Mh,0.0
a9e52ce4-a4b3-4b95-b2d4-d91aef89543b,030302-20140523195814Mh,0.0
5535acc6-3b66-4c7d-a76e-e16f23a04e34,030302-20140523195814Mh,0.0
ae51f66c-7e10-4964-86c9-f6ae07c92edf,030302-20140523195814Mh,0.0
3d40b250-b4ea-4053-9405-bfd1003ec381,030302-20140523195814Mh,0.0
005c1e33-61f6-41f8-bf48-15e5901f7606,050103-20110727063234Lh,0.0
98d82160-6652-454f-b4c4-09dd7d0cbfb8,050103-20110727063234Lh,0.0
58dd3894-519d-4686-a649-d42e55887acc,050103-20110727063234Lh,0.0
f65f1e89-0b9f-4def-a740-97bc1bdff234,050103-20110727063234Lh,0.0
16c6aafd-9279-45a7-a4a5-7432bbdfd863,050101-20110727063234Lh,0.0
ea4edf5f-8d25-4d09-a065-b4671739a676,050101-20110727063234Lh,0.0
00152413-77f4-460c-81aa-c2f04714bb6c,050101-20110727063234Lh,0.0
512d409e-6fdd-417a-ae6c-35ee6723076a,050101-20110727063234Lh,0.0
07655e45-2d81-4d26-bea3-e01c685a401e,050101-20110727063234Lh,0.0
7db06b91-8545-4be4-b2c1-1e18c70eefcb,050102-20110727063234Lh,0.0
f41fe24f-1db5-443c-a8a6-a3654d74bc7d,050102-20110727063234Lh,0.0
ef0c1241-2875-42c2-b6f3-861058332586,050102-20110727063234Lh,0.0
2d00a4a8-7623-4f39-b67f-13fb45c898e9,050102-20110727063234Lh,0.0
7683fc0d-e2ef-47ec-9355-0a7a7969037b,050102-20110727063234Lh,0.0
b085960d-738d-47e7-9d54-a01314c5f199,020103-20150330081954Uh,0.0
263aea0c-726a-45cc-a500-a33748968d3e,020103-20150330081954Uh,0.0
00769b90-9f9a-4d5d-a2f4-a88c0b311614,020103-20150330081954Uh,0.0
e1d3432f-0ad1-4229-a0e2-10bbd1a50834,020103-20150330081954Uh,0.0
8f7231ed-a40f-45e6-a25e-9643dda279b9,020103-20150330081954Uh,0.0
a024cb9e-41e2-4abe-bd8f-a89a19fa0ef5,020103-20150330081954Uh,0.0
568d21d5-7857-4e27-921d-ed99336dc220,020103-20150330081954Uh,0.0
1a21ac23-f6fb-4f45-b787-2a9837441a30,020101-20150330081954Uh,0.0
e0b9b6f6-737d-4728-8bc4-d17f6ddee42b,020101-20150330081954Uh,0.0
e178bbe9-3349-468e-b9a6-690044148d55,020101-20150330081954Uh,0.0
c8ae8a90-8790-4eba-bfd9-68496f74e000,020101-20150330081954Uh,0.0
9a93f3b7-1df3-41b0-a7db-59e771101706,020101-20150330081954Uh,0.0
9b6a1f4d-3ee9-4985-89a3-4f22e283485b,020101-20150330081954Uh,0.0
b9b371a5-cf5f-40b1-8426-8cea05b3bbc6,020101-20150330081954Uh,0.0
c9f1148e-1190-4a16-8fa6-29b7230d2bbb,020101-20150330081954Uh,0.0
96e686c5-b94c-4f01-a536-205ba5bed8ba,020101-20150330081954Uh,0.0
2b803359-6313-4727-bcc7-f82e2cd99723,020101-20150330081954Uh,0.0
5c89373e-4a4e-4719-a450-e4f9ab80d603,020401-20160501143154Bh,0.0
c529b149-9c67-485c-97cf-729d42995187,020401-20160501143154Bh,0.0
68d1742a-5103-4d8d-bc49-2c180535e219,020401-20160501143154Bh,0.0
47d4cdfb-7239-415a-83ae-b18b6580e6b9,020401-20160501143154Bh,0.0
c0b09480-d977-4f94-8a38-d5351cd2e55e,020401-20160501143154Bh,0.0
14f12068-c9b5-4c4c-925c-1f6fd2d69121,020403-20160501143154Bh,0.0
2d65385b-b8e0-41b0-8f9e-d55ef5ac56db,020403-20160501143154Bh,0.0
341e3a22-c4ee-4ee8-996e-354b3ca25133,020403-20160501143154Bh,0.0
0efed790-831f-4c9d-9d10-b0b1cdcec3ac,020403-20160501143154Bh,0.0
956b18ac-abd3-4b48-8af9-2e48bf7831e3,020403-20160501143154Bh,0.0
2f992765-56b0-4b0f-8e6f-e3375ab6a2bf,020403-20160501143154Bh,0.0
40cd5274-5848-44fb-bd70-3e3152206f81,020403-20160501143154Bh,0.0
8c515bf8-5596-4674-bd10-9f114c021118,050102-20170728150230Ch,0.0
87622584-8297-4652-b9b8-94c0444a41e7,050102-20170728150230Ch,0.0
5a3257b2-940b-4776-a044-217957ba4027,050102-20170728150230Ch,0.0
60f53b8a-636c-4bbd-be54-0cfe9af2c993,050102-20170728150230Ch,0.0
0dd549ad-8f6c-4567-ae71-d0644a31fd5c,050102-20170728150230Ch,0.0
258802eb-c1de-490d-bec0-9fa154bbc2a9,050103-20170728150230Ch,0.0
604cfa4a-b9a8-4cc2-93f2-a6cc4349ac4a,050103-20170728150230Ch,0.0
1e2d91f4-118b-44dc-b99f-1f790ab298a7,050103-20170728150230Ch,0.0
392e0952-2ec7-4c14-a921-3b0b6cfe633c,050103-20170728150230Ch,0.0
47661e9f-4c34-4905-881b-a89b17b72055,050101-20170728150230Ch,0.0
2dd6813d-c3eb-4997-a4f7-2a3156df08cb,050101-20170728150230Ch,0.0
70a4efee-6922-4007-90ad-bf7bcd99b110,050101-20170728150230Ch,0.0
078ae0d6-263f-4012-ad0e-43e114287651,050101-20170728150230Ch,0.0
ffadee50-d6d5-4a61-8fb5-ff73abd79044,050101-20170728150230Ch,0.0
ce6324ee-e1fb-40f9-9327-cbcb55143bff,040302-20210329015250Uh,0.0
ec14a654-a711-424f-b82e-38fc1ecb82ed,040302-20210329015250Uh,0.0
6de40575-8f7d-4964-ad1c-dc99645a7893,040301-20130828141354Bh,0.0
8b8f0696-6d49-47ad-85d6-40dde71cad0f,040301-20130828141354Bh,0.0
95940651-7eb9-4c90-8a23-6132786fca0b,040301-20130828141354Bh,0.0
9276171c-262e-4275-85cd-f3270451db52,040301-20130828141354Bh,0.0
6311de5f-d980-40dd-9869-3051ccb508d6,040301-20130828141354Bh,0.0
f1475654-aba4-47c0-8ebc-5e37c0af2668,040301-20130828141354Bh,0.0
d9302a95-e7df-4b56-be13-3fe8f22c951b,040301-20130828141354Bh,0.0
dae651c1-555c-42f6-8479-9ef0de69146a,040301-20130828141354Bh,0.0
f460e7da-14b9-4143-b8b8-477ac4300215,040303-20130828141354Bh,0.0
eac8fc72-b760-486c-ae67-84a8399559f0,040303-20130828141354Bh,0.0
61d87053-41e0-43c1-b7db-f3ac017eb2b3,040303-20130828141354Bh,0.0
d1b308b0-8991-4d97-a9e4-1c84cceefc2d,040303-20130828141354Bh,0.0
e2ded9d3-eaa8-41f4-aca4-b9e608bcb1ba,040303-20130828141354Bh,0.0
e84a3443-a00e-4dab-b403-8a81f93688d2,040303-20130828141354Bh,0.0
f4387c1a-61f7-4dc2-997f-a83c508d6237,040303-20130828141354Bh,0.0
8da24e89-d94f-4fe8-bc58-84747db9ae1a,010301-20110213093414Th,0.0
4560be1f-43ac-4add-bc1f-7d00c9a9c9fe,010301-20110213093414Th,7.425600000000031
d0be9515-bc32-43b2-954a-00ab2dbe334d,010301-20110213093414Th,0.0
504c1820-17f2-42ce-9c70-6eab87c70d9e,010301-20110213093414Th,0.0
18921252-de69-4711-95f4-b3c850847d49,010301-20110213093414Th,0.0
84a2f9b9-94e4-4521-8b77-c179e32dfb33,010302-20110213093414Th,0.0
1b417ccd-c6ff-4402-bc66-8ef9536ac106,010302-20110213093414Th,0.0
8c3ff6ee-de9c-4fed-814a-faba4dc24cda,010302-20110213093414Th,0.0
c4eb2444-ac43-471f-a9f6-7382d4fc74b0,010302-20110213093414Th,0.0
66a3a8ef-534b-485c-aa30-73d07c7f258c,010302-20110213093414Th,0.0
1d731513-60fe-4a3b-aaa1-d031d0eac76e,040401-20110312082634Lh,0.0
908b7ec0-c119-4087-99f4-03cc02cbd26a,040401-20110312082634Lh,0.0
8160072e-71c9-4561-8418-80b8b25eb50e,040401-20110312082634Lh,0.0
40e50f94-86a0-4e4e-a0dd-717ced8c6626,040401-20110312082634Lh,0.0
ab5cf96e-ee98-48c8-bfc7-b6108d71d8ef,040401-20110312082634Lh,0.0
5264d318-9cf9-4f0f-bdd4-1c221f6e1acd,040401-20110312082634Lh,0.0
6e4876c4-3fb1-442e-87e5-0fb1f486fae0,040401-20110312082634Lh,0.0
91c13215-7176-4ee9-8ba6-c106dcf3aa08,040401-20110312082634Lh,0.0
bf235b1d-2274-4e97-bbf8-93a0f7c3908c,040401-20110312082634Lh,0.0
252ce6c2-d18b-437f-947a-36c37b0ce587,020101-20210812044930Lh,0.0
8be2cd86-4105-4b75-bf86-139ea78d6f0d,020101-20210812044930Lh,0.0
b29587c7-a140-4114-868e-0489b866fb9b,020101-20210812044930Lh,0.0
072d9eec-a76e-4c99-a3c7-1e295b3967ea,010401-20160810234034Lh,0.0
17950f4a-4b25-424b-88d7-2626f390dea6,010401-20160810234034Lh,0.0
7d29fb14-53eb-4371-bf90-5fce5a99efa4,010401-20160810234034Lh,0.0
5bb33e38-b026-4828-8dfc-3f0eb919e074,010401-20160810234034Lh,0.0
9d48d0e7-d6db-4e41-9f28-c7b58f944cef,010401-20160810234034Lh,0.0
4b73d9a1-8ea9-4243-b844-ce8e5ac112d1,010402-20160810234034Lh,0.0
2c198003-4acc-4b05-aceb-f521a328f0ad,010402-20160810234034Lh,0.0
47446501-c244-46ba-bd6e-fdfcab5ade28,010402-20160810234034Lh,0.0
c94b24fe-47d6-430c-9e93-db8fb7ecb43a,010402-20160810234034Lh,0.0
e8175f0d-1d64-49b6-98eb-09b38ce97546,010402-20160810234034Lh,0.0
a4eb9c01-7b42-4e0a-a40a-99c0f362d013,010402-20160810234034Lh,0.0
770e33cd-0e71-46c1-b094-7193af6b14d1,010402-20160810234034Lh,0.0
d38060a1-d7c7-459a-8048-abeb4d6fa7c4,010403-20160810234034Lh,0.0
066551fe-8fe4-4678-bbeb-06782e5b3416,010403-20160810234034Lh,0.0
3620191e-5591-4372-9788-328fc997b7cd,010403-20160810234034Lh,0.0
8e01c1f1-1e50-49e3-bf98-19ce17a459fd,010403-20160810234034Lh,0.0
9b811596-f877-462d-bba0-a7e1f1a8bc8f,010403-20160810234034Lh,0.0
4ac0ab46-bcfd-46ad-abd4-1b479373a54d,010403-20160810234034Lh,0.0
9da7adf5-a98e-4306-82d1-53d6e0bf4d0c,010403-20160810234034Lh,0.0
46e9c9cd-b4ee-47cf-844a-6548be840e56,010403-20160810234034Lh,0.0
5dddab7e-2b63-41d2-a3e8-2f253a677063,010102-20110220082634Lh,0.0
2a175487-bd1f-4fa3-bc1f-78ee811fbc78,010102-20110220082634Lh,0.0
e19decb7-0214-4c98-9d10-9394a09c8dac,010102-20110220082634Lh,0.0
0ab853a2-45a9-4d28-8c07-d3e94ed64608,010102-20110220082634Lh,0.0
d1e155fe-7b27-46d9-ad1e-a5d0f3581547,010102-20110220082634Lh,0.0
36642bd6-bdd5-4802-9fe9-c9eab49418fe,010101-20110220082634Lh,0.0
ccdb5171-bbb0-4a62-8db7-ed9e0d0e00e0,010101-20110220082634Lh,0.0
6aa84b3c-21d0-4fe6-8bd6-b4a2c2ae899f,060403-20130601063154Uh,0.0
0e8ebd17-4e51-4bb4-b09c-fc90988e4991,060403-20130601063154Uh,0.0
e64c689f-efe6-46b9-b2d7-f050428b5ba9,060403-20130601063154Uh,0.0
4b970e45-3ab2-4807-8ab2-66b6f6359998,060403-20130601063154Uh,0.0
9f665827-cc69-406f-9c9b-f4bb190f5f7a,060403-20130601063154Uh,0.0
2877985f-b7b4-4ce5-8730-11741aff5af1,060403-20130601063154Uh,0.0
e2ddf84b-937c-4420-bb97-d5c6fb6e7c4e,060403-20130601063154Uh,0.0
845778d8-5e32-478b-b6b7-7c60ec85b108,060403-20130601063154Uh,0.0
dcf692a1-4213-4bbc-a8ed-0c761e097897,060403-20130601063154Uh,0.0
4a9a3c2d-0900-41e0-84c7-94b8d203202a,010101-20150112081954Uh,0.0
cd3005be-794c-4b1c-b61f-1b6a12d41ad9,010101-20150112081954Uh,0.0
8f485c17-30c6-4fce-abaa-d03f57c10195,010101-20150112081954Uh,0.0
b9815307-761f-439e-8ee6-1888d8a2ef6e,010101-20150112081954Uh,0.0
27250fd7-fcf0-4893-a01b-85302be7160f,010101-20150112081954Uh,0.0
47f39979-d7bd-4c8d-adb2-ac4edc0ceef8,010101-20150112081954Uh,0.0
7c62ce15-ea9b-4980-92d6-165c6b2953e2,010101-20150112081954Uh,0.0
6a8c4b5f-785d-481e-8598-a67151285845,010101-20150112081954Uh,0.0
58a44470-845a-4e09-9886-9b7db66000f5,010101-20150112081954Uh,0.0
c125691b-13e4-431d-ba49-8b1352641cf9,010101-20150112081954Uh,0.0
8d32a5a6-9b2f-41a9-893a-166a1ec41ef1,010101-20150112081954Uh,0.0
c823ede2-d608-4edc-af74-79f44366a435,010101-20150112081954Uh,0.0
e89b8e25-f54f-4109-9fd9-20769ce688d9,010101-20150112081954Uh,0.0
a6f6cfae-ae1e-4098-a266-daf937008b8a,010101-20150112081954Uh,0.0
daf03c3b-7c31-4c99-b31a-7092826bd7f6,010101-20150112081954Uh,0.0
ab1a381d-2677-4faa-a74a-d666b065fa13,010101-20150112081954Uh,0.0
adcf44a5-43a4-4c6a-bd6b-f9c8ac951c2c,010103-20150112081954Uh,0.0
0cf297f6-8812-4dc4-a616-7e095001e120,010103-20150112081954Uh,0.0
7c47a3b3-ad25-4375-86e4-d25bc102d1f2,010103-20150112081954Uh,0.0
8b61a5de-be5b-4326-918e-ed45b66cb18e,010103-20150112081954Uh,0.0
cf60d06e-93b2-4333-af76-ab9f71c38052,010103-20150112081954Uh,0.0
97dbf614-cffc-41a8-8405-0c7c9cd31a2e,010103-20150112081954Uh,0.0
2d8cae19-2d1b-4e40-b48b-28de6809eaf8,010103-20150112081954Uh,0.0
61297817-23f8-48d4-b5d3-9caab48c49f2,010103-20150112081954Uh,0.0
955ede86-e7a3-41d0-abe4-b9815539c7c8,010102-20150112081954Uh,0.0
9b783c11-f6f2-4dec-9e4d-a2addaea6993,010102-20150112081954Uh,0.0
cf011a9e-1119-4852-9776-a4d00e636630,010102-20150112081954Uh,0.0
17a2a8d5-f01b-4c57-8c53-3f60673ecd8f,010102-20150112081954Uh,0.0
f98c3d5e-d1c9-495c-8583-f8a81ceb2ed8,010102-20150112081954Uh,0.0
f9540a4e-e2c4-48e5-be54-e5c0eabe6f92,010102-20150112081954Uh,0.0
a4cadc43-c71e-4b85-9582-536e8a63e3dd,010102-20150112081954Uh,0.0
f5df1160-afd1-480d-8984-453f32b550b0,060102-20210721123430Ch,0.0
7b8ca58f-c4c1-423f-b727-d60d5e3210a3,060102-20210721123430Ch,0.0
886823d6-5ffa-43bc-a995-25656e5b0540,060102-20210721123430Ch,0.0
454d3649-6ffd-491d-b6e1-f0a5e1dc3fcd,030101-20160317232434Lh,0.0
130e9b37-85b7-4e30-adff-79f0683d6854,030101-20160317232434Lh,0.0
209eca62-b185-4d47-bbc8-ab99edb4918b,030101-20160317232434Lh,0.0
5d13cf46-a5c1-4dcb-bf96-9b0acbed0c9e,030101-20160317232434Lh,0.0
a1448b5b-d7ac-49d4-b4b2-51c26b603f2d,030101-20160317232434Lh,0.0
9ef7c7c5-7b5a-4ded-bf38-5c0051bae6d5,030101-20160317232434Lh,0.0
becfb499-1488-4fe8-b135-3f68f28b4519,030101-20160317232434Lh,0.0
a1785c97-5185-4b54-984a-bf5afa6f2c4d,030101-20160317232434Lh,0.0
375ce897-f585-4d98-9a26-f068902edc0b,030101-20160317232434Lh,0.0
997a3cb6-8dc8-4c2e-b9fc-6b5d5535ae00,050303-20110810063134Lh,0.0
a1dc42d9-398f-4289-a07d-fb62160f132d,050303-20110810063134Lh,0.0
e4fe9359-e436-45fa-b843-faeb33de7c77,050303-20110810063134Lh,0.0
8877e457-ad8e-4ff4-bd28-04fb81e9e5b3,050303-20110810063134Lh,0.0
7f0485a3-0f34-4f32-aee8-536298c526c6,050303-20110810063134Lh,0.0
990ccbf7-bb48-41aa-a6fd-c5f2ce483b12,050303-20110810063134Lh,0.0
86520aa9-ac3a-4f77-aef4-fb1ef17900ea,050303-20110810063134Lh,0.0
6c8cf04e-c12a-4ebf-bfa3-81d5da9dd66b,050303-20110810063134Lh,0.0
7cde0b02-ed71-40e7-b251-93a68911c46e,050303-20110810063134Lh,0.0
1a32a94b-e00a-478e-99ae-5e496f45c398,050303-20110810063134Lh,0.0
de09ab47-a8d1-42bc-94d7-3957ddd9c356,020101-20131116185334Ch,0.0
35079ffa-1fcc-49bf-a2dc-abd936c51ad2,020101-20131116185334Ch,0.0
9c3cff2c-7490-4794-9cd6-76696ab47a5d,020101-20131116185334Ch,0.0
652155d6-786a-4001-ae1e-c54e807c42c8,020101-20131116185334Ch,0.0
f041e33a-5f6d-43fa-85d2-bef956d05608,020101-20131116185334Ch,0.0
419c79af-5830-461d-9298-eb107b94cd4f,020101-20131116185334Ch,0.0
dafbb9dd-649c-4180-b750-572dbb5a4f1d,020101-20131116185334Ch,0.0
fab97e67-60da-46cf-aaa7-b5638472e97d,020101-20131116185334Ch,0.0
315d4cd0-32b4-413b-a973-f2335e31d30e,020101-20131116185334Ch,0.0
c3866ff1-9434-45c8-b19e-49c0d3d37562,020101-20131116185334Ch,0.0
a22855e0-f1eb-40b9-8fed-c39830c2e507,020101-20131116185334Ch,0.0
6351a3cd-192c-4619-b778-3d0fb48b3db7,020101-20131116185334Ch,0.0
6ed72e4f-6491-4929-9a71-d5dd99d2ee0d,020101-20131116185334Ch,0.0
d11e2824-a1cc-4bb4-8540-5cd659442af6,020101-20131116185334Ch,0.0
986be9eb-235e-44e0-a9c7-b71a7bc397d1,020101-20131116185334Ch,0.0
32b970e8-3f9c-4773-930c-2df7052a75ea,020101-20131116185334Ch,0.0
20a85151-2aad-464a-80c3-d9f04b4f29b7,020101-20131116185334Ch,0.0
3fd69ec5-6f3f-4ab2-a84d-57be6a666449,020101-20200105073250Uh,0.0
80ee597a-4828-4f1f-8b7d-c270f00b998c,030101-20130201084914Th,0.0
2cb15893-8dba-439c-be04-362e89ebf8e1,030101-20130201084914Th,0.0
5480a297-29f8-4257-9440-08ce4657bbec,030101-20130201084914Th,0.0
e9a02822-2629-4fec-ae40-8d4a3c732789,030101-20130201084914Th,0.0
e95369fb-4ccc-43f2-b76b-fab2ca84cd8a,030101-20130201084914Th,0.0
562c9460-5a0a-45b8-9bec-cf2393e9bb8e,030101-20130201084914Th,0.0
78c3575a-c3cd-4110-8838-10c7df6d30ac,030101-20130201084914Th,0.0
d17fe66b-e326-4106-93cc-4d6daa9e4720,030101-20130201084914Th,0.0
4c3aa9c5-f4dc-4be9-8d00-f40a76ba8c96,030101-20130201084914Th,0.0
2e617d5e-812c-4544-9307-5c9df1204bb4,030101-20130201084914Th,0.0
00871493-e0a9-4505-8725-088a37de61a8,030101-20130201084914Th,0.0
640806d8-c48b-4f29-8aa8-1c5b1f5b65de,030101-20130201084914Th,0.0
de41cd90-b2ff-4180-a485-1632987a2c2e,030101-20130201084914Th,0.0
d16fd26e-ef27-49f9-a2a2-c6550f22fefd,030101-20130201084914Th,0.0
bea541b1-4c08-45e9-bb82-9319db6a08f2,030101-20130201084914Th,0.0
3911819c-d005-49c9-a458-b897f292aeb4,030101-20130201084914Th,0.0
2cc16254-f40a-4011-a3a5-ec7986f3b8a2,020101-20121022145554Bh,0.0
e155acee-b9b1-4e9f-ae36-561ee579a53e,020101-20121022145554Bh,0.0
f1b8e11d-9b76-4dde-9041-e971eee317fa,020101-20121022145554Bh,0.0
2ce672b3-a93f-46bd-9753-60e97a752a4c,020101-20121022145554Bh,0.0
e57a48e0-3c97-431d-b48b-3037afa82a55,020101-20121022145554Bh,0.0
34784c10-57bf-4ca5-b335-500ed1c0521a,020101-20121022145554Bh,0.0
c095a91a-5674-4bed-93f3-cb0b3b1858ec,020101-20121022145554Bh,0.0
64b6255b-10c9-4835-9d77-3f6abe68fcc5,020101-20121022145554Bh,0.0
d6ef8040-3756-41f5-8506-0310fb167801,020101-20121022145554Bh,0.0
f88d6f06-7fbf-4c21-aa6b-8a8296b8fa4b,020101-20121022145554Bh,0.0
17917c4d-2f0f-420d-bc4d-6b5d0192ffa7,020101-20121022145554Bh,0.0
d6894838-7b33-4371-b3b0-b7d101ac8954,020101-20121022145554Bh,0.0
d387095e-2436-4fb6-9850-dc8ec0cc150e,020101-20121022145554Bh,0.0
7859c324-ca0f-460c-8081-8dea31a7c8b6,020101-20121022145554Bh,0.0
dc912ed6-be60-43a6-b636-137a90792920,020101-20121022145554Bh,0.0
33647e5f-0578-4cfb-9ec2-16d89c41c189,020101-20121022145554Bh,0.0
3cde3720-d64c-401b-a392-a1627016b425,020101-20121022145554Bh,0.0
0dcfce48-9e35-4008-a5cd-05bd22269af9,020101-20121022145554Bh,0.0
4327af45-54fd-43d0-87f3-a694e292b3d6,020101-20121022145554Bh,0.0
f2145fee-6f8a-48cf-be1b-480c1f325213,020401-20130314165714Mh,0.0
e1f5600f-cbc3-4192-b287-9a97cf549c27,020401-20130314165714Mh,0.0
a746b75d-377b-4375-98d1-b152c56ba642,020401-20130314165714Mh,0.0
b0dee97c-7f5c-48fd-b0ab-484ce65a68a5,020401-20130314165714Mh,0.0
72275177-bff4-40ac-9c8e-7f8283bb1ef8,020401-20130314165714Mh,0.0
010026b3-ee07-453d-aa22-4ac732f2e9e7,020401-20130314165714Mh,0.0
0c721b1c-1b72-4028-a470-e121d80bf040,020401-20130314165714Mh,0.0
1265c3eb-8696-41e0-b3ba-dc87e6b99d0e,020403-20130314165714Mh,0.0
c9a81922-dded-4795-ad33-f85d9129870f,020403-20130314165714Mh,0.0
909a4392-2b25-42b7-9d4f-d0fa103a6e8a,020403-20130314165714Mh,0.0
7ee725a0-be55-4342-bb92-08c07beabb36,020403-20130314165714Mh,0.0
ba384c7e-49d5-4df5-b86a-0e34fa75e8bc,020403-20130314165714Mh,0.0
6d787da5-773d-4182-84ca-1c9f7eeb189e,020403-20130314165714Mh,0.0
206f029c-5b81-4408-b2d5-14734e6221f6,020403-20130314165714Mh,0.0
0a78e64e-66b3-4280-b38e-67df1bfc6de8,060403-20181014105830Ch,0.0
ec83afff-600d-42b4-b264-ecfca6d7d348,060403-20180923112330Ch,0.0
97b3972a-652b-4561-b10b-541b912c8f1f,030302-20171025133730Ch,0.0
71fd384d-4efc-434e-8d4a-af43bc4c4e13,030302-20171025133730Ch,0.0
50d9a62c-d1cd-42e3-986b-7a845086c812,030302-20171025133730Ch,0.0
90f59d6a-8923-43f3-8b46-62fa93b0a2d1,030302-20171025133730Ch,0.0
447ada14-7b57-4912-a8da-dcbc9745cfee,030302-20171025133730Ch,0.0
9a4ebea1-69a0-4b15-aa8c-bddc90cdf718,030302-20171025133730Ch,0.0
79b9ae5d-e908-413a-ab1b-eaaf775b7763,030302-20171025133730Ch,0.0
cb57219e-dee1-40a0-beab-a5c03b908c0f,030302-20130609173414Mh,0.0
5fe22f48-fefb-4697-aabe-758c4220d2be,030302-20130609173414Mh,0.0
87199bca-e09c-4556-8b27-1aac11e6d487,030302-20130609173414Mh,0.0
30862bed-2004-4ba3-9c11-f7c61021c3fe,030302-20130609173414Mh,0.0
be450815-0199-4c14-901f-0710198d0e2b,030302-20130609173414Mh,0.0
638630ba-54ec-460f-a563-508c9a6bfb33,030302-20130609173414Mh,0.0
300d3464-4d26-4900-836d-759ded93ea33,030302-20130609173414Mh,0.0
7e2ce4d5-e931-4d9c-876e-4f953f158218,030302-20130609173414Mh,0.0
47b5d8f3-dcd8-40cf-ad9c-7b2fd88e342c,030302-20130609173414Mh,0.0
1b2ff0fd-2d6e-4b2d-a900-ba9a892da2b4,030302-20130609173414Mh,0.0
82386263-09dc-4682-a7e2-763fa4f3d6bb,030302-20130609173414Mh,0.0
3209e598-2e6a-4016-8e3f-06495d65bd41,030302-20130609173414Mh,0.0
83a69f0d-699a-42f1-9d58-c5e8319b0a23,030302-20130609173414Mh,0.0
0a8d4c99-ff5a-49c8-82e3-36c965e4a43c,030302-20130609173414Mh,0.0
d749f9a7-3f07-486a-9393-f62a5a28408f,030302-20130609173414Mh,0.0
51b4d8db-8cb3-468e-a375-088c0d0a989e,040401-20160619133714Th,0.0
fc6639d5-e8f5-4782-990f-6a7eabe0a7d9,040401-20160619133714Th,0.0
d946302d-2797-4d61-b345-98d97dda528a,040401-20160619133714Th,0.0
8b426af0-340c-4ee2-a184-6b8dca107bc9,040401-20160619133714Th,0.0
c2d2065e-c562-498f-9baa-3b924e7bc419,040401-20160619133714Th,0.0
059f926c-21ff-4b4d-be01-952c9f88d5bf,040401-20160619133714Th,0.0
de63ebe6-e75e-4258-9c07-caa726803681,040401-20160619133714Th,0.0
93f84050-3be0-4e8f-b7c4-4e1c6e253ff4,040401-20150830084134Lh,0.0
6b13cf5c-f7ba-4651-9240-d1782be7df51,040401-20150830084134Lh,0.0
230aebca-952e-4765-9b30-53f62d0062c4,040401-20150830084134Lh,0.0
f4684e37-8490-4c82-8e46-3b2c3ee383f8,040401-20150830084134Lh,0.0
99f7359c-5aed-42db-9b6c-2a5e34da9432,040401-20150830084134Lh,0.0
ce5b3627-fa20-41ab-807a-7eb254c5dd97,040401-20150830084134Lh,0.0
801dfb63-ab23-4e63-bf1a-6d611b452d23,040401-20150830084134Lh,0.0
17509a02-55b3-4311-b1b4-f4e7af8fa001,040401-20150830084134Lh,0.0
e4d0e0f3-500b-4092-bc79-dba51e3c667e,020101-20190927165910Mh,0.0
da8c347f-6da4-435b-aed5-9f31bea4b806,030302-20151128222134Lh,0.0
5f4e9721-fd71-46cb-8a9d-9359fcdab5da,030302-20151128222134Lh,0.0
5fa52521-d4f8-4436-976b-1f4347cfe3f9,030302-20151128222134Lh,0.0
851d2790-84af-4ba2-ba6f-07d7e9b8b9bb,030302-20151128222134Lh,0.0
5b66fc50-bf62-4b25-8981-7bf2753b5d77,030302-20151128222134Lh,0.0
ab7249cf-16d2-4386-9844-0e55b866f81e,030302-20151128222134Lh,0.0
1bbd0b3a-5c16-4b80-8f9e-cc6ddb666f46,030302-20151128222134Lh,0.0
b16a1974-5479-4077-88c4-78cd59fb1770,030302-20151128222134Lh,0.0
f48fd4d1-bab5-4a76-903d-e12166c371d2,030302-20151128222134Lh,0.0
c3993160-9576-433f-9665-daa689493565,050101-20110502063154Uh,0.0
d6df1e16-12cb-40fd-bcd0-cbd6cf44826b,050101-20110502063154Uh,0.0
160be7d9-cebc-467c-a8ac-85b47088e5ed,050101-20110502063154Uh,0.0
1b424cae-24a7-4fd6-8aaa-8b74369b53b3,050101-20110502063154Uh,0.0
21d71b12-b872-42b1-93e5-dca804a0497c,050101-20110502063154Uh,0.0
1403d9b1-46df-4296-b4ff-69244a80757b,050101-20110502063154Uh,0.0
194fe467-3a6b-432d-b2d4-31a9c18e10a5,050101-20110502063154Uh,0.0
3b6fb89c-26a9-4d1f-b8a5-29c88efdf708,050101-20110502063154Uh,0.0
86684500-64bd-4fc5-b235-ba22e0294cc9,050101-20110502063154Uh,0.0
40cc8deb-0617-40b2-9325-a0a0c306e00a,050101-20110502063154Uh,0.0
3055f682-94bc-4b35-8645-ba4d4a41b892,050101-20110502063154Uh,0.0
cc468ef7-1684-4780-afc8-a8eecad11948,050101-20110502063154Uh,0.0
c58e2903-8f87-4bf2-981a-aa68593a6010,050102-20110502063154Uh,0.0
b1c916d7-dce1-46bf-9757-900afc3d8942,050102-20110502063154Uh,0.0
3e2366a7-5d64-47cc-9763-bfce879ecff5,050102-20110502063154Uh,0.0
a915622c-e4a4-4255-9f9d-eb2dd94eb42a,050102-20110502063154Uh,0.0
71846ce4-3371-443e-872e-feaf7ad6d41f,050102-20110502063154Uh,0.0
a716870c-891d-4f73-92dd-d8bd3cd34e84,050102-20110502063154Uh,0.0
b358f2dd-aec8-410f-86da-798423b0e012,050102-20110502063154Uh,0.0
e966fd69-333b-476f-9829-e5931acc587c,050102-20110502063154Uh,0.0
64bed268-2963-484f-aa87-5ca0e7318ae4,050102-20110502063154Uh,0.0
e6416215-00e3-402f-ad6f-4727cd375293,050103-20110502063154Uh,0.0
ca1538ba-29e9-4b41-b1e3-81c457a80b73,050103-20110502063154Uh,0.0
c36a93ee-de77-45bc-afda-c5eefabab69d,050103-20110502063154Uh,0.0
8c01d8be-82df-43fd-9941-14fd87e436cb,050103-20110502063154Uh,0.0
30797aa1-0352-4315-b040-092b109c3e55,050103-20110502063154Uh,0.0
cd3632a9-5733-46d1-9e8e-78e7f0298837,050103-20110502063154Uh,0.0
eb701a6b-777b-431c-a26b-d4e77a2892b7,050103-20110502063154Uh,0.0
69bbe5ed-fa41-4d2e-988a-678dca8dfe9d,050103-20110502063154Uh,0.0
4985cfb6-5370-4558-a873-f5496bc7e553,050103-20110502063154Uh,0.0
94079a8a-bcbd-4629-8bdb-4e3d37f7111f,050103-20110502063154Uh,0.0
80107924-09b8-4427-9af9-583d4364dc3b,050202-20150926111934Ch,0.0
cd1f9ced-4a19-4ee7-9560-9d954424836d,050202-20150926111934Ch,0.0
8d658ec3-ab83-4449-bd6d-40e9c39a2ded,050202-20150926111934Ch,0.0
2e727360-f70b-4803-99e2-70f35708e763,050202-20150926111934Ch,0.0
aa1e2bbf-83af-40ef-8f8a-80048d9c86ee,050202-20150926111934Ch,0.0
6ec3098e-6510-42a0-9ed4-25a07a574a02,030302-20131030185354Bh,0.0
b8fe0fe8-df4c-4d07-a19f-b0bafa89f5a6,030302-20131030185354Bh,0.0
29acadb8-e2d3-44c9-949f-5dd5a1a5d30e,030302-20131030185354Bh,0.0
025579ba-1f22-4fc5-a70b-7d4653c844f3,030302-20131030185354Bh,63.45839999999998
6897c021-bddc-4a53-9cd4-1be464a830cd,030302-20131030185354Bh,0.0
9eb54503-6aa4-4eba-bfd7-05858f100aba,030302-20131030185354Bh,0.0
43716d34-fba2-4f2e-a08f-bc8060efa648,030302-20131030185354Bh,0.0
ee4640b1-048f-4791-b76e-4d4f0bf19f73,030302-20131030185354Bh,0.0
9e366309-f319-45a4-92c0-48e448204651,030302-20131030185354Bh,0.0
3cc45daf-a23f-40df-8365-d12fa839bbb1,030302-20131030185354Bh,0.0
8c3ca5f8-e353-4f39-b8ab-a0885c1c415c,030302-20131030185354Bh,0.0
fc245ca2-cae7-4094-9710-a87075db2ba5,030302-20131030185354Bh,0.0
064ec829-cd19-4bf2-bb77-bf3ada5b391f,030302-20131030185354Bh,0.0
a7fe0b59-a827-499c-885c-b4b8c55587ab,010102-20141027224834Lh,0.0
0434d328-48cf-45d4-8f8d-8846ae26eca2,010102-20141027224834Lh,0.0
c1b17a74-a2eb-4327-b129-34b5d11e42b2,010102-20141027224834Lh,0.0
70aafcaa-247c-43e8-8f71-aece75e2b958,010102-20141027224834Lh,0.0
3b3c4277-198c-40a2-b358-6c3459a233ef,010102-20141027224834Lh,0.0
d042e28b-8629-4168-8be5-c4163ddcb2bb,010102-20141027224834Lh,0.0
d33af129-0c56-4487-b091-8cc3f00252a9,010102-20141027224834Lh,0.0
a7e173c4-0536-44c5-8153-fefe0e60eaf9,010102-20141027224834Lh,0.0
5f4e9350-be89-4ab3-b714-f816f26a4ce3,010102-20141027224834Lh,0.0
a226be99-ef9b-46d9-ad6b-9676d9457c28,010102-20141027224834Lh,0.0
a55e7064-b865-48ba-95ff-98de17645e21,010102-20141027224834Lh,0.0
fe5474b5-4f1c-4c72-bb72-3f1debe8f481,010101-20141027224834Lh,0.0
906fd660-aec2-47ee-ba4f-ee29586a07e3,010101-20141027224834Lh,0.0
0229a2ee-dd99-469e-ac3a-856ef3566cff,010101-20141027224834Lh,0.0
9e434a35-08f2-4968-8477-57e4d19c29df,010101-20141027224834Lh,0.0
34e5dfbc-eeca-41ba-8097-74030fd68cd1,010101-20141027224834Lh,0.0
eac14534-b268-4d83-a96d-52e590f5c3fd,010101-20141027224834Lh,0.0
bc84880e-9b55-483e-8283-42a563c28cae,010101-20141027224834Lh,0.0
1a35237b-e087-4bc3-a230-f7f5552f204d,010101-20141027224834Lh,0.0
22e005c5-af59-45f4-b997-cc0bff8fe567,010101-20141027224834Lh,0.0
fd3fd98a-4a64-43f8-ac11-b58f433dc062,010101-20141027224834Lh,0.0
c60e8957-e855-4e2b-9634-5c77c0193a76,010402-20121218063534Lh,0.0
0c47c8f6-73a2-4250-8793-91b1ce2afb3a,010402-20121218063534Lh,0.0
17626f62-2cec-4b48-8467-53dfb9912342,010402-20121218063534Lh,0.0
f2b5ba15-f2d1-4bd9-b987-39a1e62cce9d,010402-20121218063534Lh,0.0
2a787ac1-238f-45c8-86e2-f3ed652c7679,010402-20121218063534Lh,0.0
c2c5798f-a81e-4f88-8679-b1fcb16f76b6,010402-20121218063534Lh,0.0
67b3fef2-6540-428a-8ff0-4c6f4d96f0f8,010402-20121218063534Lh,0.0
bf31237b-b193-42c8-8c8d-27c36a97c8db,010402-20121218063534Lh,0.0
80047b41-c59f-46df-b5b9-7019e98e6857,010402-20121218063534Lh,0.0
a5e4922e-ff5c-40d0-a1d4-33e2f810b9bb,010402-20121218063534Lh,0.0
15fd7c89-9bc5-47f8-b4a3-1d73ab542169,010402-20121218063534Lh,0.0
ce7f5294-7fa6-4298-bbc9-36dde11c6894,010403-20121218063534Lh,0.0
1a4ea36b-0b4a-4e3e-b70f-0f27f8833c30,010403-20121218063534Lh,0.0
e6af99fb-55dc-475e-823b-0a8481ff7cdb,010403-20121218063534Lh,0.0
cff841e8-f8da-4cca-9bea-5562ea6c10ba,010403-20121218063534Lh,0.0
c9dba1f0-af17-49ee-b404-c810320455db,010403-20121218063534Lh,0.0
4fe61014-f0a9-4c47-bfa2-617a9b9fb92a,010403-20121218063534Lh,0.0
ad2dd9e9-6379-48ae-9516-b362ba5b7e0d,010401-20121218063534Lh,0.0
9d493a31-d58e-4602-9359-100f508719fc,010401-20121218063534Lh,0.0
d6968b0d-cd36-466b-8143-1bd882560214,010401-20121218063534Lh,0.0
0cb04e29-429b-434a-a321-c8a337de3da3,010401-20121218063534Lh,0.0
6cac0698-ef4e-4aa6-9d98-d111dc91c253,010401-20121218063534Lh,0.0
a88636e0-e004-4fe4-808d-8c56b65349a0,010401-20121218063534Lh,0.0
5b5e3897-a6db-4f97-9067-6534ff457bf8,010401-20121218063534Lh,0.0
ce3ca435-9012-40fc-8c8e-8e50f562c479,010403-20140205180154Bh,0.0
8ee70f86-d668-4326-8db2-40ea79503fd4,010403-20140205180154Bh,1.6931999999999334
602c0336-4dac-4d99-8567-85bb4deb8878,010403-20140205180154Bh,0.0
a36d3165-bf0a-4a89-9df9-d4ab379ec025,010403-20140205180154Bh,0.0
52c2c298-34a9-44ed-8686-bb620dcb983a,010403-20140205180154Bh,0.0
6a51b43d-b444-4504-bcfc-0f7a8af6bf69,010403-20140205180154Bh,0.0
9dc65137-a086-4300-89c1-c0fb37b97b3a,010403-20140205180154Bh,0.0
0619a150-5d21-4c3b-abf1-e5863758cfbf,010403-20140205180154Bh,0.0
7cc5c5a4-45a4-416d-b578-7b6d9c0cceac,010403-20140205180154Bh,0.0
ded70e43-633a-43df-a0c2-73da59f7d8a4,010403-20140205180154Bh,0.0
56175379-1648-4a5a-83a2-8dadad4adeca,010403-20140205180154Bh,0.0
138f949a-7be6-4a37-8707-eaaf27f2e0df,010401-20140205180154Bh,0.0
ef5e536d-fd15-4e2c-9106-e6526e660047,010401-20140205180154Bh,0.0
4a4ce5f3-da3e-4393-bb4a-8026acf72a17,010401-20140205180154Bh,0.0
640b3ab5-eaeb-4c0a-8780-93b0abfb0221,010401-20140205180154Bh,0.0
4f39626b-254a-4fb8-9111-d8dda12a0164,010401-20140205180154Bh,0.0
3dc47c3a-4083-42f3-b00b-49bb5ec1d3f6,010401-20140205180154Bh,0.0
c2f13c96-cb22-4133-a984-366730c6d5a9,010401-20140205180154Bh,0.0
6226b15f-d47d-462a-a155-049250041879,010401-20140205180154Bh,0.0
2a7a7022-8c12-467c-9e4f-a29859ce8d03,010401-20140205180154Bh,0.0
82c97e31-8a83-4689-b730-d56e737ccd3e,010401-20140205180154Bh,0.0
38444e41-9af8-4cbe-bb32-464f7137422b,010401-20140205180154Bh,0.0
c96e90a7-6ad0-4557-bbd8-e365720c37bc,010401-20140205180154Bh,0.0
b4f269df-32b4-4b38-b9d1-b05c6169c600,010401-20140205180154Bh,0.0
3469291f-6041-4ec8-8fcf-fe0c28c88149,010402-20140205180154Bh,0.0
21258f44-180c-42fb-9792-ffaa4a665ab7,010402-20140205180154Bh,0.0
5d1656e4-6c1b-481e-8bfc-cd534b3c372c,010402-20140205180154Bh,0.0
e228a04c-52f2-4887-9e3c-926dbdea7b23,010402-20140205180154Bh,0.0
88cec89f-d6c0-4006-939a-5b56cb560d77,010402-20140205180154Bh,0.0
9df7de00-1f17-461e-b9bd-a64ed6d61bf6,010402-20140205180154Bh,0.0
365a45bf-bc92-4996-bacf-c23ca7325571,010402-20140205180154Bh,0.0
eba9aa74-9891-41fc-99a2-db4ca079e2b8,010402-20140205180154Bh,0.0
62c8103a-16e1-4eb6-a97e-599e8da023c1,010402-20140205180154Bh,0.0
6daee010-a876-44c1-bc70-590ce01c3f2c,010402-20140205180154Bh,0.0
78fe1855-14f1-4f51-a4d1-1818711d60ed,010402-20140205180154Bh,0.0
a837c1b5-2d8d-46cd-ba41-0f93748f98fc,010402-20140205180154Bh,0.0
398f31b0-65e3-439f-8048-b530404c01dc,010402-20140205180154Bh,0.0
378000a3-bac7-41a5-9f3c-b2cae71c6be3,010402-20140205180154Bh,0.0
a5f3fbaa-b731-4074-9f88-1f85c09cff49,010402-20140205180154Bh,0.0
59398546-b3c0-4b7f-92dc-d21af50e4356,010402-20140205180154Bh,0.0
92c00e8c-d2a6-4cb4-99e4-9c794059a4f1,010402-20140205180154Bh,0.0
edd8f253-7872-453b-925f-38e9690d78f2,010102-20150531082034Lh,0.0
425642e6-886c-4ae9-be4f-3ecb08908951,010102-20150531082034Lh,0.0
dffea00b-6f60-433c-ab0a-c5753475fd53,010102-20150531082034Lh,0.0
8b34d328-f753-454e-b5d2-1876ac7cc498,010102-20150531082034Lh,0.0
c4626568-10c0-443d-a070-a0cf2772a977,010102-20150531082034Lh,0.0
ea5c1da6-6cb5-4852-8f00-2860962741a7,010102-20150531082034Lh,0.0
8b59d886-0f2b-42f2-b4be-c29d149e2a06,010102-20150531082034Lh,0.0
5443dd49-04c3-459e-b883-02ec58a08898,010102-20150531082034Lh,0.0
402673ad-98bd-4c40-a623-5246a1f5ff7b,010102-20150531082034Lh,0.0
08fec138-d800-4c5f-997c-588d7ecd0dba,010101-20150531082034Lh,0.0
bc00ed27-494e-4085-b84a-25d1df93096c,010101-20150531082034Lh,0.0
67811a0c-8729-4e28-8d28-06713f1eeac3,010101-20150531082034Lh,0.0
8e38bc08-ec8b-4865-87b2-62679ae51490,010101-20150531082034Lh,0.0
4fc21a64-7f56-4c28-a56b-9954476007b9,010101-20150531082034Lh,0.0
6a235ae3-5c25-4cf2-b4ef-95d86c9b2253,010101-20150531082034Lh,0.0
9e91a5c5-8aa5-45b4-add9-c3136a2efe01,010101-20150531082034Lh,0.0
a6cefe30-ebe0-444f-9e98-6a1a0d9c3453,010101-20150531082034Lh,0.0
2313265f-bbc8-429d-b7f7-e57afdc8029d,010101-20150531082034Lh,0.0
ea256240-2041-48fd-8343-a7230d154d2f,010101-20150531082034Lh,0.0
7b716686-7cf4-4d39-aa99-f4197afb8dab,010203-20210621133650Bh,0.0
8471a52e-f5ab-4747-beb4-29c478bd73eb,010203-20210621133650Bh,0.0
c8ac5ce4-6cb6-4095-abf2-7f6372e3c102,050102-20150116082034Lh,0.0
ffc35242-404e-4167-8049-5472746f644f,050102-20150116082034Lh,0.0
b6c5b6c7-24c9-41b4-8cf2-c0de9d9b7d48,050102-20150116082034Lh,0.0
7a69e0ac-448f-4997-8c16-fdb31d781d98,050102-20150116082034Lh,0.0
fa77baeb-916d-4aa3-b502-e431829abe29,050102-20150116082034Lh,0.0
aca6c831-3712-437d-9202-a0da1c7e8834,050102-20150116082034Lh,0.0
8de0199b-6fa4-4eec-933f-a2710da18d96,050102-20150116082034Lh,0.0
86ca73c7-3172-421e-90ab-4f4af149e3dc,050102-20150116082034Lh,0.0
7c4a2a2d-6c12-498c-82b8-3107f59fda27,050103-20150116082034Lh,0.0
4f3193b7-8b3a-4791-b1ae-f0313e130de4,050103-20150116082034Lh,0.0
eb3c57df-3aa1-4002-9469-c68b4bd7b827,050103-20150116082034Lh,0.0
1f70449b-617b-49fc-9952-f4570b75812a,050103-20150116082034Lh,0.0
1f773212-ecc9-473f-b640-87707b35443f,050103-20150116082034Lh,0.0
ebf72fff-4731-4c1e-9c72-9234dcf90adb,050103-20150116082034Lh,0.0
79def27d-e2a5-4288-b5de-1fb30fb6fced,050103-20150116082034Lh,0.0
bcda97b9-923a-4f75-83f4-2c1f67713f9e,050101-20150116082034Lh,0.0
41fa7755-9c0e-4845-93aa-53e42d41977e,050101-20150116082034Lh,0.0
84aea16b-f752-4601-b8e0-f40906b5e642,050101-20150116082034Lh,0.0
0db05db6-eac2-4771-9625-a67011b63293,050101-20150116082034Lh,0.0
c343fbdd-8f08-48f5-9eae-4d8948a9c07e,050101-20150116082034Lh,0.0
da9a7c66-7c0d-4e28-9d4d-9cbf60f0cf3f,050101-20150116082034Lh,0.0
d5872856-7975-493b-a744-37ed10902db4,050101-20150116082034Lh,0.0
e1c01c54-e2a2-481e-bc9b-4248348af602,050101-20150116082034Lh,0.0
6c006851-59b1-4284-95d9-6f31054ade72,040102-20210731074710Th,0.0
99b05f04-c8cc-440d-baa8-0a0f0991971b,040102-20210731074710Th,0.0
91d3ec13-1380-4dcb-84a9-229e88504f87,040302-20140807195854Bh,0.0
c1b631b1-b774-4747-8dd8-b06c664f917a,040302-20140807195854Bh,0.0
59fcb676-73f1-4426-8735-f96e159ac953,040302-20140807195854Bh,0.0
2577af87-1fd1-44ad-92f9-106a7b54b664,040302-20140807195854Bh,0.0
e0afd02f-97e2-46b8-a929-e0d93e0aa48a,040302-20140807195854Bh,0.0
909a165c-021c-4e95-9f86-8072dbed82b5,040302-20140807195854Bh,0.0
8112e3ee-bfb3-4a30-8a95-018ba11ca569,040302-20140807195854Bh,0.0
b3b5eb8e-44db-4a13-b2e7-cca05c29fa53,040302-20140807195854Bh,0.0
a9c51249-9e6f-4e51-8c65-857e7c8557a4,040302-20140807195854Bh,0.0
b0b5ce75-1462-40ac-9e5f-369f24d703bd,040302-20140807195854Bh,0.0
3d293d3b-55ca-4d45-a98d-ed732a51192c,040302-20140807195854Bh,0.0
8fc83660-1a2d-4744-992a-e9d20ba7e46b,040302-20140807195854Bh,0.0
96f6565c-9a2b-4ebf-a124-64157860a2ca,040302-20140807195854Bh,0.0
28ec2dbb-065a-4ad5-8f41-1cde80d50cdf,040302-20140807195854Bh,0.0
4f1bb2f9-e6d6-489b-b5b0-561e6b6f69a4,040302-20140807195854Bh,0.0
6aa98216-bc35-42c4-9cfe-d1892073deef,040302-20140807195854Bh,0.0
a781af93-9391-4da7-960b-6ec3eee640e5,040302-20140807195854Bh,0.0
c99aca2b-8b9a-47fe-a170-2266084b69ca,040302-20140807195854Bh,0.0
3ccc5276-2a75-424f-bdac-03ca32f0d334,040302-20140807195854Bh,0.0
6c63a678-7770-4a49-a8a1-ddd27566b5a8,040302-20140807195854Bh,0.0
3ae80368-c8f5-4c10-a2be-9c9cf8b02665,040301-20140807195854Bh,0.0
221d7bab-974b-44d6-985c-8b89c5022210,040301-20140807195854Bh,0.0
6931c101-f9e4-4ece-9297-cea62bc1786e,040301-20140807195854Bh,0.0
939c0a5f-2d05-404c-a55f-f7ad1750cd79,040301-20140807195854Bh,0.0
4383f2eb-c306-4b30-8ebb-ea31a046f057,040301-20140807195854Bh,0.0
0a3e2733-4974-45f2-9c52-b67ad79ea3e2,040301-20140807195854Bh,0.0
283e0a47-7e00-4874-a632-4ec0564969a4,040301-20140807195854Bh,0.0
9edd71fc-6458-4236-8f59-4be2201d35cb,040301-20140807195854Bh,0.0
00bbd465-ba7f-4084-b9b4-7f99a57976b4,040301-20140807195854Bh,0.0
79572054-c70a-480f-a801-88edf65634a1,040301-20140807195854Bh,0.0
d745972e-1df4-458b-b046-52ea496a6138,040301-20140807195854Bh,0.0
69fa0d6e-9050-4a57-a6b5-3c72f6677bee,030403-20170423014350Uh,0.0
189d78d7-b1d2-4171-83d4-8725d0cb7ca5,030403-20170423014350Uh,0.0
c2f3e858-c762-4893-b1e4-234ef27973a0,030403-20170423014350Uh,0.0
7f4dfdde-d6b5-496e-9b7b-60b515baaf8a,030403-20170423014350Uh,0.0
58a44c8a-854f-4de5-b84a-896ddf6c0a55,030403-20170423014350Uh,0.0
856fd9a0-c004-45a6-ab5c-2804e2e31ebf,010202-20171004143950Bh,3.296100000000024
5cce7da4-a1a4-4f69-a2b0-4b5b2e1f6fd6,010202-20171004143950Bh,0.0
8cad3abd-b0e7-4573-a0c5-b0f329b27032,010203-20171004143950Bh,0.0
74000e32-02fc-4d92-822b-5cf85d7759af,010203-20171004143950Bh,0.0
ae805e86-2492-4438-a63d-e11a31c6ac9d,010203-20171004143950Bh,0.0
b9c52754-6353-48b3-a203-4ea9ae681463,010203-20171004143950Bh,0.0
7b4f8106-1974-49e9-9aef-7ba7bc651958,010203-20171004143950Bh,0.0
db836d1d-ef5a-4fff-a30c-f5a66974804c,050202-20140128174554Bh,0.0
ef51b28b-e6a5-44ae-bb69-52e281740cdd,050202-20140128174554Bh,0.0
6148ab88-bd39-4cba-96c2-2c6dc5db3b17,050202-20140128174554Bh,0.0
780fb35f-4991-4e2c-b745-10550db35205,050202-20140128174554Bh,0.0
06b78508-dbcd-4a57-b3f0-fb0ada21cff1,050202-20140128174554Bh,0.0
7c4b915c-39fa-43da-a0a1-cf415be7e78b,050202-20140128174554Bh,0.0
b1de4360-92a6-4846-a7fb-ffab876209ed,050202-20140128174554Bh,0.0
786318c8-52f7-49b3-bf1b-fdcceae65c0b,050202-20140128174554Bh,0.0
7862eabf-aca0-4026-99e1-42244b044c27,050202-20140128174554Bh,0.0
14bd1551-26d5-4e7c-b2a8-c36fffc04e9b,050202-20140128174554Bh,0.0
45653180-bb0e-401a-9d53-44cf6a019621,050202-20140128174554Bh,0.0
afdd7c4e-56ba-44a5-8090-21272e4a4d25,050202-20140128174554Bh,0.0
310b362d-ed77-492a-a00c-43da2f33eecd,050202-20140128174554Bh,0.0
3d15814c-4ec3-4184-99a9-bc6a449f1198,050202-20140128174554Bh,0.0
6bee4267-2998-449b-9387-218e35b7236c,050202-20140128174554Bh,0.0
9fc4f826-4d87-425c-bb73-d0b6f0c49a03,050202-20140128174554Bh,0.0
97dcb3b5-23ad-4ed9-a713-55779b0921b7,050202-20140128174554Bh,0.0
f1cda849-d248-46cd-a326-8f59303ee174,050202-20140128174554Bh,0.0
39ee3dc5-50f0-4b1e-a5bc-d64a0f09ee9a,050202-20140128174554Bh,0.0
e03bf2bf-8ffa-488d-a3aa-cb7175c26a17,040102-20110525063154Uh,0.0
83f67c97-5be8-4c1c-93a8-3c13438be074,040102-20110525063154Uh,0.0
b025d2b6-fb04-422e-ab02-e20a24371573,040102-20110525063154Uh,0.0
69ec3455-b647-4a20-bba3-21996ad8c20c,040102-20110525063154Uh,0.0
86d38ba9-647a-4c0d-bb86-cc4f9876e04b,040102-20110525063154Uh,0.0
e664f8a3-73f7-4f51-82b2-27170fad2cf2,040102-20110525063154Uh,0.0
e6975335-b2cd-423a-a052-1515e6242c00,040102-20110525063154Uh,0.0
5fc2acfa-d7df-4d8f-b227-68e5b40b1336,040102-20110525063154Uh,0.0
ca1ac976-f425-43a2-8f34-b4fa161563cb,020401-20120814163114Mh,0.0
8569c156-4430-44ca-9501-c262fae4b6c6,020401-20120814163114Mh,0.0
b43b1476-496c-461f-b946-c9ce40556ee3,020401-20120814163114Mh,0.0
5dfb2e2a-075b-4f35-9815-3e60f54610ce,020403-20120814163114Mh,0.0
4b79b027-1739-4cb8-b709-3df964a0e692,020403-20120814163114Mh,0.0
6a6a1a58-69db-462c-8e82-93c21a5216a5,020403-20120814163114Mh,0.0
84601e0e-b61d-487f-a3de-1ad48dfab5db,020403-20120814163114Mh,0.0
c9fc6cc1-2d5b-420e-b22c-c276574274f1,010102-20190626025430Lh,0.0
9def6807-4653-4417-a955-59343102c3a6,010102-20190626025430Lh,0.0
492a31c6-9271-4117-bb39-3228ecd22e86,010103-20190626025430Lh,0.0
166c6f59-6a9c-4adc-b47b-3e92f6979553,010101-20190626025430Lh,0.0
eb7ad20e-93e6-48ef-b6a0-6d2f5eee7bc7,010101-20190626025430Lh,0.0
9730098c-7d78-491c-be53-e354a142381a,040102-20120726071914Th,0.0
d2b939b4-ad54-40fd-b2d4-c56374c61fdf,040102-20120726071914Th,0.0
63324780-a435-49fb-94a8-8ba39a3b3b86,040102-20120726071914Th,0.0
04eaee18-5cc9-42e4-8835-fec72b4bd463,040102-20120726071914Th,0.0
09f32931-6ca5-4da1-8b85-ea9484a1df08,040102-20120726071914Th,0.0
0e61e6eb-7ec5-46f0-964c-3af7047d78e8,040102-20120726071914Th,0.0
fd6dd272-7c09-4d6e-a344-e48928c764fc,040102-20120726071914Th,0.0
82b934e8-e4de-4d77-a408-f8f7bc0ff0c8,040102-20120726071914Th,0.0
c1cfbc03-cd59-4036-94af-a37487788420,010303-20210624133950Bh,0.0
78607713-4888-4aea-a535-e99a8b88e539,010302-20210624133950Bh,0.0
52f2b1b7-2374-4fff-8363-ed19aa8f6953,010302-20210624133950Bh,0.0
a156649b-2168-4089-9800-2a41e78c9ab2,040401-20131019080114Th,0.0
8089468b-75c5-4acd-a53b-056a9c553578,040401-20131019080114Th,0.0
3ad912be-cdc1-444f-bf67-b2819ccfc14c,040401-20131019080114Th,0.0
35496fdc-519e-40a5-bbb5-c2e779350eef,040401-20131019080114Th,0.0
9e9f8fd1-d26c-4281-9bd8-ec11b0e6ab89,040401-20131019080114Th,0.0
179c9ee8-6702-486a-803a-711b5fc720ba,040201-20140601195814Mh,0.0
d0bdeeeb-8d3e-4818-babc-5a58a8911c16,040201-20140601195814Mh,0.0
a9c44118-d5cc-4670-ba14-79a1462d8812,040201-20140601195814Mh,0.0
1fe2ea99-ae20-4f05-add9-53fe86842d3c,040201-20140601195814Mh,0.0
71ab6d73-907d-44e7-b700-aa81b8960c2b,040201-20140601195814Mh,0.0
4fef7e0d-9b09-4c56-a105-df8269c47da8,040201-20140601195814Mh,0.0
c32af11e-6df5-42b1-b288-8dfb4cc657b4,040201-20140601195814Mh,0.0
5a9ef453-dd89-48bf-aea1-6af12536be92,050303-20160925225634Lh,0.0
69eb6a9b-1502-4599-91c0-c3360c651b1d,050303-20160925225634Lh,0.0
bec440aa-9721-46ae-8e28-30df6b0c3ca1,050303-20160925225634Lh,0.0
10020c21-3154-4625-8f81-91b3e9e46a53,050303-20160925225634Lh,0.0
16dce084-35c5-4542-8269-f20ee0ebec46,050303-20160925225634Lh,0.0
77966cc4-3179-43af-b1d5-8a3700fa9f65,050303-20160925225634Lh,0.0
e7b647bc-8ad9-4f93-a74f-ba73c72ba6f2,050303-20160925225634Lh,0.0
72245646-77c2-4d35-9a97-8cec8ccc723e,050303-20160925225634Lh,0.0
3973c1b6-34cf-4042-87fb-8fdd21a45f4a,020101-20140525070514Th,0.0
cfca1da1-f367-470e-b141-24584c4e1b6d,020101-20140525070514Th,0.0
0dc7ce41-6cbc-4b09-96ce-582e57bc9c99,020101-20140525070514Th,0.0
a5115a46-832f-4981-8921-8299f6985696,020101-20140525070514Th,0.0
e24169ae-689f-4b58-846a-4416022b8dab,020101-20140525070514Th,0.0
80aa5aa0-cd5c-46c4-bc0b-e46363cbb0f8,020101-20140525070514Th,0.0
dab677bf-1722-40cf-88ff-2839f0f017e0,020101-20140525070514Th,0.0
0e080208-b63e-48b7-9f82-82772cbc7a70,020101-20140525070514Th,0.0
aade9737-706b-4a04-b889-03ee804a1f84,020101-20140525070514Th,0.0
78f57ef3-8088-4f99-b8ea-6080e9fe2b48,020101-20140525070514Th,0.0
eed0e457-6200-4ec6-938e-a2ce64173fbc,020101-20140525070514Th,0.0
cd5e737f-c320-4e27-bd52-dda9ee2238c7,020101-20140525070514Th,0.0
e6f45b4e-bd81-4587-a2f2-1fbfb47eb098,020101-20140525070514Th,0.0
4d8df2ea-fda1-4fd1-9fc0-44c44200d158,020101-20140525070514Th,0.0
b77e572e-8847-4e65-a42d-ab94fdfc13f1,020101-20140525070514Th,0.0
385aad65-e662-49de-b79a-bac756c3cde0,020101-20140525070514Th,0.0
a89094cf-4cff-461c-ba4f-f143f1b946da,020101-20140525070514Th,0.0
c75f6d7a-ed5b-43c7-950c-ba9f93d639cc,060102-20170316133730Ch,0.0
2450cc48-3dbf-43ba-a683-aab3879b6d87,060102-20170316133730Ch,0.0
9f284972-95c7-47b7-9a78-7af98e3fffd2,060102-20170316133730Ch,0.0
c380c741-a0c5-4fd0-8898-e9fb33bd9435,060102-20170316133730Ch,0.0
e813b600-2478-48dd-b657-e89767532036,050202-20151116224034Lh,0.0
74a1cb4f-94a4-4091-8c74-4fd313fa2c32,050202-20151116224034Lh,0.0
c0d36eab-bfd9-47d9-b9ce-9bcd6797b5b0,050202-20151116224034Lh,0.0
40dcb5ad-acff-4930-9ff9-2e0a054cac27,050202-20151116224034Lh,0.0
b2624882-9d94-484a-9cd1-7bcf7ab253e0,050202-20151116224034Lh,0.0
310faa14-f1d6-4ba5-a3c1-cdee7cd0162e,050202-20151116224034Lh,0.0
921ed7bd-9903-4ebd-b0cb-f8a1c8708c60,050202-20151116224034Lh,0.0
4baf7efe-031c-497a-aa72-b676a9a142e8,050202-20151116224034Lh,0.0
aadb8536-b315-430c-b94d-b67c60a284ac,050202-20151116224034Lh,0.0
5aee03ba-bb2d-464a-a648-c6e33cb66cda,050202-20151116224034Lh,0.0
c36b9e56-bc90-431c-970d-b31cc0d49c7b,040201-20140821195834Ch,0.0
1e0d12b3-3329-412a-a4b4-9b48d2a89f09,040201-20140821195834Ch,0.0
f1c11fd3-f6f0-434d-b85b-9d43c3c7f9ee,040201-20140821195834Ch,0.0
20b266c0-2de8-4b15-8b72-a276cd499dff,040201-20140821195834Ch,0.0
ea98ac6f-3283-4081-920a-1bfc777d53ac,040201-20140821195834Ch,0.0
d694726a-ec0f-4442-b373-bc3c90b6000e,040201-20140821195834Ch,0.0
3db3a182-7730-497c-8dd0-ededfbfa7e92,040201-20140821195834Ch,0.0
d464e509-7981-4f51-bc4d-bef3a971513b,040201-20140821195834Ch,0.0
9110b2de-0f19-4a24-b98d-cd7dd7e75097,040201-20140821195834Ch,0.0
7f58224a-c822-4436-85b2-df36a971ea48,040201-20140821195834Ch,0.0
940df86e-29e4-478f-b25b-3a6f8a5992a6,040201-20140821195834Ch,0.0
0ff01225-8b40-486b-8399-4be52b370fdb,010203-20140409081614Th,0.0
fab2703b-cc49-465b-a799-e06f5746c99e,010203-20140409081614Th,0.0
e878488e-371e-43f0-968b-9d17ae71327a,010203-20140409081614Th,0.0
a502f6aa-87a2-4490-8dc9-3504fa3cc361,010203-20140409081614Th,0.0
ddc0fb01-d03b-4753-908a-b398a3af47fc,010101-20110625163814Mh,0.0
3c406a45-74ba-4be6-81d3-f5aee39f012f,010101-20110625163814Mh,0.0
5d7eb240-a366-4ec5-9a08-07f998d825e1,010101-20110625163814Mh,0.0
574b9543-70f6-45b1-866b-b760ff9d573f,010101-20110625163814Mh,0.0
d26fb31a-1890-42d2-b53f-c94c8c338698,010101-20110625163814Mh,0.0
9c2793d4-6985-4915-b196-82738c8f4baa,040401-20131115185414Mh,0.0
9685054b-55ae-4853-b4a5-4cfa9b09b8ed,040401-20131115185414Mh,0.0
a4ae9ea7-15b8-4e8a-a860-ef53cd967fb2,040401-20131115185414Mh,0.0
8f46b630-dc8d-4933-a5f0-ebc95a919ddb,040401-20131115185414Mh,0.0
a1084aab-a969-4416-8975-88470b88145d,040401-20131115185414Mh,0.0
6baa5802-6a04-42e0-ac1f-70d3f0fcac6c,040401-20131115185414Mh,0.0
6e9f9b58-74b7-4a41-b760-ed06dbd51b5b,040401-20131115185414Mh,0.0
99308614-9cb5-475c-b4d8-f02e911e82e8,040401-20131115185414Mh,0.0
505fa4b5-8de6-40be-84a2-3b6712569a3d,040401-20131115185414Mh,0.0
dc734a83-739b-4d2d-a4e4-a5727d61da2a,040401-20131115185414Mh,0.0
a2d7a19f-5d81-4262-82ed-a13f0cdf034d,040401-20131115185414Mh,0.0
05ef1e77-aa9f-411a-a076-ac1fdcf631b9,020403-20131101222734Lh,0.0
ce35d93d-786b-4a8f-85bd-214a1695da02,020403-20131101222734Lh,0.0
4133ebac-9ab9-4682-8150-e6ec89f388a6,020403-20131101222734Lh,0.0
4a947c14-ea1d-469b-bd60-a8bfedf273fa,020403-20131101222734Lh,0.0
2e12285b-6e85-4f0d-b499-cf86368cd07e,020403-20131101222734Lh,0.0
42a35f2b-55d1-4b48-bdf2-a7741cd06dab,020403-20131101222734Lh,0.0
a07f7c33-a711-47f2-9519-b6caf03bb5b1,020403-20131101222734Lh,0.0
ce1362ad-30ed-4c6d-8489-213c2661759a,020403-20131101222734Lh,0.0
c8615046-4775-4c46-b8fd-351603571e49,020403-20131101222734Lh,0.0
70396a2d-3a3b-4e72-a8cc-a2e0e4c60c6c,020401-20131101222734Lh,0.0
77c8b283-d060-4688-9f82-74f4e929023f,020401-20131101222734Lh,0.0
4ed0e1d2-0837-4471-a599-38491656b4bb,020401-20131101222734Lh,0.0
a0122df5-bd21-4c18-bb1e-62e0f3da3edd,020401-20131101222734Lh,0.0
25f3936e-aa5d-4143-9f14-0f57fdc6ca80,020401-20131101222734Lh,0.0
b3307e6f-638b-406e-b25a-5c8a78c4801b,020401-20131101222734Lh,0.0
e21887c3-4c98-4662-a0c2-569a5acb0aec,020401-20131101222734Lh,0.0
fc8948bd-2504-4a54-9f22-919222c0b779,010103-20140112180134Ch,0.0
dba6a608-0e55-4562-be6e-bf34d81775af,010103-20140112180134Ch,0.0
c2d64af4-ec1a-4421-a231-fed5cf8d8ebe,010103-20140112180134Ch,0.0
5d9e353b-8e4d-4fda-ae92-314e5deed493,010103-20140112180134Ch,0.0
0ccf7245-2b72-4ec0-acd2-355d2c2eb5b7,010103-20140112180134Ch,0.0
161c7c59-8616-4fe1-a327-542244e7cf7c,010103-20140112180134Ch,0.0
043ad192-7f1a-49ae-bf36-e554e321ea47,010103-20140112180134Ch,0.0
bca9762c-8506-44e9-98db-94bcb481355e,010103-20140112180134Ch,0.0
5511327b-51d6-4ff3-bbbf-9ca712df89b0,010103-20140112180134Ch,0.0
b2805a6c-ef97-44f9-b1cc-f9737c8fb16a,010103-20140112180134Ch,0.0
dd96ec43-d40d-4f17-a5b5-11f750eac59f,010103-20140112180134Ch,0.0
e20404e8-4b47-4e91-922d-9138c1a32d37,010103-20140112180134Ch,0.0
ce9bf2b3-3b2d-43da-b562-4f7794e87600,010103-20140112180134Ch,0.0
8716857b-1015-4e9c-9126-72cf4a2cf6dd,010103-20140112180134Ch,0.0
3e0e4767-1239-4e13-9587-8868d3a75b2f,010103-20140112180134Ch,0.0
cbaa3424-e7cf-4664-a521-57fe082b0b9a,010103-20140112180134Ch,0.0
52f4f954-063f-4919-be84-f8a18b5697a4,010102-20140112180134Ch,0.0
563d56a9-7014-4f71-9fb1-9e46ab7394a5,010102-20140112180134Ch,0.0
3c7dca22-e8c8-42f8-9c60-66a8f390ffd3,010102-20140112180134Ch,0.0
a8de3636-294b-444e-a3b7-1d22b20d5baf,010102-20140112180134Ch,0.0
6a909af9-c96d-45d2-8893-59c7b96d2e72,010102-20140112180134Ch,0.0
989c8592-5630-4198-a8ab-e0760707b052,010102-20140112180134Ch,1.7363000000000284
ec775df4-5318-4b4b-a6a9-4e90783360b3,010102-20140112180134Ch,0.0
ccf489e7-8546-4d02-83e5-3a75c7e3479c,010102-20140112180134Ch,0.0
a5159fbc-6113-4b76-82ed-68a43e67dab7,010102-20140112180134Ch,0.0
6a477a3a-885f-4cba-8af1-07f77fecc00a,010102-20140112180134Ch,0.0
d8674898-1d37-4082-b197-0ae4cb7a3d76,010102-20140112180134Ch,0.0
9f493afb-3011-4e9e-9a71-2d479a25124a,010102-20140112180134Ch,0.0
c3a37bc0-8738-45d2-8739-ab10cf42c45a,010102-20140112180134Ch,0.0
122a6f44-3097-4caa-8314-4bd014961bc4,010102-20140112180134Ch,0.0
673707e8-2bf9-45fe-a046-4a71b2611968,010102-20140112180134Ch,0.0
3d47a95f-56eb-4bcd-b62b-ec6b22a1ec3d,010102-20140112180134Ch,0.0
f010ec94-25c2-4f22-9927-8f45dd0f7c1a,010102-20140112180134Ch,0.0
66c75492-e223-4b11-ab8a-608525973f6a,010102-20140112180134Ch,0.0
854485e8-5757-435a-9bb7-556102d4de4c,060403-20120829063134Lh,0.0
fb6d9a7b-aca9-47d9-bc5c-9ab5e87571e8,060403-20120829063134Lh,0.0
250572f3-654b-4ce8-ac87-9574559c10e2,060403-20120829063134Lh,0.0
f1f69b53-ba58-43c9-9346-32743f9aa558,060403-20120829063134Lh,0.0
2c95388e-5463-4319-a9e8-04f2778363bf,060403-20120829063134Lh,0.0
297f968b-d9ea-460a-9d92-8b64a4de4499,060403-20120829063134Lh,0.0
71962c02-e3af-4cc1-9a79-fb6ede496a80,060403-20120829063134Lh,0.0
db6642d3-9486-45ec-958e-f8817f8dd0f9,060403-20120829063134Lh,0.0
3befa1c9-9930-4d6e-923c-00f236e3554c,060403-20120829063134Lh,0.0
6b4b5674-4241-4d66-a470-dd95bf62e4d5,060403-20120829063134Lh,0.0
e4b48981-97a7-4401-bda0-a32d83c0a126,060403-20120829063134Lh,0.0
4d2dfad9-f525-4975-8aba-86938981067f,010203-20120910074014Th,0.0
22bffab4-f82f-4a10-b190-4f3ae0813b04,010203-20120910074014Th,0.0
eece2621-8837-4703-98c3-ecf32cf81b56,010203-20120910074014Th,0.0
f4edccc3-afd0-48b1-a549-732b7fab9dc0,010203-20120910074014Th,0.0
e0d3cf37-8b49-48ba-8d3f-dd2ab81c71c6,010203-20120910074014Th,0.0
6824a73c-1d11-48b9-842e-560e58aaeb75,010203-20120910074014Th,0.0
487b01ad-5485-400d-92e9-569db7839110,010203-20120910074014Th,0.0
0d3193be-807c-4738-aa60-608b2487f31b,010202-20120910074014Th,0.0
41e66326-be5a-47ab-96a4-7c51d0b2ee36,010202-20120910074014Th,0.0
3277e560-366f-4838-bcef-48efb96f88f4,010202-20120910074014Th,0.0
5472d00b-6ff4-48b7-8fbc-e4f0ca088f7c,010202-20120910074014Th,0.0
2d5cc34c-e9e1-4da9-aaf0-8bd1898017fa,010202-20120910074014Th,0.0
85b17eb4-c672-4512-b6fa-c2d2d34e3782,010201-20120910074014Th,0.0
f0d80f25-73f0-48d4-87c8-319dbbc297cd,010201-20120910074014Th,0.0
7432b9d3-974b-46e1-a51e-f288db6471ce,010201-20120910074014Th,0.0
8ce7ab40-8c86-48d8-954d-44da546aad02,010201-20120910074014Th,0.0
96afe465-adf2-4013-9465-678a961ce257,010201-20120910074014Th,0.0
3e7603eb-5d66-4c14-ae10-b6ff4784c8d3,010201-20120910074014Th,0.0
f500c388-be74-49b3-82ab-54c3ba4af1c2,010201-20120910074014Th,0.0
f4a2562c-aba6-4ade-8b04-2754d6d3a903,010201-20120910074014Th,0.0
88973fe0-c92c-43b9-bd9b-7e533a8f799d,010201-20120910074014Th,0.0
e8e1e5ee-b55c-41c9-aeef-ef8eca367d8a,020403-20150617161314Mh,0.0
47a7a650-780d-40e4-a8a4-0983ece59936,020403-20150617161314Mh,0.0
d9c478b7-fa96-41a2-88af-0712b904a240,020403-20150617161314Mh,0.0
70bbd389-fd9e-4034-8ccb-bd69a399f8ab,020403-20150617161314Mh,0.0
3b182d4e-25da-459f-a0d4-e1c64e302ccc,020403-20150617161314Mh,0.0
bb9a5475-1e23-4de7-8386-2c918b70c653,020403-20150617161314Mh,0.0
b61238f9-ab4d-4109-8bff-359ceb846a45,020403-20150617161314Mh,0.0
8c116d8b-67be-4832-841b-69325d858101,020401-20150617161314Mh,0.0
a890b4c8-cf9c-439e-8b7b-b3a88a1c0ded,020401-20150617161314Mh,0.0
5cc87a66-aeca-41fa-82ed-539235518aeb,020401-20150617161314Mh,0.0
5b386695-9322-444a-889a-054ae1427aa6,020401-20150617161314Mh,0.0
bba7548e-90e5-4743-93b4-aae5d6ce3f48,020401-20150617161314Mh,0.0
5cc91462-8ca2-49c9-9c1f-68879853198d,020401-20150617161314Mh,0.0
bc33e1fe-f002-4e93-bbfa-6441f2f1170d,020401-20150617161314Mh,0.0
2863cc18-a6dc-476e-b8ca-2f67e0235523,040301-20131113004514Mh,0.0
9848d17f-94ad-4fa1-9b99-5abb6aff7830,040301-20131113004514Mh,0.0
d7640e1f-0b93-415f-b36e-c73fca6bd47b,040301-20131113004514Mh,0.0
f89ac6cd-74e8-46b3-8efa-25930c572345,040301-20131113004514Mh,0.0
81eee5b5-6079-4634-b17b-42df4c9d12df,040301-20131113004514Mh,0.0
25069f5a-0faa-4a8d-a244-2b9e225dcd9d,040301-20131113004514Mh,0.0
211e07cc-279b-4551-97fe-8b550f5a5e57,040301-20131113004514Mh,0.0
cef4ed6b-14df-468f-960f-6b99d471b23c,010203-20160223173514Mh,0.0
9d7a2b3c-9a83-4da9-be33-6236eaaa7d57,010203-20160223173514Mh,0.0
ab442e64-a58a-4c35-b460-2fa0f82d04a0,010203-20160223173514Mh,0.0
4768f2ad-d48d-4593-9f1e-1af3511c200d,010203-20160223173514Mh,0.0
9a28b00c-f70b-44ee-a6f2-6940b72cc263,010203-20160223173514Mh,0.0
d3cf184c-35e8-45c1-86c3-1ae84d3f4258,010203-20160223173514Mh,0.0
a8a47b6e-1b85-4c1f-96b3-eed2616db7b3,010202-20160223173514Mh,2.932600000000093
c91a1061-5533-408e-8867-56e8ccf5b1b8,010202-20160223173514Mh,0.0
511d6ca5-de74-477e-b487-bac62a76bc6a,010202-20160223173514Mh,0.0
810e6341-57a7-4546-a172-90e809c4e300,010202-20160223173514Mh,11.224500000000035
011340fc-0ead-4111-8ce6-40da41be06cf,010202-20160223173514Mh,0.0
f595a841-e34c-4a7a-9146-a3cdc94b51c9,040102-20140312025454Uh,0.0
5a62d292-5c96-4498-b22d-c0dd530c0f53,040102-20140312025454Uh,0.0
cd5e5e7f-a1ae-4c91-a283-df38aa8268b9,040102-20140312025454Uh,0.0
50fb9870-fd76-434e-a8ba-abda9651f815,040102-20140312025454Uh,0.0
c96ed44e-918b-42f7-a2fa-c48bb038f36b,040102-20140312025454Uh,0.0
a15b68b1-b1f2-4d84-86c6-1aaa779efece,040102-20140312025454Uh,0.0
0a1adabb-c637-48a8-83c9-4a3e05bf4f8a,040102-20140312025454Uh,0.0
17a7867a-611e-4c72-9e97-651ff8cd813d,040301-20130211063134Lh,0.0
d726145a-1ffc-4944-b347-78aaf8bcc35c,040301-20130211063134Lh,0.0
df214907-475b-48ec-92aa-b67d2af2d7fb,040301-20130211063134Lh,0.0
ddc4bbef-7a75-4525-bf76-3c3bf3bee974,040301-20130211063134Lh,0.0
81422190-f46d-41fc-b5e3-f2c2a7dfb750,040301-20130211063134Lh,0.0
d02c3041-9876-4372-b2e8-4d1d84a214a0,040301-20130211063134Lh,0.0
ceb8d2bc-782c-4070-adb9-b7ed61796970,040301-20130211063134Lh,0.0
25e68b1f-caa6-41a4-b65a-e9ba1451263c,040301-20130211063134Lh,0.0
9282f0c1-7d02-4f71-adae-92b6c8ceab03,040301-20130211063134Lh,0.0
c4d00020-d489-4322-b7f4-317cffb25174,040301-20130211063134Lh,0.0
928e83ec-81cc-4c31-bd57-878f4969a8cd,010403-20120913165314Mh,0.0
ef200bca-6809-4f7c-81a5-e65eae16f0fb,010403-20120913165314Mh,0.0
4115cce8-99ff-4e23-8069-b0bb7dc3c493,010403-20120913165314Mh,0.0
5ad9d396-dbd7-4db5-ad6b-ae2d5cf36fd3,010401-20120913165314Mh,0.0
d5180aba-8db7-47b4-b4e6-98bfa5eaf400,010401-20120913165314Mh,2.936300000000074
348535f5-9d54-4b59-a192-0e0bd9ac806d,010401-20120913165314Mh,0.0
9d085719-0596-410d-88bd-36e9ccaf042d,010401-20120913165314Mh,0.0
6a2f159c-0488-4190-a785-ecea475a1dbd,010402-20120913165314Mh,0.0
4e90bacd-eb75-4071-965d-c39562022611,010402-20120913165314Mh,0.0
d675bafd-7e05-4ce7-985d-8803b67847a3,010402-20120913165314Mh,0.0
67ae4290-be4a-42f5-964c-9cce903998f3,010401-20150825082034Lh,0.0
c5100f66-7477-4a1b-b929-27fcc18fcc56,010401-20150825082034Lh,0.0
e58d7f1c-ae12-4ec8-8261-283417464654,010401-20150825082034Lh,0.0
7e66c3b5-c352-4612-8340-b7ad45c2f4d2,010401-20150825082034Lh,0.0
f9ab0982-62f2-41cf-bf87-915bfa1be930,010401-20150825082034Lh,0.0
11533543-8b61-4c1f-b7a7-8f6efc747395,010401-20150825082034Lh,0.0
e20a7615-f567-4506-b719-e0ff296c481b,010401-20150825082034Lh,0.0
c217efab-95ba-4fdf-adfd-ed5c8da63da5,010401-20150825082034Lh,0.0
257be393-871f-4fc7-aaaa-a470c7c9d090,010401-20150825082034Lh,0.0
50f3bf5c-5632-4de2-9dad-5d266302ce3b,010403-20150825082034Lh,0.0
a17021f7-5960-4caa-a867-0c215425e747,010403-20150825082034Lh,0.0
5dd2d7b2-5038-48ac-8bd1-aed1d8e7747e,010403-20150825082034Lh,0.0
b63eac80-ebfa-443c-ae85-02a0aef07583,010403-20150825082034Lh,0.0
9caa0990-8f1a-4ddc-a7a6-709c9d89cab7,010403-20150825082034Lh,0.0
69afee62-24ca-4f9d-98c9-cab62b007596,010403-20150825082034Lh,0.0
80b062f9-66f6-47ef-988a-e4072ab3e8c6,010403-20150825082034Lh,0.0
e2bf60fb-ebec-4bb9-a402-118063ff3d68,010403-20150825082034Lh,0.0
5b8b26b8-ef02-4b4c-a2be-905d15ad64ec,010402-20150825082034Lh,0.0
34e0ee7a-d0fa-46d4-8055-3ed9a32f1075,010402-20150825082034Lh,0.0
0b1db13d-8cd2-4bd6-9a37-1b0fb73334a9,010402-20150825082034Lh,0.0
ce3bd812-4bdf-4e32-b338-2fd30d46496a,010402-20150825082034Lh,0.0
db5a0377-208c-40ea-b709-d20fc84c4ab3,010402-20150825082034Lh,0.0
fc8ea2b5-2eee-4e13-baab-2415079fbe60,010402-20150825082034Lh,0.0
d798ff67-57d3-41b7-ac1e-5fac3b949ca3,010402-20150825082034Lh,0.0
881be940-85a6-4436-9120-c864443c00dd,010402-20150825082034Lh,0.0
21930dd1-2e45-4da6-b10e-7690077384b6,010402-20150825082034Lh,0.0
8263aa94-39a1-447b-a8b9-b0cd8c1ee04f,050103-20130719140154Bh,0.0
2c3e609c-622c-4f2c-9b0a-7152ed005863,050103-20130719140154Bh,0.0
8f22defe-f2c2-4e5c-86dd-38a3459e592a,050103-20130719140154Bh,0.0
804a8544-4615-4c95-88d9-e3741eb4c513,050103-20130719140154Bh,0.0
503bc6be-6fbb-4e6a-b960-344ad9c166a2,050103-20130719140154Bh,0.0
fd8796f7-a11d-44f4-a51e-192118d063a9,050103-20130719140154Bh,0.0
21108134-78e3-48e7-8588-05f6fe53fa60,050103-20130719140154Bh,0.0
bebfe302-5a60-4d03-86f0-1e165a4ea080,050102-20130719140154Bh,0.0
f03453be-8c8d-47ff-8fad-adc3e6a5785c,050102-20130719140154Bh,0.0
2dd12c2f-9bf0-4e01-870e-be18ca9ef599,050102-20130719140154Bh,0.0
7691a478-4858-4bb6-a079-533ceb6ac157,050102-20130719140154Bh,0.0
907399c8-9360-4203-9b80-93ac64c0853e,050102-20130719140154Bh,0.0
89e46749-9eee-4c6b-9302-549b347b942b,050102-20130719140154Bh,0.0
f05dd778-b3b2-49df-b2bf-841767c36831,050102-20130719140154Bh,0.0
72a402c5-33e2-4f7b-9695-ac76eac8c34b,050102-20130719140154Bh,0.0
248da5a6-a579-4916-8403-e7e496d5eb1d,050102-20130719140154Bh,0.0
a42fe537-5689-49e1-b3cd-06386cecaad4,050102-20130719140154Bh,0.0
3f8af972-70eb-4fa0-8376-4a181f193814,050102-20130719140154Bh,0.0
4cd7901f-d57b-402a-81c4-4c6cb0546b70,050102-20130719140154Bh,0.0
84389a4e-beb1-49be-ad8a-4a5d37027c7f,050102-20130719140154Bh,0.0
c204af0f-85f8-4158-8c69-0895f2b1a0f7,050101-20130719140154Bh,0.0
a1337444-dd86-4deb-85bb-c9e48d8738bd,050101-20130719140154Bh,0.0
b833aebc-790d-4fc6-a1b0-4508ab0b452c,050101-20130719140154Bh,0.0
18b4d1ba-b05c-400c-870e-e36057d85a98,050101-20130719140154Bh,0.0
a60b02ef-e880-4738-8150-b498a27323db,050101-20130719140154Bh,0.0
fe6314f0-a841-4438-bf9e-839f424b337c,050101-20130719140154Bh,0.0
f2245684-457e-428d-95fd-d8d56879d90d,050101-20130719140154Bh,0.0
f04fa0db-060a-4300-9756-9f1d72251bc9,050101-20130719140154Bh,0.0
46c552a8-2cbc-41c9-a040-9c0d17acec25,050101-20130719140154Bh,0.0
4d762e5f-f5ad-4679-8ab8-bb793e786e40,050101-20130719140154Bh,0.0
86a74ce9-a88f-4989-b102-5acc246187fb,040301-20150222112034Ch,0.0
f88acf4b-e0f4-44ab-bd73-c1187401d1f5,040301-20150222112034Ch,0.0
49eee097-5153-42ef-aceb-8a1f01e7c378,040301-20150222112034Ch,0.0
b3050076-8d6d-488f-8720-020c5511494a,040301-20150222112034Ch,0.0
af7c604c-b4b0-4292-ac28-21dac71fc0c1,040301-20150222112034Ch,0.0
2a89629e-287f-4fe0-928f-259e3cf6a870,040301-20150222112034Ch,0.0
668c7c9b-fc33-445f-a238-431b2146bb97,040301-20150222112034Ch,0.0
79174419-025a-49be-b155-5b640c288bf9,040301-20150222112034Ch,0.0
ad71247c-b975-49da-9306-d3abc00bb532,040301-20150222112034Ch,0.0
6f121d49-392e-4407-8c75-d90e5da8579a,040301-20150222112034Ch,0.0
b43544a8-2925-49ce-9f2c-dee3ef7a304a,040301-20150222112034Ch,0.0
586b38d3-d53b-4260-a516-58d445530ece,040301-20150222112034Ch,0.0
61d5a2a5-a11e-449d-9ca3-079fa095cf9b,010201-20130717123434Ch,0.0
a880796d-9d2f-4f57-a875-a2b83ebf65df,010201-20130717123434Ch,0.0
64291e34-265d-4325-a077-4bc874a830d9,010201-20130717123434Ch,0.0
64af4992-6353-48a4-b288-3de217563fe6,010201-20130717123434Ch,0.0
0999ae0a-9d1f-48ff-95a7-15398c65f5f1,010201-20130717123434Ch,0.0
59d48a92-b2a7-41c4-bd1c-e6b31a0b8f3a,010201-20130717123434Ch,0.0
2cf09ad7-53e3-4902-82f7-bc82545bcfd6,010201-20130717123434Ch,0.0
afed6bbb-e6b1-4062-903f-9aa0ab1541af,010201-20130717123434Ch,0.0
58359122-7390-4430-adaf-5fa3ad71ccbe,010201-20130717123434Ch,0.0
04276318-83c7-403a-8dab-f2300e95c4d1,010201-20130717123434Ch,0.0
58a2ab7f-1e01-4469-8de3-674c76a1d196,010201-20130717123434Ch,0.0
9acf8827-6c0a-4693-b36a-85c5b4e51dbb,010201-20130717123434Ch,0.0
18c5cb33-0866-480e-afb0-1bb7a2e762e6,010102-20170218173710Mh,0.0
c5c5e358-6757-40e9-b562-f9155607d45a,010102-20170218173710Mh,0.0
4b1f0688-7cc4-402c-92eb-e0d5229573ff,010101-20170218173710Mh,0.0
079dcbe6-e6b4-44b8-8a5e-3d28ae13c6b1,010101-20170218173710Mh,0.0
fbc38be8-5fff-425c-bc16-96b5ce2e6815,010101-20170218173710Mh,0.0
087b5c86-07cd-4458-b781-3ab7c13cdb0d,010101-20170218173710Mh,0.0
78bc58b7-caef-4876-8fe7-3e1990b458db,010101-20170218173710Mh,0.0
74a3b4c2-ccc9-47d6-be58-94c357a21814,010101-20170218173710Mh,0.0
c5e96360-9504-442c-9f18-aeeb77de0f94,010101-20170218173710Mh,0.0
1a9031dc-9c39-4ad1-be3d-0362610d1c3c,010101-20170218173710Mh,0.0
178dbc9d-a64c-43cc-b0e8-72d34ccf43ac,010101-20170218173710Mh,0.0
3649aa38-24ab-4221-a8b3-c455099c54a7,040401-20120414115434Ch,0.0
b4cbbe1d-eb53-4d2c-a237-622791b8a54d,040401-20120414115434Ch,0.0
5980fd84-bece-4078-b82a-c7a3ee2fecdb,040401-20120414115434Ch,0.0
c5a2f19e-0877-40aa-aa8c-b1f916ae19e5,040401-20120414115434Ch,0.0
9dbb1609-543b-4325-add1-69255fb7946d,040401-20120414115434Ch,0.0
a7b6db36-f3dc-446a-b561-38d76fae2658,040401-20120414115434Ch,0.0
cdef43bf-8937-48d0-94b3-57e9226419cc,040401-20120414115434Ch,0.0
16982034-088c-43ce-9545-77e151856e0c,040401-20120414115434Ch,0.0
cdd75013-eb61-4fc0-a01f-242bfc351c60,040401-20120414115434Ch,0.0
2ca22764-d750-4c85-ad72-8e4ce1e3c27e,040401-20120414115434Ch,0.0
348fd76c-6ac7-4c0d-b901-12e6921f524d,040401-20120414115434Ch,0.0
0d16ba3d-bb21-4b2a-93f0-3b0b49056e9c,040401-20120414115434Ch,0.0
a9764dc4-0aeb-42be-8396-167522df11d8,040401-20120414115434Ch,0.0
dbfce5df-4185-4a2e-9f42-d885ae85cb28,040401-20120414115434Ch,0.0
4dd17d2d-22aa-4bc9-afba-a3fdb2966020,030302-20140725195814Mh,0.0
2410e2f0-a2fd-4a20-b99d-298644935348,030302-20140725195814Mh,0.0
4f4dea58-3df7-4b8c-b0aa-dfa13e82a21f,030302-20140725195814Mh,0.0
0a935bed-557d-463e-a360-0b27ab8f3932,030302-20140725195814Mh,0.0
a4597282-c6dd-48ba-b04c-e016d33d5d40,010401-20170804140650Bh,0.0
2d55b262-11aa-45b2-a099-f9ca27510619,010403-20170804140650Bh,0.0
2dcd2382-71de-4bc9-8958-efb3d807d202,010403-20170804140650Bh,0.0
4ab4c5e2-a602-4c87-8479-96526aa36c71,010402-20170804140650Bh,0.0
c4d4a811-5bda-4e4f-b8e5-306b8f752b46,010402-20170804140650Bh,0.0
dfe8a941-e2ae-43f7-909f-48b5da50a473,010402-20170804140650Bh,0.0
d2bd88b6-057d-4f15-add9-0f3703c6c739,050202-20160720133734Ch,0.0
b1978560-4539-4c33-82f6-96a2da0ace48,050202-20160720133734Ch,0.0
97d60cb3-d8e8-47a8-885e-5891e4f68f9c,050202-20160720133734Ch,0.0
3dedbd5f-18f3-48b8-9ede-3a387add999d,050202-20160720133734Ch,0.0
f31497ac-dd69-432c-bb37-724492eca8eb,050202-20160720133734Ch,0.0
b504d553-722d-4e49-a539-472cf3b68e14,050202-20160720133734Ch,0.0
8849fd7e-23fe-48c5-9235-f010d8bad975,050202-20160720133734Ch,0.0
950cc376-5aca-41c5-8085-7bd3527c9c24,010402-20110128174814Mh,0.0
7e54c901-24b7-4104-9c3b-4582ce0a1022,010402-20110128174814Mh,0.0
67f1b78c-0aec-4af1-a2c1-132cd36a6e76,010402-20110128174814Mh,0.0
8a3cd82c-03d9-40e4-98d6-9e419e8d8315,010401-20110128174814Mh,0.0
9f62f8d8-ba81-4a9c-80a0-49b697fa16cb,010401-20110128174814Mh,0.0
42c7f8b1-9145-45ed-a04e-9361c630444f,010401-20110128174814Mh,0.0
233c7f4b-bae6-4a10-bc83-6861fe98c90f,010403-20110128174814Mh,0.0
b7d2c372-0aa4-4232-a281-48acaf6733ec,010301-20120803102114Th,0.0
c55f4ad5-af05-465c-b899-7949373d98d0,010301-20120803102114Th,0.0
6fbe931c-c3ad-4026-bbb2-2e2e116f9036,010301-20120803102114Th,0.0
f4e41d2d-f3dd-4651-a887-9ad5c865f30e,010301-20120803102114Th,0.0
3c2b4bdc-0faa-40df-aa99-737c57cd897b,010301-20120803102114Th,0.0
9c161b22-309e-4f00-a341-b5d4e8857f84,010301-20120803102114Th,0.0
cadaf7af-99c2-4a00-a92c-cbb078296c46,010301-20120803102114Th,0.0
46e8ebee-f9c5-4abc-8d4f-1421a1bcc7f4,010301-20120803102114Th,0.0
eefc1a69-a402-4f43-bea5-c7ab88777dc0,010301-20120803102114Th,0.0
91e24ffc-5659-4955-a003-9ceca58b3c05,010301-20120803102114Th,0.0
0e5d8622-72cd-483c-b183-ea5bbaf6d9c9,010301-20120803102114Th,0.0
c2d467b0-4f41-4f7c-96b7-e156c6acb11e,010301-20120803102114Th,0.0
20d35883-a043-435b-8ce8-778b47c3e44f,010302-20120803102114Th,0.0
e790278f-e423-46e0-9c8b-65a1de02af77,010302-20120803102114Th,0.0
2bb63cdf-79fd-40d1-83dc-4516c2f37469,010302-20120803102114Th,0.0
67ae203f-fc87-4431-841a-e56658b27658,010302-20120803102114Th,0.0
efd9c535-24c3-48b4-8896-55317714e26d,010302-20120803102114Th,0.0
e9aa3002-1fde-4b05-90f2-304ab5eff9ee,010302-20120803102114Th,0.0
e72a9d21-48b6-457a-bcef-dc4e7fe23d3f,010302-20120803102114Th,0.0
6e5063a6-5cb0-4705-a0e7-51e02133aea7,010302-20120803102114Th,0.0
eb7d684d-b97f-4872-819e-034d8f0ada74,010302-20120803102114Th,0.0
4534dce2-d1cb-48b4-9dc4-41faaf4f7ad6,010302-20120803102114Th,0.0
b1ce2dc0-1ef4-41d7-befb-a3bf7f39dd43,010302-20120803102114Th,0.0
66f309f0-0c7e-4f2b-970f-78e28c88e3b8,010302-20120803102114Th,0.0
bee888f6-b259-46d2-aa68-f003272f8a4e,010302-20120803102114Th,0.0
c633f050-9510-4c31-9d79-43b05cbe4278,040401-20120421063154Uh,0.0
1e27c1da-7df6-404b-867f-9f9a2efafe49,040401-20120421063154Uh,0.0
683881d9-8e15-46b9-9bd6-d31385b98bb6,040401-20120421063154Uh,0.0
b1da33d1-fdf7-4623-995d-f1bfaa43eab6,040401-20120421063154Uh,0.0
2bb198a5-0ead-45c3-a87b-ffd69f1db91f,040401-20120421063154Uh,0.0
dba97fe0-ee73-4d5b-8cdd-1e46c5d8a58a,040401-20120421063154Uh,0.0
e48b8273-0446-43e9-b659-9aa8894e57ff,010401-20150125172714Mh,0.0
0597d592-05cc-4078-b258-b6ef6ae8368f,010401-20150125172714Mh,0.0
5bc0a7e2-e236-4bf0-a742-f55254b28bca,010401-20150125172714Mh,0.0
c69d7860-7cd9-4c7c-8257-84271e301785,010403-20150125172714Mh,0.0
3ef03786-490d-49e1-84cf-e35bf1677b2c,010403-20150125172714Mh,0.0
d739dc2d-03c1-4db5-9e1c-d7f071990b59,010403-20150125172714Mh,0.0
3b93b99a-7ffe-4baa-98ae-c7503ddfcaf6,010402-20150125172714Mh,0.0
810ea78d-28ee-4a8a-a881-eb3c41b927ff,010402-20150125172714Mh,0.0
9f6d0308-801e-4aee-b467-5094adc77c1d,010402-20150125172714Mh,0.0
03b26238-4137-4b3b-9582-d31c708c2332,010402-20150125172714Mh,0.0
c2cd9b8f-87ff-46be-b0a7-f0269ffb3de0,010402-20150125172714Mh,0.0
b83640ee-fe5c-45d3-839d-7b1969523fa3,040201-20130116172814Mh,0.0
51bf0033-7d60-4bb0-b434-19ee61d23ab8,040201-20130116172814Mh,0.0
efe178f6-02d0-48ba-a152-81d0f5593fb5,040201-20130116172814Mh,0.0
1f63f92d-b066-405a-924a-2340215d8f3c,040201-20130116172814Mh,0.0
b9fd540b-4692-494a-96c1-d2c2d6834513,040201-20130116172814Mh,0.0
12a73c79-55ae-4c8e-8c84-07ac3f31a1ae,040201-20130116172814Mh,0.0
1972cdda-e1fb-4b6f-b0cc-5ed69ef9c2a1,040201-20130116172814Mh,0.0
1026b129-ff97-40ea-8aa9-6f6af8d1d0d7,040401-20130824060834Lh,0.0
6f48d6cb-11bc-4a6f-abb0-e86fa6dd7725,040401-20130824060834Lh,0.0
015d927e-5276-4119-a542-4475eab005e5,040401-20130824060834Lh,0.0
66bf0eca-a043-447d-b466-956f09d134b6,040401-20130824060834Lh,0.0
79a1c329-c8cb-4708-af72-566a0eeb7a91,040401-20130824060834Lh,0.0
a8d70500-f86b-46a4-b17d-b509ae3f7f6a,040401-20130824060834Lh,0.0
6c73903a-b986-4bd6-b23e-51cd7539424f,040401-20130824060834Lh,0.0
1f421621-1628-420e-8dbb-7880bff3938b,040401-20130824060834Lh,0.0
5d8d0d1a-609d-4d78-91c7-babd926f9030,040401-20130824060834Lh,0.0
a61690f4-843a-4613-a8a3-0838c7b70341,040401-20130824060834Lh,0.0
cdf6a26b-e64f-4cf3-b946-1fe1dfcbf4ed,040401-20131108045254Uh,0.0
a5ec7bd5-23fe-4104-9671-a526db0e981d,040401-20131108045254Uh,0.0
0dc0baae-1209-4b8c-8f70-fe7ff315cc47,040401-20131108045254Uh,0.0
3677c445-3997-4931-a674-6a7584e5159b,040401-20131108045254Uh,0.0
9b060eb6-2a0a-428c-8399-048f153ed587,040401-20131108045254Uh,0.0
48c6b4dc-cadf-49a5-9b71-2ad23732480e,040401-20131108045254Uh,0.0
a98fd652-daa6-4181-849c-0262215d5f81,040401-20131108045254Uh,0.0
fb5cd0e8-c028-4862-a4fe-17e903716cff,040401-20131108045254Uh,0.0
22439962-fb2b-4213-9ae7-05ecf4ff4e47,040401-20131108045254Uh,0.0
b65f5bf1-f81f-4f41-84af-1b60a714b5d1,030101-20121118092514Th,0.0
39fe9474-5bf4-4bf5-8d94-761451e77a9d,030101-20121118092514Th,0.0
f23f77c9-f41f-4a02-b644-13f9e713eead,030101-20121118092514Th,0.0
73fcdd9d-1134-46b1-ba86-a34b5e8bd489,030101-20121118092514Th,0.0
6f905c33-4629-4207-b02f-915df88bf500,030101-20121118092514Th,0.0
5f630015-e7a8-4304-a685-9213eb94a8b6,030101-20121118092514Th,0.0
4fffe68d-b1b9-49a2-a59c-8285bf0bf7e5,030101-20121118092514Th,0.0
fa52b28c-a701-4a89-8c58-90a409878563,030101-20121118092514Th,0.0
47c204e7-4a01-43fc-ae47-83feff31e243,030101-20121118092514Th,0.0
4e466a25-9297-4fda-a850-fe2b3f4dca76,030101-20121118092514Th,0.0
9b738246-53c3-4653-92e7-aa265f507262,030101-20121118092514Th,0.0
8fc1c0d0-53c0-4654-90d5-33cf18a78541,030101-20121118092514Th,0.0
8ff29614-6401-4568-8608-633600553255,030101-20121118092514Th,0.0
a907a90c-ee3c-4ff2-929d-b31fe5405798,030101-20121118092514Th,0.0
b3fea0d1-7424-4b22-b9de-084c7d6b386b,030101-20121118092514Th,0.0
2aa98af2-a99d-40e2-9a89-bd3200a54aac,030101-20121118092514Th,0.0
033ad4aa-5f54-4404-a201-64f966ed7cc4,030101-20121118092514Th,0.0
4dbcd5b8-f606-4f96-9550-0031dd3bcafd,010202-20141012015654Uh,0.0
68307ffd-9b21-4955-b99a-e10c87d66229,010202-20141012015654Uh,0.0
53635ce3-ea04-49fb-8648-f137efd9f026,010202-20141012015654Uh,0.0
8b46db9b-f313-409c-bb92-e2977c131d6c,010202-20141012015654Uh,0.0
358fd394-a175-45f7-b698-ff76d122cb1f,010202-20141012015654Uh,0.0
3b59ef95-9f44-49c4-85bc-86e1babb242a,010202-20141012015654Uh,0.0
70a0448d-9c14-46f2-8e25-b6b56d764ff3,010201-20141012015654Uh,0.0
3c48193f-dd4e-4bd1-9043-4a2b4a707bff,010201-20141012015654Uh,0.0
f296ec4f-d576-43c7-ac96-8a4ae5bd4b8d,010201-20141012015654Uh,0.0
f2e9b331-48d1-4eda-8918-0bcbc4f16392,010201-20141012015654Uh,0.0
8ab6e206-949a-4a75-9fe6-161ee35414e6,010201-20141012015654Uh,0.0
ea3c4ded-7e72-439a-a441-48159acbadd8,010201-20141012015654Uh,0.0
487e634c-b370-48f6-982d-8b4fa2c72a15,010201-20141012015654Uh,0.0
26734aa2-075c-47af-8c7c-60173205f132,010201-20141012015654Uh,0.0
8ae9297b-ec20-401e-9f62-b96739ecfe30,010201-20141012015654Uh,0.0
9be4a9e3-43df-472a-a0c4-0a672d660291,010201-20141012015654Uh,0.0
3dd1f313-2154-40fe-bac8-1aa773d59045,010201-20141012015654Uh,0.0
00c4d83e-8e02-4129-9e46-75e1771d2f38,010201-20141012015654Uh,0.0
e604fa11-2917-49a3-9d02-93ec75d083e6,010201-20141012015654Uh,0.0
528030cd-5854-4c97-aa10-240f7fd6f0d9,010203-20141012015654Uh,0.0
3362a928-b8c3-497e-991d-1efc12383bd8,010203-20141012015654Uh,0.0
3c60df78-69c0-4995-bc13-5bdbca525d52,010203-20141012015654Uh,0.0
8fb3cc41-61eb-465c-ac80-85071619dcd8,010203-20141012015654Uh,0.0
d05408d8-5325-4bb0-9657-db101491c761,010203-20141012015654Uh,0.0
43b463f6-44a6-41f0-b8cf-3ab3bfa9771b,010203-20141012015654Uh,0.0
1b56a319-14e9-47a5-9c0e-b2f0d3be56c7,010203-20141012015654Uh,0.0
e7d79007-20d0-400d-a7b2-950594701439,020101-20160309172214Mh,0.0
d7a4db70-f352-4abf-bf85-cb2eb9e88ab0,020101-20160309172214Mh,0.0
b2132363-17c6-471b-ad61-07574bc15aff,020101-20160309172214Mh,0.0
8be1ea13-ea08-4b03-a145-c769761ff1ef,020101-20160309172214Mh,0.0
53ecd1ca-5f82-413c-b228-3d700929c301,020101-20160309172214Mh,0.0
3fd622e7-15d5-4dec-8674-b9627354293d,020101-20160309172214Mh,0.0
20f6b0e1-cd48-443e-8c5f-de1a277e0a9b,020101-20160309172214Mh,0.0
1c5b4ccf-a4a8-4379-af8b-ffbde2314784,040301-20170122034654Uh,0.0
684232ae-22b1-4f86-a6c8-d1293323693a,040301-20170122034654Uh,0.0
ddd80b7b-f7c1-4c14-b7bc-334aa7bee786,040301-20170122034654Uh,0.0
8b0b9d28-5094-4ea2-a006-420f0c268456,040301-20170122034654Uh,0.0
14c8bae6-3695-4d6e-9fbe-0f0a26cc7c3b,050202-20120127085214Th,0.0
615432f5-9bc6-4f28-9edb-999f380e0e1c,050202-20120127085214Th,0.0
9722ae46-85ca-4f93-8a9a-58725044a541,050202-20120127085214Th,0.0
8a92487c-ea15-4269-96e9-3c4906ab9b60,050202-20120127085214Th,0.0
92e78248-a5f5-43b2-a1f0-e18abe5b58a4,050202-20120127085214Th,0.0
caea6d1e-7f0b-48f1-8ce6-bb0ddf68b5dc,050202-20120127085214Th,0.0
b088ac5d-9006-480e-9ab1-f1c4310f6a36,050202-20120127085214Th,0.0
5bdf4ade-fbeb-4785-a73b-c76d48c9c2c2,050202-20120127085214Th,0.0
dd1ddf36-3b72-4e61-8f44-703a5695a25b,050202-20120127085214Th,0.0
767955f6-b14a-4c5c-96e9-d1541e4280e1,050202-20120127085214Th,0.0
16c15ccd-3e40-4c0e-aafb-5ff452cf1684,050202-20120127085214Th,0.0
6b37a0ae-a30b-41dd-b1bd-80f61eca1f66,050202-20120127085214Th,0.0
dc38ac6b-c031-4f11-80d0-f6195a33f3da,050202-20120127085214Th,4.498299999999972
a505d428-0a1c-4cf3-881c-173abfcac61f,010102-20120330063134Lh,36.93679999999995
a696ddb7-f688-4d36-b923-202b149241ea,010102-20120330063134Lh,0.0
6a88e44f-683a-492b-9874-a2b9c4c38784,010102-20120330063134Lh,0.0
83ea53a0-cb71-4fbb-a5c3-5ae357a458eb,010102-20120330063134Lh,0.0
98ee415d-802d-42e3-810d-7055d2c778ab,010102-20120330063134Lh,0.0
f0a5eb43-82f0-43dd-a668-0e3a4cc6439e,010102-20120330063134Lh,0.0
7b4bcd4b-948c-4a63-9062-a7b740aa62eb,010102-20120330063134Lh,0.0
c08affa1-8b35-4ae3-9c86-df69721ae376,010102-20120330063134Lh,0.0
6acebd66-a2db-4642-ac0e-83fb6ac07ddc,010102-20120330063134Lh,0.0
6fd3ab95-065b-4673-8e46-8383bb1083cb,010102-20120330063134Lh,0.0
7c6c6a41-429a-4a3d-8ae8-3c2196d18e74,010102-20120330063134Lh,0.0
44e485a2-c4af-45dd-96d0-42cc375da8ca,010102-20120330063134Lh,0.0
aee8cd26-f390-4e72-b443-1d771d2fc1b3,010102-20120330063134Lh,0.0
6c956ccd-8544-40ff-bb1d-ad58db3a1d47,010101-20120330063134Lh,0.0
3bd692e7-bf4b-487f-984d-219eec76d06c,010101-20120330063134Lh,0.0
7033026a-cd49-4958-a233-bd2ae0e9dc41,010101-20120330063134Lh,0.0
e0c602df-44a6-4fe9-8408-4a0809e22705,010101-20120330063134Lh,0.0
d91b0916-8bb0-445e-975e-688fcbdc7a46,010101-20120330063134Lh,0.0
a7696a5b-a843-4b46-b993-0d34f7ad7208,010101-20120330063134Lh,0.0
22191e69-2276-4f2e-b4ef-353ed2abdf36,010101-20120330063134Lh,0.0
2013622c-5ba5-4a5c-b2fe-fb7dc33e0421,010101-20120330063134Lh,0.0
aa3b422e-1a05-4bcc-9753-d7f511d6c0bf,010101-20120330063134Lh,0.0
bddb0f3f-151f-41d9-bcec-eb31499017b1,010101-20120330063134Lh,0.0
fc9653e7-7db7-4f08-8197-c35162df60c4,040401-20111025080614Th,0.0
34eed774-746d-4b88-91a9-f043955c45da,040401-20111025080614Th,0.0
7157e26c-e36b-4b3e-bfd1-4c3e94c4a288,040401-20111025080614Th,0.0
3fa56db6-80d2-48fd-9d2e-b07f84766e74,040401-20111025080614Th,0.0
3f3536aa-aba5-4063-9e70-e254cb28bd98,040401-20111025080614Th,0.0
8e639a66-aec8-49f3-a44d-ff5450b4b315,040401-20111025080614Th,0.0
9305b0ca-ae6e-4d25-bc07-402ec6dc6e7f,040401-20111025080614Th,0.0
b0875349-0855-417a-9c22-b09c60fa413b,040401-20111025080614Th,0.0
be9f4e90-2f78-4488-b6aa-4c2925813362,040401-20111025080614Th,0.0
a1ebebd1-6020-4fe2-ac8a-2bb53dbdc970,040401-20111025080614Th,0.0
95fada18-bc46-402d-ad4d-a27f065299b7,010101-20171008144250Bh,0.0
c9e9042c-b583-4e8a-b874-fa525643c936,010101-20171008144250Bh,0.0
c5b07d92-b6ac-4895-a8a8-5abfa3437bb8,010101-20171008144250Bh,0.0
12e50ae1-cfab-4dca-8813-d507659336af,010102-20171008144250Bh,0.0
54e3661f-c323-414f-882d-12cfaee24928,010203-20211229120210Th,0.0
ac7c42ae-7dd0-411c-b3cb-be0f08ad154f,010203-20211229120210Th,0.0
9e48b5f7-3a41-4da2-ab80-18888929844a,010203-20211229120210Th,0.0
d7a60157-1398-4062-8160-97cc94c577ed,010203-20211229120210Th,0.0
d2da7168-8eea-432f-b59a-bdcc4f664a8e,010403-20110306082634Lh,13.531500000000051
6b4e05fb-1347-4015-9729-1ed49d694bb0,010403-20110306082634Lh,0.0
2329d431-2720-4ba1-9088-380806c41077,010403-20110306082634Lh,0.0
5d31e65f-20a9-4c6b-9719-fab23629ef41,010403-20110306082634Lh,0.0
66bfacbd-0d62-47a5-acbe-6d168f455964,010403-20110306082634Lh,0.0
e0549628-c61f-41a4-bb11-ec57ffd04867,010403-20110306082634Lh,0.0
fae5b784-0598-47fb-bbad-8115b2d88c72,010401-20110306082634Lh,0.0
11917d38-e561-48d2-8086-83fd9996fb94,010401-20110306082634Lh,0.0
e77d81ea-d4cf-4b18-bd58-0187b32e61ea,010401-20110306082634Lh,0.0
852dd315-1792-43f7-b836-91074fda7487,010401-20110306082634Lh,0.0
fb89fd54-8f18-4284-918c-900a7e0cf07e,010401-20110306082634Lh,0.0
74b896f2-89b9-409d-a596-d7b2b4b6576f,010401-20110306082634Lh,0.0
bfd38ce9-971b-410b-a48e-0f3718888c7a,010402-20110306082634Lh,0.0
2b1157d5-2ae4-45ff-a16a-eab243fb3792,010402-20110306082634Lh,0.0
7419bb49-06b7-4112-bc58-3e8af66b024b,010402-20110306082634Lh,0.0
5ec01d5e-04fb-4615-b61d-c6e9202d379d,010402-20110306082634Lh,0.0
932b911d-7b54-4d45-9adc-3e787bd05bfb,010402-20110306082634Lh,0.0
01165fa7-1174-4647-99de-96c2da5166ce,010402-20110306082634Lh,0.0
20810cee-43b5-4584-9c76-efd1bd254e14,010402-20110306082634Lh,0.0
42d6cd26-e3f2-4eec-bc48-784ea648cef5,060403-20160110133714Th,0.0
5856c368-a215-4e7d-b6fd-b21454515146,060403-20160110133714Th,0.0
e8ee435e-5361-4b09-858b-e6230da54cd5,060403-20160110133714Th,0.0
b4a837dd-061e-4f4c-8353-eb9fbd7c3e86,060403-20160110133714Th,0.0
28208022-b144-4e95-812c-11ac7475bbbf,060403-20160110133714Th,0.0
d403cb8e-bc61-4193-aa47-f6ff341b2c83,060403-20160110133714Th,0.0
410e1398-02c4-45e0-a045-a39552368db6,060403-20160110133714Th,0.0
bf76277e-641b-4408-8165-02197ea5c53b,060403-20160110133714Th,0.0
75e502a6-7ced-4f48-86b6-9b7158b0b6ec,060403-20160110133714Th,0.0
5b8bac0e-0d92-4345-acfc-39a532c831ff,050103-20120810121634Ch,0.0
1f59fdc6-9677-4bf5-a059-c6bf356ac09c,050103-20120810121634Ch,0.0
55a1e0e6-a258-426d-98ec-5fc769b5bd92,050103-20120810121634Ch,0.0
18eaef4a-d994-4f0b-a745-e287d185df8b,050103-20120810121634Ch,0.0
f29705ab-6fad-45ca-9a5d-f1902815fa57,050103-20120810121634Ch,0.0
3be883e2-d8ab-406d-9105-970513133498,050103-20120810121634Ch,0.0
b0ef01ee-a88c-4c4f-8112-1f21c060101d,050103-20120810121634Ch,0.0
ace7daca-8f1d-4eb3-b9c8-05acc791d688,050101-20120810121634Ch,0.0
5f08a5ac-b97f-45b4-a2bd-52be4b2de7b7,050101-20120810121634Ch,0.0
67aaebf9-e1a1-4dba-b29e-d97d8ec819b3,050101-20120810121634Ch,0.0
4ce52f8a-0b84-4e29-a3fe-bd6008bd0ac8,050101-20120810121634Ch,0.0
505c3db6-7284-43b9-844f-86ec69851a16,050101-20120810121634Ch,0.0
750a54b0-5043-42c4-9305-9ed109b2e740,050101-20120810121634Ch,0.0
4b28e452-89f7-48c9-8b5e-429811b2de75,050101-20120810121634Ch,0.0
db61a9d9-358b-4cba-9a1c-e4213b3fdc59,050101-20120810121634Ch,0.0
25028e5e-2b8b-412f-9b83-a6cd3c36e59f,050101-20120810121634Ch,0.0
a53b7a3a-1879-49b1-9696-3c354b353f41,060102-20130419070254Uh,0.0
74a9a6a4-5043-48d7-9a67-3f5bc4596386,060102-20130419070254Uh,0.0
487c7c2f-3ce3-4755-b364-4a46f2019091,010402-20120802090314Th,0.0
30017bb7-f84d-4435-9da4-8a522db096f1,010402-20120802090314Th,0.0
fcdbd3f9-3613-4982-aafb-288e44f70f0a,010402-20120802090314Th,0.0
135922d7-f784-470b-ac5a-5e6e199f48f3,010402-20120802090314Th,0.0
ed2e7ed2-a03a-46f4-a99b-588d3219ec5d,010402-20120802090314Th,0.0
908e6ed9-960b-4b72-b94d-0f044245c8a9,010402-20120802090314Th,0.0
3ebda7e6-b529-40f6-9f44-b5a88e802ffe,010402-20120802090314Th,0.0
7c386645-d199-4c44-9333-dd6361d20032,010402-20120802090314Th,0.0
e3494331-2673-4ec6-8108-231ee98c9994,010402-20120802090314Th,0.0
3afad85d-9062-44e4-a476-3fdffde4cdca,010402-20120802090314Th,0.0
604d3e5e-db64-4289-b9d0-d9c0a49a590d,010402-20120802090314Th,0.0
cb390a70-64d9-42c8-8214-fcb9c1e14544,010402-20120802090314Th,0.0
4b52e94b-a220-4590-aed9-e6abfa098762,010402-20120802090314Th,0.0
b81ba6b1-8084-44b0-8132-c996a93d9971,010402-20120802090314Th,0.0
bf4ef690-56a8-4337-83ed-c7c30667b70a,010402-20120802090314Th,0.0
ffb4c0ce-d5f0-4f50-ac76-9b02f611c474,010402-20120802090314Th,0.0
6dcca70a-601c-4b3c-a38e-eaa0357de7ea,010402-20120802090314Th,0.0
7a6efe7c-d0e4-4455-ab29-ea061b1b08c8,010403-20120802090314Th,0.0
7cadb457-f21e-440a-b7ab-a780f2e84dba,010403-20120802090314Th,0.0
73e398ca-2413-4bbf-a10b-d3dfdaadf885,010403-20120802090314Th,0.0
3b6ce7ac-cdce-4909-93a2-b1ef3a571e4c,010403-20120802090314Th,0.0
211bf39d-8648-492e-b9b6-4d49d376e69f,010403-20120802090314Th,0.0
6c4087ac-ee9b-4b90-87f7-d43a1335bb79,010403-20120802090314Th,0.0
98f59028-432c-4604-9735-6dc8fdd9e0ac,010403-20120802090314Th,0.0
ad99a9b4-4bde-45f4-ae3f-987275ba8c63,010403-20120802090314Th,0.0
cf0403b8-e899-478b-a491-deea3477ecfa,010403-20120802090314Th,0.0
3e942185-7765-4171-ad34-f3cb34ddcdc4,010401-20120802090314Th,0.0
28f073fc-95d4-4f18-9f2a-1954b1bdff0f,010401-20120802090314Th,0.0
440e17f0-f4e8-4343-b2ea-5f4a2d4dd5ff,010401-20120802090314Th,0.0
c0449474-8108-4f38-910c-70f4050eff0e,010401-20120802090314Th,0.0
59f3546f-4030-48b0-bced-8a5bd5bb7581,010401-20120802090314Th,0.0
699c2609-4cc2-4f05-b786-f37118b92255,010401-20120802090314Th,0.0
a3d09a09-f643-4cda-8ef7-28091624545e,010401-20120802090314Th,0.0
93691ff1-3f9b-4c34-8fea-50b1173fd214,010401-20120802090314Th,0.0
b04b4334-c107-44cb-aeac-f1815b668ec7,010401-20120802090314Th,0.0
83b2e28b-270d-46d5-87eb-bc4e71fe4ea2,010401-20120802090314Th,0.0
6ba17093-b103-433f-8f1d-080c57416eaa,010401-20120802090314Th,0.0
e7933547-325d-45ae-94b9-65ef6fe1fa2f,010401-20120802090314Th,0.0
261594d6-10b5-4ad0-a43c-c3527d744241,010401-20120802090314Th,0.0
82b61f81-ad50-47b4-bab0-665c897085be,010401-20120802090314Th,0.0
f1cb1573-fd31-416e-9805-22cfe6dad495,010401-20120802090314Th,0.0
a0d03278-1c1c-4540-ab98-5d4cde530feb,010401-20120802090314Th,0.0
1c765024-f222-46a4-bd1a-abe17bd88f6d,010401-20120802090314Th,0.0
5f227bda-5b04-4207-b612-76b3cb8c5477,030302-20170619012150Uh,0.0
f8294fba-0fff-40a3-a5e3-87fbc32ab613,030302-20170619012150Uh,0.0
25e8a497-05f5-4ad9-a185-4ff169c05410,030302-20170619012150Uh,0.0
e216c5a8-e5d3-4da0-a486-af5f7105d15a,060403-20140411013854Uh,0.0
0da782e7-5646-417e-9259-2f55a3cdddb9,060403-20140411013854Uh,0.0
960d3344-38ae-4379-a8a3-f26d70ab0032,060403-20140411013854Uh,0.0
b3d5316b-5e4a-4b75-8f81-62a744f69547,060403-20140411013854Uh,0.0
61273fd6-166e-4d3b-8f0d-b306d6ecb2d1,060403-20140411013854Uh,0.0
0bd67783-c384-43ed-83ac-212cf0d297a0,060403-20140411013854Uh,0.0
cfe59d52-97db-4719-a338-d9c2c3ce96f3,060403-20140411013854Uh,0.0
f96e7264-696d-403c-948c-45fddf25dc45,060403-20141225172214Mh,0.0
26282562-5c04-43fa-adb6-8ea48490beb8,060403-20141225172214Mh,0.0
f245364d-d227-4833-9dee-26bc59da0c6a,060403-20141225172214Mh,0.0
88a6350f-9849-4f45-9465-b9422cc42129,060403-20141225172214Mh,0.0
12364952-0dab-49e3-929a-43914e354513,060403-20141225172214Mh,0.0
8f832ddf-46e8-4a6b-992f-e92da2fdde2c,060403-20141225172214Mh,0.0
e19ec1fe-4fea-413d-94a0-0a8ae6ed9737,060403-20141225172214Mh,0.0
972a92b8-ee9c-4f5b-ac30-e83dfc0146d1,060403-20141225172214Mh,0.0
d7c76a3b-ba69-4477-a8af-764d2c7a2be5,060403-20141225172214Mh,0.0
16f9fa9c-b6e8-4582-997b-2e3984e0f8b3,060403-20141225172214Mh,0.0
8999775f-047b-4ec4-8340-30771591338b,060403-20141225172214Mh,0.0
c9943127-771c-401e-9d1b-ce7ac3d7a434,040201-20160808133714Th,0.0
3228b4f9-f747-4226-9f66-18c44c37fde7,040201-20160808133714Th,0.0
6d5b500e-1035-46d2-a2fc-4a49332fa13b,040201-20160808133714Th,0.0
a832b235-3e59-440c-b091-7dcd2c598252,040201-20160808133714Th,0.0
aeca42d1-6db1-486c-b609-4a6df8228ece,040201-20160808133714Th,0.0
f189afc8-2a3f-42b9-81b9-7d25a77c5ecf,040201-20160808133714Th,0.0
17fc78b8-bea4-45cc-bb4b-dcd5a3da1e27,040201-20160808133714Th,0.0
aa2e36b8-2c81-4952-bddd-87d1ef5ffdd8,060403-20110523063154Uh,0.0
1208868b-c187-4302-bd0e-844c248abb18,060403-20110523063154Uh,0.0
2fbec55f-6190-4f95-a866-557a4c3b55d7,060403-20110523063154Uh,0.0
92aac348-5023-4b6c-944e-82ba3d610d8a,060403-20110523063154Uh,0.0
564daec8-231e-4c22-8867-5b041917d444,060403-20110523063154Uh,0.0
9f4eb09b-2451-4d46-8920-37d3540730c8,060403-20110523063154Uh,0.0
135f2889-539e-4214-9fb7-e27ce09a455b,060403-20110523063154Uh,0.0
232347b3-332a-4294-a8e1-785e9a62e2f6,060403-20110523063154Uh,0.0
161bd1d3-bf56-4670-a881-89029104471b,060403-20110523063154Uh,0.0
42d558ce-27b7-4b3b-b149-fc6518e0d926,060403-20110523063154Uh,0.0
f895d5ab-2322-4031-831a-619bf7bad15f,060403-20110523063154Uh,0.0
792d9374-7961-4e01-a8d9-8abd9e198a84,010403-20170927143450Bh,0.0
ac297dd6-5a87-4ef1-b83d-e078676f245d,010402-20170927143450Bh,0.0
e8d65984-21ea-4bba-ba9f-4aef5b1cebe0,010402-20170927143450Bh,0.0
e1aed1e9-cac7-4716-a437-22fa58eeb9fa,010402-20170927143450Bh,0.0
945b3716-2259-44b3-830d-457a35068b3a,010401-20170927143450Bh,0.0
8aad4ecc-de1e-4aa1-b7c9-ec5cb5a6629a,060102-20170217165250Bh,0.0
37cfa028-5ae5-46b5-aff9-4f8b8545467f,060102-20170217165250Bh,0.0
1f56181e-7b1a-4c6e-9769-51b8eca35220,060102-20170217165250Bh,0.0
787de9e5-9faa-4727-902a-8ba4109857d9,020101-20120330063154Uh,0.0
73d15bda-c188-4bdd-b2a4-0389c0807e5b,020101-20120330063154Uh,0.0
bf8e1115-441a-455f-829a-e0fc4750a487,020101-20120330063154Uh,0.0
cfadd587-5322-4fc8-819c-60065c6361fb,020101-20120330063154Uh,0.0
ec69798d-968e-4d81-9b8e-996a398ff1c6,020101-20120330063154Uh,0.0
3c5fede3-eb08-48c1-913c-b468f8430495,020101-20120330063154Uh,0.0
2717bec5-e048-44fc-b1ba-d1699fae84bb,020101-20120330063154Uh,0.0
656765ab-0fd6-4921-8fd6-971899b6d3b2,020101-20120330063154Uh,0.0
b1f85902-5ffa-4fc6-b2ac-12a8889c7a61,020101-20120330063154Uh,0.0
7f8555af-f5b4-4441-bb81-c17b1fc39d74,020101-20120330063154Uh,0.0
d24c6e6a-4896-4807-be24-e1b0e0961491,010101-20131006075314Th,0.0
ff0b6764-7bac-4a1d-ae7f-442785f271ef,010101-20131006075314Th,0.0
4a96156d-e5bb-4fb2-8576-0b458036b44f,010101-20131006075314Th,0.0
268d1a18-c5bf-4c01-95a0-5f87205027dc,010101-20131006075314Th,0.0
ebef26e9-fa51-4483-903e-2083e4cbc8f9,010101-20131006075314Th,0.0
c09598fc-01a5-49c2-8d75-9d323841db62,010101-20131006075314Th,0.0
f2c806db-b2eb-4efd-b099-ed84873ef8c1,010101-20131006075314Th,0.0
84f2ce02-7729-4a43-86ef-694c1f0ab995,010101-20131006075314Th,0.0
9259c713-4a31-47df-b331-377c8540dfb7,010101-20131006075314Th,0.0
525d8a5f-6ae2-45a6-9205-8b061f6a2daa,010101-20131006075314Th,0.0
5ef59bd2-acb6-4ac5-adf7-c1fd5facd93e,010101-20131006075314Th,0.0
9b999ce1-1af7-4bd9-a1b6-bf5a9839ea0e,010102-20131006075314Th,0.0
5c0ca79d-4707-441f-87db-99e172980c96,010102-20131006075314Th,0.0
d6b29baa-44ca-44e6-89f6-ad6d1d56f14e,010102-20131006075314Th,0.0
72e14f80-34ae-4326-b199-bdaa21b45265,010102-20131006075314Th,0.0
38779ced-e42d-419b-b62d-8cae4fc11964,010102-20131006075314Th,0.0
80e426ac-1255-4faa-bb1a-a84207d3eb79,010102-20131006075314Th,0.0
39b9777f-e957-4bcb-a88b-bb7ae8a2ccbe,010102-20131006075314Th,0.0
0f709538-9bab-443a-96f8-4e07fcdd7a94,010102-20131006075314Th,0.0
68f5692f-1ab3-478f-9fd6-20282c0dc74d,010102-20131006075314Th,0.0
634d42fa-5164-413d-99fd-ca239f7c4128,010102-20131006075314Th,0.0
4ab7ebac-5d5e-4741-9613-b688d472bf50,030302-20131109190514Mh,0.0
fb3e068f-ca62-4454-9770-8bf2a843259e,030302-20131109190514Mh,0.0
b3b8c0fd-4c35-4801-a6bb-1a9ad62f8b50,030302-20131109190514Mh,0.0
1bf6f918-82f7-4b50-8402-7de446a4e911,030302-20131109190514Mh,0.0
5e4a5891-572b-4933-9f9a-9dcd1c6be86f,030302-20131109190514Mh,12.337399999999889
813fbc1a-ea79-490d-966f-5031ad244390,030302-20131109190514Mh,0.0
0ed420f7-8052-47dc-aae8-b671e71b1c0e,020201-20110520063154Uh,0.0
e505b1f4-2b22-4a02-abea-69ee07954dac,020201-20110520063154Uh,0.0
535151bf-af06-4a34-b568-50dac4b4b810,020201-20110520063154Uh,0.0
e87acc73-9212-47b6-9710-73bb42c9b6c9,020201-20110520063154Uh,0.0
b8bfbe50-f211-4a40-9cf8-14750dddd1ad,040401-20160927133734Ch,0.0
0bbe7f9f-b9a1-4108-9d3f-f9d6de2dbbde,040401-20160927133734Ch,0.0
ac88ab52-8ed6-4200-9bc5-7514ef0e7f0e,040401-20160927133734Ch,0.0
62b35084-2a09-4ba8-9aa0-c73ece91811c,040401-20160927133734Ch,0.0
b0ebef0e-beee-4442-b0c1-25e44ae1d314,040401-20160927133734Ch,0.0
31dbcaee-9ae6-47ec-bab3-213b587c3c90,040401-20160927133734Ch,0.0
73ee21ae-e040-49cd-b18e-87cffaaade50,040401-20160927133734Ch,0.0
f24a1e51-d0f7-4a81-991d-65782606b8e2,040401-20160927133734Ch,0.0
c31854e5-ff0a-43c0-b892-d89aef5232ac,040401-20160927133734Ch,0.0
84e61a8c-9dd2-45a4-91d7-cb4812b127e4,040401-20160927133734Ch,0.0
b58e50f6-9d77-4aa5-b964-424b5a3881bc,040401-20160927133734Ch,0.0
c20ce907-287d-4ee2-968a-7f606cf6eb64,020403-20120331142954Bh,0.0
b6d0d927-1fa5-4765-9047-b5ea43657af8,020403-20120331142954Bh,0.0
daf4bed9-370c-400a-bfa4-44bac3d239f7,020403-20120331142954Bh,0.0
f9aa7cda-efc9-4cb1-a46d-67a379cc0742,020403-20120331142954Bh,0.0
1846ef1a-5cc8-4584-bd51-792017f55040,020403-20120331142954Bh,0.0
24ede072-ef94-4566-8a73-08af569ad615,020403-20120331142954Bh,0.0
55a1e6dd-9a56-430f-a6e5-31de125bc8c0,020401-20120331142954Bh,0.0
40bc9ca3-e667-45cf-8426-925424d3fd39,020401-20120331142954Bh,0.0
acfe835b-479e-438f-a0fe-be1b7623fff4,020401-20120331142954Bh,0.0
57c5cfd2-fad2-41af-a83d-2612db9fc808,020401-20120331142954Bh,0.0
69946d31-eef5-435e-aae4-d8f91510060d,020401-20120331142954Bh,0.0
8bf0767d-9bbe-4319-9a67-72538a9956f9,050102-20160310133734Ch,0.0
d94037a9-f68c-480a-8a3b-d08a74b12c13,050102-20160310133734Ch,0.0
8f144295-0819-4dbd-9c3a-42643e99e5f9,050102-20160310133734Ch,0.0
5977b297-eec3-4706-9c94-79c824494203,050102-20160310133734Ch,0.0
09a616c4-047d-459e-ab03-d6b0748fc96f,050102-20160310133734Ch,0.0
d834d0ec-97b7-468a-9c17-5906d73eb4de,050102-20160310133734Ch,0.0
60d05876-5a0d-4fb3-9bc7-df4a5e3d6225,050102-20160310133734Ch,0.0
34a8db69-a2fc-4252-89af-54f8c448aff0,050103-20160310133734Ch,0.0
342af8b7-edc3-4853-8c9c-8d5193295a90,050103-20160310133734Ch,0.0
97235d85-1be1-4bba-a0a6-107838e5ba6b,050103-20160310133734Ch,0.0
a1f5716e-06e9-42fd-a66b-752e61ac0089,050103-20160310133734Ch,0.0
17012dd5-e196-4a12-a6ff-ab034c6cd9e3,050103-20160310133734Ch,0.0
33bd8515-d6f7-4367-b443-82aa2d338801,050103-20160310133734Ch,0.0
770e9fcc-532b-452c-a602-eeaccb36268e,050103-20160310133734Ch,0.0
2a59b935-8f0c-444d-8e27-a560a3ce9fea,050103-20160310133734Ch,0.0
3182977b-2f16-4a8e-905d-373a14b9797b,050103-20160310133734Ch,0.0
e0812814-4eec-41ef-a524-f50629b5472a,050101-20160310133734Ch,0.0
f1e296d7-d9e4-49a6-b7cc-651dcbe61ccb,050101-20160310133734Ch,0.0
276fb90c-8f61-4631-857a-f6bbaec06ff3,050101-20160310133734Ch,0.0
b2fdc8a3-5596-4b95-a7fd-3526b65c46d0,050101-20160310133734Ch,0.0
b13feeb0-b584-43cc-bcbd-e53c868f20a0,050101-20160310133734Ch,0.0
8e569a4b-09a1-4582-bed3-a45857ec0f54,050101-20160310133734Ch,0.0
e4525057-9398-43c6-9b84-17f7198d0081,050101-20160310133734Ch,0.0
5ec450c3-652d-4967-acef-2ee3f85bacb3,050101-20160310133734Ch,0.0
1104cdf3-4d95-4a8b-b6cc-09c8ae43e970,030302-20160627133734Ch,0.0
78825c72-c4c8-46a6-91da-bc6a79a7659e,030302-20160627133734Ch,0.0
7ded7b16-ef87-424f-82fa-24f33b50ecc7,010102-20140312081114Th,0.0
45d7c374-7a39-493b-9b58-a8e9c5a1f411,010102-20140312081114Th,0.0
c952a2c3-de19-402d-bcc5-ac36662e88be,010102-20140312081114Th,0.0
bfc33b1c-421c-419c-b392-c3a95eec7ff8,010102-20140312081114Th,0.0
3cbbd84a-ed27-4af4-8d44-20d31d16e249,010102-20140312081114Th,0.0
27029a9b-3b80-4504-892e-0c175da97343,010102-20140312081114Th,0.0
45603d4f-f825-4ebc-9182-fc5473d24b7c,010102-20140312081114Th,0.0
a35a8abc-97ef-4672-8c5a-1ceb86e146af,010101-20140312081114Th,0.0
af7a0217-e5d7-4674-af75-2ce206905af4,010101-20140312081114Th,0.0
bac9760a-52b3-48b7-8e7a-03e434da96f5,010101-20140312081114Th,0.0
3fb12302-d47e-4bef-9085-d25c1a8bf27b,010101-20140312081114Th,0.0
3202451d-c0d2-4cbb-88f0-d94191232f2d,010101-20140312081114Th,0.0
aafabbb6-09cc-421f-8a39-0135aefa7002,010101-20140312081114Th,0.0
74d7a32a-9ca5-4664-97ac-8b50cee895c1,010101-20140312081114Th,0.0
0f603bc8-b6fe-4736-91df-5115632585e0,010101-20140312081114Th,0.0
6f7c22c1-e6ee-4e66-9bb0-cef4380781cb,010101-20140312081114Th,0.0
22bb48fe-a932-4479-ba63-b7d9b3622fb0,010101-20140312081114Th,0.0
3a339803-738b-4a30-b0ff-6f539baa3623,010101-20140312081114Th,0.0
f14c68fd-c32f-451d-b732-0c2279b9dfe1,010101-20140312081114Th,0.0
ff9eabf0-2eb7-44b1-8d30-f1c646cf0a0a,010101-20140312081114Th,0.0
41be7204-1890-4682-9fb8-28daacf31493,010101-20140312081114Th,0.0
3c08d4f7-0c6f-4ae0-a21b-28d981294e3f,010101-20140312081114Th,0.0
97567151-85d6-4c85-8fd3-8da26d5e866e,010101-20140312081114Th,0.0
8db8bde6-34ee-4e83-a8b1-a15e65e95c90,010101-20140312081114Th,0.0
4f0c0ef8-4585-49b8-8c5c-bd3aa65c4eef,010402-20150228082414Th,0.0
2711cbfa-ba79-4968-909c-bf1fa3e5fb8f,010402-20150228082414Th,0.0
2b9fe8aa-57ce-491d-8d49-ef3c7d5f9773,010402-20150228082414Th,0.0
4047e5fd-78d2-4b58-af8a-a0d63768991c,010402-20150228082414Th,0.0
90ffcc4f-a2c4-4b6c-b697-40eea152865a,010402-20150228082414Th,0.0
bf3677cf-5623-49c6-a3e0-67f037972521,010402-20150228082414Th,0.0
8a967922-e4f7-480a-958a-b1abc488f13a,010402-20150228082414Th,0.0
c1400d68-1aad-4822-ad98-2406eaa508f7,010403-20150228082414Th,0.0
973779a2-83cb-41e6-92da-a000544e045a,010403-20150228082414Th,0.0
75d4fbb6-876a-43c4-a59a-17cbfd2c13e3,010403-20150228082414Th,0.0
5a4081e4-1f7f-4ec2-b27d-257e32194afe,010403-20150228082414Th,0.0
76aa3c33-3adf-40b4-97da-86762153c36b,010403-20150228082414Th,0.0
417c5e59-f122-49e0-a24d-5764122f9b6e,010403-20150228082414Th,0.0
4aa356f3-9a0c-44d6-952b-717bf6668dfc,010403-20150228082414Th,0.0
33ec6072-6c4b-474d-8156-47de8547d3ec,010403-20150228082414Th,0.0
1ad99d93-01a2-4717-8f94-a938a22080eb,010403-20150228082414Th,0.0
838c58f2-5017-47da-841e-3ca74798dc3f,010403-20150228082414Th,0.0
bfed9608-8ed0-4bdb-850b-fce9f8ae5a84,010403-20150228082414Th,0.0
4aa18fd0-8ef4-4f89-8b68-d17a81d69db2,010401-20150228082414Th,0.0
0c35cbc4-3c40-4c5e-8642-6807eee6c0c0,010401-20150228082414Th,0.0
62dae570-582c-43bd-aeee-1f6b66115b3a,010401-20150228082414Th,0.0
bcafd2ef-5938-4b61-8578-f39de70f2c83,010401-20150228082414Th,0.0
d722cab7-65cc-491f-a7a5-82d483e24ae8,010401-20150228082414Th,0.0
ee28821a-7134-4e7c-9af3-ccb8c764c5f9,010401-20150228082414Th,0.0
8ce1e17c-891f-4080-b946-a0935cec0083,010401-20150228082414Th,0.0
617adb70-b8dc-47c5-91dc-3026033f4a2f,010401-20150228082414Th,0.0
57b57c92-03f7-4389-a9a4-a8a6a33ae09c,010401-20150228082414Th,0.0
fe5a7b5c-fa6e-4d6c-add3-7911d135f139,010401-20150228082414Th,0.0
dea44d9d-4050-4252-b718-65f6ffe96f29,020401-20120217181154Bh,0.0
16971bd2-041d-4313-ae71-abb7aca3cecb,020401-20120217181154Bh,0.0
fd52e4a5-f339-4faa-807b-470298f933bf,020401-20120217181154Bh,0.0
7d020611-3917-4f76-91e1-aa4aea12bb64,020401-20120217181154Bh,0.0
eb0c2ad5-a7a2-4501-898c-8912e9637268,020401-20120217181154Bh,0.0
63d7b441-6398-4479-b06e-7b1588be11ee,020401-20120217181154Bh,0.0
9d176398-4699-4339-a786-b11362d73a35,020401-20120217181154Bh,0.0
b8000046-df30-4d5e-8108-da74f20cc715,020401-20120217181154Bh,0.0
72666129-63cb-44d0-a500-e143eaf96f90,020401-20120217181154Bh,0.0
df89e68e-53b1-4ce4-9ba5-ea8509fb455e,020401-20120217181154Bh,0.0
624bc42e-6aff-45ca-b162-2f71bce25f01,020403-20120217181154Bh,0.0
f8168fee-efbf-4641-8624-653ea06a10ee,020403-20120217181154Bh,0.0
bbee9d0a-57f2-42cc-8afd-13b47ea8f084,020403-20120217181154Bh,0.0
941fe74d-c91b-4464-adce-1abf3d237e3c,020403-20120217181154Bh,0.0
7d3dba0d-496c-4bff-9fbe-9bc953b9c280,020403-20120217181154Bh,0.0
8c5339c0-c186-4c29-9839-d8880fc0182b,020403-20120217181154Bh,0.0
0c79398b-9720-4930-a524-50f96c45b00a,020403-20120217181154Bh,0.0
34ab9eec-3a48-4021-82c9-7a112882374b,030302-20120227161654Bh,0.0
6d586fc6-9dbf-4cd2-8af9-78038816a705,030302-20120227161654Bh,0.0
25b3f8d7-3d07-40e3-bb60-7bec11d0b7a2,030302-20120227161654Bh,0.0
c1770a84-dad2-4634-83db-bff9b8ffbfa5,030302-20120227161654Bh,0.0
85dda1b1-a6cc-4662-bb5f-d18732f80d97,030302-20120227161654Bh,0.0
0325a1f0-3e6c-4ebe-8316-10499b000937,030302-20120227161654Bh,0.0
a50aed5e-0d77-43ae-a7b9-2bfcc75a53ae,030302-20120227161654Bh,0.0
83744649-af95-42c2-978c-5377db64f7f7,030302-20120227161654Bh,0.0
5faf1bfe-aa7c-4ba2-b5cd-232ce803ced5,010301-20181024232430Lh,0.0
2f3dac9a-5a9d-40a2-b3c5-4b3488d8f862,010202-20130903141654Bh,0.0
9d29af50-7369-42dd-878a-80a4dc8ab2d1,010202-20130903141654Bh,0.0
8055c1bc-a488-4724-a3ae-791162ccc859,010202-20130903141654Bh,0.0
66d7db9e-7a1a-4a27-86a8-7a9d7fdbea69,010202-20130903141654Bh,0.0
ae88824e-eb4c-485a-b9b4-c168a208a972,010202-20130903141654Bh,0.0
ca532bc7-5108-4922-94fd-2f3dda311112,010202-20130903141654Bh,0.0
a7d9d637-3329-47f4-9c7e-f3c1b0a9b55e,010202-20130903141654Bh,0.0
be1018f1-4891-4efe-87de-a00b1ed009f6,010202-20130903141654Bh,0.0
37b299e2-b292-4530-82ce-c8e10fd983ee,010203-20130903141654Bh,0.0
5b6cf3b2-e73c-4dc5-8ac5-e71b3e529c99,010203-20130903141654Bh,0.0
2db869c8-e682-4bbd-87a6-6d4f4e59c5f1,010203-20130903141654Bh,0.0
189489cf-15ca-4275-950d-58ce774a96a8,010203-20130903141654Bh,0.0
8bdaed0a-95a9-45eb-a770-a4e561cc6eec,010203-20130903141654Bh,0.0
42c8a033-e505-4617-be7d-23e3641e4aaf,010203-20130903141654Bh,0.0
6e50c675-88ce-4fdc-acc9-0933a0752a84,010203-20130903141654Bh,0.0
bdf5192e-9a3d-485c-af76-59e9a8f1ab15,010203-20130903141654Bh,0.0
67f45de0-5193-4990-b200-2e2f7f5058f3,010203-20130903141654Bh,0.0
2bc65bb1-a3b8-478a-a41e-264ec92d56e6,010203-20130903141654Bh,0.0
57894a50-f00c-45c7-a972-10e322d44fff,010203-20130903141654Bh,0.0
21f7d846-117f-447a-b482-73acf2d320a9,010203-20130903141654Bh,0.0
d8544bad-6f58-4da7-b46d-9664d4dbc206,020401-20140806195834Ch,0.0
9c1d54e1-916c-41d1-aef1-343dcb19acf7,020401-20140806195834Ch,0.0
c0e09743-2221-4770-9268-e8c6d42e01fa,020401-20140806195834Ch,0.0
8412dc6a-d677-4d04-b71f-beb5e16ec8ca,020401-20140806195834Ch,0.0
bb4896f1-9f77-4324-a60d-9d412b270c33,020401-20140806195834Ch,0.0
086a245b-ddb5-4e3d-8c45-c2984f7d29c6,020401-20140806195834Ch,0.0
9c387b8f-eac1-429c-ae8a-c11643a1ef9e,020401-20140806195834Ch,0.0
6c6f40b8-2cbe-439a-8b03-952cd613cd78,020401-20140806195834Ch,0.0
78786153-cec4-4475-a88d-a22619eff0ab,020401-20140806195834Ch,0.0
400ac7d9-9ad7-4109-9ec7-8f8bfc09ada3,020401-20140806195834Ch,0.0
62d767fc-0f4d-4171-a5dd-a3e307475e85,020401-20140806195834Ch,0.0
5cf945e7-c734-4bea-ba44-a0a9cbf7596d,020403-20140806195834Ch,0.0
3bccea9d-0b4b-4447-b1b4-226b4167e4e2,020403-20140806195834Ch,0.0
16f9a668-3328-4181-bb9a-b3dfc69b7a06,020403-20140806195834Ch,0.0
ba3e2607-2f12-41cd-8783-4864d842d7ae,020403-20140806195834Ch,0.0
8964af50-4b81-463a-960a-7512f56f834c,020403-20140806195834Ch,0.0
f4dcb082-0790-4af0-93d7-7eaf298b1a05,020403-20140806195834Ch,0.0
a1c1088a-d2b2-474c-bc29-bb23554d4296,020403-20140806195834Ch,0.0
2257dcd2-0cad-49da-a479-ee6ceded5ec3,020403-20140806195834Ch,0.0
ac250cac-95cc-4489-9f2a-2d1dee38690d,020403-20140806195834Ch,0.0
fd54b811-52f8-4f22-a7c9-eedb7e7651a4,020403-20140806195834Ch,0.0
daa81a3e-d6f7-457a-9999-224215679093,010203-20220710085152Th,0.0
c5bf6a08-5c2c-4a02-805a-63ea3c0bc3ec,010203-20220710085152Th,0.0
e7f81ab3-db32-434b-a0b5-da5193784f2c,010203-20220710085152Th,0.0
f43c5e88-9da0-4c0f-9498-e5effb0d0de9,010203-20220710085152Th,0.0
5648bbf3-dbea-4f8f-a72c-a38a92633f31,010203-20220710085152Th,0.0
b9344a51-bf85-4ba5-b977-3a04236ca36a,010203-20220710085152Th,0.0
dc454010-de98-4ee0-997c-6d01711c10fc,010203-20220710085152Th,0.0
38f5b98f-9576-4845-8027-2a5dad841d34,010203-20220710085152Th,0.0
45323781-1cbd-4d29-b0ca-29c5f7c29d8d,010203-20220710085152Th,0.0
e257591c-d988-4f7d-a905-bb29a5a54047,010203-20220710085152Th,0.0
5f7afcdb-c5fc-4822-9830-0a697e6b5196,010203-20220710085152Th,0.0
5f45f981-6025-45de-9cbe-b16b54c764e7,060403-20150113155654Bh,0.0
ecfcf05e-64ec-4eeb-a2cd-1878a682e0b6,060403-20150113155654Bh,0.0
b755ad1e-fe7c-47bc-b053-25a58faa8992,060403-20150113155654Bh,0.0
27c0f706-8d1a-42a5-8fcc-347d38d63f14,060403-20150113155654Bh,0.0
e6d2d4cb-9e73-40df-9732-3474241fe036,060403-20150113155654Bh,0.0
01b1706a-9c59-4990-bb8e-6e02a38b053c,060403-20150113155654Bh,0.0
52b1acb7-6154-4272-b0e8-d5d6f6c7226a,060403-20150113155654Bh,0.0
df2410e7-cc53-424d-a36f-591e8617ac4f,060403-20150113155654Bh,0.0
b37bae5f-98a5-461e-85ef-a71ca259244e,060403-20150113155654Bh,0.0
29a1da3d-a9be-4699-be1c-84523c91e1e2,060403-20150113155654Bh,0.0
20ab4a53-1bd3-4ffd-8961-229b19ab90f1,060403-20150113155654Bh,0.0
fed81a44-30c2-40ec-90ad-157d7e32c6c3,060403-20150113155654Bh,0.0
0c3d582d-f8c3-4bba-bcd7-beedadc6a2bd,060403-20150113155654Bh,0.0
6f43893c-0468-441b-bd6f-3eea4a8f36af,060403-20150113155654Bh,0.0
d0d2b0cf-2771-4256-8511-73320000af18,040401-20170310173450Bh,0.0
dc5e80c3-903f-40de-bc8b-c5042b81b348,040401-20170310173450Bh,0.0
0c6cf5d1-01f1-4861-a3c9-950d6d238f3f,040401-20170310173450Bh,0.0
8ccc24c6-8a5d-46b4-b82c-39d89af03001,030302-20171121222130Lh,0.0
9bd5d23d-65ef-4015-b7ea-13e7a34486c9,030302-20171121222130Lh,0.0
4f23d0d2-c577-41ae-a11b-4821e7334777,010402-20120610175114Mh,0.0
97a146bc-7984-444c-9a13-e45f15cebb5a,010402-20120610175114Mh,0.0
21092e4f-917d-4732-8bf7-cd3fdc1f4482,010402-20120610175114Mh,0.0
f3d46595-0565-4b7e-9e6a-c7af7a9f0add,010402-20120610175114Mh,0.0
f716321f-d76a-4401-9680-e8b3e1cb6fcf,010402-20120610175114Mh,0.0
01b33a4b-cefe-478e-b2c0-600bed1ee2c0,010402-20120610175114Mh,0.0
bb47696f-cca6-434b-941e-39572d3eea71,010402-20120610175114Mh,0.0
40e30a90-ffbc-45d1-9909-b8ecf160dbff,010402-20120610175114Mh,0.0
f68a0b0d-49aa-4470-9beb-e76bdd2a90f1,010402-20120610175114Mh,0.0
c6084fac-dac6-4a42-88c5-0de3f432bae7,010402-20120610175114Mh,0.0
6ae04884-0504-42b8-a86e-3766c52c4450,010402-20120610175114Mh,0.0
e633fa7d-fbc7-4b3e-bc72-751110a8c939,010402-20120610175114Mh,0.0
6b933b5f-593f-4211-ba06-5d3542b23828,010402-20120610175114Mh,0.0
dbf5aa2b-3dbf-46f4-9757-5bf8f729e54f,010402-20120610175114Mh,0.0
c8b37297-5a82-4a02-8e0d-d539add24347,010402-20120610175114Mh,0.0
60584c58-4fca-4d3a-a8fc-25b4b585ec88,010402-20120610175114Mh,0.0
b8aabef0-c46d-4b13-999e-f26c2ad7aeaa,010402-20120610175114Mh,0.0
45adf043-35ee-42e5-a320-bcdd094829a5,010402-20120610175114Mh,0.0
5e7f755a-c575-49b0-b7d0-3409f2b1ad53,010401-20120610175114Mh,0.0
d8f06e75-b53c-4a24-8c7e-7498fdef4087,010401-20120610175114Mh,0.0
17664d7a-e414-4962-b0a5-5acd04ff4346,010401-20120610175114Mh,0.0
e3bee0dd-2c4b-4991-8095-c6495f553ba3,010401-20120610175114Mh,0.0
0d294826-3ade-4ea7-91a9-b76a12677fe6,010401-20120610175114Mh,0.0
2358fba1-05f0-4531-a4e6-449a96cbad14,010401-20120610175114Mh,0.0
60206ef3-f851-4c1c-aa06-ecdd275c7d67,010401-20120610175114Mh,0.0
8540a036-b2cb-45e2-8b02-309e5da9eb7d,010401-20120610175114Mh,0.0
db747251-cc9f-4ef6-829a-2ba8347c6eba,010401-20120610175114Mh,0.0
eb577003-a45c-4105-ac3e-e27138be4204,010401-20120610175114Mh,0.0
a137d7d9-965d-4671-bc7b-9c805e86de02,010403-20120610175114Mh,0.0
768cec46-47c4-439c-a9a7-8d414640301a,010403-20120610175114Mh,0.0
26d9ac11-a3fc-4fa9-9c9c-ecc1b13eb7c3,010403-20120610175114Mh,0.0
2b39890e-788d-499f-aa84-7f410b08f482,010403-20120610175114Mh,0.0
cc2f3042-f66c-4d19-91e8-f8ce9ebbe509,010403-20120610175114Mh,0.0
f4cbba39-76fa-4607-9eff-6f3eaa8ec975,010403-20120610175114Mh,0.0
be4e59d8-4954-4036-a0c6-aed497f1a257,010403-20120610175114Mh,0.0
e9f284d2-d0c6-41e8-8d9d-e42f419366d9,010403-20120610175114Mh,0.0
5d1b11c7-4c23-49c9-8654-fa4b8ad1e40c,010403-20120610175114Mh,0.0
3982bfaa-c271-48e9-aae6-e136c11bcb7f,010403-20120610175114Mh,0.0
5c6931aa-5a00-4547-858d-4dd66cf2d936,010403-20120610175114Mh,0.0
bcec6700-17a6-49e2-bb5a-e06031df1e01,030302-20161108021454Uh,0.0
1e2db5e0-2017-4062-9f8f-83e8c706e745,030302-20161108021454Uh,0.0
298e9246-2e46-4769-95ab-2b39d31c36e5,030302-20161108021454Uh,0.0
7a3ec96f-78ff-4570-9876-a2c40836bf93,050101-20150113105034Ch,0.0
53d09349-f7a4-45de-9a8d-4f14c34fe651,050101-20150113105034Ch,0.0
69c6fd8a-d4fc-492e-a540-4f537efe40e7,050101-20150113105034Ch,0.0
86c6cf00-141d-458e-9a1b-d1f83d0f2eed,050101-20150113105034Ch,0.0
7594ce2a-7137-44ef-a7b8-31748d10406f,050101-20150113105034Ch,0.0
b07b59ed-b4cc-4417-b9e3-08a400ac572f,050101-20150113105034Ch,0.0
59d18b2f-00e5-4cb6-8b18-401afb7d142f,050101-20150113105034Ch,0.0
2a222731-c7ab-4b62-afdb-a52f97a139ea,050101-20150113105034Ch,0.0
b9c8416f-4915-4f14-aa77-548954a2777d,050101-20150113105034Ch,0.0
8d32796f-689a-4e2f-81b8-8e828a49266c,050101-20150113105034Ch,0.0
6c8d9c2b-80bd-4cd6-8108-dfd9aebc9746,050101-20150113105034Ch,0.0
e7b26c14-d1c1-43f2-b7a3-a79d41909688,050101-20150113105034Ch,0.0
008c876d-bd49-4a01-a5db-8da28c113c8b,050101-20150113105034Ch,0.0
960fe339-e7c1-41d2-ba1c-af0cded6179a,050101-20150113105034Ch,0.0
13464350-f9ef-4f74-9eed-a8eeb43e731a,050103-20150113105034Ch,0.0
1b515534-63d8-4f0d-8083-5e12127eed37,050103-20150113105034Ch,0.0
bddb1ba2-14e4-44a4-bf2d-aca38259331b,050103-20150113105034Ch,0.0
f66d1f32-90d2-41f4-af49-7c3a3584dfa1,050103-20150113105034Ch,0.0
297213ae-7f3d-4269-bcf3-14018b712002,050103-20150113105034Ch,0.0
7fd6b7af-9509-436c-8dcb-f7cafb66aea6,050103-20150113105034Ch,0.0
2eedffa1-64c6-43a3-9ec8-0e7f9fecf1c8,050103-20150113105034Ch,0.0
171e7f6b-83a7-4ea8-8440-5332ef5f305d,050103-20150113105034Ch,0.0
9408e874-f335-49ae-b510-6b1efb1db94c,050103-20150113105034Ch,0.0
0d17582e-99c1-4bd7-b4bc-051b41434fbd,050103-20150113105034Ch,0.0
ddc0fd38-512c-4dca-860b-7d4c98c9f028,050103-20150113105034Ch,0.0
72e51f45-bde3-41f0-8b65-6d7bb9fff59f,050103-20150113105034Ch,0.0
94f8a44d-f7a5-4a11-8d6c-73df887db1c1,050103-20150113105034Ch,0.0
e3409228-6d2e-4da9-899a-c39b975fdd2d,050103-20150113105034Ch,0.0
0f354c90-1133-4dc4-a6f3-92a87e7ea11a,050102-20150113105034Ch,0.0
40400620-2246-4327-bc86-5ee271409e30,050102-20150113105034Ch,0.0
bb924f93-05c1-4337-b202-0644df37c9fd,050102-20150113105034Ch,0.0
43876fcc-391b-478a-b165-604a6c7fbd96,050102-20150113105034Ch,0.0
174ef92e-d5d9-4ddb-af65-a3d2dbd0a939,050102-20150113105034Ch,0.0
e034acd3-465f-4418-97ec-6c15605a415a,050102-20150113105034Ch,0.0
18078bd1-a889-4bb3-bd62-cd48e6c77f30,050102-20150113105034Ch,0.0
8fa0d7a5-57a1-4fc0-a4dd-96758b7d5edb,050102-20150113105034Ch,0.0
9957a2a8-2e51-4ec1-9ace-89d1ed52600c,050102-20150113105034Ch,0.0
88bbd4a8-e0ea-45b3-8ae0-6a02b847a0ce,050102-20150113105034Ch,0.0
91df567b-d0a1-49d5-84a5-a6ce48d52696,050102-20150113105034Ch,0.0
579a6462-de32-4e62-85bc-e5afa587181c,050102-20150113105034Ch,0.0
8ce9638a-9c96-4f98-860f-55759fef8313,050102-20150113105034Ch,0.0
9b66550d-c78a-4e49-93f0-26c96b480497,050102-20150113105034Ch,0.0
0061aee4-4046-4293-847c-0ceac5a82a17,050102-20150113105034Ch,0.0
6417a08c-f392-4cd0-8a1d-dbc2646e3d15,010202-20110823120334Ch,0.0
05408e0c-a4c3-4d3a-9c2d-d2c63e8cd877,010202-20110823120334Ch,0.0
38b97898-38a3-43ee-a990-ed4d3b815576,010202-20110823120334Ch,4.568499999999858
21bb87d2-b3db-44f4-8cc0-22abeb031269,010202-20110823120334Ch,0.0
5bc7d99f-aaee-49f8-b8ff-c727d7ba2662,010203-20110823120334Ch,0.0
d22b5b93-3e87-4529-a366-c75e2a668faf,010201-20110823120334Ch,0.0
3cc46b43-e8ca-4883-976c-4a142e106277,010201-20110823120334Ch,0.0
58ab7fa6-47a4-4c52-b43c-fa15df74e917,010201-20110823120334Ch,0.0
1e98ded0-fd7f-42d6-8a68-3708fe253466,010201-20110823120334Ch,0.0
bcbd5d5d-c316-4b55-a3ed-ca3c6bbd89fc,040401-20130901073614Th,0.0
83a8109a-90d6-4d92-9bcc-18fd0be48c63,040401-20130901073614Th,0.0
7e8f7740-dcde-47fd-8aed-65cafb0b9ee6,040401-20130901073614Th,0.0
312565de-6ec7-44e5-bc56-c632ae988485,040401-20130901073614Th,0.0
771d7962-d8db-4ecc-8042-45cd461bda15,040401-20130901073614Th,0.0
765d28cc-7344-45f2-a0b6-17d0e65ef344,040401-20130901073614Th,0.0
22928a0d-8ebf-4098-9e46-ad8d424f7d8c,040401-20130901073614Th,0.0
fcae3856-f7a9-44af-823d-334c10866335,040401-20130901073614Th,0.0
3a34da1d-9bc9-48fd-913f-7a7ea49d8df9,040401-20130901073614Th,0.0
b8f35a03-1978-4003-9406-763e3f245fbb,040401-20130901073614Th,0.0
a6bc877f-48b9-4451-b0c7-e2ba1916af41,040401-20130901073614Th,0.0
d54e2517-cf51-4ab9-8e57-347907251521,040401-20130901073614Th,0.0
2501812f-ddd5-4c53-83da-e9cd34037376,040401-20130901073614Th,0.0
70d2a0ac-7644-4487-b1ae-4b2481321769,030101-20160103133734Ch,0.0
6afa7ab8-a09f-4968-aa1c-1a8996d7f119,030101-20160103133734Ch,0.0
514ec477-ee85-4b49-9236-a3abdc269f08,030101-20160103133734Ch,0.0
26a438a8-5222-44ff-9b3d-93117fc44f81,030101-20160103133734Ch,0.0
1c5f578a-5e0a-4531-93fc-bad1c31a509d,030101-20160103133734Ch,0.0
65c71d01-6b15-47a2-bff5-781af80c6d6b,030101-20160103133734Ch,0.0
a0804371-2c31-4b66-9921-2990d8b14866,030101-20160103133734Ch,0.0
0a97f99f-a57a-4fdf-98c1-c30b6fab561f,030101-20160103133734Ch,0.0
4887291d-c4ea-46f4-a3ae-7000f89287c8,030101-20160103133734Ch,0.0
d2be447a-1f60-4590-ace1-4c46db247aab,030101-20160103133734Ch,0.0
b6d25062-7053-4c19-bd53-42988b03a492,010101-20140813064254Uh,0.0
624ba9e2-5bfd-4a89-98e3-9347342d2a00,010101-20140813064254Uh,0.0
5cdc2a27-7153-4556-b60b-18ebaf16e220,010101-20140813064254Uh,0.0
f3f33c1e-879d-4b7b-8587-aa9cce7554c7,010101-20140813064254Uh,0.0
a764a965-e405-4e5b-974f-1704cf4882d3,010101-20140813064254Uh,0.0
334d1e37-ffa2-4842-b552-ca2370f8a99a,010101-20140813064254Uh,0.0
d2ad3309-9091-4937-9720-3851b3481208,010101-20140813064254Uh,0.0
1b8a5606-fa1d-4e34-b6c1-2d015341ffcc,010101-20140813064254Uh,0.0
3c56e3d5-08fa-411a-bdd8-4535478d3e29,010101-20140813064254Uh,0.0
78b1fdb5-78c4-4f8c-aeec-aa1f200bc118,010102-20140813064254Uh,0.0
d9907159-5b6b-403c-93b4-5e2269c79108,010102-20140813064254Uh,0.0
0b4e9f93-4d82-42c2-a377-f6b7a37c6956,010102-20140813064254Uh,0.0
2ac404c5-a9a6-47cb-8699-0a7b1ea472ca,010102-20140813064254Uh,0.0
0c30680d-fa6c-4dec-a49a-a28f33713cb9,010102-20140813064254Uh,0.0
d2a7636d-0950-4466-87a1-11f54329df3f,010102-20140813064254Uh,2.0692999999999984
d381996d-aef6-4bd4-b81f-46176334bec0,010102-20140813064254Uh,0.0
894e6efc-d5de-4abc-a2eb-dfb57094b5a2,010102-20140813064254Uh,0.0
903b7545-1a3c-4b0c-815f-b86bc3d23124,050103-20220328143550Bh,0.0
f8adcc75-518a-4f55-bd8d-3f716baa12f6,050101-20220328143550Bh,0.0
95d3d414-b1ef-4b14-9bf5-c838274c1fe5,050102-20220328143550Bh,0.0
fd6dd914-c3cb-4f4b-ac7b-f0f4d20399ba,060102-20220724185352Mh,0.0
8df3f211-5a5f-478f-89fc-5d069d611be4,060102-20220724185352Mh,0.0
ef65796c-34ae-46d8-ba91-d2ebad1ae24a,060102-20220724185352Mh,0.0
2b6a525d-a548-4b9b-96e0-4e376d332276,060102-20220724185352Mh,0.0
5d82df71-2236-42f8-877a-4c93f6a79a40,060102-20220724185352Mh,0.0
5ce752ba-9815-4bf6-b895-a8745bfcaed7,060102-20220724185352Mh,0.0
d988decb-e407-4796-9c52-1250e2e8b46c,060102-20220724185352Mh,0.0
a02ffbd5-1e87-4cea-9e2d-c463195fd102,060403-20130212153254Bh,0.0
60529697-7dc7-4fa7-ac7d-4b15f7e221ae,060403-20130212153254Bh,0.0
1a49fd27-3f72-4343-b75c-a1f12feedfd7,060403-20130212153254Bh,0.0
0d36c378-c338-406d-81e7-e847d4f4e1d3,060403-20130212153254Bh,0.0
24355a36-fc07-4c5b-aaeb-e7820cd30684,060403-20130212153254Bh,0.0
2d71dae0-afad-47d7-890c-905933e42cb6,060403-20130212153254Bh,0.0
8ea23846-9aa2-427c-85e3-cdf3cf3df8cb,060403-20130212153254Bh,0.0
8d1e9e98-746b-46ff-bdb0-4c596ae2dedc,060403-20130212153254Bh,0.0
6c581785-91a2-460a-92ad-bb0a3021544a,010403-20130429063154Uh,0.0
7406055f-4e62-4146-be11-cc3520ca088b,010403-20130429063154Uh,0.0
69a5186a-a2b7-4a77-83c4-5188a84df779,010403-20130429063154Uh,0.0
745adae0-c46e-46ce-adec-16366745d021,010403-20130429063154Uh,0.0
15071460-8fe9-40a3-817a-d4f7954535ea,010402-20130429063154Uh,0.0
ca90143f-dd93-45cd-857a-39dd945dbc56,010402-20130429063154Uh,0.0
d4dd3671-f095-4459-b2d8-a8a5f36fcd3b,010402-20130429063154Uh,0.0
ee79e19e-5d04-4c1b-bf41-8e9e3533b36c,010402-20130429063154Uh,0.0
715e45ef-8829-46ba-af1a-b2f9de377bc9,010402-20130429063154Uh,0.0
01ce0f1c-3d3d-465e-bec4-3099f64427c6,010402-20130429063154Uh,0.0
e8ddf8af-00c3-411c-8369-bd4ef41d762f,010402-20130429063154Uh,0.0
f8d3c979-876d-4413-ad7f-3a5c63f6531e,010402-20130429063154Uh,0.0
1940c2e2-cf4a-42cc-9389-0e5e7d4bfa0b,010202-20140918195854Bh,0.0
d652db9f-efe7-4533-85af-bb0b83ec2d0e,010202-20140918195854Bh,0.0
2a9aa5fe-7dfd-42ba-935f-cc25b33c5c82,010202-20140918195854Bh,0.0
36bf8f71-4c76-4b63-aa50-48dd7dd79305,010202-20140918195854Bh,0.0
d65d98a1-8e00-40cd-af36-8d7aeb5ab9c9,010202-20140918195854Bh,0.0
ae59b3dd-4182-4a1d-90fd-85af6a969448,010202-20140918195854Bh,0.0
8c54e2a8-ef12-4b52-961e-bb607311e18b,010202-20140918195854Bh,0.0
29527a40-8922-4dd9-969b-e3ae7a4f8c1c,010202-20140918195854Bh,0.0
7b57e4b0-495f-4115-bf6d-52a5ca50e7cf,010202-20140918195854Bh,0.0
cea10f20-22cd-44e7-b17c-a6b88cfe08fb,010202-20140918195854Bh,0.0
5668f4fd-6872-45f3-92a8-6d24ef8b1a74,010202-20140918195854Bh,0.0
3cbfc5a5-d6ea-49a5-bcc2-a483f48e4b7d,010202-20140918195854Bh,0.0
f48bd992-4f6f-4e18-a7c9-aa69843632e8,050202-20171005144050Bh,0.0
379ce00c-9552-455b-a590-c7c23e415511,040401-20171115222230Lh,0.0
0699283d-7774-433d-97eb-8cd09633999e,040401-20171115222230Lh,0.0
9c190623-3961-46c3-ae2b-14497196dc5f,040401-20171115222230Lh,0.0
1f631411-805b-44a6-99ce-3984901b58f9,040401-20171115222230Lh,0.0
a823d15e-cae9-47c3-8aba-46b1005ccf3a,040401-20171115222230Lh,0.0
f9ddac37-1b9a-4423-966a-de546ae46c70,040402-20171115222230Lh,0.0
7ed73088-f2e5-405f-91b7-8dd68df33c59,040402-20171115222230Lh,0.0
b316370e-daad-4788-8b89-5cf63891eabb,040402-20171115222230Lh,0.0
3ab9086b-529a-4191-86b3-b786390fa419,040402-20171115222230Lh,0.0
c318bec6-6232-49ff-95f7-6aa17041d130,040402-20171115222230Lh,0.0
aca73bc8-ef4d-45bf-be5e-18ae9eb62b79,040402-20171115222230Lh,0.0
e4ec2102-a25a-418f-befd-e3952045080b,040402-20171115222230Lh,0.0
5d1b2475-5a32-410b-9dd3-a697d46b9d26,040402-20171115222230Lh,0.0
bf08dbe4-be19-4c2c-9716-00061717cca4,060403-20110621063134Lh,0.0
152a79f9-4d41-4ff4-b2bc-f5a8065fa638,060403-20110621063134Lh,0.0
a23b3080-a30a-4c3c-a324-9f8904018f59,060403-20110621063134Lh,0.0
edc552ff-39e2-4609-8f62-351c969276f9,060403-20110621063134Lh,0.0
7ed215f2-1670-43dc-b9fb-dc74b3fa6d09,060403-20110621063134Lh,0.0
23f30ac9-83b7-4d27-9706-08419441e2d5,060403-20110621063134Lh,0.0
c16fa14a-f2af-473a-ae95-49dcdd8146df,060403-20110621063134Lh,0.0
575f885a-b115-4b44-8e04-01f4b82b07f9,060403-20110621063134Lh,0.0
77fbb665-16d4-4ccb-8e73-472452d96947,060403-20110621063134Lh,0.0
1bddf421-5f87-4255-80a7-ca5f61e848d2,060403-20110621063134Lh,0.0
b8a2b4b7-6a1b-461d-984e-f6c8da888efe,040102-20160129225334Lh,0.0
1d8cf6b0-69ff-4390-a0a6-d502a58ec6f2,040102-20160129225334Lh,0.0
3373aa09-ce6b-4eab-abec-bc5d9750ba97,040102-20160129225334Lh,0.0
5f41664f-58c9-4df4-956c-3454d45c54f6,040102-20160129225334Lh,0.0
ab37438a-3c3a-4ab7-adc4-14016bbfe513,040102-20160129225334Lh,0.0
78173c24-21b3-4357-be97-4dd740560f33,040102-20160129225334Lh,0.0
8a66cd09-4f5c-426b-a6c8-accbf498ed03,040102-20160129225334Lh,0.0
a15899c1-9ee5-43ea-a873-c6eae9861d97,040102-20160129225334Lh,0.0
9538b2de-e74c-41ef-bd2f-e9f1439ce166,040102-20160129225334Lh,0.0
eb547f54-4a8e-40f9-9334-0447ee9ac52e,040102-20160129225334Lh,0.0
976538c6-6e7a-40f9-a921-ef2fddc18287,040102-20160129225334Lh,0.0
06c4c4b3-abe6-47c7-a027-ad7a1d33c744,040102-20160129225334Lh,0.0
1652347c-969c-41c4-bda5-add3f6d5a6e4,040102-20160129225334Lh,0.0
79447055-c8c3-4ad9-a8b1-ef76568f8d52,040102-20160129225334Lh,0.0
721eb85b-14ad-408c-807a-1da8e99989ad,040102-20160129225334Lh,0.0
83b26397-deb3-4a70-91eb-1b2665fedfea,040102-20160129225334Lh,0.0
73052e72-f8ec-4485-af86-2c63fa57ba2b,040102-20130921060834Lh,0.0
4a925c0d-166b-4a3a-9bcb-13edbd989891,040102-20130921060834Lh,0.0
401b47b7-48a4-4d90-8787-4cb05be1c3e8,040102-20130921060834Lh,0.0
a674cc1a-1e52-498d-a07e-2febf1729485,040102-20130921060834Lh,0.0
c5c76618-d839-45be-8836-10de458bd010,040102-20130921060834Lh,0.0
2779b0b3-4100-4257-9c78-09ae2d8c00a4,040102-20130921060834Lh,0.0
3cd62585-d416-4151-948f-81622e3947ba,040102-20130921060834Lh,0.0
4a6b3ee5-bf92-4a2a-b108-b98b1238b704,040102-20130921060834Lh,0.0
c21cc7fc-b92d-4486-91ec-69c06f1393c3,040102-20130921060834Lh,0.0
a1c2b797-68ab-499c-96d1-735b381d0935,040102-20130921060834Lh,0.0
d64a410b-ef6c-4dd4-9af2-f5222d0892eb,040102-20130921060834Lh,0.0
47c06c5b-d250-40e6-9ba6-f2b74b5453f5,010101-20120215153654Bh,0.0
c83b8e02-4e3b-437e-837f-a72a388d8cdd,010101-20120215153654Bh,0.0
8a11552b-65a3-46d3-80c5-4da0e4d25bf3,010101-20120215153654Bh,0.0
a30d1530-1f58-4952-ae5b-84791631493d,010101-20120215153654Bh,0.0
21e85b69-639f-4a41-b736-2b5828ff17e8,010101-20120215153654Bh,0.0
269dd679-7c1b-4786-9883-ad954a23baf6,010101-20120215153654Bh,0.0
eb3d521e-4e99-4e65-a9e0-003c8d0e109a,010101-20120215153654Bh,0.0
2c1c0b3d-bc67-4d3d-b3e4-e905325ccdae,010101-20120215153654Bh,0.0
6f967843-fa69-465f-9e50-203f10c570ad,010101-20120215153654Bh,0.0
9f66be19-7f4e-4c66-a691-f68884f99bc9,010101-20120215153654Bh,0.0
0ca30927-708a-4059-ad16-5cf231ed6897,010101-20120215153654Bh,0.0
1cffba67-ca5e-4cc2-86ef-0c9d06686194,010101-20120215153654Bh,0.0
6b1ee364-4481-4d57-816d-d6bb171575ad,010101-20120215153654Bh,0.0
8a78b52c-8a37-4f23-9810-e1efc41e7e05,010101-20120215153654Bh,0.0
e8888bfd-f464-4e10-b510-ccd22acf3316,010101-20120215153654Bh,0.0
f626a0c0-2f3b-4115-aa1d-5023dfbc8906,010101-20120215153654Bh,0.0
e6ded023-7775-48c3-a23f-3145400556a2,010101-20120215153654Bh,0.0
9d104682-f79b-402b-8368-5a1b65829c8b,010101-20120215153654Bh,0.0
c12d9624-fe02-4f3e-b375-633521b54d8d,010102-20120215153654Bh,0.0
0605127d-0e41-4e3c-83d9-0968a866cafe,010102-20120215153654Bh,0.0
72527983-9464-4042-abf7-897f0819a578,010102-20120215153654Bh,0.0
880f1ef9-2bda-47ab-874f-cd35bfcddbb5,010102-20120215153654Bh,0.0
5c4b10c0-2a80-455c-abe6-f9d55107a49d,010102-20120215153654Bh,0.0
123986b1-a9a9-4bb4-a957-d1d617e12321,010102-20120215153654Bh,0.0
733a0fdb-97e5-4d3a-9c15-90e5a08c2669,010102-20120215153654Bh,0.0
831a5172-192e-44a8-b2f5-48b8386c20b6,010102-20120215153654Bh,0.0
506088c7-16b1-4f8d-97b5-19b79b8f13b7,010102-20120215153654Bh,0.0
8bc84a80-57a1-4768-b2a4-5c7855f3beda,010102-20120215153654Bh,0.0
f8a84bb1-34a3-4e77-82d5-b32630dc4ed5,010403-20150221155154Bh,0.0
97d22cb9-2dde-46c4-afba-d8f6a7e0219d,010403-20150221155154Bh,0.0
02c4507e-6d89-4315-a394-0987055b4931,010403-20150221155154Bh,0.0
7b5c3273-4b1a-47f4-aabb-9dc0b6117df9,010403-20150221155154Bh,0.0
ce605d73-b519-4c8d-a895-3d4c716f98e4,010403-20150221155154Bh,0.0
75027d83-4c96-4a2e-be0d-2d2bd40d356f,010403-20150221155154Bh,0.0
d712f275-73df-4a20-80f6-dee4814800d8,010403-20150221155154Bh,0.0
2085afa7-ebbc-4d42-a831-77901e6e7b30,010401-20150221155154Bh,0.0
0c091cc0-2619-43a2-bf69-f92c642924c5,010401-20150221155154Bh,0.0
fcbcbcdc-27f4-4049-af32-4ba390bcb0a8,010401-20150221155154Bh,0.0
deae6c40-b752-49d6-a8ab-6923f945ace4,010401-20150221155154Bh,0.0
ba7affd0-03d3-4a5f-9e4a-6ae021ac72ae,010401-20150221155154Bh,0.0
ed760089-f4c2-4b8b-980d-79213c1806c8,010402-20150221155154Bh,0.0
89f7a039-ef83-4759-b1df-085cc751f8bc,010402-20150221155154Bh,0.0
1de76bde-8e03-4457-9d7c-d8bf655c52de,010402-20150221155154Bh,0.0
26f76cff-469f-4004-a449-b05e47ba54cc,010402-20150221155154Bh,0.0
4fdb8f1d-932f-4f25-8a61-c4a7a091cf8c,010402-20150221155154Bh,0.0
45237a6d-afba-41c8-824d-5679872f8bf9,010402-20150221155154Bh,0.0
d50c3320-9258-4398-ae54-b16fc7b1c8f2,010402-20150221155154Bh,0.0
991dcbba-2252-4a1f-b2cb-d15716ec34a9,010402-20150221155154Bh,0.0
752b94cd-51f0-41c2-b028-c0d223dcd607,010402-20150221155154Bh,0.0
34398fd9-19a1-4bac-a2f6-300e38afccbe,010402-20150221155154Bh,0.0
7cc8474b-a0c8-4ba1-a2b4-2617edbc0ae9,010402-20150221155154Bh,0.0
822ac76c-425f-46ff-b369-073ca1e42314,010402-20150221155154Bh,0.0
a0c099a5-ed86-4185-b324-5ea3fadf3226,060102-20161023133814Th,0.0
ae7ada58-fddb-46bd-b8be-258a421f6307,060102-20161023133814Th,0.0
18961a8b-5c4b-4b6b-8cf2-1c1b3bb46c45,060102-20161023133814Th,0.0
f0e1b81b-8421-47c0-96c0-6ba2331e209d,030101-20160408232234Lh,0.0
9ec50e51-485f-4be1-9c50-6fc8b38a5056,030101-20160408232234Lh,0.0
76cb0351-2024-4f9c-8f1e-be86819ab46d,030101-20160408232234Lh,0.0
cb01202c-62e5-4154-b99e-53358031f8ca,030101-20160408232234Lh,11.716599999999971
202d1faa-3ac0-4abf-834d-39db82ce1370,030101-20160408232234Lh,0.0
b375e835-8432-4356-977a-3b257a24027f,030101-20160408232234Lh,0.0
10bf2411-f1a7-4069-ad0a-d5d63e93516a,030101-20160408232234Lh,0.0
96d08024-129a-4381-9dd6-8d2cbc51f1f7,030101-20160408232234Lh,0.0
b4715bf9-4413-45e1-b3aa-ddcd1f8b58ed,030101-20160408232234Lh,0.0
11eae717-f192-4e83-b096-03b65fab158e,040102-20160604163414Mh,0.0
7607bc04-4ba6-4d82-86bb-afde21c17db6,040102-20160604163414Mh,0.0
cc54bd42-a60f-4c4a-a84e-ef47f3d0caa2,040102-20160604163414Mh,0.0
b5e3fe6e-b9cb-407b-a9f5-d04c098ce537,040102-20160604163414Mh,0.0
00787f72-9767-4c1f-9352-54277ccf3bc9,040102-20160604163414Mh,0.0
1e80b25f-2a2b-4fea-847b-cee18c3983e7,040102-20160604163414Mh,0.0
ee2019ee-e7b8-42e4-93d8-e8ad1a323524,040102-20160604163414Mh,0.0
e83423fc-66e7-45a9-9492-4c85b145befd,040102-20160604163414Mh,0.0
3ef855b5-a85a-4a0b-8aed-7148411db59c,010302-20130809072814Th,0.0
9c15fec1-d5ed-4306-a0f4-4be34ae9f812,010302-20130809072814Th,0.0
1b2d037c-19f5-48b9-9dd7-9adf47b7d2b7,010302-20130809072814Th,0.0
a126fd00-7429-4e50-9f73-2f3b92fc8fa6,010302-20130809072814Th,0.0
20a77f13-57fa-4467-aace-ef2fc2b3568d,010302-20130809072814Th,0.0
4451b2a1-8282-433b-bbfd-e43e1e59d2ac,010302-20130809072814Th,0.0
44f904e5-f988-42eb-9d6f-7ae802f3ce67,010302-20130809072814Th,0.0
6eb5a34a-2015-4c22-be4f-f81363e235ef,010302-20130809072814Th,0.0
dea77967-a4d6-40e7-a5b0-27396f2dbe6a,020403-20121114172254Bh,0.0
4db28f83-6a86-4409-9e2f-6a2436ab6307,020403-20121114172254Bh,0.0
f2d353af-0b01-455a-9714-34ffb5f88acf,020403-20121114172254Bh,0.0
18ced38b-a553-4151-a268-68561aace724,020403-20121114172254Bh,0.0
cb8b0a73-ce93-4242-8847-4c94fc92ff4c,020403-20121114172254Bh,0.0
f59f6ce6-8b16-4c54-9f57-65b5ca554f3a,020403-20121114172254Bh,0.0
45ee6f5d-e9fd-4560-b0ef-2ae6f1b896bd,020403-20121114172254Bh,0.0
ede2905d-03c5-41c0-a48f-ab7586caaca2,020403-20121114172254Bh,0.0
7b0b8371-a7a5-444e-a6f0-284c3b1f37b3,020403-20121114172254Bh,0.0
6f977917-c4ba-4169-995b-28f142e7aa75,020403-20121114172254Bh,0.0
4a0d9513-1f76-4660-9e20-57f3ba4258df,020401-20121114172254Bh,0.0
2d497556-f9d3-43c4-b78f-beaf6fe2377f,020401-20121114172254Bh,0.0
3ab1eab1-ecbe-4866-bc8e-9f731cc8c323,020401-20121114172254Bh,0.0
c53c430a-4c6b-4941-974b-1dec271835d2,020401-20121114172254Bh,0.0
0ce06bf4-b9a9-4f8a-988e-ffe59f96b22c,020401-20121114172254Bh,0.0
d0311351-b3e1-4356-97f7-6f4e27ec495c,020401-20121114172254Bh,0.0
7f18a7af-edd1-43de-9307-d09e580e48cf,020401-20121114172254Bh,0.0
2c69f31e-7d6f-4c3e-836b-978f345643ef,020401-20121114172254Bh,0.0
a4eac4f2-0da3-443b-a697-11c2abaa8ffd,020401-20121114172254Bh,0.0
15a97f59-6451-4af4-9f6f-47de6cccce14,020401-20121114172254Bh,0.0
311765a4-7c6b-4d92-ad4d-837c6fafc7bf,030101-20190925165810Mh,0.0
1bf8dc35-804e-427d-a041-2f8d97a5bc9f,030101-20190925165810Mh,0.0
a6923b6e-f492-4ba5-888c-5c7c161d1cbd,030101-20190925165810Mh,0.0
ef9051cb-6280-4d36-bab7-b527c67560e4,040102-20110511063154Uh,0.0
fd62c222-70e4-4ee5-86fa-03c2df742a95,040102-20110511063154Uh,0.0
0a669a5f-2dc1-4cef-8a66-3644c9a8c5c5,040102-20110511063154Uh,0.0
d3af9641-5280-4006-8086-e3bf94382cac,040102-20110511063154Uh,0.0
83bcb761-8464-402d-b85a-3fa47b9418b7,040102-20110511063154Uh,0.0
7418ed33-6010-4d99-ae5f-c01a34be8f73,040102-20110511063154Uh,0.0
f18a5bb7-fa59-4b8f-9072-a0fede53b80c,060403-20160804133734Ch,0.0
40a0adda-fcc3-48c4-aa52-b9df47ab21d1,060403-20160804133734Ch,0.0
12ec2db4-4b31-4a17-83cb-a4efd167335d,060403-20160804133734Ch,0.0
b4476b89-6f87-4d0a-a230-5639c1889448,060403-20160804133734Ch,0.0
b7d223b7-37e8-4b7e-9f6e-38ef13144def,060403-20160804133734Ch,0.0
e525ad3e-498a-42d2-9c16-bded1058a317,040301-20120217063154Uh,0.0
9798ead3-bf15-459c-9c65-7ad3a5b00cc3,040301-20120217063154Uh,0.0
7aeaec65-ca3b-457c-a4f7-083b8dfce824,040301-20120217063154Uh,0.0
e43d030d-26ed-4f57-9e91-e04a78f75bf4,040301-20120217063154Uh,0.0
e345f0a1-e17a-4902-98c2-9fa094f490e0,040301-20120217063154Uh,0.0
50919de7-af85-4d3c-9fba-0004b4bec6c3,040301-20120217063154Uh,0.0
3ccea4ba-b395-4446-81ac-e60b5f711341,060102-20110326170914Mh,0.0
08990a9f-cbd2-4369-93ff-cd3afd8b4ce0,060102-20110326170914Mh,0.0
0ff06ad1-fd41-44bd-8f0b-6c7eb542145e,060102-20110326170914Mh,0.0
c1d15a20-4f65-4f87-9244-2d62df36bb2c,060102-20110326170914Mh,0.0
63db8e35-3dc8-48b6-84f0-6fa95eae6743,040301-20140701195814Mh,0.0
aba1720f-83c0-4bde-ada5-d7517d943d40,040301-20140701195814Mh,0.0
7d32c05d-5883-441c-9da4-79026c3414a1,010401-20141106195854Bh,0.0
23189a66-0fdd-46f8-84bc-66d143d49353,010401-20141106195854Bh,0.0
f8ac2898-3436-4605-92df-2a1bc6d2a23f,010401-20141106195854Bh,26.12239999999997
09d195e9-8c06-439d-ad70-ff4579c534a0,010401-20141106195854Bh,0.0
4cf42201-2b9d-40f3-89bc-052380da07f5,010401-20141106195854Bh,0.0
b4e49ff2-e478-4e9b-9851-4fbce3b256b8,010401-20141106195854Bh,0.0
5541ca39-72da-4559-bdb3-6e85a680f93d,010401-20141106195854Bh,0.0
6a02d77b-1488-4734-a0ee-6aeb6d2bece2,010402-20141106195854Bh,0.0
4ff8584e-50b3-4dd3-b1c3-6fbecffaa51a,010402-20141106195854Bh,0.0
8c7f50a1-17b8-4acd-b158-36f7b5e514bd,010402-20141106195854Bh,0.0
80ae1675-146e-478c-8da8-ee0bed15f94c,010402-20141106195854Bh,0.0
fda379e7-0943-4f5f-9c8e-c9aa3703e334,010402-20141106195854Bh,0.0
cfb88e01-83e9-4819-a2dd-0ebd9a92762c,010402-20141106195854Bh,0.0
f73d7d8c-1586-4d00-b110-05c970c0e1ad,010402-20141106195854Bh,0.0
980d9f9c-5480-4c04-ac2a-9e6fc73155c2,010402-20141106195854Bh,0.0
714cbe13-bb17-46d8-a470-f337872c9e38,010402-20141106195854Bh,0.0
451d5b48-56e8-4589-9634-bfbbfd7b8d95,010402-20141106195854Bh,0.0
5b256c2e-d95f-4378-9cf3-6891836063cb,010402-20141106195854Bh,0.0
83dbd780-359a-48d1-9603-d04f384d4e3c,010402-20141106195854Bh,0.0
387c1a70-539d-4b08-b280-4abdc40e5985,010402-20141106195854Bh,0.0
4cfe67a4-8044-4316-8641-3c1c72beab9a,010403-20141106195854Bh,0.0
4a3b7f92-b804-4358-ba2c-0c5457246160,010403-20141106195854Bh,0.0
d4320f58-effe-4b2b-b596-1b82e0fa2685,010403-20141106195854Bh,0.0
b65c717c-3d38-4b88-9935-48e460fab036,010403-20141106195854Bh,0.0
a2ec6f6f-f5fe-419b-a64c-4bd81e1646b9,010403-20141106195854Bh,0.0
37f53f52-50c3-4761-9df5-3813eb3cf656,010403-20141106195854Bh,0.0
a5428d71-1286-44f4-b942-9bd2b8d75c53,010403-20141106195854Bh,0.0
0be4f6b4-d618-47bb-a0ac-2e25ac25f3ea,030401-20111214132434Ch,0.0
56e975fc-b67a-4607-8011-59f1c82ae529,030401-20111214132434Ch,0.0
3df3e34b-e7b5-4ef1-b634-23f4e0525e8d,030403-20111214132434Ch,0.0
9f17d4b8-5995-4f5f-80b9-61a8d919c306,030403-20111214132434Ch,0.0
64480df9-5563-44f1-a260-f60e1819a9de,050302-20120113104834Ch,0.0
a7c900c1-a160-45e6-a95f-342621776fc3,050302-20120113104834Ch,0.0
54c78707-40f2-4121-9eca-032243143e50,050302-20120113104834Ch,0.0
622465fa-a540-4a2a-81cb-afc8669e4cd8,050302-20120113104834Ch,0.0
1475647a-0191-4f94-bb9f-80bbae33b9aa,050302-20120113104834Ch,0.0
4e7e9bc4-0413-43fc-9c18-7cc94f4d0f10,050302-20120113104834Ch,0.0
3fd0e8cf-7d68-434b-a997-a2f5fe19ba52,050302-20120113104834Ch,0.0
9263c5c5-b06d-40ba-8cfe-d90deab01c96,050302-20120113104834Ch,0.0
b81e7e29-a9c5-46d2-84c3-0b67a4383025,050302-20120113104834Ch,0.0
99b06176-5f15-470b-a583-750eb9dba2c8,050302-20120113104834Ch,0.0
d1b7a817-c0b2-4d8a-b8e5-a059d8a381e4,050303-20120113104834Ch,0.0
d55952cf-3060-4c6b-8eac-49c44183674a,050303-20120113104834Ch,0.0
dbbe2d6a-8e2c-49ff-abc5-b4fa91b5f34e,050303-20120113104834Ch,0.0
02586725-8e4e-493a-a5e1-e0b51eeb6ec7,050303-20120113104834Ch,0.0
463b8c8f-5860-4f33-815e-d8173cdc1ad3,050303-20120113104834Ch,0.0
45ee5197-dcd2-44c7-9e2b-1168d23ff01c,050303-20120113104834Ch,0.0
5fb4a86e-168a-4193-b553-bb5ddb9d960d,050303-20120113104834Ch,0.0
f5389ffb-b0a4-4f12-9a3f-0cc673456a41,050303-20120113104834Ch,0.0
7b83ab06-2907-45da-a9ae-2f8628be14f3,050303-20120113104834Ch,0.0
aa7149cc-57d2-4b75-8d58-4413cc10c8c6,050303-20120113104834Ch,0.0
e87468fc-492b-47b3-83c4-0dba0e666257,050303-20120113104834Ch,0.0
0fcf5414-c2a6-4241-a47d-1d32afa1ec48,050303-20120113104834Ch,0.0
62f2e4c7-9901-489e-a88d-949af624e78a,050303-20120113104834Ch,0.0
5206d382-a962-42f5-adac-b2c59f903d53,030101-20141013195854Bh,0.0
5c93301e-d754-40ba-a084-b7187e17d6bd,030101-20141013195854Bh,0.0
7cd9088a-d0d8-4f2f-925a-38f0dc216552,030101-20141013195854Bh,0.0
d8d1adae-fa0b-4d5d-a2fd-fc5a1f7d3b07,030101-20141013195854Bh,0.0
2609befe-cad3-4431-8b02-1b3c05657fe4,030101-20141013195854Bh,0.0
a594e444-f5a4-40da-b6d2-a68b3f66af44,030101-20141013195854Bh,0.0
119203ac-7232-4616-8aaf-e586ebc7f774,030101-20141013195854Bh,0.0
494be132-bf43-47b5-8ec1-6f72a421283a,030101-20141013195854Bh,0.0
f880ab08-ce7c-4e87-890b-2f336d9c58b6,030101-20141013195854Bh,0.0
2e2a357e-48bf-4380-b279-abc8e6d1af3a,030101-20141013195854Bh,0.0
7c08d4fe-b5f3-4d03-9f3b-ec4491691b39,030101-20141013195854Bh,0.0
3f259ff0-8626-4054-8061-e9278f10db84,030101-20141013195854Bh,0.0
779cc92e-e414-44e3-9704-51837d8a90fc,010401-20120131063154Uh,0.0
7525ef33-07fb-412a-b920-0cce62c3e55d,010401-20120131063154Uh,0.0
07944968-09a1-4f4e-9c98-1dfd7a14db16,010402-20120131063154Uh,0.0
07e89c47-f839-4f7f-9e17-3a17331bcf43,010402-20120131063154Uh,0.0
ac127b05-de0f-4056-a08e-f59c49f087a3,010403-20120131063154Uh,0.0
ee7c61e0-c1e4-4ba5-aee6-1ef67ac6fe88,010403-20120131063154Uh,0.0
d3c14d12-5707-4372-893e-a9bac7aebfe7,010403-20120131063154Uh,0.0
8a0c29e0-8194-41a5-886d-6ddb3dfc6940,040401-20150314081954Uh,0.0
0072f31e-3767-45fb-98f6-b9b88691ecef,040401-20150314081954Uh,0.0
a578fd76-50db-4345-b912-9661712cf19f,040401-20150314081954Uh,0.0
80aa70b8-4fd7-44cc-853c-3fe972966f1d,040401-20150314081954Uh,0.0
b5ef60c0-05be-45d3-84d6-7902db232d0c,040401-20150314081954Uh,0.0
3b8422c0-0fa3-48fc-9664-e36d4ba5cd06,040401-20150314081954Uh,0.0
7f73b2c6-8c84-411a-b200-f5c108603547,040401-20150314081954Uh,0.0
9e4a68dc-f42d-4ca1-a279-f98edd891958,040401-20150314081954Uh,0.0
17db1530-ed2d-4bf5-bbe0-59a8bf43156c,040401-20150314081954Uh,0.0
89efb36c-ee0a-420d-ace4-acc806c2ee52,040401-20150314081954Uh,0.0
a1d75c4a-c7c4-470e-897c-17a5f248091e,040401-20150314081954Uh,0.0
37c250c0-240f-4944-bc4f-ed3859397f0d,010401-20120723095014Th,0.0
46386fad-5cdd-4c65-91a3-8c5bff35a3c7,010401-20120723095014Th,0.0
a4d82c5c-61c2-41bf-a6f9-e8ab4577d39a,010401-20120723095014Th,0.0
e22fb6aa-b166-4d8f-9d13-678c867043be,010402-20120723095014Th,0.0
a3a4ce87-e836-431b-8a6e-eb4b3df0e56d,010402-20120723095014Th,0.0
ce20ac92-a4af-4218-befe-844ce46beb02,010402-20120723095014Th,0.0
7d950e75-e2ca-43e7-aee1-a3065c857993,010402-20120723095014Th,0.0
8e669661-934a-4017-80ef-d7b88b502654,010402-20120723095014Th,0.0
273e4e7a-c542-4b35-afdc-726a1143cc8e,010402-20120723095014Th,0.0
42ecf448-662a-4e63-a455-da85e695161b,010403-20120723095014Th,0.0
d23887c5-6be4-4f58-ba71-6d3c09838898,010403-20120723095014Th,0.0
6e72b6c1-2260-4b1a-b8c5-413b78586a8a,010403-20120723095014Th,0.0
5bc5dd44-e9ab-42a0-87df-ed1fe9029831,060102-20130423072414Th,0.0
044bca7a-788e-4e6b-b257-3cfa5dd71873,060102-20130423072414Th,0.0
c1b26949-a9e0-4b08-9e43-c1c930503eb8,060102-20130423072414Th,0.0
2a75626d-9ff9-4417-b30d-190fa880fea1,010403-20120404063154Uh,0.0
6f3c057a-2ec8-40e2-888d-2d40548dea5c,010403-20120404063154Uh,0.0
86fc21d5-3d14-43bf-bb87-4fa3f3dcaae9,010403-20120404063154Uh,0.0
078a2e4c-13ae-40a7-9bc2-20f4c3040104,010402-20120404063154Uh,0.0
2ffbf36d-fd87-41ff-964c-1e94efd4366e,010402-20120404063154Uh,0.0
11a87445-8905-44ee-8e78-9f19c5e9ccf6,010402-20120404063154Uh,0.0
38f55e3a-e0fa-41da-8181-90e73a140686,010402-20120404063154Uh,0.0
a95166cf-4cb6-4f3c-a2cc-d19d69a01c55,010402-20120404063154Uh,0.0
ee71bd8d-6b0f-453a-a96d-856eccfb724a,010402-20120404063154Uh,0.0
3e49679d-2e11-422b-bd00-35832e53d102,010402-20120404063154Uh,0.0
fbb9ab98-9220-473a-b7dc-d8ad9771492c,010401-20120404063154Uh,0.0
ad8491dc-2802-4308-a7c0-5ba1c126ae12,010401-20120404063154Uh,0.0
9f5a850c-b407-4e98-8dd2-8ddb1d2e1099,010401-20120404063154Uh,0.0
c104ca61-24eb-4af8-9fc6-a9f6be2cde1d,010401-20120404063154Uh,0.0
3674dbfc-e5f5-46d6-a15b-7c724698eb9b,010401-20120404063154Uh,0.0
3e55431b-498b-4525-87db-1b457df37660,020101-20110526122534Ch,0.0
515de74b-541e-40d1-8bac-3f9c11837233,020101-20110526122534Ch,0.0
ac4e98ea-ed69-4fcd-9604-6eaae64d1bb0,020101-20110526122534Ch,0.0
a228c6df-ac5c-4fe9-bb71-a8182d8dcb5b,020101-20110526122534Ch,0.0
c2d4fbbf-2258-4e8c-8442-0147e487c5b1,020101-20110526122534Ch,0.0
eac7cbcf-05b4-4d20-a104-f02bbed94482,020101-20110526122534Ch,0.0
f09e06e3-4b8d-4e4b-bfff-e0f168185c3d,020101-20110526122534Ch,0.0
3d66f265-da0b-46cb-8da9-e57376588081,020101-20110526122534Ch,0.0
f6e1cb1d-c914-4d46-ae02-e253050ea517,020101-20110526122534Ch,0.0
494fc8d5-4bd5-426c-9dcf-8fc99ccc0675,020101-20110526122534Ch,0.0
6205d402-4154-4fc7-a5ae-ad9bc52e8477,020101-20110526122534Ch,0.0
77ae5d76-d89f-4595-8c9f-b2dc49144513,020101-20110526122534Ch,0.0
f6bd2abf-c244-4bab-bf03-c6858b513f66,020101-20110526122534Ch,0.0
d1684663-9f43-45ff-b5b4-53b6223e500d,020101-20110526122534Ch,0.0
22687459-1f51-4af5-a808-39a82c7f8739,020101-20110526122534Ch,0.0
5b69a97a-cbaf-463c-888b-463feac42773,010102-20111029063154Uh,0.0
ef053724-c1a1-4ff2-82d6-07af30d18edd,010102-20111029063154Uh,0.0
8705963f-ec20-45d2-a8e6-54c584ae4d75,010102-20111029063154Uh,0.0
3b98213b-2e0e-4f0a-ba1f-373566d6d398,010102-20111029063154Uh,0.0
234fc33c-3c2b-49e5-bc11-90003fc1d3b2,010102-20111029063154Uh,0.0
4a75c1b4-4608-4102-b2f3-81d828f6dadd,010102-20111029063154Uh,0.0
355c57df-ed05-4128-98ba-413adc6a7b1e,010102-20111029063154Uh,0.0
d53ef168-efcb-45c5-a901-6b40c67e4c27,010102-20111029063154Uh,0.0
715e4adb-5e27-4f2f-ad61-237a87b3e285,010102-20111029063154Uh,0.0
8b26a1cd-fb1f-4eb6-8688-b8c1557ecdf3,010102-20111029063154Uh,0.0
bfac9a86-fff0-4eef-908f-a8c6bec1ed66,010101-20111029063154Uh,0.0
917897f2-8f18-48fb-a126-c74d4305569e,010101-20111029063154Uh,0.0
d85835f5-1bcd-4635-a17b-a2a08cd9ed7d,010101-20111029063154Uh,0.0
11e588f1-ad14-4fbc-9dd3-1eaffd4016f8,010101-20111029063154Uh,0.0
849fdd8e-7bc7-4a5f-a019-0df29a03a34e,010101-20111029063154Uh,0.0
606d6d3c-cbea-4761-83b2-8df3372161c9,010101-20111029063154Uh,0.0
d4b62149-aee3-4542-92a2-fbcb7ed7c40e,010101-20111029063154Uh,0.0
440e51df-9ab5-4fa4-a8e9-65b56f973d22,010101-20111029063154Uh,0.0
8d6d205d-0aa4-40be-bc27-4bdc57a863ae,010402-20160229151254Bh,0.0
acb2fce8-9fb4-4f04-a529-53786f6ff9e1,010402-20160229151254Bh,0.0
e9b6b788-f2cb-491a-b296-bbd3ccd96d0a,010402-20160229151254Bh,0.0
da3c12e0-ee5b-41be-baaf-736cb5d11f51,010402-20160229151254Bh,0.0
d4f391ba-0692-4de8-82a6-3b7f9d4c18a0,010402-20160229151254Bh,0.0
80b63f4f-a76c-44f4-bded-298c828a3c3d,010402-20160229151254Bh,0.0
f7c6746f-6cca-43ad-b5f2-92d9c4abc858,010402-20160229151254Bh,0.0
0ac837ad-7676-4bd2-8126-653c198e4821,010402-20160229151254Bh,0.0
3b8e456c-37cc-4987-b3c6-096a4629d905,010403-20160229151254Bh,0.0
3915b401-a1ad-4e18-8215-23dc18e52f34,010403-20160229151254Bh,0.0
952f8610-f736-4251-afc8-dea5e7769fea,010403-20160229151254Bh,0.0
e6e2dc63-ee22-4fca-9fca-ffc1b365dc41,010403-20160229151254Bh,0.0
24937e01-b2fe-40ce-9d9c-7bc6e523633b,010403-20160229151254Bh,0.0
4bdc0c53-e44a-4743-a7e8-53fa7b582a40,010403-20160229151254Bh,0.0
947b8ad4-e6d4-425a-8008-43d82ca8be55,010401-20160229151254Bh,0.0
7b538835-7eb1-44b2-9068-6b2339de7d3c,010401-20160229151254Bh,0.0
2d34e380-1a7e-400f-9bf1-4a442acf850e,010401-20160229151254Bh,0.0
5639053e-b9cf-4a8a-b814-962ad7f99a40,010401-20160229151254Bh,0.0
95e6f5af-246b-4645-aad7-c53e88a79511,010401-20160229151254Bh,0.0
79620524-833e-4650-a13f-d60bd83e9d6f,010401-20160229151254Bh,0.0
75258eed-8724-44b3-bf8c-e06bc08a31fe,010401-20140413195914Mh,2.381399999999985
a6d40d33-c322-4ad8-ba84-cc9360df1bcd,010401-20140413195914Mh,0.0
76be0511-3db5-4487-8aa8-dcdc4f190320,010401-20140413195914Mh,0.0
65680b49-2a09-4568-a19f-81cad2abd9a4,010401-20140413195914Mh,0.0
77e5ed4c-3b98-4a08-8345-bd8de2822e54,010401-20140413195914Mh,0.0
cc7a4895-4440-4e35-a473-8496f6e288bc,010401-20140413195914Mh,0.0
2e670d40-10cd-48f9-aa83-de05922af8f8,010401-20140413195914Mh,0.0
e77534b7-1651-4a23-ad29-382422edb083,010401-20140413195914Mh,0.0
622c5886-6ea8-4ac6-ac38-1c152db77938,010401-20140413195914Mh,0.0
a6201472-8428-4cd3-8736-149ca1e3db5b,010401-20140413195914Mh,0.0
6fedac5b-8e47-4761-8972-e673d9204059,010401-20140413195914Mh,0.0
4995be89-405b-4299-bf63-ffb51727e279,010403-20140413195914Mh,0.0
969a81cf-0cf0-4862-a14c-eef560325404,010403-20140413195914Mh,0.0
626a892b-cc0f-453d-b87e-cba715b9b283,010403-20140413195914Mh,0.0
25ab21b0-bec2-4d82-869a-9caa3e3948fb,010403-20140413195914Mh,0.0
dd2fb2be-8e44-4919-95da-7203cc9ad024,010403-20140413195914Mh,0.0
af886878-ba5d-47e1-80ef-1b89c3bd1ee7,010403-20140413195914Mh,0.0
2382680c-a3ed-4c40-8ceb-bdb9fd3bd7d5,010403-20140413195914Mh,0.0
3364735f-4d86-4034-9727-c1edac6dd0a7,010403-20140413195914Mh,0.0
130ab729-6cdf-4238-a619-65a7a36a01cc,010403-20140413195914Mh,0.0
7a1007d4-431e-4f0b-9e0d-8cfb740bcb65,010403-20140413195914Mh,0.0
e0273e29-1069-454a-ad4d-69472a81adab,020403-20150610082014Th,0.0
f0b7f7ea-13e3-4d35-bbc9-5879baedbdb4,020403-20150610082014Th,0.0
5aa84a06-8915-4f19-9f55-7f74a620a7ba,020403-20150610082014Th,0.0
3f67ad93-48b3-418d-90f9-03a4e23b593e,020403-20150610082014Th,0.0
aada5565-e059-4c04-8236-3ee7ffa8fed5,020403-20150610082014Th,0.0
6ed09547-0618-42f8-8845-148e6ca6c1b7,020403-20150610082014Th,0.0
7dc80773-fadb-4c85-9bf7-b4115c3400ec,020403-20150610082014Th,0.0
5b416caf-e435-481e-b73f-db87598d57ce,020403-20150610082014Th,0.0
5cbd88e1-3b7f-4efb-998b-2ee02cc1b616,020403-20150610082014Th,0.0
2a18471b-fbde-4416-8d3f-5c5cdbd5ae75,020403-20150610082014Th,0.0
63bf9960-3d3c-498f-ba40-e366a4080c63,020403-20150610082014Th,0.0
36ca960a-71fb-4c97-8436-df362dd7f634,020403-20150610082014Th,0.0
da00b8aa-3920-4486-81d5-1de5f53de7dc,020401-20150610082014Th,0.0
76c47451-6c89-4c81-8f8d-bf1519b18a80,020401-20150610082014Th,0.0
a303d791-e4c4-4de3-8137-70219acb649e,020401-20150610082014Th,0.0
82aceae0-e061-4d11-89eb-8c0ed7859e20,020401-20150610082014Th,0.0
9fae93e0-7cfb-4241-9410-7a923e995725,020401-20150610082014Th,0.0
656651ca-116a-40eb-86cc-a7aac2a5a8a8,020401-20150610082014Th,0.0
16b3b32c-5065-423d-9322-b06fc2e13d6c,020401-20150610082014Th,0.8777999999999793
450aa3e9-46b9-4354-ba42-93c42b7fd5bf,020401-20150610082014Th,0.0
8434c201-f1d8-4789-8fcf-e4d2284a2399,020401-20150610082014Th,0.0
a39eb6d5-96d2-45dd-b4b1-457bac072403,020401-20150610082014Th,0.0
345be479-d00a-41f1-a0c3-eea9e52825bb,020401-20150610082014Th,0.0
aa6698d6-3b74-4c7c-b2d5-181bf3165bf5,020401-20150610082014Th,0.0
b554d9b4-a3c0-48dd-a25d-87713a5d30a8,020101-20150820152254Bh,0.0
17c6be65-c20e-4336-bf5c-626ca175de2b,020101-20150820152254Bh,0.0
a63f9531-35ad-4ddb-aafb-8b224574f0ac,020101-20150820152254Bh,0.0
1b44892b-02a8-47c7-83a5-8a0f06ce1563,020101-20150820152254Bh,0.0
6048941c-71c8-499a-a543-ac05ad1d5621,020101-20150820152254Bh,0.0
5f21c2da-9150-4668-94c5-595f97af5a9f,020101-20150820152254Bh,0.0
33aa0c40-7fb0-43a1-9627-daba59bf2cbd,020101-20150820152254Bh,0.0
585ee60b-7387-4393-b452-9d5d4c1d6071,020101-20150820152254Bh,0.0
188709df-0ca5-44f2-bb13-74c7b66d4c1b,020101-20150820152254Bh,0.0
77422519-a033-4120-98d9-a2015c745445,020101-20150820152254Bh,0.0
33701879-d6d0-4068-bbcd-e74a1a86f583,040401-20170805133710Th,0.0
6b7e0571-4a45-410f-a685-067e3a319147,040401-20170805133710Th,0.0
863a9bf8-e82d-4291-b644-bfd9cf1d5673,030302-20190629163710Mh,0.0
4be24c8e-929d-4372-87c0-656937163b74,030302-20190629163710Mh,0.0
cff224a1-7a53-4daa-b4d3-6276528335c5,040401-20120627162114Mh,0.0
b93f94a3-ae29-4e07-8887-e4347dccc20f,040401-20120627162114Mh,0.0
1c646a9e-d8d9-4e25-8e10-5f38d48d6c56,040401-20120627162114Mh,0.0
ee3a8065-fee1-486b-83a6-3dc13b4440be,040401-20120627162114Mh,0.0
abe5d904-8e5e-4787-af2a-c214f19722ff,040401-20120627162114Mh,0.0
d32628af-9a76-4acc-adc9-a18c0dd92fc6,030101-20140816072814Th,0.0
43e35543-0dad-4c9f-aed4-66aab1251de8,030101-20140816072814Th,0.0
8929e150-a1ce-4a8f-8bfa-a09cbf06b4ab,030101-20140816072814Th,0.0
5bfa970d-4796-403f-af06-64337fd7c826,030101-20140816072814Th,0.0
d5082e01-5883-414f-a2ff-75bb04641414,030101-20140816072814Th,0.0
761882a7-fc17-488f-98f2-f77ca2cbdba4,030101-20140816072814Th,0.0
ba06ffd5-755c-4a1c-92f0-5e15c2059b64,030101-20140816072814Th,0.0
22db588c-4f17-4651-aee9-7c9ad3bb0c46,030101-20140816072814Th,0.0
4336c266-ecf4-4d5e-822a-3e8a60e4f598,030101-20140816072814Th,0.0
6a81fb2b-a06b-4feb-bb8e-e39cc379bf0e,030101-20140816072814Th,0.0
06e4a42f-5c7b-4a01-8cb0-e369ddafc977,030101-20140816072814Th,0.0
37776293-75cf-4912-b363-acd896db4499,040201-20190704123830Ch,0.0
7282fa75-b582-40ff-ab05-d8f1fbb13f45,040201-20190704123830Ch,0.0
c868690a-4f1f-4a43-8bc0-20576d1a2a78,040102-20140802072114Th,0.0
1793ad82-2242-49de-ac29-79744f95b737,040102-20140802072114Th,0.0
868a5f0b-95df-4e43-a9cf-68466c670771,040102-20140802072114Th,0.0
2fe8c5c2-0202-4add-9ef2-d28e2eb762dd,040102-20140802072114Th,0.0
80e16b33-910d-4224-8c24-fe151dba3133,040102-20140802072114Th,0.0
d2043e1a-3595-4e95-b29f-1cd58f86befd,040102-20140802072114Th,0.0
3615bd83-6159-4da3-9d27-d28b2b01cf7e,040102-20140802072114Th,0.0
6a9f54a4-1193-46c0-bd17-b2734a2c2bd6,040102-20140802072114Th,0.0
b12cbeba-47bf-4ff1-9fd0-89ad2660fd6b,040102-20140802072114Th,0.0
8eea400c-b46d-4657-9220-4fd671e0fbbd,040102-20140802072114Th,0.0
9a2bac18-28e1-4b2b-ba27-c4e65978574b,040102-20140802072114Th,0.0
440c26e8-4805-4a8d-998b-619ea5336691,040102-20140802072114Th,0.0
970d9af7-f1c5-4c4a-961a-0a34f92f292e,040102-20140802072114Th,0.0
95dc6895-ca91-4bc7-a564-2027a863241b,040102-20140802072114Th,0.0
872eb5d5-1ae1-4f9f-956e-ef237db97a14,040102-20140802072114Th,0.0
ef502c89-7368-49eb-bd13-53855ceff287,040102-20140802072114Th,0.0
8840b860-274a-409e-af60-60c722e46913,040102-20140802072114Th,0.0
d931d0af-a060-426f-968d-2e23fd4e0d2e,040102-20140802072114Th,0.0
a6706de4-f831-40f0-9e18-31faf965d32c,040102-20140802072114Th,0.0
3ad9c011-2191-43f2-9f43-51e33c827504,010201-20141016022554Uh,0.0
e2d4245c-bc25-40ac-913b-6448a4da5083,010201-20141016022554Uh,0.0
f0706f71-54dc-466f-9f4e-e0af90b5b9fe,010201-20141016022554Uh,0.0
b9cf7482-0afb-4a76-8969-009818188ca8,010201-20141016022554Uh,0.0
a8aa3a95-2193-4717-81de-c5269a864855,010201-20141016022554Uh,0.0
11f597f9-e3b2-4120-8bfa-603b62364e54,010201-20141016022554Uh,0.0
48fc6bb9-192d-40a1-870d-dc89583d2ce8,010201-20141016022554Uh,0.0
d9d90ec6-2c1c-4ac3-add5-3acfade2f0a5,010201-20141016022554Uh,0.0
80ba5530-6886-4e70-ae69-32ef09bd24a3,010201-20141016022554Uh,0.0
bfc808b7-cf78-4d9f-b717-7ba8f65e54ec,010202-20141016022554Uh,0.0
cd1bbeca-3679-471a-aa9c-80d374df8b23,010202-20141016022554Uh,3.912900000000036
853c5aac-4189-4e57-88f5-d574ccc3165b,010202-20141016022554Uh,0.0
3b6297af-e721-40c7-bf67-af240c8308f5,010202-20141016022554Uh,0.0
d7845ed2-51ab-4279-9400-7e5253c76510,010202-20141016022554Uh,0.0
38d9ca0d-73fa-47fd-b9bf-88e6c705ccfd,010203-20141016022554Uh,0.0
8ded5841-a930-46d2-ad13-a32b8bea1593,010203-20141016022554Uh,0.0
11d39436-83f2-4006-920e-fc6f55e8f2ef,010203-20141016022554Uh,0.0
e25b4b62-8474-4891-8764-41388d97bd73,010203-20141016022554Uh,0.0
596eaf2f-476f-4afb-8d0c-10e5aa4ce507,010203-20141016022554Uh,0.0
557481e0-c12b-4732-9c5c-b0f19bad15ea,010203-20141016022554Uh,0.0
326631fe-f286-4f11-8f38-dfe275214b58,010203-20141016022554Uh,0.0
4d32a905-decf-4a91-8dd9-c3a7e4250ddd,020401-20171106171510Mh,0.0
570f3d67-af78-4f76-98f0-0fb5233f1bc9,020401-20171106171510Mh,0.0
8d0fbd1e-832d-419f-bf09-2a216c505dc8,020401-20171106171510Mh,0.0
43c25539-5721-4287-b95a-842a0471e5bc,020401-20171106171510Mh,0.0
fb91bd51-050b-44de-b415-3c37793aabb0,020403-20171106171510Mh,0.0
276bd231-ca1c-4dba-a283-2141fc1c8c75,020403-20171106171510Mh,0.0
6ada1ae4-ce7b-46c6-babd-4bebf05dfc6e,020403-20171106171510Mh,0.0
a12f817d-ab83-4d15-9c11-f9e6b7018f7f,020403-20171106171510Mh,0.0
655c77b1-c7a4-48ba-bd42-0b6da550e17b,060403-20120509163414Mh,0.0
e1e784e1-0cca-4ca7-a0db-3c2ef1cc4d55,060403-20120509163414Mh,0.0
0101d649-ba06-4a5b-97e0-b7ec0b4497f3,060403-20120509163414Mh,0.0
ab39c6f3-9a02-474c-b34d-c18735b9ec83,060403-20120509163414Mh,0.0
a7f7dd60-f63e-4688-9086-fe410981643e,060403-20120509163414Mh,0.0
17818457-4501-4e12-9bb9-565c96d8a605,060403-20120509163414Mh,0.0
e593a185-63d1-49dc-a41c-d475a689ae73,060403-20120509163414Mh,0.0
efe5cd16-18ec-4e6b-be89-f550632e1c3b,060403-20120509163414Mh,0.0
af355b8f-9d93-4703-9e36-e507743611a8,060403-20120509163414Mh,0.0
9cd5f6fb-4771-4ec5-8b7f-d0a432f213e4,060403-20120509163414Mh,0.0
d7d12298-f882-408d-8612-0f56497d02bf,060403-20120509163414Mh,0.0
93dc6b1e-f2f9-4878-bbd8-c1d677103df5,060403-20120509163414Mh,0.0
c5a81961-04ee-4610-9325-82489b8ef563,060403-20120509163414Mh,0.0
692baf14-2787-4e8b-bfb3-d68287a3da9a,010101-20140321195814Mh,0.0
a1194116-33c3-44b7-b277-fb64bdfaca1f,010101-20140321195814Mh,0.0
8730b088-e774-4ff1-854a-7bb669ff1002,010101-20140321195814Mh,0.0
6784bf02-e0d7-4813-ae54-a2d287cf5e37,010101-20140321195814Mh,0.0
a158e29b-af96-444c-a3c3-035511e087c3,010101-20140321195814Mh,0.0
aa5e06d4-f055-4241-8e83-f224bce8df64,010101-20140321195814Mh,0.0
795f6a45-c3e2-436b-9c40-5ddffe6fdc15,010101-20140321195814Mh,0.0
24b7d2d9-4e63-4333-a9d7-77707dd86d0e,010101-20140321195814Mh,0.0
d3396dd2-db9e-4f0a-8787-925c0d685e6f,010101-20140321195814Mh,0.0
3d095720-50d0-4430-9484-1d09c581b479,010101-20140321195814Mh,0.0
577779a2-6c71-42b9-91f3-af43a561854a,010101-20140321195814Mh,0.0
ec99082e-89bf-43e5-aaad-8c00e9c88007,010101-20140321195814Mh,0.0
42cfe28b-372b-4d22-be90-bfedf5bc2b2e,010101-20140321195814Mh,0.0
9c99be11-20d0-4607-a05d-c1f0a5d178a5,010101-20140321195814Mh,0.0
f6acacbc-84f8-41bd-a37e-8e3eb200f675,010101-20140321195814Mh,0.0
044a6c30-6c9a-4ddb-973e-1800c9ea38d3,010101-20140321195814Mh,0.0
333cee9d-8ed3-4f9c-8c7f-40de797c4507,010101-20140321195814Mh,0.0
642ce198-92cb-4fe8-89d4-e83ea9841d3b,010101-20140321195814Mh,0.0
ce60572c-bacd-49c8-aa53-85af66347fa0,010102-20140321195814Mh,0.0
32692d5e-9690-4424-8217-65e13e917543,010102-20140321195814Mh,0.0
84cdc7a6-edaa-4946-b546-7e61dcaef05c,010102-20140321195814Mh,0.0
d09bfd65-b789-4e09-9a59-dee70f786c8d,010102-20140321195814Mh,0.0
a2eb6bb0-1a49-4c3b-8e8f-5f1f7d87ed82,010102-20140321195814Mh,0.0
9c0de00c-4443-4841-886d-231a0be41aeb,010102-20140321195814Mh,0.0
98cd66d1-c188-4e4a-8c90-a9b15ab6c9f2,010102-20140321195814Mh,0.0
e4028fa1-43ef-4484-a411-7ec20674b8d9,010102-20140321195814Mh,0.0
6372c762-c875-4cce-9997-b5c2998ce8b1,010102-20140321195814Mh,0.0
f112766e-f590-4dbb-a7e7-fec662da7929,010102-20140321195814Mh,0.0
1b35dae4-f00c-4907-ac96-11a90b8a449e,010102-20140321195814Mh,0.0
a4a57537-2905-46ad-9166-1b65da27d2af,010102-20140321195814Mh,0.0
39accc30-01b6-445a-873c-ae6615ed1bdf,010102-20140321195814Mh,0.0
ea574077-d149-4dfb-a8f8-fa957daf584c,050202-20130616070414Th,0.0
9b214cea-9320-4fa1-ad0d-cdceac417eb2,050202-20130616070414Th,0.0
66f399f2-bc56-475b-86b4-387f669a9417,050202-20130616070414Th,0.0
23fb2cee-ec52-4772-a0d3-0043413fba20,050202-20130616070414Th,0.0
fb327e47-806b-45d5-b2a8-ca0ea706a4ce,050202-20130616070414Th,0.0
1f53f55a-b37a-495f-9939-b5a308579c3f,050202-20130616070414Th,0.0
c3c52801-fd78-4152-be4c-4531714bc82b,050202-20130616070414Th,0.0
a7f15bee-022f-4819-b9ee-6597fd81a915,050202-20130616070414Th,0.0
f552acfa-840e-4553-8dbf-e7648092f846,050202-20130616070414Th,0.0
e2e28b48-53cf-4f3a-bd0a-5b4b363fec93,050101-20121027165114Mh,0.0
1203150e-ee0c-43da-bd11-3613b4757cd2,050101-20121027165114Mh,0.0
524cc33e-4f0e-46ba-8c47-de0b909ecdd5,050101-20121027165114Mh,0.0
1bb0c889-4759-4a96-b129-81e3204d7ed4,050101-20121027165114Mh,0.0
ddc7e3a8-9dd5-418e-933a-c46fb6069095,050103-20121027165114Mh,0.0
362fab8e-0929-42da-960f-6361bbe4d489,050103-20121027165114Mh,0.0
199c84d4-b552-4ede-a379-d0b6dac34653,050103-20121027165114Mh,0.0
e62f7e8b-fae7-4a68-8976-f44bdbf81541,050103-20121027165114Mh,0.0
b9fc4a03-b526-4907-9686-e106e4e90620,050103-20121027165114Mh,0.0
b2285de3-2b77-4b8b-8ca6-69a0ab97d85b,050102-20121027165114Mh,0.0
c65a1ad9-043f-4f90-bdca-a33eb95dd510,050102-20121027165114Mh,0.0
7956cf73-1930-42ee-aa38-2846aa3ece08,050102-20121027165114Mh,0.0
7d399388-f61a-425c-9bd0-f07e27027719,050102-20121027165114Mh,0.0
423ee908-d7d8-4c7d-8c7a-e582fca968bd,050102-20121027165114Mh,0.0
0ff95f70-b61c-4515-9bf9-8d0972242d32,050102-20121027165114Mh,0.0
4208d2fd-594d-4a15-ab0a-6d156d32bded,040301-20120430063154Uh,0.0
7639b63f-91e1-4f5a-a2f0-64c2635561ab,040301-20120430063154Uh,0.0
b8ddcad3-4341-4c71-b003-0cc1c5b40a9a,040301-20120430063154Uh,0.0
67141701-781b-4d3a-8544-2c1c8e41fec1,040301-20120430063154Uh,0.0
cf0f526b-1daf-4637-b4bc-778aeac8f0f8,040301-20120430063154Uh,0.0
5df16760-4490-4bf9-82cd-35f1c54da0c4,040301-20120430063154Uh,0.0
ae983e3a-15af-4059-b9d5-4bf41cb26ed8,040301-20120430063154Uh,0.0
218f7a21-5086-4b95-956a-f5636bada76b,040301-20120430063154Uh,0.0
47c34825-9018-4deb-aa48-8184c9269b13,010402-20150625082034Lh,0.0
81162959-3e96-4a69-bdbc-91333c1dd845,010402-20150625082034Lh,0.0
f25160bd-bc4e-41a3-b5ec-30cc4d2d4a5d,010402-20150625082034Lh,0.0
51ca222f-2b39-4e4d-8e93-0dd0fdc8603c,010401-20150625082034Lh,0.0
04490080-80ee-46ef-bc3c-67ac396c0e45,010401-20150625082034Lh,0.0
2b695828-ef52-4b36-82b9-69f62870d064,010401-20150625082034Lh,0.0
1c4c61a3-786c-496b-8c09-6de4e6ec0b6c,010401-20150625082034Lh,0.0
4e7b80e0-5745-4ee2-a6c9-2e2a43844e7d,010403-20150625082034Lh,0.0
1f8dca7f-cb37-4e63-bf32-ff531544bb97,010403-20150625082034Lh,0.0
fb62e366-e4d4-46e8-835e-f39533598593,010403-20150625082034Lh,0.0
cb610b2a-cc63-4208-a7be-a94ff5c5489c,010403-20150625082034Lh,0.0
97e26af5-ae06-450f-b55f-a182bc6ed95b,050202-20131013185334Ch,0.0
f84e71da-52dd-4c9a-9a56-fc4876813876,050202-20131013185334Ch,0.0
29a9113f-812b-4a65-8044-b5b396db64c1,050202-20131013185334Ch,0.0
a3e18050-213d-49aa-9855-2584d745a673,050202-20131013185334Ch,0.0
de3e4e40-9581-4987-a696-0ee6166dd9fb,050202-20131013185334Ch,0.0
7b50759a-9753-4b51-b973-c9543deb6bbf,050202-20131013185334Ch,0.0
1c93afa0-ba39-44a0-b85a-83711a04d9d2,050202-20131013185334Ch,0.0
101cedd0-c83f-49bb-8ca8-b876cd359962,050202-20131013185334Ch,0.0
adda6e06-b415-490d-be35-6f96ffc704de,050202-20131013185334Ch,0.0
0f898b68-7c39-4e58-ad41-6914d6b1367b,050202-20131013185334Ch,0.0
339f651e-a93f-4aea-b83d-efdb32f09d1d,050202-20131013185334Ch,0.0
aa1ebea0-adff-47db-aa27-d8996a360034,050202-20131013185334Ch,0.0
40b2dc02-2c2c-419b-ac26-f72b5af83701,010402-20220418020950Uh,0.0
7b1fa917-b096-4647-9a00-9a855a56edf8,010402-20220418020950Uh,0.0
08e11611-13f6-4070-90aa-360dadabc82e,010401-20171029150150Bh,0.0
6e900f42-9b9e-4a00-b216-b0c15bf02ae7,010401-20171029150150Bh,0.0
3036bf64-c850-43fd-a29f-9d3325e8433b,010401-20171029150150Bh,0.0
4da078c1-1a17-492c-886c-91c81456ce36,010401-20171029150150Bh,0.0
42095884-0fc4-404b-9ef0-1770d33e8ef5,010401-20171029150150Bh,0.0
a0d58c36-fbb8-4a0c-a6d7-8fac8ecedd7e,010403-20171029150150Bh,0.0
1ad8fa47-d8da-414f-a6f9-a0ce2c64c321,010403-20171029150150Bh,0.0
f0d9e151-0490-4bbc-b9e2-a5cb3b29ae35,010403-20171029150150Bh,0.0
9ac2dd82-79b7-4b9c-8f01-63668c922c2e,010403-20171029150150Bh,0.0
2ac41fae-0177-47ce-84fe-b0a4cbf1a036,010402-20171029150150Bh,0.0
51556ec1-9972-413e-8c97-b09cd86583ab,010402-20171029150150Bh,0.0
6b7bebe0-de9b-4b40-b85b-4a094a68900c,010402-20171029150150Bh,0.0
fc0587c1-46b7-4b9f-9777-f893d7cfac24,010402-20171029150150Bh,0.0
7830733e-bdc3-4c7b-b0c3-f2548e80b642,010402-20171029150150Bh,0.0
20c90847-ca48-4165-8c5a-eecca13e7475,010402-20171029150150Bh,0.0
7633df37-66f2-4333-820a-271c68e0cf7b,010403-20121129063154Uh,0.0
b0589955-5aa8-43f0-9534-393df05918b5,010403-20121129063154Uh,0.0
f4fd6c01-7f78-4a30-94da-41dc4a35ec85,010403-20121129063154Uh,0.0
18cc8601-3f54-47f3-85ba-2b23b3fb0aa5,010402-20121129063154Uh,0.0
5ebe7360-bdb3-4592-9e2f-55a058e73ca7,010402-20121129063154Uh,0.0
5e043309-9809-4fab-b4ff-e807a5f7ec05,010402-20121129063154Uh,0.0
47708362-a738-491b-8cb5-08d94097781a,010402-20121129063154Uh,0.0
a26cba9e-a52b-45d1-ac13-e49669e0b5de,010402-20121129063154Uh,0.0
3a4056f2-b261-49df-8977-9efbf70221ad,010402-20121129063154Uh,0.0
8a15b76e-7b54-4b14-a988-581bed7fcb98,010402-20121129063154Uh,0.0
780fa1e6-ab8f-4933-a8be-a7949bda412b,010401-20121129063154Uh,0.0
ca54e2d0-42be-4510-92e5-4de931566a1c,010401-20121129063154Uh,0.0
13be38f4-1a36-4a77-a24d-29c488fac88b,010401-20121129063154Uh,0.0
15ec80f4-5225-4907-8eb1-81f9a89203de,010202-20140615195854Bh,0.0
f3f44688-2cf6-4fc8-826c-d848efcb7707,010202-20140615195854Bh,0.0
386c6f3d-29c3-4046-a2b1-eaa3cb19f394,010202-20140615195854Bh,0.0
e3ca4b65-4d92-4a00-bc87-ba709c7df5df,010202-20140615195854Bh,0.0
e37bbd2d-0e1b-4080-a598-4192868cf4a5,010202-20140615195854Bh,0.0
b975fe56-46c7-4ed3-b251-c67b85fae5e2,010202-20140615195854Bh,0.0
91b12dd0-e871-4cf7-99f6-c2c4b4af0657,010202-20140615195854Bh,0.0
b912be82-e584-4bb4-bf09-43ec1d53e42b,010202-20140615195854Bh,0.0
c46355cc-acbb-4f5e-93bb-f669b868f024,010202-20140615195854Bh,0.0
61d739ca-8874-4b53-8b5b-b94a7a6b9994,010202-20140615195854Bh,0.0
b1080c7e-04f1-41f2-b863-0029cf6e963c,020401-20160402025254Uh,0.0
f267fb93-2837-4813-8dae-d3fb3a117f8b,020401-20160402025254Uh,0.0
21afde95-cedf-4507-9a5b-857ce1eeb2ed,020401-20160402025254Uh,0.0
bf87e8f4-9980-414a-97a1-e8c322b48f6f,020401-20160402025254Uh,1.9932999999999765
188e11d9-7ebe-428d-8bfe-568dbcd8fc20,020401-20160402025254Uh,0.0
21ae7a80-5975-4b1e-851a-b0c204f623bd,020401-20160402025254Uh,0.0
2bd3ca98-5365-45b1-9208-739e88591ee2,020401-20160402025254Uh,0.0
a2e2ec1b-e3d9-4ff2-b974-02e124296f4e,020401-20160402025254Uh,0.0
a7dfa4aa-b6a9-4f9e-b957-c177efed4a08,020403-20160402025254Uh,0.0
af3ca124-e1d4-4416-b5a8-56f8ef6bb992,020403-20160402025254Uh,0.0
56ff891f-12a3-43bd-a22d-21343d2bd6c2,020403-20160402025254Uh,0.0
4a972366-5049-4671-83bd-5616bd31678b,020403-20160402025254Uh,0.0
0ebd8325-806a-4752-a3e4-85f1ffd4ac17,020403-20160402025254Uh,0.0
b19fa8e3-66f5-4ad3-aa22-b3d4e0db49f7,020403-20160402025254Uh,0.0
d4501f84-c36e-49a9-b29b-fab6c074c39a,020403-20160402025254Uh,0.0
31af8b32-70f8-49bd-8f47-50ec253e9732,050102-20130630070714Th,0.0
aa1ad786-4df5-4ad3-9d06-deed9001e6ea,050102-20130630070714Th,0.0
bbda3803-bc20-45b2-a17a-5edd71fa4592,050102-20130630070714Th,0.0
454bfd3e-0d68-49ef-99ee-a20b87b537a7,050102-20130630070714Th,0.0
fe21a522-9aee-4d04-a72e-00a0225f2ac9,050102-20130630070714Th,0.0
d8d77624-56f7-4f38-add6-49c8c677d6ac,050103-20130630070714Th,0.0
4d460025-f7ee-4775-8a85-5a9c42eac115,050103-20130630070714Th,0.0
3585c39f-109f-4c50-a8ce-803704f34f96,050103-20130630070714Th,0.0
9ddd38dc-4620-4ab0-b805-072772f46f2f,050103-20130630070714Th,0.0
1a0316b0-92df-4194-98da-11b9ee94bd51,050103-20130630070714Th,0.0
f76d2139-0724-4a8d-b1a5-bbc0df89cdb0,050103-20130630070714Th,0.0
414941e7-4a1a-4467-9751-969fc4d9a1ea,050101-20130630070714Th,0.0
a9bd2562-eed6-4e1f-8673-7c90a9184292,050101-20130630070714Th,0.0
82ef320b-b145-44f7-8ae7-3b1cd01ac367,050101-20130630070714Th,0.0
0fe19aee-1cc8-4ef5-9d6a-926a593c3643,050101-20130630070714Th,0.0
4c881c5b-a679-4e52-ae3c-927f171e6301,050101-20130630070714Th,0.0
cdbcd3c2-0ed1-4d49-9385-e41892981f29,030302-20120424120134Ch,0.0
2a0c8f4d-158d-46b7-aad5-f5638179bc8e,030302-20120424120134Ch,0.0
7adad7ed-d299-4342-9e76-6cc1b2e6628d,030302-20120424120134Ch,0.0
ce7a46be-f638-4dc6-9869-0408de5ddd09,030302-20120424120134Ch,0.0
434813e8-938f-47be-898c-249b2e668e25,030302-20120424120134Ch,0.0
2773a418-9f96-40c7-99a7-96d17404c560,030302-20120424120134Ch,0.0
c43769e9-44a9-42df-a469-1aa5b703b7e2,030302-20120424120134Ch,0.0
08a934cd-17e0-4bfa-a842-8ccdc8e4b33d,030302-20120424120134Ch,0.0
40dd946d-03d4-45c6-a00d-8950cec84feb,010301-20121027063134Lh,0.0
a4ac7ac8-b392-43b6-8f92-3bf894ba211d,010301-20121027063134Lh,0.0
155d0c90-bf27-45ad-8ea9-c45592a4fc72,010301-20121027063134Lh,0.0
ba66c992-637b-4e4f-a40b-be53e70aefc6,010301-20121027063134Lh,0.0
c0fdc9f3-e69f-47dd-a045-6151d2c7a8d3,010301-20121027063134Lh,0.0
f91656d0-3570-4cdc-ab00-b9c23a7ce446,010302-20121027063134Lh,0.0
dfa6f006-a27d-4e33-8205-b8a5379c2697,010302-20121027063134Lh,0.0
8272e042-f53a-4884-a2be-fbece2784af4,010302-20121027063134Lh,0.0
a96b782f-6365-4e76-b9ff-d88f971b64a3,010302-20121027063134Lh,0.0
a96ca3bd-2a14-4307-b3fd-a0ad0ddf7f5b,010302-20121027063134Lh,0.0
070361c7-07d3-4f7b-8caa-0ee952e63024,010302-20121027063134Lh,0.0
b510900d-b4e0-4956-8c07-db1ae194726f,010302-20121027063134Lh,0.0
8f22c5a2-6cd8-4c08-9cb8-cbcfb5ac9829,010302-20121027063134Lh,0.0
9e7f8c5f-24dc-494d-966a-8fc74cfe6148,010301-20180805232510Mh,0.0
432c7977-63f6-4e56-a46f-1e812ebe97bd,010302-20180805232510Mh,0.0
64957416-6e37-459a-8cb4-2a5e758d4ec1,050302-20170102024454Uh,0.0
2644c7f5-a591-49c3-a68a-bb5be025c68c,050302-20170102024454Uh,0.0
98f99ee8-d2e2-44bf-9b82-45bdaa1cf76e,010102-20171011170310Mh,0.0
7e0c875b-798b-47b2-be59-3b2116b2d615,010101-20171011170310Mh,0.0
02aecac1-2776-4b21-9aaa-b5733e5b128c,010101-20171011170310Mh,0.0
6243d245-e27c-4d2d-bce1-73046c103cd3,010103-20171011170310Mh,0.0
832d1cc6-1af3-4978-97fc-11472a7c02b0,060102-20151228024254Uh,0.0
6696c47d-95d2-4246-9168-9400f1750ac8,060102-20151228024254Uh,0.0
9fa5a052-567b-4775-9877-ba14d38ea30a,060102-20151228024254Uh,0.0
43f09a4c-c356-49f6-94f5-2034c052af64,060102-20151228024254Uh,0.0
0d4b4685-388b-4e22-8734-6d8e6648c8c7,020101-20130405114734Ch,0.0
05a5dfde-2129-4d43-a76f-820fe03984f5,020101-20130405114734Ch,0.0
2e264a6e-03fe-45a2-97d1-bde4d80ab2cb,020101-20130405114734Ch,0.0
151d64a3-641d-4ba8-b3fc-9326a09f37c3,020101-20130405114734Ch,0.0
4cba9336-566b-4a30-b99b-3a0fb75c0157,020101-20130405114734Ch,0.0
032fe026-b20c-4e17-8e14-0c7cc79f72d3,020101-20130405114734Ch,0.0
a37dfed7-910e-4460-980d-6e98037ae881,020101-20130405114734Ch,0.0
94f65d73-5ad9-4f2b-b9f9-462c3e33270b,020101-20130405114734Ch,0.0
90cae491-a8c5-43df-a226-fb4d5398715c,020101-20130405114734Ch,0.0
88846c97-d542-4562-b2ac-b88cd0ee32ee,020101-20130405114734Ch,0.0
c8f85005-7419-4f72-be8d-622ce5230961,020101-20130405114734Ch,0.0
b9541c77-9764-4d6c-866a-9adf8007a3d8,020101-20130405114734Ch,0.0
7535b3d5-f5dc-4eb4-a247-acfa8ddcb0d3,020101-20130405114734Ch,0.0
9020fb17-4efc-4d68-910f-f116c3c73fa2,040102-20120427162614Mh,0.0
b75a9c42-9579-4913-9242-0e296394e5d6,040102-20120427162614Mh,0.0
433690c4-e193-437d-81bc-81582e43a64a,040102-20120427162614Mh,0.0
09716c80-c8a9-4e30-a433-9dfa30b4942b,040102-20120427162614Mh,0.0
66436e2f-6868-4a71-84a4-3d998f6a2163,040102-20120427162614Mh,0.0
c050d33d-483b-4188-a945-25aef92ee61b,040102-20120427162614Mh,0.0
f0d1aea6-193b-4c8c-b94b-c8aa0e54482f,040102-20120427162614Mh,0.0
ef6caa51-81e3-4eb7-aab8-60bbdddb558c,040102-20120427162614Mh,0.0
094d936f-74f1-4837-8920-16c1551ff5d9,010402-20110803164914Mh,0.0
963594cc-30d7-449e-be68-5daa2a7f1c4b,010402-20110803164914Mh,0.0
6573d1df-0843-4902-868b-1328be351fd8,010402-20110803164914Mh,0.0
964131b2-8288-4705-af96-b708356fd3ff,010402-20110803164914Mh,0.0
c5c1b742-fd42-47a6-bc58-eddc4ad57da1,010402-20110803164914Mh,0.0
7f1d163d-27af-44fb-8f47-76c334cfab5f,010402-20110803164914Mh,0.0
613ea1c1-fac0-454c-b864-a894b2cc5f08,010402-20110803164914Mh,0.0
60ccbfa7-05ae-4f99-97df-83f892afe98e,010402-20110803164914Mh,0.0
b7fc13a0-68c9-41e0-8983-a5391decadfb,010402-20110803164914Mh,0.0
e192a38d-f1e5-4924-b703-9a0c70ff4b99,010402-20110803164914Mh,0.0
d935b36d-3f0d-4bc3-b780-37e309c495a6,010402-20110803164914Mh,0.0
8f919d41-e761-405c-87bf-3e7336d6924b,010402-20110803164914Mh,0.0
edb88af6-ed22-4f1b-a29a-ce2aae8d9331,010402-20110803164914Mh,0.0
cc9d19f7-0d41-42d6-afea-5ed391f3686c,010402-20110803164914Mh,0.0
d5d47bd9-8ad0-4d83-b338-64711575ecb6,010401-20110803164914Mh,0.0
d1154139-e31e-4f25-9d86-8846d30581dc,010401-20110803164914Mh,0.0
bb8c4f44-fe7d-498e-97d4-05fe4e03e786,010401-20110803164914Mh,0.0
37909560-fc7c-4ff2-b599-f898b8da134c,010401-20110803164914Mh,0.0
9173510d-b05f-492f-b05c-a690e56e2767,010401-20110803164914Mh,0.0
56bbb9a5-695e-4f7d-90cd-00c51d8462a7,010401-20110803164914Mh,0.0
a39f9b53-892d-4138-b2c2-2dd0ae40efda,010401-20110803164914Mh,0.0
828e7439-07c4-4fde-8baa-36a9402b15c3,010401-20110803164914Mh,0.0
3b4790bf-8494-49e4-8b53-f2deff9fd37c,010403-20110803164914Mh,0.0
2846b767-e63f-464b-90f9-1bb91667c3c5,010403-20110803164914Mh,1.7258999999999105
fbd2ec88-0322-4634-a8b1-d6664305caf3,010403-20110803164914Mh,0.0
8ab457bb-89d4-4a89-ab10-18768744401e,010403-20110803164914Mh,0.0
e88b9c2a-8ab1-4598-a9cf-9ca3101ecbd9,010403-20110803164914Mh,0.0
f152c315-8b96-4f78-a08f-50875db793f3,010403-20110803164914Mh,0.0
98d23464-04b0-40f3-ac6d-7245d3b167e9,010403-20110803164914Mh,0.0
d0a477c9-c05d-4910-b397-4fc16d4b0ad8,010403-20110803164914Mh,0.0
8cd0d1e7-c839-40fc-a433-135c083200bd,010403-20110803164914Mh,0.0
e5797c92-d01a-4685-8afd-00871f377337,010403-20110803164914Mh,0.0
addce9e3-217a-40f8-b3df-6ecbdeed7281,010403-20110803164914Mh,0.0
7bb1c1ca-85a4-4b4b-8a6b-7e81db93399b,040301-20131130192134Ch,0.0
90744e71-676d-40b8-a1f1-d97721e0ac87,040301-20131130192134Ch,0.0
30016082-b0e8-430d-8bda-303154840040,040301-20131130192134Ch,0.0
3a8d3617-92a3-4f7f-a9b4-448c29a29e42,040301-20131130192134Ch,0.0
b2ff8328-49f4-48d1-a0fc-a0cf52317a65,040301-20131130192134Ch,0.0
cf84c8b3-6bea-44dc-8d59-c81270db1037,040301-20131130192134Ch,0.0
20f29d8f-155f-46db-8de9-472465704c58,040301-20131130192134Ch,0.0
ede3dcb6-1ed4-418a-8dff-0b77f6a3edbe,010102-20150626161514Mh,0.0
454ce868-bb25-4d2c-83ec-602176283eaf,010102-20150626161514Mh,0.0
116480db-4e80-43b9-9487-ae1932d7585d,010102-20150626161514Mh,0.0
bc3d9557-dee3-40c5-9d77-1fd8763069fa,010101-20150626161514Mh,0.0
ac9e6db6-170c-4246-9a7d-f1e42a2c7df2,010101-20150626161514Mh,0.0
f47532db-d558-473a-b10a-09e402e30fa6,010101-20150626161514Mh,0.0
4c92d041-7ac2-4fdf-bf1b-9de9368df7f9,010101-20150626161514Mh,0.0
764ff432-096f-44c7-b449-362be18043ab,010101-20150626161514Mh,0.0
bdbd3668-ef81-41b5-84a5-774ca4d0f806,010101-20150626161514Mh,0.0
fd21e013-05da-4ae7-b235-ca9077c6d62c,030101-20161116133714Th,0.0
ce27f748-e8da-4312-8872-7f1bc98413b6,030101-20161116133714Th,0.0
a3033d43-bf9d-4e90-8229-6e21cef00496,030101-20161116133714Th,0.0
9d48cc2b-60b6-4eb3-90a9-fb7a8eb6086f,030101-20161116133714Th,0.0
87e1eb2e-ef28-44eb-a03d-0cfb0ac79c9c,030101-20161116133714Th,0.0
702c38f2-1c4c-4792-be86-c3f7a52c4af3,030101-20161116133714Th,0.0
e8b23f95-4bdc-44d7-81b5-2636410e64a8,040401-20140522070614Th,0.0
248bff41-dc1b-4ff8-a1b4-e7051d41cfac,040401-20140522070614Th,0.0
1ca17a71-9349-4a09-9f5f-194ce0b891dd,040401-20140522070614Th,0.0
ad65c6d9-729f-4f54-8b86-556cd466ba92,040401-20140522070614Th,0.0
31f00139-d772-4b83-896f-33180cf1199f,040401-20140522070614Th,0.0
ef3bf548-6767-4f68-9605-240bff862a4c,040401-20140522070614Th,0.0
1c2e5084-8d78-4199-b4a9-8cde90df064b,040401-20140522070614Th,0.0
4ac79e2a-3ab6-41d8-8c48-1af9ad0828bc,040401-20140522070614Th,0.0
767a1a1a-f3bf-4cea-9c7e-46f817c991b7,040401-20140522070614Th,0.0
33735735-5914-48db-a142-8cda4aee2b75,040401-20140522070614Th,0.0
45f1efab-3d2e-423e-93f7-4164b4d26ffb,040401-20140522070614Th,0.0
b60129d8-26aa-4c80-95d6-0a6940302ac6,040401-20140522070614Th,0.0
a066959d-76e0-4252-9a97-e986d1707063,040401-20140522070614Th,0.0
108a8063-2235-4e55-9d19-3e56faf79c69,040401-20140522070614Th,0.0
b476b23c-3503-4b1f-8ec6-a97799843bc4,040102-20131201192134Ch,0.0
e1eb9495-eec0-4401-a11b-79eb8bbb4c8d,040102-20131201192134Ch,0.0
ceff82bf-399e-400c-8fe2-76cd73eeee9b,040102-20131201192134Ch,0.0
af64e499-31f8-4539-9212-747749808e62,040102-20131201192134Ch,0.0
e7d9ada5-c783-4448-8e59-2bc187a9b6f7,040102-20131201192134Ch,0.0
720ae25f-9098-4729-8d62-6fe24eed3e21,040102-20131201192134Ch,0.0
acf988ca-039d-4b5a-a3fe-78153ba67cc3,040102-20131201192134Ch,0.0
81314391-f7f9-4339-a4d1-4828f9e57ef3,040102-20131201192134Ch,0.0
a96f9458-cd3b-4e72-845a-ea339cb4d545,040102-20131201192134Ch,0.0
d7818e41-1222-4853-8aef-f23f8997d744,010403-20160403170114Mh,0.0
52f73266-84d6-4c82-ae03-1de1ab4ec87c,010403-20160403170114Mh,0.0
3af805ae-cdd6-4e2c-ba6c-9d2de7940740,010403-20160403170114Mh,0.0
23733350-adb6-425a-bb6a-8cddfae8682e,010402-20160403170114Mh,0.0
becc8c50-2dd5-4f79-a866-b3045ca2558e,010402-20160403170114Mh,0.0
f2457a57-182f-47ab-8b5c-8119d7824ac0,010402-20160403170114Mh,0.0
94aac24d-b1f3-43e7-b96f-7f269ef292c2,010402-20160403170114Mh,0.0
42efd1b0-757b-4218-9993-a82329c1d067,010402-20160403170114Mh,0.0
8dc05dc5-1e16-4206-9b04-ac036988ab69,010402-20160403170114Mh,0.0
94b9e319-b3be-40ff-ba76-bed2c85553f8,010401-20160403170114Mh,0.0
ad9d199c-b8fc-4b46-bd17-b5cd60885682,010401-20160403170114Mh,0.0
760e5872-4712-47fa-bb24-66563bca2897,010401-20160403170114Mh,0.0
279e2e49-621d-41b0-a1ce-3a5649f5f9c3,010401-20160403170114Mh,0.0
89dd82e4-4301-4cc6-a7e5-39b4dd99df22,020403-20141105195814Mh,0.0
8c299704-4536-4169-9483-8d0c5c38afbc,020403-20141105195814Mh,0.0
511544e2-1124-4494-aea2-1d915d99e305,020403-20141105195814Mh,0.0
946771c4-4c1b-4f02-90b8-a71aa8a055eb,020403-20141105195814Mh,0.0
da67b846-9649-417e-981f-23383281f073,020403-20141105195814Mh,0.0
f1e960e5-cea2-4ea0-be12-c066fcad6d61,020403-20141105195814Mh,0.0
bbce6de1-fa85-42e5-9ab0-d8d8c1c845d1,020403-20141105195814Mh,0.0
6c139d85-35ea-4e18-95bf-3f70fef1407c,020403-20141105195814Mh,0.0
7db8bbf9-4a55-4e55-9e79-3478958bfc32,020403-20141105195814Mh,0.0
9eb5fdd9-e72f-41be-b48e-c619af4767c7,020401-20141105195814Mh,0.0
2a6b00e3-d1dc-4176-b0dd-cca7ebffc35e,020401-20141105195814Mh,0.0
ac4bad16-0cdb-49c7-8dde-94e02d35f9f4,020401-20141105195814Mh,0.0
a4d2dab4-c27a-4935-b902-f9b67ad32ac7,020401-20141105195814Mh,0.0
f5e92b2d-5f63-41f0-9839-6e1842db198a,020401-20141105195814Mh,0.0
8d1a88be-947f-4c02-86cb-a408d4744313,020401-20141105195814Mh,0.0
b2d87402-b4c2-45d8-bf28-8518f0c0ed1c,020401-20141105195814Mh,0.0
47061893-fc0f-4da9-9fdf-78fe9df6de47,060403-20141026024454Uh,0.0
8c7d075d-b766-40df-828d-0024e04b24cb,060403-20141026024454Uh,0.0
f0605f17-1b05-4976-b010-d033a2a24892,060403-20141026024454Uh,0.0
9afbe683-58b0-4b15-9c95-103ea4cb1f03,060403-20141026024454Uh,0.0
c190802b-1174-46a7-b96b-780a5c2d5206,060403-20141026024454Uh,0.0
88daab83-8767-4612-a557-6acb8388c0a4,020403-20171025223130Lh,0.0
f9dffcd8-dd00-4df0-81a0-39854b203a41,020403-20171025223130Lh,0.0
b059b09d-79f4-4b54-a698-25d2e8237e61,020403-20171025223130Lh,0.0
f3408894-f21b-4e43-adda-d1ebadf09bf9,020403-20171025223130Lh,0.0
39daddca-306f-49a6-bfae-03adae86b7bb,020401-20171025223130Lh,0.0
12b4bff0-eda9-4579-8905-4d1afe5f53bd,020401-20171025223130Lh,0.0
569e7853-2e3d-4960-9c3a-43261640de59,020401-20171025223130Lh,0.0
a65ce0f7-e019-4c3c-9c8a-f4ce371e64ec,020401-20171025223130Lh,0.0
a58a7be8-b36c-45e6-a4cb-ab0cc9a88306,020401-20171025223130Lh,0.0
2e422c5a-b5a5-44c3-b57e-badf58179101,020401-20171025223130Lh,0.0
0bb04489-356b-4468-bd73-d9eb8a7516e1,060403-20131207084214Th,0.0
56c2fe87-6480-43ea-a922-e59af271117e,060403-20131207084214Th,0.0
42987098-a760-4d29-b235-df96d8005ad0,060403-20131207084214Th,0.0
0f704c9c-edea-457f-9766-3bf30e6a4168,060403-20131207084214Th,0.0
67f65785-ecc3-4794-a580-77bafe7426c6,060403-20131207084214Th,0.0
22e4aa49-295d-4c89-96fc-b364603f2743,060403-20131207084214Th,0.0
ee5a0dc5-5cee-4864-aea3-ff4404d0bf8d,060403-20131207084214Th,0.0
df231529-abfa-46ba-b889-9b579b039544,060403-20131207084214Th,0.0
ca648ba7-6376-44ce-8ee3-1ec9f6d45ef0,060403-20131207084214Th,0.0
9c2779a5-19f6-4941-823b-7fa94d199300,060403-20131207084214Th,0.0
12115516-6505-489e-abfc-6e830132062b,060403-20131207084214Th,0.0
5ea38615-5a99-4142-8578-889e51f86bef,010403-20150427162314Mh,0.0
3c674080-a782-45f9-abe9-8c5641b6a468,010403-20150427162314Mh,0.0
60b3268d-1d88-43f0-af34-85ae06fbfb9f,010403-20150427162314Mh,0.0
07768b01-7695-4c70-ab41-90109b0e656d,010403-20150427162314Mh,0.0
e08f886a-ba42-474c-a567-49212a0d2077,010403-20150427162314Mh,0.0
1ca72f0a-ddc7-4cdd-9a11-6b05af70491e,010403-20150427162314Mh,0.0
46e9b9d2-5c6e-46c6-9ee5-4c0e99033d4a,010403-20150427162314Mh,0.0
49469946-b71d-476e-8497-c972290ec065,010403-20150427162314Mh,0.0
792401e6-4c16-40c9-8c2f-94016ea74079,010402-20150427162314Mh,0.0
b39ad632-d82c-4908-a309-59aab7173695,010402-20150427162314Mh,0.0
8b7abc45-8e87-4505-93ef-0639af4ac8d9,010402-20150427162314Mh,0.0
8a8fa98a-2057-47ab-b454-dd58eff80042,010402-20150427162314Mh,0.0
1f6a95b2-a83b-421f-a327-2c8173cd91b7,010402-20150427162314Mh,0.0
7c15ea38-8d03-4036-a426-556513995b2e,010402-20150427162314Mh,0.0
04f757cc-d83e-4614-a152-4f8327e3dfea,010402-20150427162314Mh,0.0
0cfb22fa-3f62-42a5-8a3e-045612291f49,010402-20150427162314Mh,0.0
4189869e-7a5e-453c-bc42-dafc63bad1dd,010402-20150427162314Mh,0.0
08a4ee34-16e0-4cad-9d63-3877b4f74d73,010402-20150427162314Mh,0.0
34aff1cb-f44e-454c-be93-8fc78cd2cf93,010401-20150427162314Mh,0.0
2011feb2-38fd-4c97-94c3-42fd7d4404f8,010401-20150427162314Mh,0.0
87ba9b60-7585-401b-8762-e0bb2a4e12bf,010401-20150427162314Mh,0.0
df1f6e70-037f-4c29-9508-bd975e655689,010401-20150427162314Mh,0.0
7dd36ad8-2478-4717-bf91-1033fc381fa4,010401-20150427162314Mh,0.0
809415f3-8a4f-4655-90f5-c639bd132e45,010401-20150427162314Mh,0.0
320cb409-50cb-4f16-aa84-6fa869a6b4a1,010401-20150427162314Mh,0.0
d51b04a8-eae0-418c-b6de-5bbf42bf27cf,010401-20150427162314Mh,0.0
7aa63d78-11ea-4be2-90e1-39c22b328d13,010401-20150427162314Mh,0.0
24135e91-714c-450c-95eb-770b38a1d911,020101-20130609123334Ch,0.0
d05fec21-a869-4266-933e-1f253062dcc0,020101-20130609123334Ch,0.0
47970460-c9b5-4dc5-b6ab-f0ca19d8df31,020101-20130609123334Ch,0.0
886cfe9a-9aa4-4d31-b037-0c57e9ae23c2,020101-20130609123334Ch,0.0
4717a55f-f4b5-4901-aa0e-285d3587e42f,020101-20130609123334Ch,0.0
c67b9e33-b392-40ab-8a19-d8666c7a86ab,020101-20130609123334Ch,0.0
28c9a73f-0575-4d79-aa45-74c2a61bbf0b,020101-20130609123334Ch,0.0
df73138b-0a6e-48d5-87b5-0470688e7e08,020101-20130609123334Ch,0.0
fa8c51bf-db6a-4bea-8ae7-855c14e5f77a,020101-20130609123334Ch,0.0
386f2852-4db0-4e90-aa33-9b3e1493d744,020101-20130609123334Ch,0.0
c2668fdc-bb5b-4371-9215-ff55064e95b6,020101-20130609123334Ch,0.0
23e7005a-518f-4c1b-8cc5-06cc7d032135,020101-20130609123334Ch,0.0
f455618e-15b9-4c0b-b4a3-84db2fa4c76a,020101-20130609123334Ch,0.0
2e7a45e3-39c5-4578-a309-ab0e83c5670e,040301-20130502063134Lh,0.0
f4f4e24f-7660-4fba-8931-857dc69f3485,040301-20130502063134Lh,0.0
220d1b14-184c-496d-b720-251c09cf6d6f,040301-20130502063134Lh,7.163999999999987
bcfee498-aefb-4a1a-bc63-6459b1a1d774,040301-20130502063134Lh,0.0
e4a40c72-aa7e-4a6c-abc9-b8b912c09fe1,040301-20130502063134Lh,0.0
2fc2ec12-d7be-4608-9172-c56b29bf56ac,040301-20130502063134Lh,0.0
8e0bb999-0fcf-4a04-ab3f-afe85e2036b5,040301-20130502063134Lh,0.0
577991f3-43db-402c-9806-b0aa19d34628,040301-20130502063134Lh,0.0
dbe0be3a-7bbc-4d86-9bfb-9be6e96ea57d,040301-20130502063134Lh,0.0
3693aa4a-d657-4aa3-9806-cfbf2dc7a20f,050202-20170322015550Uh,0.0
006522f8-7778-49c3-b6f9-73b9ec605b0c,040301-20140904195814Mh,0.0
297000a7-b78d-43db-b9ff-a5e4d1014cb0,040301-20140904195814Mh,0.0
5df0a1ba-9eaf-4e5e-9275-a3a329a09c62,040301-20140904195814Mh,0.0
a8c36c51-c156-438e-a5c2-daa2daaa7e44,040301-20140904195814Mh,0.0
1f813c21-7e90-4eff-bf77-f59a8a8df371,040301-20140904195814Mh,0.0
700b6ef5-07e4-42da-bb3a-5a5ec4d954ab,060403-20160530234734Lh,0.0
67575036-8d51-4ff1-99ea-d3d8b702f107,060403-20160530234734Lh,0.0
b382e492-b733-4cb9-9a14-309eb1201d7f,060403-20160530234734Lh,0.0
b08bff56-8d68-4999-bdb9-d28564faa196,060403-20160530234734Lh,0.0
b31d70c5-72e7-4476-b04b-649b8deed23a,020101-20201022223330Lh,0.0
291ae29d-e205-41f4-90c7-af4cdac48206,040301-20120223152054Bh,0.0
e7596db1-4c61-4b3c-925c-3a95bca504f8,040301-20120223152054Bh,0.0
72c24b5e-a406-464d-bc9d-98c97f0454d6,040301-20120223152054Bh,0.0
46e433a3-250b-4a05-b388-2b14ba456348,040301-20120223152054Bh,0.0
9790a2cc-ec87-4ded-8197-549561a0a23f,040301-20120223152054Bh,0.0
3d676e9d-f34c-4b93-b6ac-02d1bbf82d15,040301-20120223152054Bh,0.0
fb74a85c-8b36-4ba1-9226-1df844396bfd,040301-20120223152054Bh,0.0
8fd1f4d8-705e-45fe-932b-94aa74ac21c3,040301-20120223152054Bh,0.0
775db200-21bf-446a-8666-ef1708288d6c,040301-20120223152054Bh,0.0
c66a94f9-1451-4dbf-b3ab-e976783a091b,040301-20111206102934Ch,0.0
f7f23933-7fc7-45ea-bcd4-ff1b2104ede7,040301-20111206102934Ch,0.0
1998dfd7-50e0-43c3-8b6b-35fb568124cd,040301-20111206102934Ch,0.0
04da56f2-2f35-48a6-8c4e-bd22114daaaa,040301-20111206102934Ch,0.0
e5a33dd1-923a-459e-852c-0a0cd1a509c6,040301-20111206102934Ch,0.0
e22a3465-9eeb-4b8c-971c-d1f60d233fbf,040301-20111206102934Ch,0.0
4c6a0f5e-b814-4970-a58c-7ac3315c1f77,040301-20111206102934Ch,0.0
33f6e4ca-d5d0-40cb-a87e-dfd6aff8dd4b,040301-20111206102934Ch,0.0
25a61905-3286-489a-a1e5-463582bb8b3b,040301-20111206102934Ch,0.0
77bab580-5e93-4f47-8385-2f910e924cbd,040301-20111206102934Ch,0.0
4153bf90-66fb-4d02-a54e-9922bab3406a,040301-20111206102934Ch,0.0
37d00235-4af3-4f1e-a6cc-21bf4db765f9,040301-20111206102934Ch,0.0
b701c63d-a5d2-4def-bc81-28269496961b,040301-20111206102934Ch,0.0
1f5456e4-c188-4d20-98ce-0b5ea2674567,040301-20111206102934Ch,0.0
5639ccaf-0fef-4b25-b593-6b9f3bb2e7f2,040301-20111206102934Ch,0.0
0725cdd1-55d0-4f74-bd22-969b80403f41,010203-20130810121534Ch,0.0
02d8d152-92d1-458c-bf27-142ca43444c7,010203-20130810121534Ch,0.0
7a1e4a45-fc53-46c4-b08a-4cd5ff7dd368,010203-20130810121534Ch,0.0
cb9390de-5833-470d-b8be-182846878e70,010203-20130810121534Ch,0.0
01f88d0f-7feb-487a-bab3-8f442cb7ddab,010203-20130810121534Ch,0.0
1da8c1dd-f624-43c3-82e6-76c20e46d256,010203-20130810121534Ch,0.0
84f8f514-d7e9-4a58-9ae0-6a43708e3168,010203-20130810121534Ch,0.0
be7d82c5-a56d-418b-9115-f0b55a117a8b,010202-20121006063534Lh,0.0
b91bd0cb-3dae-4452-b203-12d048ff967d,010202-20121006063534Lh,0.0
7cedd359-dead-4ae0-afbc-1886ffd13a84,010202-20121006063534Lh,3.7857999999999947
b18bcc16-11a2-4f48-ab1b-b7a656f3010f,010202-20121006063534Lh,5.4833999999999605
1a2125ae-4250-417b-8276-fbf408e0fb86,010202-20121006063534Lh,0.0
22c565e5-d065-450d-8f8d-b5adb6ca8137,010201-20121006063534Lh,0.0
6ac1d9c8-71ff-4ab0-8e35-44d37238abaa,010201-20121006063534Lh,0.0
95f2065d-a0fe-403f-8828-9a0a350a467a,010202-20190611032810Mh,0.0
57fd6368-526a-4862-bccc-cc80db5bd25a,010202-20190611032810Mh,0.0
124ffab8-41a5-4e64-b953-ff9b2b5ee520,010202-20190611032810Mh,0.0
989e5441-5ccf-4224-94ed-e59bdb59b413,010201-20190611032810Mh,0.0
2ad563ac-812f-4cb1-9b40-74ed32d5b6ec,010203-20190611032810Mh,0.0
665cdf56-c505-4ad7-8b49-0e0b8e96dc12,060403-20130411115134Ch,0.0
f7717bc8-f8ab-452f-a6c4-3bc7bc0fcfa8,060403-20130411115134Ch,0.0
bdb9ce8f-c46d-4c6e-a047-753469df479a,060403-20130411115134Ch,0.0
1eb51ba0-e7d9-4d6b-9650-a42b6334d940,060403-20130411115134Ch,0.0
c5e1ca5b-d9d0-4c5e-a276-d437c1c374d8,060403-20130411115134Ch,0.0
9fb76c27-1e49-4472-af89-8e0e2721a64d,060403-20130411115134Ch,0.0
f78aa7fd-2440-40ee-86fb-1a0543b4915f,060403-20130411115134Ch,0.0
e4871f1b-8224-4184-8b2f-3d7ebad22f93,060403-20130411115134Ch,0.0
a4f77ac3-d478-4f3c-bdfc-e0e5af1a1225,060403-20130411115134Ch,0.0
11068ddf-60c3-42b1-be88-0bcaa365a6b2,060403-20130411115134Ch,0.0
c7552a68-8df1-4f12-937c-318e0dc0509f,060403-20130411115134Ch,0.0
5cf52bc6-af93-4c42-800f-e58c305278b5,060403-20130411115134Ch,0.0
9da68b01-8fb0-432e-8dbc-23905d606ed2,060403-20130411115134Ch,0.0
517134b2-33b4-4c94-894a-e285328c0a9c,060403-20130411115134Ch,0.0
2894932a-cecf-4106-a8ec-d935fc054925,060403-20130411115134Ch,0.0
180a0261-9b76-4220-9a35-c8648d2aa71f,060403-20130411115134Ch,0.0
459217bb-0bd5-43d1-a0a4-c8d1b8509a00,060403-20130411115134Ch,0.0
e6836c2f-452f-4b1d-8300-5437f873316e,010402-20130925143254Bh,0.0
ab09c6a2-39c1-4091-bebf-0489c071fc0e,010402-20130925143254Bh,0.0
c2c6085c-bb40-48d2-88bd-b21681f49d67,010402-20130925143254Bh,0.0
fa729776-a975-4992-8f10-e38f1e14b8e4,010402-20130925143254Bh,0.0
b1b3dd66-e42b-4921-b001-da42db2c1c55,010402-20130925143254Bh,0.0
d1ec3b8a-05f0-465a-b759-932566fa2806,010402-20130925143254Bh,0.0
fadf8d43-4ba7-4f41-a931-eb2b757fdf7c,010402-20130925143254Bh,0.0
97976bdb-026b-48e7-b4a9-56a8c3a8210f,010402-20130925143254Bh,0.0
e9bf2f39-fa07-43c0-9f58-d597ec84eacb,010402-20130925143254Bh,0.0
be6a0aa0-8420-42bb-96c5-41090ff78a6d,010402-20130925143254Bh,0.0
f697e446-6701-4f71-96f7-1b747a3596ea,010402-20130925143254Bh,0.0
1a2f1458-ff8e-4740-b6d3-1237c4317eaf,010402-20130925143254Bh,0.0
d809c2f6-f408-4ff0-9dd1-95c7a5672774,010402-20130925143254Bh,0.0
d58fe62a-922d-415a-8d11-ff8d656549fc,010402-20130925143254Bh,0.0
8b6e855e-4a1c-4008-a9bd-09711f9cf87a,010402-20130925143254Bh,0.0
99a347b4-45a3-4bea-8e06-8a9778d7688c,010402-20130925143254Bh,0.0
9f575a2f-39b1-48c7-bc14-495ade1986af,010403-20130925143254Bh,0.0
1e8d93bb-6441-4c21-9eb2-c6bcf28bd231,010403-20130925143254Bh,0.0
2e44af07-96d4-469d-8115-1b6ca9fbf66f,010403-20130925143254Bh,0.0
4b6b5ebb-34e4-47de-a1bc-a74e09706c09,010403-20130925143254Bh,0.0
2e74d8be-98df-433b-8f03-7c8cc463fe1a,010403-20130925143254Bh,0.0
5b816099-4118-44d1-83f1-ea97d272ef88,010403-20130925143254Bh,0.0
ca1bea1d-687e-4bb4-b6cd-5d7f46d5b817,010403-20130925143254Bh,0.0
1cf7f2b4-ba78-4b10-b8a5-da456c3c6102,010401-20130925143254Bh,0.0
8d2a8768-01e0-48a5-94ba-4b60b91cf92b,010401-20130925143254Bh,0.0
7a108e9b-d4e6-4cdc-a02e-f4a2e0684180,010401-20130925143254Bh,0.0
4e0678a7-81d8-4361-be54-d173aa7711f0,010401-20130925143254Bh,0.0
1e7ee3d1-d8f4-4236-91b8-ff85deb44783,010401-20130925143254Bh,0.0
ff09bef6-5a4a-4ae4-ba8f-70d65db3cb9d,010401-20130925143254Bh,0.0
75cf01a1-7412-4182-9013-a1ef8f6cc628,010401-20130925143254Bh,0.0
46e9825e-7b38-4a8a-845c-a6f2465bbe84,010401-20130925143254Bh,0.0
68c1874e-ac57-46eb-addf-b058bbd168fd,010401-20130925143254Bh,0.0
618728b2-6ee1-491b-bf17-06a28e5e098e,010401-20130925143254Bh,0.0
bffd8380-bcfe-486f-8274-3694e7a1f0b8,010401-20130925143254Bh,0.0
01df2a7c-f058-4208-9fe6-a07dffb4b38d,030401-20211231223430Lh,0.0
62bd6104-1ff7-41fa-9242-df9341a56fc8,030401-20211231223430Lh,0.0
55052372-1576-468e-ba8d-c8de426a1ca8,030401-20211231223430Lh,0.0
bcc6a2b9-2c5a-454e-942c-7daa0c032fbc,030403-20211231223430Lh,0.0
3336261b-96bb-42f2-8e63-cf3a1d5a7b38,030403-20211231223430Lh,0.0
c08e414b-6115-41d8-b51d-1783e2123b84,030403-20211231223430Lh,0.0
28bffe1b-48d5-4749-a5a2-819514a7b20f,010101-20120603123034Ch,0.0
a55d0c8b-7b2a-4a47-997f-7f045dc8ffed,010101-20120603123034Ch,0.0
dd0ad0ab-bdf7-4cf9-8bc5-79c248116091,010101-20120603123034Ch,0.0
a6ae570c-3819-4ed1-b76d-c37438dcf270,010101-20120603123034Ch,0.0
79c4e523-5918-4b2c-9fad-d6ecec93676e,010101-20120603123034Ch,0.0
d69bbbad-32c9-4550-990b-1c6a43b114d5,010102-20120603123034Ch,0.0
f8ab3d41-f509-4e46-86c2-0148bcbc4324,010102-20120603123034Ch,0.0
f910f551-89f0-4815-893c-f6030f7b26c9,010102-20120603123034Ch,0.0
048445c8-8a53-4f45-8b1a-bcec03ff13a4,010102-20120603123034Ch,0.0
a767ee72-923b-436d-8025-92745f1beced,010102-20120603123034Ch,0.0
00bd00c0-3122-48d0-a913-4c75c3eda7d3,010102-20120603123034Ch,0.0
138aaf9e-231c-40a7-a469-dfc352529959,010103-20120603123034Ch,0.0
6c114248-87ea-496d-a67b-0982d393f33d,010103-20120603123034Ch,0.0
84f2e8ec-45b8-4b6f-a595-b99b77e7c6ad,010103-20120603123034Ch,0.0
feae11f7-541b-4735-af03-2557f1899eef,010103-20120603123034Ch,0.0
164638a6-b9e8-4327-8bfe-cde59d16238c,010103-20120603123034Ch,0.0
e8a0dab6-6d0b-4808-bd9f-da848f6a61b8,010101-20190602025430Lh,0.0
d7703f8e-696a-4236-b03a-040ec59f074c,010102-20190602025430Lh,25.146599999999978
063549ed-1f64-41b4-b839-dcb3ed48fa5e,010102-20190602025430Lh,0.0
06deac76-6899-429c-a972-df774c62dc5d,010102-20190602025430Lh,0.0
df6eff39-6c56-4598-b8ee-b33da499aac5,050202-20120730135454Bh,0.0
8159d319-9652-4dda-9b72-caaee259eda7,050202-20120730135454Bh,0.0
11a9bd59-f197-4a60-b47e-1e3b5eca3aff,050202-20120730135454Bh,0.0
d8959aff-db15-4b30-a7e2-d9b27da9462a,050202-20120730135454Bh,0.0
124b0e64-c2f3-4744-ad39-ab536edf79aa,050202-20120730135454Bh,0.0
0e51b7ce-2a63-44d9-927f-885bde96a9c8,050202-20120730135454Bh,0.0
a07d0bf2-564f-4a68-986a-86de0ea777cd,050202-20120730135454Bh,0.0
6564852f-7b07-4350-8d6c-c8ac25480b35,050202-20120730135454Bh,0.0
ee8770e6-90fe-4775-8fbf-a0ee726bdbf9,050202-20120730135454Bh,0.0
c3c6be8f-0389-47f4-aab9-c276135cef16,030401-20151224133734Ch,0.0
2a1c2d10-eea9-4574-ae5e-358d4c69a563,030401-20151224133734Ch,0.0
44a70332-8168-45be-9965-dd6dc13d34a4,030401-20151224133734Ch,0.0
c4e813fa-cf59-4fe9-aff3-f09e9cb82cf4,030401-20151224133734Ch,0.0
a5616aa4-2bb4-47f5-9f04-fb017ee8d961,030401-20151224133734Ch,0.0
fff66842-a1c5-4a43-b6c2-8a7fc57d7908,030401-20151224133734Ch,0.0
80f999db-7512-487e-92c5-dd07244f330e,030401-20151224133734Ch,0.0
11af85b5-b130-4e7c-9fa0-a52f113585ab,030401-20151224133734Ch,0.0
24ee1e16-473e-4526-bac0-2318ccf6f7da,030401-20151224133734Ch,0.0
c7b7019c-dbc9-4cd1-bcfd-e1b649a1ba3e,030401-20151224133734Ch,0.0
aa883402-0264-4464-8e8d-3d671206831e,030401-20151224133734Ch,0.0
732482f2-b23b-40cf-9b6a-ea51479ee70c,030401-20151224133734Ch,0.0
fe638f19-c40f-446d-a190-ef5482aba561,040401-20180712123630Ch,0.0
1c8522fb-e07c-4fd8-a7a0-1f5a5437352f,030302-20140726071814Th,0.0
67d7cb6d-688c-4954-a9ea-402088592cae,030302-20140726071814Th,0.0
251b8246-8ba6-4435-b26a-851459fd77e6,030302-20140726071814Th,0.0
22cda4a1-1142-4498-9810-8267ee518c0d,030302-20140726071814Th,0.0
9827649f-5339-43d2-9bc3-9444c63df648,010101-20200116073250Uh,0.0
dcd427cd-318b-45ef-a83c-74fc6de4e8a5,060403-20150417082314Th,0.0
976a25d7-fbd5-44a6-ba7f-51da621affa5,060403-20150417082314Th,0.0
bc889865-1066-473c-b988-c6c46b506116,060403-20150417082314Th,0.0
ff6d7008-c06f-4596-a9ca-d99bc365d47d,060403-20150417082314Th,0.0
8ac41262-c7c9-4c4c-886e-4da748ee0d5c,060403-20150417082314Th,0.0
a89a3508-10bd-467d-8b76-32f25635597f,060403-20150417082314Th,0.0
bbc6fdcb-7ae1-4d99-8916-addd3b7924a1,060403-20150417082314Th,0.0
a1fd9664-6dca-48b3-9780-59a270d704aa,060403-20150417082314Th,0.0
1b509c55-9eff-46ea-a652-62cce70a8f99,060403-20150417082314Th,0.0
b59cbf5a-5ee4-4549-8bbd-02cba296d8d0,060403-20150417082314Th,0.0
9a58f30b-aacb-4f6c-ae2f-c89db951cdbb,060403-20150417082314Th,0.0
73bf73f3-6787-47f8-9f0c-b53b53dad5ca,060403-20150417082314Th,0.0
91f91587-7c79-476f-919a-9144caec47f9,010101-20130811140254Bh,0.0
4f530783-a4d2-418f-8077-1705021a5444,010101-20130811140254Bh,0.0
5277f26f-41d5-4688-baa4-f8df17e882f6,010101-20130811140254Bh,0.0
b3c7208b-9b88-4632-96b4-a1d6b93d77f6,010101-20130811140254Bh,0.0
38c28d7d-fffd-48b2-8571-666e7da33f0f,010101-20130811140254Bh,0.0
b4cbf310-01be-4d1e-addb-3186126717d3,010101-20130811140254Bh,0.0
f096c15c-e18f-484b-add1-52880a092dc3,010101-20130811140254Bh,0.0
3badd461-23ce-48e2-b0bd-4c6f6ad9f471,010101-20130811140254Bh,0.0
27a3c00e-68e5-4b04-9933-1c76f9d35fd5,010101-20130811140254Bh,0.0
74a22a06-b61e-486c-a8d9-2cac62aabadf,010101-20130811140254Bh,0.0
487fc866-2910-494f-8efd-88dfa32d558a,010101-20130811140254Bh,0.0
8ca7342b-d0fc-429a-b052-fcac0588b2d0,010101-20130811140254Bh,0.0
020abb0a-c63e-4fcc-9282-199ea2108722,010102-20130811140254Bh,0.0
187f245d-2617-452c-b139-f60648468d21,010102-20130811140254Bh,0.0
48e9da7d-4212-48db-85bb-bf7f23f16988,010102-20130811140254Bh,0.0
196682ea-b870-491c-b842-ca7095269ce1,010102-20130811140254Bh,0.0
c4233470-e652-4074-8381-29c2b3d4e9b5,010102-20130811140254Bh,0.0
21bf8e5e-fe99-459c-8cce-a4f22eaa7d2f,010102-20130811140254Bh,0.0
0a2e31a2-183d-414e-850e-2b16feb1d37f,010102-20130811140254Bh,0.0
e8bbb2da-a366-4dbe-b552-5e4c03e4b305,010301-20160401133734Ch,0.0
f62f6735-5d49-4bc2-a18e-d0d48175f128,010301-20160401133734Ch,0.0
5f7a9911-b4f5-4825-a8d0-1c3122ebf301,010301-20160401133734Ch,0.0
84820189-5f32-48a3-ac92-3862aac508e4,010301-20160401133734Ch,0.0
4d9ec2e5-4e8c-4f81-9d49-f46831681dd9,010301-20160401133734Ch,0.0
08584e02-8449-4ef6-a627-c4079e5b5417,010301-20160401133734Ch,0.0
b5714c04-faa0-43f7-8a92-478bf9e720dd,030302-20120306063154Uh,0.0
ff9d62ec-0b15-4bd7-bbf4-ada7404bfd3c,030302-20120306063154Uh,0.0
e15b1184-acd9-48fa-be03-fb5b89d26cf6,030302-20120306063154Uh,0.0
4972dad7-2cdf-47d0-82e8-b0fedfb74d03,030302-20120306063154Uh,0.0
fd180d85-492e-41fd-9f9f-35fed1e69f4a,030302-20120306063154Uh,0.0
4ab9cba0-8708-4b03-ac64-e75867433b81,030302-20120306063154Uh,0.0
0357bfe4-c1c6-4ea1-874d-43189eacea64,030302-20120306063154Uh,0.0
ea93d434-46ee-48e7-8528-1b183704c76b,040401-20151219133734Ch,0.0
30f8805e-1cb0-4f95-82a9-57881250434e,040401-20151219133734Ch,0.0
841773de-d8aa-45db-97f8-3016effa499b,040401-20151219133734Ch,0.0
b719c708-d169-4d80-b1c9-b014de7efe9f,040401-20151219133734Ch,0.0
79d29663-5e49-4f01-9ea1-b18496295f1d,040401-20151219133734Ch,0.0
04238662-64e4-49c8-83f3-b7489e603b5e,040401-20151219133734Ch,0.0
53bf2cba-521a-41e2-9a59-8f0b47271608,040401-20151219133734Ch,0.0
f78356b3-8d93-4ce3-82d9-bcaa71631c6c,040401-20151219133734Ch,0.0
5fb26613-e204-4ef4-863f-f34b866196d8,040401-20151219133734Ch,0.0
a8601b7f-5dc9-442d-8e6e-8e0a5f4d8369,040401-20151219133734Ch,0.0
1ee977ad-f11b-4dc2-aa0e-4130eea04bd3,040401-20151219133734Ch,0.0
7281f731-e826-471a-9cc8-865e043cbdaa,040401-20151219133734Ch,0.0
4e8c504b-ba2f-4af4-b565-1746daa87500,060403-20110221173814Mh,0.0
c37abad2-48e4-4bf9-9cda-2ce49819c4f2,010101-20161222133714Th,0.0
2761d588-3229-4ad9-b6dc-6a539b941ca6,010101-20161222133714Th,0.0
e88d7ad3-1d79-40e5-b249-6c86d165396e,010101-20161222133714Th,0.0
4559980a-cdc3-40d0-8ad2-868c942dd522,010101-20161222133714Th,0.0
e8b8384b-fddf-40b0-97c6-2566043c171d,010101-20161222133714Th,0.0
f2baee66-09e8-4b31-9197-41dd3e134548,010101-20161222133714Th,0.0
f75b8945-a3e4-4243-a2ab-8dfc6a58bc2c,010102-20161222133714Th,0.0
459e085f-fcbe-4a07-af4e-933afc36e40d,010102-20161222133714Th,0.0
9bba6ca1-e837-4dd8-853b-f930591d0c73,010102-20161222133714Th,0.0
306447f0-83ee-44ee-be09-6c3e92b6a7b9,010202-20180112130330Ch,0.0
000dcd92-b394-4e01-957d-eabb0840b992,010202-20180112130330Ch,0.0
6c778c27-0d3d-4d16-bfdb-eccf2f525e05,010203-20180112130330Ch,0.0
6ce74c3b-4031-470d-8446-7dfe6828a57c,010203-20180112130330Ch,0.0
e1673ffc-3b01-4c6c-ba4e-debac9715795,050202-20160430133734Ch,0.0
0a4e4db9-a142-4390-b763-db09b69a798d,050202-20160430133734Ch,0.0
408434bb-4d65-4508-88a2-2b2b29822266,050202-20160430133734Ch,0.0
fff5c3a8-a274-4bf1-a5ce-01bd3278a7d9,050202-20160430133734Ch,0.0
bce7dfc7-70e9-4fa7-ae6e-dcc49e96f4ac,050202-20160430133734Ch,0.0
2385e725-ae35-495d-8d8b-6f9abfb1daf6,050202-20160430133734Ch,0.0
161443e5-9bf9-4921-b685-e023b78e99eb,050202-20160430133734Ch,0.0
81ea475f-0d32-4b0c-b530-0d119b4fc5a3,050202-20160430133734Ch,0.0
60db9f9e-312d-4c08-a606-7a1a2d91601c,050202-20160430133734Ch,0.0
f7d7897c-f546-4843-9688-e9d95e3fb542,050202-20160430133734Ch,0.0
f52c6235-1038-4f62-b6be-3bc2b03ad034,050202-20160430133734Ch,0.0
2fdcea49-da01-4861-a882-3dcbe833bfb0,020101-20160518011654Uh,0.0
2e885fd4-1119-4bd5-a7eb-1545d8bdf9d6,020101-20160518011654Uh,0.0
e51aca57-9e0a-4799-ba90-55f1b73656c3,020101-20160518011654Uh,0.0
96d8dea0-be6a-4886-9092-c9e46cdabb38,020101-20160518011654Uh,0.0
689f22c8-fd2c-45ea-87ff-d717ded761d8,020101-20160518011654Uh,0.0
7a29a83f-3e3b-4507-9d66-5b8389eeefb8,020101-20160518011654Uh,0.0
5b2a365a-5e86-49ac-9fa2-396555ddf2bf,020101-20160518011654Uh,0.0
13ddef47-2b97-4e39-b02c-5ff8c8422130,020101-20160518011654Uh,0.0
1cd4a98f-4649-4d26-a82d-800c21b0faed,020101-20160518011654Uh,0.0
1d10a2a0-ff13-4642-b226-b14c22cedd36,030401-20130407063154Uh,0.0
c9770848-75ef-4108-8da7-fb7b95d126ba,030401-20130407063154Uh,0.0
d0e8ed7d-b84c-4df3-ba59-58c1c1c3a1bf,030401-20130407063154Uh,0.0
87cc6710-44cd-46c3-9ac6-91bb17be568f,030401-20130407063154Uh,0.0
55701ca7-6247-47eb-8c51-c94ec6f006af,030401-20130407063154Uh,0.0
a5dbc1ba-e633-4df8-a291-9cba169ca0c3,030401-20130407063154Uh,0.0
096e32a2-85db-483f-9554-7ec1c6cbb3da,030401-20130407063154Uh,0.0
091ee77d-9179-4c14-babd-212253846a5d,030403-20130407063154Uh,0.0
03e63a8f-7f75-493a-a439-00afea46efaf,030403-20130407063154Uh,0.0
19bd5f97-224d-455c-bc0f-a274e6cfd8ee,030403-20130407063154Uh,0.0
dde74554-e5d6-4214-8174-bf8708cc5f35,030403-20130407063154Uh,0.0
4ee777b2-074b-4205-9b5d-1794ba0fcc55,030403-20130407063154Uh,0.0
262ba4f7-633c-4475-b945-2f1acae76e6a,030403-20130407063154Uh,0.0
c922d94f-0e40-47ee-853b-68605731d175,030403-20130407063154Uh,0.0
ee374a13-9fb4-433c-9fe0-45a86fe000e0,030403-20130407063154Uh,0.0
c4abcbea-fd32-44e7-983b-041a4d4536c5,030403-20130407063154Uh,0.0
2b91078f-425c-414c-b002-66b6c574f8de,010402-20131107043054Uh,0.0
09e90021-809d-49d2-8644-9527d6571326,010402-20131107043054Uh,0.0
6ff07e27-b9a1-4c7d-81d0-3783095a1a7d,010402-20131107043054Uh,0.0
4b5bd5a7-7915-42a4-8b99-f2cf06c536c6,010402-20131107043054Uh,0.0
1c5c120e-9fca-4858-ac9e-d149ba3e0e7c,010402-20131107043054Uh,0.0
9e380522-c295-4f84-acb8-131473f13bab,010402-20131107043054Uh,0.0
49a42590-8d1a-4798-93a2-5e2d7a3b1918,010402-20131107043054Uh,0.0
adea9edf-9b91-4e0c-924d-dee604e689a3,010402-20131107043054Uh,0.0
5f634ee9-990e-4be3-89ff-e24fee44634e,010402-20131107043054Uh,0.0
be6dbf3f-1355-4a95-908b-51b050bd01a7,010402-20131107043054Uh,0.0
224da576-dfda-4bf2-8842-9b8f838dc27d,010401-20131107043054Uh,0.0
07b2c4bf-8de9-4511-8a11-077c66c317f8,010401-20131107043054Uh,0.0
7e2d32a0-803a-48fe-9d0f-fb12397b7bdb,010401-20131107043054Uh,0.0
64308b61-c388-47b8-9e0b-daef088914cd,010401-20131107043054Uh,0.0
22dd4e1d-86f6-438c-a335-36c90639c07c,010401-20131107043054Uh,0.0
b4b609d3-0eea-4ca5-8d41-a0cebd48a6be,010401-20131107043054Uh,0.0
63a73081-bb7b-4649-b3cd-94421da69f79,010401-20131107043054Uh,0.0
4ffeaa21-8de3-4c18-bc15-18f4875a8af1,010401-20131107043054Uh,0.0
0512b6e3-a829-47b1-a7f7-0d02af57e567,010401-20131107043054Uh,0.0
f4dae473-1b65-46b7-9160-28e47bd52d6b,010401-20131107043054Uh,0.0
c7125d72-89a1-4da1-ae85-ebc75b52ab65,010403-20131107043054Uh,0.0
4e51c710-80ea-428b-8f02-2dac4c5517b1,010403-20131107043054Uh,0.0
40d57193-e005-4ff3-b31c-ec862e2f0aad,010403-20131107043054Uh,0.0
ec5949bf-c291-4ee6-899b-82c0cbbdfdab,010403-20131107043054Uh,0.0
ded5e54e-5ffa-44ae-8095-ee9a105bbfbc,010403-20131107043054Uh,0.0
a9f7e096-aa92-43ff-83c8-425f3103b375,010403-20131107043054Uh,0.0
2c054e3f-9fc0-41f0-8681-dc04622a9873,010403-20131107043054Uh,0.0
5b2d2315-e21d-44a0-9bdf-71e381207068,050103-20140710083214Th,0.0
dbd54be8-4d6e-4845-92d3-d90e0162759d,050103-20140710083214Th,0.0
3d68ce38-db71-48a3-abee-69c58cfc67ae,050103-20140710083214Th,0.0
396b085f-e23f-4962-9baf-c2ce2491de17,050103-20140710083214Th,0.0
b229c184-972a-43b6-aaa8-9aa23d2e23c9,050103-20140710083214Th,0.0
d4c7d635-3d10-48de-a3a2-2705acbdfa99,050103-20140710083214Th,0.0
888a4684-cba3-4363-9c10-2c1ef4b12e9c,050103-20140710083214Th,0.0
9586af51-f55d-4ac2-bdb6-3bc69383c02f,050103-20140710083214Th,0.0
62fb84d8-6b89-4998-b29c-49f6ef6011f1,050103-20140710083214Th,0.0
0838839f-cfe9-4a3d-9172-7b17cd991f62,050103-20140710083214Th,0.0
5f892e98-4e93-4974-affb-f28a173a9207,050103-20140710083214Th,0.0
37dc6808-a753-440a-af4e-a67cf2b73562,050103-20140710083214Th,0.0
33f13f52-8db3-415d-99fc-89e7629a3c88,050103-20140710083214Th,0.0
a499ef45-f2b5-42b9-9764-ad7bd346c5cc,050103-20140710083214Th,0.0
58fb43b0-7702-4a68-b25e-8e30cbfbe12d,050103-20140710083214Th,0.0
5c089da9-3438-4e72-b4b2-5ad3786ce3e8,050103-20140710083214Th,0.0
07e0969b-fb5d-4904-8df1-f4a99f98138b,050101-20140710083214Th,0.0
900fb4ad-9db8-4416-a807-efe866c151af,050101-20140710083214Th,0.0
e1a3c509-d350-4c74-8c3f-5e35961f52e9,050101-20140710083214Th,0.0
cdcba842-b4ef-401d-a59c-9251f9ab0734,050101-20140710083214Th,0.0
11f7380e-d6cf-4fbd-a909-162aefaa6537,050101-20140710083214Th,0.0
107efaf9-fa3e-4725-b122-be04eff20b3b,050101-20140710083214Th,0.0
44bb940d-e5b1-419a-9fa3-102e3a005bd9,050101-20140710083214Th,0.0
8346ac7d-fd46-4254-96d8-9f0ef9933062,050101-20140710083214Th,0.0
ef66564b-e85d-4be9-82a0-fab3abe11e72,050101-20140710083214Th,0.0
2b53b412-8b10-498f-afe2-f77692563e71,050101-20140710083214Th,0.0
9c3134c8-c2e6-4778-93bb-19383e0af49a,050101-20140710083214Th,0.0
d8847fab-435f-42f9-96e3-caceb91d0101,050101-20140710083214Th,0.0
c4f624e2-c78f-481d-904a-28ce3af5ef78,050102-20140710083214Th,0.0
1d7de232-7bd2-4053-8e2e-3e7d7aaf112a,050102-20140710083214Th,0.0
635eedcd-5e5e-48d8-a7e0-21209ed956f8,050102-20140710083214Th,0.0
f7a6303c-4d09-41c0-a352-9d4299a54f9b,050102-20140710083214Th,0.0
800e866d-1057-4028-8f8a-118eef85a8ef,050102-20140710083214Th,0.0
29bb4d42-42d9-4fd2-91e9-3f0e47b3682f,050102-20140710083214Th,0.0
91019eb3-699a-427a-9a35-41008addf526,050102-20140710083214Th,0.0
d5a3eb30-4615-4955-8104-5e608bcb942b,050102-20140710083214Th,0.0
bbb0ae3c-1e57-4ad9-8885-261bdd600ced,050102-20140710083214Th,0.0
880a7299-6d03-4211-8d63-950354ee9d39,050102-20140710083214Th,0.0
3c983ae3-0b7a-4d12-9489-87ca4dab42cb,040102-20140607195854Bh,0.0
0f8e3d1a-3fc8-4133-84a9-211ba41f649d,040102-20140607195854Bh,0.0
848ff04d-4d53-492c-ab74-2efc3a220573,040102-20140607195854Bh,0.0
9a2bc222-21c0-43ec-b0c3-396b0595e1c7,040102-20140607195854Bh,0.0
e0268aa3-a8e6-4d93-81bf-db2c9dd5f367,040102-20140607195854Bh,0.0
71563a24-398b-4b32-9bfb-c08d725243a1,040102-20140607195854Bh,0.0
e6e99b58-6049-4a57-99ee-af8140956a3a,040102-20140607195854Bh,0.0
7ec65160-50e4-4bb3-8bdd-3d4c8a96ccf5,040102-20140607195854Bh,0.0
85d3ee38-56e6-4723-98cc-6d65c00924d1,040102-20140607195854Bh,0.0
f5e7ef7b-fbcb-4f9b-b54e-daed36a3f85e,040102-20140607195854Bh,0.0
861b34d9-e758-4d3f-bcb7-d6f7861c5ff8,010203-20140531195834Ch,0.0
c5fe1761-1934-4f46-80c4-874d38fd3da2,010202-20140531195834Ch,0.0
50f1e124-18c3-4108-93c0-a370547d35b1,010202-20140531195834Ch,0.0
961cb5ad-539c-431b-94c1-91ec7d721900,010202-20140531195834Ch,0.0
4768b056-747b-42ea-abae-f92fba715cb1,010202-20140531195834Ch,18.043499999999995
58e0f384-47e6-4250-86a7-7ec77554f612,010202-20140531195834Ch,0.0
c3889d16-5d61-4511-98ca-1e07e7aaffa5,010202-20140531195834Ch,0.0
8c2ab4a5-1667-4426-816d-1175f6df47ca,040401-20110509121334Ch,0.0
f7f1c829-f1f2-4f57-ab77-470c72d8f02a,040401-20110509121334Ch,0.0
9eb8630f-6ff4-4ecf-a64b-d56c72c54c34,040401-20110509121334Ch,0.0
2e8dbaae-d124-414a-af68-d52ecd6c1993,040401-20110509121334Ch,0.0
67789855-5146-4fa1-bf6a-3cfe322f1033,040401-20110509121334Ch,0.0
1614def5-ce1c-46ad-a421-b0755b49ecbe,040401-20110509121334Ch,0.0
53aa895f-c507-4b3e-828a-34d20f7b5784,040401-20110509121334Ch,0.0
9b41d9ad-370f-415f-92dd-83eeb2e06f8a,040401-20110509121334Ch,0.0
ea7963d8-aad4-46c3-aa4a-c392952b8f3b,010102-20171101133730Ch,0.0
2c682009-cf3f-4ea0-adf4-c6144adfd697,010101-20171101133730Ch,0.0
af67d618-821e-4c57-b9ef-25fd08ead9f7,010101-20171101133730Ch,0.0
79802e38-9392-4882-a117-6ff550b70624,010101-20171101133730Ch,0.0
abce195a-d2e5-4d45-8fd5-62ff0c85106d,010101-20171101133730Ch,0.0
d88c82eb-6bf0-42a2-8420-077dc4339b68,010101-20171101133730Ch,0.0
ae4d2052-5e02-488d-ad86-014670534d17,010103-20171101133730Ch,0.0
f9851626-cff2-41d0-91f4-c3e8d77c18a9,010103-20171101133730Ch,0.0
4d1f870a-c4e6-4a7b-9f0a-06937e2a0ab6,010303-20160204133734Ch,0.0
c743ca49-f7b3-4b9b-897a-af454d21cdbd,010303-20160204133734Ch,0.0
5ea4ecb7-18ae-45f9-b87e-6ab01f626ada,010303-20160204133734Ch,0.0
fc07b280-7bff-4d7e-89ba-6870a421cc4d,010303-20160204133734Ch,0.0
2e25b27b-0d6f-4560-a799-26f8710e1e27,010303-20160204133734Ch,0.0
940ca27c-7e60-4466-aac2-d8f48e41567d,010303-20160204133734Ch,0.0
f8e08c38-d36a-4d75-aa83-e328a2f4e873,010303-20160204133734Ch,0.0
32c84bfa-414a-4c32-bece-0dda9dccc8c0,010303-20160204133734Ch,0.0
fe147ed4-3b3e-415f-85fa-d6857177c3ab,010303-20160204133734Ch,0.0
9dc9ac33-9761-46ba-9d2f-726c124282d6,010303-20160204133734Ch,0.0
97e00bb3-0e31-45e4-8351-509ad55cc305,010303-20160204133734Ch,0.0
babe83f0-6255-4b71-a45c-1212bb9de1f8,010303-20160204133734Ch,0.0
5f6903f3-90a6-4444-bd1b-d62cbcf73224,010303-20160204133734Ch,0.0
8e237a23-3ba1-497e-a4df-054ff53c1e46,010303-20160204133734Ch,0.0
abf283dc-4c1d-44b9-ba31-f50bbd6fdf5f,010303-20160204133734Ch,0.0
42ece66f-de51-4118-9d6f-7aee0bfd5348,010303-20160204133734Ch,0.0
b285306d-b423-42e7-98d6-4a278f3c8cff,010302-20160204133734Ch,0.0
21d00d3b-7d70-41f8-a9c8-48aa394ff1f8,010302-20160204133734Ch,0.0
7a2d49b3-6d87-4566-b4a4-f5521a04d3ec,010302-20160204133734Ch,0.0
ec267395-f680-482b-9d13-10003746a437,010302-20160204133734Ch,0.0
502faaac-8ea7-4d21-b991-b351239c331e,010302-20160204133734Ch,0.0
b560e969-78cc-4165-adfd-180f75d267aa,010302-20160204133734Ch,0.0
16716d1e-e3c7-46ea-a734-b03e3ee7befd,010302-20160204133734Ch,0.0
df833e35-b59a-4dd9-a4ee-206cd225f94a,010302-20160204133734Ch,0.0
02b40c61-5f6c-40cb-87c9-4c5564e0416b,010302-20160204133734Ch,0.0
9abba005-9f0f-47e0-903b-776d669a976d,010302-20160204133734Ch,0.0
0dbc326c-0036-4f2c-aca0-976724fd6d6a,010302-20160204133734Ch,0.0
0f68ced8-d160-4190-a8bd-90c9e27a955e,010302-20160204133734Ch,0.0
91e8e3dc-2a47-4d7d-a468-a41d8e8fbdc5,010202-20121024164714Mh,0.0
af9c5c5f-42b8-425f-a52d-c8f3147c6520,010202-20121024164714Mh,0.0
bd6d2fe7-138e-4346-8696-7bb57d23c8a2,010202-20121024164714Mh,0.0
10c08c28-877f-4ad5-bfd6-516789b53b65,010202-20121024164714Mh,0.0
d50b952b-e834-48c3-b85d-658bc78515e1,010202-20121024164714Mh,0.0
a36d99fd-fda1-401b-8465-f0e3bcea5c84,010202-20121024164714Mh,0.0
3cd93653-1b33-420c-8440-7b1b7c748338,010202-20121024164714Mh,0.0
3f10e136-9afc-4b5b-8850-c43ba9304da9,010202-20121024164714Mh,0.0
3bba1888-569e-4ae6-b714-712d9850ce8b,040301-20111208063134Lh,0.0
2108926a-31d2-4b5c-8c64-5aa237f7bf3f,040301-20111208063134Lh,0.0
b1c4b284-db23-4523-a8f7-a45f6a14c022,040301-20111208063134Lh,0.0
324d07e9-5ff2-4767-80e6-d753a60739d2,040301-20111208063134Lh,0.0
e3c17699-70d2-45a4-ade8-80f11ca9e218,040301-20111208063134Lh,0.0
b5ffbd77-277f-4c20-a4fa-bfb2286f31a7,040301-20111208063134Lh,0.0
e9392c9a-6584-4142-a181-451f7f63c5eb,040301-20111208063134Lh,0.0
4ce1c386-fff2-4bc6-9878-883b5e27e1fb,040301-20111208063134Lh,0.0
d56c884e-3323-4d65-8515-11211fa66350,040301-20111208063134Lh,0.0
a46b6a18-8b21-4e07-adaa-c962e75de552,040301-20111208063134Lh,0.0
2adae73f-8246-4db9-83fc-37e93e10d136,040301-20111208063134Lh,0.0
fa74fb21-d7f6-4394-97f4-3c2ca69fb887,040301-20111208063134Lh,0.0
26518b2d-f6cc-4254-b52e-60337f6298d3,040301-20111208063134Lh,0.0
fde257a4-975d-44c1-83ea-d2d59648ef2d,040301-20111208063134Lh,0.0
30798efa-d5b1-46f4-b11e-76d7d3ac9e6a,010302-20131125192154Bh,0.0
440628ed-d040-4b37-ae9e-17f26562d77b,010302-20131125192154Bh,2.5004999999998745
de408d4e-0cc8-4a08-a3dd-2f653550c0bc,010302-20131125192154Bh,0.0
67e7a1f7-9063-4735-8c77-f952470f4837,010302-20131125192154Bh,0.0
679a290f-6057-46a2-9d7d-e3c8044f48e8,010302-20131125192154Bh,0.0
0fd305d7-9a13-4d20-84ed-33c5bc3ab2c9,010302-20131125192154Bh,0.0
428b02ec-6d2d-486a-9fda-0b3aa3af9b68,010302-20131125192154Bh,0.0
ae050e10-ccaa-4b41-bc86-63f0924594c1,010302-20131125192154Bh,0.0
178c2db5-6038-4728-8a1a-c9f68a211412,010302-20131125192154Bh,0.0
e6f2a65b-b4a1-4788-a3f2-5ae5b213467b,010302-20131125192154Bh,0.0
e11c7f73-93ec-42c1-872e-80cbbdce4bc7,060102-20150323172814Mh,0.0
95530c25-07dd-41e4-aa3c-af861d3b8c00,060102-20150323172814Mh,0.0
4fca2e71-81db-4ebb-8086-023382c7cbfb,060102-20150323172814Mh,0.0
e2e9701b-1671-457c-acec-be7198554db7,060102-20150323172814Mh,0.0
b27b21b1-76f0-4f63-968e-955eb45e3d6d,060102-20150323172814Mh,0.0
6b177aa9-d497-40de-876b-7013f3d74edf,060102-20150323172814Mh,0.0
95f90619-9f96-4ab6-a0e9-83c0dcef32b2,060102-20150323172814Mh,0.0
8944953a-7718-43ee-9ed1-9a6a4b528a1d,060102-20150323172814Mh,0.0
ae7bc1a3-fd37-4952-8740-526b98c15185,060102-20150323172814Mh,0.0
63525e26-58ef-4b4e-8417-86ffb56e6dea,060102-20150323172814Mh,0.0
21fe5027-a55b-4b8b-a8cd-cbe5c9194a6f,060102-20150323172814Mh,0.0
0f8c917a-cb6c-4697-92f6-1aff57a62aaf,060102-20150323172814Mh,0.0
fa120250-81ff-437c-b175-ca0b2678976e,060102-20150323172814Mh,0.0
5138735d-8fa6-487d-888c-401081cab503,010203-20170222133710Th,0.0
612932f5-0233-454b-8904-c4b72d0689c7,010202-20170222133710Th,0.0
5c23e648-1b05-432b-8b72-9531cb8355fb,010202-20170222133710Th,0.0
8b40156d-1e5c-4949-9012-b1f59db84b24,060403-20120114063154Uh,0.0
56cb2088-50ce-4b0c-a539-ffd2a3b974b2,060403-20120114063154Uh,0.0
a05ef6ef-9262-43dc-a8a6-ca7fdab2ccc2,060403-20120114063154Uh,0.0
474e0c80-a07f-41bb-902b-9a96166c5e62,060403-20120114063154Uh,0.0
2eb6ffc1-0f99-4ee0-8d4c-2d633e6174b3,060403-20120114063154Uh,0.0
9dca8e71-523e-4d87-9480-af1079a8d6b7,060403-20120114063154Uh,0.0
d7e87997-d976-4a48-a782-8374d8240a2d,060403-20120114063154Uh,0.0
56813c0d-3182-44e6-95a5-11e893cfe5a7,060403-20120114063154Uh,0.0
b33a3799-fecd-4e52-9580-e71d51d98d65,060403-20120114063154Uh,0.0
9fb9548c-9f72-479b-9b9a-6eea0ec44c3b,030302-20141025031154Uh,0.0
15055b32-374a-4c9f-a3c9-a9fc2bd635dd,030302-20141025031154Uh,0.0
ed96320f-289c-4c28-bb35-f127c4a26279,030302-20141025031154Uh,0.0
1a62f878-7a21-4ed1-ad17-b44596b82b2f,030302-20141025031154Uh,0.0
f94ddc53-21a4-4f6d-9159-4fdd4f3f2148,030302-20141025031154Uh,0.0
2b008122-227b-42f6-b294-e307a8ccf598,030302-20141025031154Uh,0.0
da4f378f-de05-4e29-89a2-98cfaa85ced4,010101-20181023232430Lh,0.0
5e86eeb8-03ed-42cc-ab3b-3b69fe70b1f3,040401-20120803164614Mh,0.0
b0031a96-cc2e-421d-81db-d56f2b33ee2e,040401-20120803164614Mh,0.0
4f0eabde-9f6d-48b0-808b-52e7d5c7d59f,040401-20120803164614Mh,0.0
61d53a19-ab73-40a9-b080-3fb2e2e26c0b,040401-20120803164614Mh,0.0
5965e202-1ed4-4bae-8152-f7bb8b6d53d4,040401-20120803164614Mh,0.0
134f7b31-9b09-40b6-a213-94b7ee5fb9cb,040401-20120803164614Mh,0.0
1f4b54be-295c-4fa0-94e1-8ca38352ed0c,040401-20120803164614Mh,0.0
e3736a7f-a070-4e43-8b6d-ae8dc146b935,040401-20120803164614Mh,0.0
48b06900-e061-4582-9109-3034aae7a7e7,040401-20120803164614Mh,0.0
33a11984-8b86-4cab-bcf6-f4039b258d67,040401-20120803164614Mh,0.0
15128f43-2b2c-4873-a4cf-f9926855a263,040401-20120803164614Mh,0.0
d83b8175-cf56-4c70-8252-8b5046d92bfb,040401-20120803164614Mh,0.0
ad8a10bc-f575-400c-ba22-4577564890d2,020101-20180925000030Lh,0.0
8a9bdb6e-5aee-4785-ab3a-707ef9def0ea,020101-20180925000030Lh,0.0
01a7540e-9e40-4ad4-8cb3-a3241274eb86,030401-20150727082014Th,0.0
841c6ec3-aada-46d3-bdc0-fd09fe9434f2,030403-20150727082014Th,0.0
a544d38f-9088-4d0c-bd40-bdbc005f642e,030403-20150727082014Th,0.0
01a161e5-890b-41dd-8468-26f7cdbb982a,050102-20120110155754Bh,0.0
b16f5eaa-d375-40c0-b0d7-fcb7af3ef97c,050102-20120110155754Bh,0.0
4f45c643-4f38-4e98-9191-6d68ca8c605c,050102-20120110155754Bh,0.0
8247e6a7-5ddb-4fc2-af2a-5be61d268e61,050102-20120110155754Bh,0.0
6f9b3d9d-1980-41d5-8f72-47270d40c479,050102-20120110155754Bh,0.0
22079666-ffa8-4c49-93c4-3fe4e266c9cd,050102-20120110155754Bh,0.0
2d5d3692-352d-4e63-b8ec-044f9c43794a,050101-20120110155754Bh,0.0
a5ce620b-5508-4181-9540-61c1693828d7,050101-20120110155754Bh,0.0
7e705ce2-9cca-4fd8-a3f9-0178b2240546,050101-20120110155754Bh,0.0
ee8a757f-b6e1-4694-9c04-6d66c91973a0,050101-20120110155754Bh,0.0
778ff55d-a160-4d80-a085-e44fc943e665,050103-20120110155754Bh,0.0
71b08281-19e8-4666-96d4-f461c945a34d,050103-20120110155754Bh,0.0
dd8c1e19-9c31-4d09-ab2f-086349e7468e,050103-20120110155754Bh,0.0
cc06fa8f-24bc-4175-89f4-6a80d934d996,050103-20120110155754Bh,0.0
490ea69a-006f-4fad-8f6a-b72fc1d2bf46,050103-20120110155754Bh,0.0
37e12c12-1976-4cbf-837d-fda75a4a853a,040102-20180710031950Uh,0.0
3e29a2fd-d001-492d-b780-fea3c971a51c,010203-20170310133730Ch,0.0
0c740c9d-9bb3-4137-81f4-1b929d84686f,010203-20170310133730Ch,0.0
98903a7d-9408-4634-b3b6-3d008ac47945,010203-20170310133730Ch,0.0
69c9724c-a911-4447-a392-fadbeebdee28,030302-20120928063134Lh,0.0
f2c58def-b7c5-497a-a4a2-7027adb79d33,030302-20120928063134Lh,0.0
9dfdf202-621c-48c8-a73b-5609e6e0d3ea,030302-20120928063134Lh,0.0
01ea9472-8f1c-4089-bf4d-b4181ebd8f53,030302-20120928063134Lh,0.0
ac276a2c-bfec-4968-ab75-cf77204a5f79,030302-20120928063134Lh,0.0
16ce85d9-fe65-4e38-8a2d-90d439ce8d4b,030302-20120928063134Lh,0.0
48a52bee-4f67-4f20-b7a4-d5e7e0c1cbac,030302-20120928063134Lh,0.0
fb1b520f-07d3-436d-b0cd-ea679864f190,030302-20120928063134Lh,0.0
913bbb46-84ba-47c2-b556-791334bceb12,010401-20210223222830Ch,0.0
e12bd1b8-2509-4395-9dcd-1efe80e06841,010401-20210223222830Ch,0.0
015db2d1-2914-4572-be02-7bbd89a390b0,010402-20210223222830Ch,0.0
e7107c45-97c3-47f1-9777-c6cdf8a85b37,010402-20210223222830Ch,0.0
e3fbaef5-edfb-4b52-94b4-1522e0fb51e9,010402-20210223222830Ch,0.0
71750eaf-7b13-4ea1-8d9e-6fdbedd76d85,010402-20210223222830Ch,0.0
b9181efc-0fee-4b50-b1b0-10cff4baac37,010402-20210223222830Ch,0.0
ef815b73-b211-4356-9b72-82ca51836fe6,010403-20210223222830Ch,0.0
29118c39-522a-42fd-8a7b-545bc3eb6cb1,010403-20210223222830Ch,0.0
3f6b387b-b18c-4a95-889a-575d37d1ecb9,010403-20210223222830Ch,0.0
25e00f50-cd20-4e0c-a77f-3f1c12d5ee4d,040301-20140213024554Uh,0.0
bf382bb1-910b-4ad7-ace4-2cda034574a5,040301-20140213024554Uh,0.0
c13801eb-2281-4f9a-aeb9-4d6b639d67e5,040301-20140213024554Uh,0.0
efbaba19-2835-41c4-88fc-6c7038d83ade,040301-20140213024554Uh,0.0
771004c1-8733-4ce2-a33d-0b54e463cb06,040301-20140213024554Uh,0.0
6336c7b5-3f59-49e0-b887-ebe66103c7f3,040301-20140213024554Uh,0.0
699140e8-b47b-48b8-9bbd-3630ef78c067,040301-20140213024554Uh,0.0
f90934a9-b54e-42e6-8055-103b031e3aea,030302-20140615195814Mh,0.0
d84ecf7a-05ca-4b73-bd33-b113ba7f1bb8,030302-20140615195814Mh,0.0
dc874dc8-0af6-44b4-a863-6085b2410ced,030302-20140615195814Mh,0.0
c3a06fa3-52e9-4046-a893-6d71249d2363,030302-20140615195814Mh,0.0
79007d22-5bf1-4e3d-afbb-c1d2e483e47c,030302-20140615195814Mh,0.0
63ca0284-52d3-4ca8-abf5-d9799abbdaf0,030302-20140615195814Mh,0.0
e1922e2d-f926-4d95-bf5c-8fc46400b165,030302-20140615195814Mh,0.0
c944d4ff-0101-4f8a-b713-4a9a96d6f9dc,030302-20140615195814Mh,0.0
db35847a-9200-4400-8026-0b93421bfbc5,030302-20140615195814Mh,0.0
5ba9f756-3d1a-49ce-8962-0adc5caf1eb1,030302-20140615195814Mh,0.0
2cc8f51b-1f5e-4365-a912-aa308d7f4a5f,040301-20190701123830Ch,0.0
30889baa-9651-4ac6-8801-76a8ad47a9ad,040302-20190701123830Ch,0.0
b8eeec2d-c31a-4ac3-9172-2f1aca3f38f0,040302-20190701123830Ch,0.0
f45aefde-4249-474b-8010-854122c87643,040302-20190701123830Ch,0.0
4e2466e3-2200-42d5-ae7c-46803abdfe67,040302-20190701123830Ch,0.0
5c634e58-be7a-4f3e-8c9b-9878769f751d,030101-20120323144054Bh,0.0
73c534d9-422b-487a-aa24-6e290083607a,030101-20120323144054Bh,0.0
160f2158-669a-460d-9b28-ca78a0806b2a,030101-20120323144054Bh,0.0
54a0a095-f3b9-4164-8018-db90b95f14d3,030101-20120323144054Bh,0.0
3736b433-d4b8-47cc-8349-dd778f4fb3c3,030101-20120323144054Bh,0.0
c941e9ed-60ed-4e07-bb36-995ab5100541,030101-20120323144054Bh,0.0
75e51755-0a0d-4efb-b9bf-e24366b03f42,030101-20120323144054Bh,0.0
33e1a539-7a44-4ccb-91ad-8a80e0a4b34c,030101-20120323144054Bh,0.0
d5cbfedb-40a7-4a36-b601-518ba45e521f,030101-20120323144054Bh,0.0
f1721087-14d5-4253-960a-7435d4373b4b,030101-20120323144054Bh,0.0
b11b730f-fec0-4434-b265-4a916dcfabfe,030101-20120323144054Bh,0.0
a0340987-a674-4828-b799-d61b98b22698,020403-20141013195834Ch,0.0
9d912bf1-0230-4346-923c-bfca8821347a,020403-20141013195834Ch,0.0
56022fa7-4176-422b-9fdf-ab79b256b070,020403-20141013195834Ch,0.0
8c7e80ca-db38-48b6-ae5c-732ed820acc7,020403-20141013195834Ch,0.0
5b21611e-a43a-41e1-a695-5567c1ff50fe,020403-20141013195834Ch,0.0
c4bc6114-392d-47a5-a3f8-84880ee83e40,020403-20141013195834Ch,0.0
6a9f6f86-5359-4fbf-8f75-441eb740f0d4,020403-20141013195834Ch,0.0
9cad291a-2868-4b0e-ba23-91f887452a65,020403-20141013195834Ch,0.0
d68ecef0-476d-463e-8a55-a1a197ddb19a,020403-20141013195834Ch,0.0
5f768a2f-dd4e-416d-b6dc-f14ab23374f2,020403-20141013195834Ch,0.0
d51d8c34-8ba0-4837-b959-76c105c0c549,020403-20141013195834Ch,0.0
e671f6b8-caeb-4cad-b967-affe46ad774e,020401-20141013195834Ch,0.0
63ff65bb-8022-488b-80af-221d1637c939,020401-20141013195834Ch,0.0
0c593bbd-cad6-4b45-be66-bbc29421b7ae,020401-20141013195834Ch,0.0
79134017-2e90-4279-abf3-cd70d68eea51,020401-20141013195834Ch,0.0
bc2edc3e-b339-4b4f-8dbc-55765ac7cf3a,020401-20141013195834Ch,0.0
4e85c65c-5a7d-4c31-b596-fed287e59a38,020401-20141013195834Ch,0.0
05c7e8ac-1617-4a11-876f-eb9d426c0a51,020401-20141013195834Ch,0.0
4fda24e6-4462-47b4-93f6-4a92e96b1d11,050101-20150421140454Bh,0.0
4d1442d1-210f-4c20-bf8c-1a2b81d1f6ce,050101-20150421140454Bh,0.0
0161a1b2-d46b-456f-8f18-5ca413f30ff6,050101-20150421140454Bh,15.173700000000053
96e3bf5c-9bd3-454a-a691-f43384d625f7,050101-20150421140454Bh,0.0
f86c86bd-2cae-4248-bfff-f3329249aac4,050101-20150421140454Bh,0.0
ed50dc5d-84a1-482c-9351-b97997f6e7be,050101-20150421140454Bh,0.0
b1edab14-b4d3-4d5c-a3d6-5257cde4811e,050101-20150421140454Bh,0.0
24e07ca7-9de4-4396-8111-268e720e7fcf,050101-20150421140454Bh,0.0
c61a7b96-1fa9-4c3d-861d-96060d040972,050101-20150421140454Bh,0.0
c003bcc3-258f-4513-a94f-95995bfcb1a5,050101-20150421140454Bh,0.0
1ab5cf63-3370-4d13-8e66-d54bee053d8a,050101-20150421140454Bh,0.0
a0908f45-98de-4b1f-bcbd-4272c5d938df,050101-20150421140454Bh,0.0
4db756e6-1028-42c2-b5a7-d03ef427a75a,050101-20150421140454Bh,0.0
2a770d91-a24c-4865-98e2-bf89b55c3f6b,050101-20150421140454Bh,0.0
e4ece45a-f1bf-4065-acc4-c2823cd322b3,050101-20150421140454Bh,0.0
c9dd0fd0-d44f-48da-af29-a5bde6998aac,050103-20150421140454Bh,0.0
de9b5eba-21cf-49c6-9e64-6c438fd3c786,050103-20150421140454Bh,0.0
e79dcb1c-04a6-46b2-8959-09b32193e61d,050103-20150421140454Bh,0.0
0e2899bd-0eae-4b7b-b4c4-ffac606959fc,050103-20150421140454Bh,0.0
64aba184-07f5-4598-b8a9-1595dd28cc6d,050103-20150421140454Bh,0.0
d81d1836-4b25-47c3-93a5-d225f2efe0c3,050103-20150421140454Bh,0.0
973885cc-6b16-4c38-ae92-0aacd14d1a30,050103-20150421140454Bh,0.0
229436fd-c812-4edb-a24e-79183f17e6ea,050103-20150421140454Bh,0.0
062ffa3c-4c8c-4c80-9a02-c07119e0569c,050103-20150421140454Bh,0.0
6c8c8ab9-2c57-4060-87b2-9109361f31ff,050103-20150421140454Bh,0.0
56a85fc9-8f1d-4d29-96c8-db490c9436f3,050103-20150421140454Bh,0.0
1b60558d-318b-4476-9788-d92cc3080442,050103-20150421140454Bh,0.0
3676fd86-d2af-483b-a115-32f66c0e2568,050103-20150421140454Bh,0.0
e8828b90-8ff5-4acc-a929-c1546a601eb5,050103-20150421140454Bh,0.0
840878d2-7e42-4479-a5d5-07a55e0302d4,050103-20150421140454Bh,0.0
2ec69224-5614-4d21-a36a-6450ec7686b3,050103-20150421140454Bh,0.0
e7238da7-6007-41b8-bb1b-d8121cd09d5b,050102-20150421140454Bh,0.0
b0efcf86-0b79-41ef-b20a-f970a4543d2f,050102-20150421140454Bh,0.0
8c8778ef-7b1e-4ec6-a0b8-00f6261b55c1,050102-20150421140454Bh,0.0
9c84e277-b9e2-45e2-9f65-2e17778e1f85,050102-20150421140454Bh,0.0
2093bbc1-6689-4dbc-bd84-8e826786dedc,050102-20150421140454Bh,0.0
9a0cb434-82f4-4606-9d1c-c82ba9d654b6,050102-20150421140454Bh,0.0
bc7df224-d103-4aae-9642-0b963156370b,050102-20150421140454Bh,0.0
31d8d97c-9f1a-4adb-81d2-8de0dcc9e197,050102-20150421140454Bh,0.0
55293943-2d28-4e08-99fc-cbe04a784831,050102-20150421140454Bh,0.0
b5ebec95-3692-47ed-947b-5f13e0388ef1,050102-20150421140454Bh,0.0
b4e80731-5c36-4cf3-8a22-c8a89ddeafcd,050102-20150421140454Bh,0.0
48faf106-fa67-44aa-8d92-a7e86ed5b4a7,050102-20150421140454Bh,0.0
51deddba-23a8-48c0-97d3-2c06145e1e8e,050102-20150421140454Bh,0.0
8156e77a-4a24-4123-b0d4-8b80e7e8d1b0,050102-20150421140454Bh,0.0
7779a2cf-5544-4dfe-8727-d6ad2206ebdc,050102-20150421140454Bh,0.0
354e61bb-8d3a-4a51-ac93-484afe617fbd,050102-20150421140454Bh,0.0
5f55334b-d5db-40fd-81e9-de97c78d9b4c,010202-20140414020354Uh,0.0
04779211-73f1-4316-beba-4f8965b2ce5b,010202-20140414020354Uh,0.0
0658893c-937d-42ba-a586-86cefcb82345,010202-20140414020354Uh,0.0
608efca9-dfbb-4c03-bcae-1e41a3a9b76c,010202-20140414020354Uh,0.0
07e832a9-6281-4cab-bbf4-6bfec9daf6da,010201-20140414020354Uh,0.0
b473b9e7-216e-443c-a2e8-08d1d19a456d,010201-20140414020354Uh,0.0
fbf839f8-ea66-4fa4-a9a2-3d9043f642ef,010201-20140414020354Uh,0.0
b22f58e3-998b-4d4d-b4a8-28b83350e6a2,010201-20140414020354Uh,0.0
442d34dc-9545-45ff-954e-f640bdc8d819,010201-20140414020354Uh,0.0
502ed479-c263-4584-a86b-40a7bc911002,010201-20140414020354Uh,0.0
c36e6d9f-5b23-4dae-abe2-23df3b425ac7,010201-20140414020354Uh,0.0
8744a413-5957-4c4a-b56c-2421c06627ce,010201-20140414020354Uh,0.0
4c85b08f-e815-4092-bcfe-80ce9faa27f6,010201-20140414020354Uh,0.0
9629cc82-c936-4d73-b9e9-bffa96a87416,010201-20140414020354Uh,0.0
d04fee87-37cd-47d3-af3c-646f4c4606b9,010201-20140414020354Uh,0.0
98269f97-ea2d-4151-8a18-416dcb13fb33,010201-20140414020354Uh,0.0
1865308c-a53c-4352-8ab4-239462f2fed9,010201-20140414020354Uh,0.0
a1077742-8dca-4aae-afe9-9d0256f319f7,020403-20131206084114Th,0.0
06ef4c53-d43d-44a3-a5e1-a584a9e9ee3e,020403-20131206084114Th,0.0
bd7889d1-a1ff-4cd0-aec5-238587178a22,020403-20131206084114Th,0.0
2b7c04a4-4575-4980-9b36-e53eb149ade6,020403-20131206084114Th,0.0
610858b8-b98f-479d-8d21-0c62ae5b5214,020403-20131206084114Th,0.0
4280a9f3-72af-43f9-ada0-941968901edd,020403-20131206084114Th,0.0
b2f1af3c-153e-48bf-b3fb-79d9a3074a6f,020403-20131206084114Th,0.0
1c471756-ec64-4023-9d4a-87ea626d6f54,020401-20131206084114Th,0.0
148cbf75-ae3f-4717-a934-d79e854ef604,020401-20131206084114Th,0.0
c7047bf0-9b7f-4885-83de-5cdbacbf45dc,020401-20131206084114Th,0.0
d01b0050-81f1-455d-93a1-c7c37cc33ea9,020401-20131206084114Th,0.0
10ab6dc6-7687-4e3c-8aeb-95a2a3cb8b5c,020401-20131206084114Th,0.0
ebba72bd-9080-482d-bc6a-9db23e38e38b,020401-20131206084114Th,0.0
b0249004-a864-44f6-9d8a-7e01e8ccb9e3,020401-20131206084114Th,0.0
232008ce-5a5b-4bc8-94fe-b7b672723755,010403-20160215133734Ch,0.0
9c9b6557-f87f-45b9-a21e-06ada9ad3d7a,010403-20160215133734Ch,0.0
3ee835d2-5178-4fe2-a871-2a23d3c09cad,010403-20160215133734Ch,0.0
06a94867-5fda-4b5d-a773-d9d3ea947975,010403-20160215133734Ch,0.0
8d0dda53-ba69-4371-9baa-d4e6879365c3,010403-20160215133734Ch,0.0
a2c038a2-dcd6-4c94-b198-3d9cb4e4631d,010403-20160215133734Ch,0.0
84115465-c1b5-4d0b-a5a9-4b75bb1b7461,010401-20160215133734Ch,0.0
9006d83d-1778-41d4-b7a0-33a0427bb705,010401-20160215133734Ch,0.0
6595ee8f-6e57-440f-b9ce-a1424bc8f864,010401-20160215133734Ch,0.0
c7113a7e-953a-4bd3-b8da-8ab1f4665c20,010401-20160215133734Ch,0.0
013c6b6b-8ba3-4585-92b6-bb17c4985bbd,010401-20160215133734Ch,0.0
6baee3fd-b4d6-4058-b1d7-20bd3db8dead,010401-20160215133734Ch,0.0
46e237e3-61be-406b-9444-373651a67bd6,010401-20160215133734Ch,0.0
9099e744-a3cc-4eaf-9eb9-cf5735718e90,010402-20160215133734Ch,0.0
faaf810b-8db2-4fe2-94ef-e6f023e1a761,010402-20160215133734Ch,0.0
5162627e-9846-4fd0-8877-47b271953661,010402-20160215133734Ch,0.0
9e763733-d812-465f-a3ed-68067766e9c7,010402-20160215133734Ch,0.0
2f8bf4cf-80ed-484b-aac3-f98855222f3d,010402-20160215133734Ch,0.0
514324ce-7940-4688-b56b-6d3332dca83d,010402-20160215133734Ch,0.0
14eb2946-249d-46c7-a7c8-b5f26af6ae3c,010402-20160215133734Ch,0.0
012e587b-888c-4acc-8510-3d439476960d,010402-20160215133734Ch,0.0
10a93a80-0100-4314-8c4a-dc0b4b4ec83f,010402-20160215133734Ch,0.0
3014717f-e798-4cb2-a49c-b9f77ea76cf4,010402-20160215133734Ch,0.0
98b868b1-06c3-4d20-8221-431c9c0e8087,010103-20121109103634Ch,0.0
78834018-19de-461b-b2f8-260c99e78506,010103-20121109103634Ch,0.0
4c8bb6f4-3dba-417d-abdb-be56f0cf2cbd,010103-20121109103634Ch,0.0
115513fc-fd9e-4dd7-b3b0-a57eaa86d2aa,010103-20121109103634Ch,0.0
93fc7fe5-80ba-49e1-af7c-55f04b85424f,010103-20121109103634Ch,0.0
5989bba4-7612-447b-9d80-4dc6aaa566f4,010101-20121109103634Ch,0.0
d99592c6-2a0c-4b7b-b24c-b19a430e48b5,010101-20121109103634Ch,0.0
add7f955-e198-4a7f-9104-14846f84420f,010101-20121109103634Ch,0.0
54374008-9afb-443d-a43f-d6ba74ca398f,010101-20121109103634Ch,0.0
2ddacb28-5e0a-45f8-9abb-e9e8d442b062,010101-20121109103634Ch,0.0
25655c16-3a07-4abe-9339-94e4751727d5,010101-20121109103634Ch,0.0
a7380233-2280-488d-b465-09bcc79fb099,010101-20121109103634Ch,0.0
77500ee4-af93-457a-a7c4-6e78742739cb,010101-20121109103634Ch,0.0
ed6bd59b-b28c-4097-894b-d31ce93ddcd0,010101-20121109103634Ch,0.0
26af58c5-b1bc-4bab-bee7-56973037575d,010101-20121109103634Ch,0.0
2e5ff39e-6a0e-48fa-9290-63d5dcc73765,010102-20121109103634Ch,0.0
3fe2af84-4f34-4b5c-bd1e-1b265970d9a1,010102-20121109103634Ch,0.0
16f5c26a-beae-4b80-8713-f9ae0f22ab83,010102-20121109103634Ch,0.0
ca65bd1f-b0d7-4ae2-ad46-92c24527928e,010102-20121109103634Ch,0.0
fec3c419-69b0-4d31-8251-07a8e9f4a02e,010102-20121109103634Ch,0.0
e97a42f4-8796-42b6-90a8-f03d86377bda,010102-20121109103634Ch,0.0
b8c94ec4-77bb-47bd-8519-0115d0adf3a7,010102-20121109103634Ch,0.0
b5e664a5-1ea0-42a2-b518-6a954e1167a5,010102-20121109103634Ch,0.0
9cbfcf05-dd29-403b-ac7e-a5a60b356e2c,010102-20121109103634Ch,0.0
c18f34aa-f102-450b-a648-8554f016b152,040102-20140607112354Uh,0.0
6a46d5e5-7d6e-4c29-8936-695ceacc29c1,040102-20140607112354Uh,0.0
3b608ae4-2e4b-4ac4-a3d9-c153b1a00c69,040102-20140607112354Uh,0.0
710aaf77-d513-4ad6-bdde-412919f7a33c,040102-20140607112354Uh,0.0
d3073b7f-8c74-4e4b-94f4-182251a9e9f8,040102-20140607112354Uh,0.0
d929ffac-46d8-4e6b-9afe-7c207518633c,040102-20140607112354Uh,0.0
26141144-d34f-4e3e-8181-dbcaf7f8c0d8,040102-20140607112354Uh,0.0
40356815-feae-4f71-a933-1cb8b8267c40,010101-20161224024154Uh,0.0
389d0279-44a3-4d95-b50d-09c46088c7f3,010101-20161224024154Uh,0.0
cb6ec018-681a-4f99-aeab-f7a229f5b962,010101-20161224024154Uh,0.0
ef74f460-5e1f-4c22-bba8-a50b45691573,010101-20161224024154Uh,0.0
df67d6c3-d743-420d-a600-22b5df30d9f9,010101-20161224024154Uh,0.0
242023de-e222-4a94-959d-3431ab8c4157,010101-20161224024154Uh,0.0
ba4dd886-80b2-4fb8-a644-a9221ce703a2,010102-20161224024154Uh,3.06269999999995
40ad61b0-c1f8-47cf-b0a3-3409f6795e7d,010102-20161224024154Uh,0.0
db84cdcd-1cac-496b-afa8-142d13488e1a,010102-20161224024154Uh,0.0
040804a7-df32-48ec-b022-6d2202e8a278,010102-20161224024154Uh,0.0
2257e125-4ffb-49cf-82c5-c79ac223f3e3,010103-20161224024154Uh,0.0
11c41832-ad88-4355-ac27-0f86603e02db,010103-20161224024154Uh,0.0
3bcf413b-5b00-44d9-b258-e09f3d74195a,010103-20161224024154Uh,0.0
f7a1dbdf-074f-4a8f-a770-95032d1f2aa9,010103-20161224024154Uh,0.0
00fb46b4-f041-43db-a763-e3a40d9c31b7,010103-20161224024154Uh,0.0
b14781fe-9604-4bdb-a380-f72e6d5f5e67,050103-20140414195834Ch,0.0
8a40af4a-3c82-488b-bc6d-c9a3de0f64c2,050103-20140414195834Ch,0.0
f3c29abd-b929-4c8d-a5da-eb3846cb0fac,050103-20140414195834Ch,0.0
057423b8-9d6c-4928-8ede-d3b17ec15a82,050103-20140414195834Ch,0.0
70bd35c5-244d-44b3-9387-c03c9608bfbd,050103-20140414195834Ch,0.0
fe392d8c-2a07-490c-9d1a-50c49130c9d0,050103-20140414195834Ch,0.0
f5ead712-17a6-42c6-a663-78027623a6b3,050103-20140414195834Ch,0.0
75cf403d-dd41-4616-8c6f-7fbe8a3ea9ec,050103-20140414195834Ch,0.0
746aeb87-1aec-428e-820e-584597dddd9b,050103-20140414195834Ch,0.0
c8f1b21c-3ecd-4511-a160-6e044597de6f,050103-20140414195834Ch,0.0
82c2ff21-6789-4264-b837-fd630d39474e,050103-20140414195834Ch,0.0
84c06ffc-c99e-44ce-9f4b-26cb30778252,050103-20140414195834Ch,0.0
49a4a625-417a-47e7-9cd0-6c2f93ef4c13,050103-20140414195834Ch,0.0
7a1e82c9-a521-4283-80ed-33cc6bc987b5,050103-20140414195834Ch,0.0
88d3f323-70ea-4210-bc12-0552c7419320,050101-20140414195834Ch,0.0
271755fd-d6dc-45be-84b7-9c10c4c5a37b,050101-20140414195834Ch,0.0
740c4ea9-e5be-49cf-ab6c-37131709f02e,050101-20140414195834Ch,0.0
0f8c363c-1615-4c22-be95-9725a8a5bb33,050101-20140414195834Ch,0.0
88cd4336-29a3-4100-b805-e8102ede89df,050101-20140414195834Ch,0.0
f347be10-f194-493b-9169-86010a26b71e,050101-20140414195834Ch,0.0
d10b77da-cf0c-4f81-83ec-e9a97a53911a,050101-20140414195834Ch,0.0
5dafc892-049e-4612-a617-d6c8e8bc7a86,050101-20140414195834Ch,0.0
a47ba047-f0ff-4334-8d7c-3f10f98ed80b,050102-20140414195834Ch,0.0
dab85f8a-1e09-48db-9e07-5a3631d9bf49,050102-20140414195834Ch,0.0
93cb1ef0-e5d0-4590-ab55-63e0ef4d200c,050102-20140414195834Ch,0.0
887d917a-68c8-4171-aab2-b1989effede9,050102-20140414195834Ch,0.0
6915d913-0d32-40ad-861b-3cc5517327c6,050102-20140414195834Ch,0.0
cbc23ccf-e918-4cdf-afa2-32ea8ca7fafd,050102-20140414195834Ch,0.0
4b0ed1f4-931a-4ad3-8028-24830dc1abdd,050102-20140414195834Ch,0.0
d137d24a-87ec-45ac-b1c5-81ed32912942,050102-20140414195834Ch,0.0
3d5cec1a-2e95-4cc3-ae61-649c0972a9dc,050102-20140414195834Ch,0.0
c1bf2aa6-e17c-4797-a328-3467b415958a,050102-20140414195834Ch,0.0
88771ba0-6bc3-4c45-a296-87976efb54cb,030403-20111115063134Lh,0.0
72294801-c97c-485e-84c0-6a589077aba5,030403-20111115063134Lh,0.0
14e9ae3b-47eb-4cc2-a391-22417f764de2,030403-20111115063134Lh,0.0
ee6562d9-f3dc-491c-9a53-1ed4d81bd772,030403-20111115063134Lh,0.0
ed5349be-32a1-4918-a4da-4f74da463e74,030403-20111115063134Lh,0.0
61bd884a-b8d4-48b6-b5ae-c674e48ccb8c,030403-20111115063134Lh,0.0
86dfe5b0-1fdb-459b-b218-79198d765e0a,030403-20111115063134Lh,0.0
d7951881-405a-4700-b4d3-db30d16fb12b,030403-20111115063134Lh,0.0
52893ba8-b64f-4aa0-9835-e6e40efea566,030403-20111115063134Lh,0.0
a8aaf565-04d9-4285-9da6-0a6949902a4b,010401-20110215083814Th,0.0
0400ebfc-d978-48a9-b652-6c5fefc1d2d1,010401-20110215083814Th,0.0
73ecaf18-9b50-4906-a942-a171c89a450e,010401-20110215083814Th,0.0
7ffb1297-6a66-49e9-b472-101ce5e9c4ed,010401-20110215083814Th,0.0
c62980e0-5a57-4499-95de-c6a9901863a8,010401-20110215083814Th,0.0
ac5f1d36-56bb-460f-848c-890102c304b5,010402-20110215083814Th,0.0
4f2c47ad-0563-4edf-a81b-d69976404766,010402-20110215083814Th,0.0
cf8a7dbf-e35c-4236-8c55-8fd516a3c064,010402-20110215083814Th,0.0
6fb523d1-984d-472c-87cb-1da1777728fc,010402-20110215083814Th,0.0
90ea9d7f-ee9b-4cde-87bf-8c4427bf49af,010403-20110215083814Th,0.0
e7c76ef5-be6c-4c3f-aa38-7e4edc1b2c30,010403-20110215083814Th,0.0
8876c433-5408-4050-a6d4-5ff247cd292f,010403-20110215083814Th,0.0
78697f5f-5f2a-4a11-ad20-a5750b04f6bb,010403-20110215083814Th,0.0
298939ce-646f-458f-9a83-e6b8fcd82c90,010402-20121113103634Ch,0.0
aed54e4b-2c27-4770-83bc-9885a1d6bdbc,010402-20121113103634Ch,0.0
e16afe1f-eb7f-4cfc-ab6e-b482ce16cdad,010402-20121113103634Ch,0.0
9af1c851-3757-4ee3-94c6-d4f94eef8894,010402-20121113103634Ch,0.0
c11e645d-8440-4a2c-abb7-e9332375889f,010402-20121113103634Ch,0.0
40a014bc-ab1b-44b8-86d8-43704d158196,010402-20121113103634Ch,0.0
4bf0c8d3-61a3-40c9-b4b8-5de8382b1619,010402-20121113103634Ch,0.0
682fda1a-38e7-4d30-93e0-6c8705ddf0cf,010402-20121113103634Ch,0.0
ebb8672f-79dc-4992-bcdb-bb6951433df8,010403-20121113103634Ch,0.0
4beaf6bd-9bb2-4a6b-9515-c9412965fc77,010403-20121113103634Ch,0.0
e8f8a6b9-9c95-4770-94d4-6759baf83c91,010403-20121113103634Ch,0.0
5e99eb30-a7a3-48ed-ae8d-a841a2c87d57,010403-20121113103634Ch,0.0
1b5f239a-4ae3-405f-99a8-36da82b722bf,010403-20121113103634Ch,0.0
79ea3e28-47bb-43e5-aa40-8e79fbcf442d,010403-20121113103634Ch,0.0
7506b166-da4b-4d29-aa06-e6b505d0be87,010401-20121113103634Ch,0.0
a02a311a-d2d2-4628-a9bd-2b8bc873f65c,010401-20121113103634Ch,0.0
c75d92c7-2d90-4d56-93dd-2132c9ae709c,010401-20121113103634Ch,0.0
367067e5-dd9c-46f9-8258-507418dfacfe,010401-20121113103634Ch,0.0
4147a134-df2e-4273-823a-d44219d3eec0,010401-20121113103634Ch,0.0
69cde180-6e77-49cf-b4a4-a2a2af764bda,010401-20121113103634Ch,0.0
a782ad62-f821-4aff-8eb1-3147d47cdd66,010401-20121113103634Ch,0.0
eeadad86-4326-4175-8c5e-073177478b3b,010401-20121113103634Ch,0.0
71b56e51-9413-4d64-b0cb-3eff2186e575,010401-20121113103634Ch,0.0
a8f62eeb-e626-4490-ae5c-6d95a1f7b5b0,010401-20121113103634Ch,0.0
91e92175-96ab-4e3b-b082-735bdcf57cbf,050101-20111114082314Th,0.0
cad63381-2c59-41f5-bc51-037729f3c36e,050101-20111114082314Th,0.0
e3080d53-eb6e-4026-844a-41922a62101e,050101-20111114082314Th,0.0
be96ecf7-3bf2-4cd5-910f-d6e75cdeb7d4,050101-20111114082314Th,0.0
57e24e69-419e-46ef-972e-92de89769124,050101-20111114082314Th,0.0
0d55a306-5887-45f1-a645-828ba4e42d20,050101-20111114082314Th,0.0
aca2255b-e991-4f5b-ba94-c8b4d1f76877,050101-20111114082314Th,0.0
5d59e866-58c8-4e13-8e1d-e4d1502dbcf9,050101-20111114082314Th,0.0
77186f49-5200-40c8-ae66-5d5f034ac4b5,050101-20111114082314Th,0.0
39307d24-c50d-42fd-85df-ef9718249baf,050101-20111114082314Th,0.0
ab0f91be-5c0c-499c-ae6d-1050cc48e364,050101-20111114082314Th,0.0
e3c6a8de-a591-4003-8f5e-1ddfd297a8b5,050101-20111114082314Th,0.0
aef6d46b-5861-4534-8d11-54f5dd11d989,050103-20111114082314Th,0.0
5574a0af-bfbe-494e-b40e-eec66facd409,050103-20111114082314Th,0.0
5fcc4bf6-a592-4979-8e2b-351a6977444a,050103-20111114082314Th,0.0
2bda5c79-37ab-4d55-8c90-c77a11757511,050103-20111114082314Th,0.0
89f0944c-d228-4397-b5f0-8493d4a2ce77,050103-20111114082314Th,0.0
e59ec6fb-a258-4376-8cb8-583bc8207f46,050103-20111114082314Th,0.0
7f9eb458-97fd-4bfd-956c-358e06651d51,050103-20111114082314Th,0.0
fd9dd6cf-bb92-4b0e-969d-0a7ed84ca6c5,050103-20111114082314Th,0.0
7fa6b69f-04ab-4dd2-89b8-7cff811a67b1,050103-20111114082314Th,0.0
a72b7162-8bd2-4fa6-a58b-d617717b2e3a,050103-20111114082314Th,0.0
3b748f21-6fdb-4d6e-8cc1-5bab7fc71c40,050102-20111114082314Th,0.0
54d494f4-2e1e-4826-b705-726ffdbc0f76,050102-20111114082314Th,0.0
ac13a880-cc05-47ac-bb3c-e2bf78023e36,050102-20111114082314Th,0.0
22661a49-7f6f-4cd2-ae41-35f9eb6decff,050102-20111114082314Th,0.0
c9daa13c-4ead-468c-be19-b005b486c8c2,050102-20111114082314Th,0.0
f134da35-1ce7-4821-9dd9-e85a9a3289f7,050102-20111114082314Th,0.0
685f6fbb-ecdf-4e6f-ac34-11314374b366,050102-20111114082314Th,0.0
3be71f29-7379-4586-bed7-5c4c7e5718f0,050102-20111114082314Th,0.0
d83de062-d72d-47da-9500-e3f0b820cabe,050102-20111114082314Th,0.0
8e4d3f15-d279-461c-b2f7-dc977a82bb1b,030101-20140720195834Ch,0.0
1afd6aa1-f007-47a4-b89d-56b0a1e87574,030101-20140720195834Ch,0.0
7967860f-80d0-4d4b-923d-192aee1281b8,030101-20140720195834Ch,0.0
328b2eaf-fe72-4fa3-bfb7-1d3df307b110,030101-20140720195834Ch,0.0
26ea4d12-e220-40bd-93d3-9a81fac74ea8,030101-20140720195834Ch,0.0
708a35b8-b51e-4e54-8c1a-daeea602ec12,030101-20140720195834Ch,0.0
bde599c4-0d17-4bd0-9f61-161f518d693d,040401-20140709195814Mh,0.0
95ef40fd-41d6-4607-834d-df58e02340bb,040401-20140709195814Mh,0.0
8bf523b2-5003-4725-bf4e-419e15b57e2a,040401-20140709195814Mh,0.0
963e20f8-8e28-4a96-a63a-7e350c6080bd,040401-20140709195814Mh,0.0
4251e8a6-2422-4caf-a32c-94b04478e906,040401-20140709195814Mh,0.0
75a1f75e-948c-447a-84d7-0c78f32ffd75,040401-20140709195814Mh,0.0
1a955f13-0852-4be6-9f6d-27ffa51783b7,040401-20140709195814Mh,0.0
cc4e34fa-c288-4bcd-bdae-8509a261212c,040401-20140709195814Mh,0.0
1220007a-f5f6-48b7-8cf3-21c793765572,060102-20151019223534Lh,0.0
e7b74876-9c23-488d-ba24-03d91d4fe32d,060102-20151019223534Lh,0.0
d87083b1-7419-4e7a-a9c0-15504662f6d5,060102-20151019223534Lh,0.0
7fa3be66-ed31-4eab-8f2d-e5d52f86a150,060102-20151019223534Lh,0.0
278757d7-64d1-4ca6-b8ba-85b41aee0043,060102-20151019223534Lh,0.0
a8b45fed-ef1f-45be-92f5-6bdbe1d340c2,060102-20151019223534Lh,0.0
c2d5fb97-141e-44b3-b98e-1f93b1b7df4a,060102-20151019223534Lh,0.0
0645deab-2111-4541-9f88-61a81dab8fe7,060102-20151019223534Lh,0.0
afbafac7-0bb2-415a-8e81-9b4af39b482c,010402-20120205172414Mh,0.0
2f817205-6d9e-425a-a541-5d6da7dc217e,010402-20120205172414Mh,0.0
c094649a-067d-4cba-84c9-c0b566c9da13,010402-20120205172414Mh,0.0
0f761dc9-f320-42df-9d6f-20685afec012,010403-20120205172414Mh,0.0
cf8b5938-7080-44bd-80dc-4719888066ca,010403-20120205172414Mh,0.0
bc345544-b431-4323-8424-301b20edd4a3,010403-20120205172414Mh,0.0
7f123650-4182-437c-8ea7-0b63b628c01b,010403-20120205172414Mh,0.0
c48288ec-83f0-4136-af88-e17259d190b7,010403-20120205172414Mh,0.0
1aef77f0-d88b-45ea-9d39-b6450d66520e,010401-20120205172414Mh,0.01920000000006894
bf858cca-4006-4f35-95e3-34c5e19151ee,010401-20120205172414Mh,0.0
54fd28da-ca08-4a39-be37-f7b33f1bf431,010401-20120205172414Mh,0.0
ad91dc51-51f1-4616-9b6b-c03ccd49da1c,010401-20120205172414Mh,0.0
90a3e080-2fcc-4b83-b176-0b83a2ab4ef3,010401-20120205172414Mh,0.0
9c59c422-56dc-46e5-a85b-a0cfd19dd106,010401-20111011112054Uh,0.0
9e8d66fe-b330-4b4e-95e6-149d2ab0a6e0,010401-20111011112054Uh,0.0
ab6f1027-0e00-4639-9b1c-16fc6e611996,040301-20140508195834Ch,0.0
1fddeb08-aaff-46fc-a97b-f18836ebf7fa,040301-20140508195834Ch,0.0
facf618f-97ba-4830-9674-cf7594f5a916,040301-20140508195834Ch,0.0
78842875-1ccf-47e6-a358-4abf5ee6198b,040302-20140508195834Ch,0.0
44cce696-8c90-4954-b225-a5037a6d55a9,040302-20140508195834Ch,0.0
1cb3044a-ddf0-4259-b6b3-946f18f63bac,040302-20140508195834Ch,0.0
b9b9d6d1-2798-49fc-ab21-b13876bf2fdf,040302-20140508195834Ch,0.0
41182aea-0cca-434e-aa0e-a1b67df3241e,040302-20140508195834Ch,0.0
96008ba8-ca1a-45a3-b25d-91f1bb7470da,040302-20140508195834Ch,0.0
e7b66a41-a2a2-434a-b82d-3fcbef67b204,010102-20131017185334Ch,0.0
856cd07a-01cf-4cce-a544-be16cfb71edc,010102-20131017185334Ch,0.0
66d40cf2-636b-40fb-a40b-cb8dd32a7e7e,010102-20131017185334Ch,0.0
02792477-ce2b-4376-8ff3-3c8d8b935f53,010102-20131017185334Ch,0.0
ef04f061-76fc-4708-8683-90cb1cc54c80,010102-20131017185334Ch,0.0
1d3ff2c3-34a7-4b30-a84d-b310d61b40d8,010102-20131017185334Ch,0.0
f6464fbb-bfc7-4020-8d8d-c2b99e7e41d6,010102-20131017185334Ch,0.0
6aefbedf-0fea-4469-9ecb-d20f53f7c5dc,010102-20131017185334Ch,0.0
7d417589-2705-4f87-adfa-09de01ac5cb4,010102-20131017185334Ch,0.0
511d9e2b-8e39-4f89-a2f9-bb12175cbe12,010102-20131017185334Ch,3.274599999999964
5c8003c3-3783-4995-8dbf-347104e9dbfc,010102-20131017185334Ch,0.0
ebb15afd-e894-4bc9-a45d-6d11b0290ef1,010101-20131017185334Ch,0.0
18df2dcc-7ad9-4491-a322-1c311688ad58,010101-20131017185334Ch,0.0
877747c2-5037-4c38-b1d8-0d74915eacfc,010101-20131017185334Ch,0.0
06c1164b-7a8e-4240-a9ca-d83c81738dfa,010101-20131017185334Ch,0.0
60ba4bd7-e7d5-4f90-af1a-0363495ab85d,010101-20131017185334Ch,0.0
c830a124-f991-4de2-8145-a9b9e02ad458,010101-20131017185334Ch,0.0
2b62763a-43a2-47b4-92dc-1a6f3d12a313,010101-20131017185334Ch,0.0
f2a86d28-4030-4cef-ac89-d019ee808356,010101-20131017185334Ch,0.0
6cc6aba6-979a-42b8-b966-a74f4028bc5b,010101-20131017185334Ch,0.0
05044053-a0ee-4334-b113-a4e8b383bbbd,010101-20131017185334Ch,0.0
324b08af-d655-441c-9cc5-6519141056e5,010101-20131017185334Ch,0.0
b1eb91e4-184e-4892-999b-5e35effac634,010101-20131017185334Ch,0.0
57f02de1-a725-4ab7-843b-6c0cd008350f,010101-20131017185334Ch,0.0
b49380e2-19bb-4542-8446-7d4d1300389c,060403-20121030150354Bh,0.0
65fcb495-1198-49f1-95c3-ba2527762f06,060403-20121030150354Bh,0.0
5267920f-9e97-4778-a655-644eb042f00a,060403-20121030150354Bh,0.0
e661d398-f738-4b80-9830-0d3fdff3fd66,060403-20121030150354Bh,0.0
07c8d2ab-d3ca-42d1-8e02-608ca506034b,060403-20121030150354Bh,0.0
8152495d-dcb5-4ad3-95d8-ee56354d3e8d,060403-20121030150354Bh,0.0
c4e716b7-b5a7-43cb-a856-77247829147e,060403-20121030150354Bh,0.0
ecb7a596-1c7b-49fb-afc5-a1dbb312be2c,060403-20121030150354Bh,0.0
1a817f86-268d-43de-b135-569fa1199c4e,060403-20121030150354Bh,0.0
169ae691-2030-41f6-9a13-4a7d12bd112a,060403-20121030150354Bh,0.0
19553c81-2e0b-45d6-85c2-6dbe6c0cf20e,060403-20130707134154Bh,0.0
f1d85232-4054-4bc1-b17c-d09b1a7c1e41,060403-20130707134154Bh,0.0
32797162-64b0-4759-9818-9f72edad2cbc,060403-20130707134154Bh,0.0
99e193a9-7498-4fd4-a457-abec73e71bec,060403-20130707134154Bh,0.0
aaa24394-84e3-442d-925f-1c9c8b0cb73a,060403-20130707134154Bh,0.0
58073345-ac3d-4c18-bced-0dd806eb6c79,060403-20130707134154Bh,0.0
d5d9e214-50ac-4e43-a113-5deb2d041c0c,060403-20130707134154Bh,0.0
cb408193-7b50-4fc2-a861-fdce8d308b5b,060403-20130707134154Bh,0.0
23cbb046-f540-4709-a468-0abba6a69cd9,060403-20130707134154Bh,0.0
d1314646-4478-4d14-8fff-d1f488356eb2,060403-20130707134154Bh,0.0
67e8989a-d5ee-4444-82f1-4998b2f207ed,060403-20130707134154Bh,0.0
926a1ddb-67d0-4117-b0b4-68efc58a9ae7,060403-20130707134154Bh,0.0
653c5be2-34f4-4014-af13-1526a4b818e9,060403-20130707134154Bh,0.0
08493c0e-eea8-4aaf-9c09-a6035977b9e9,060403-20130707134154Bh,0.0
12426f80-bc30-4a93-bc01-3cab8829d603,060403-20130707134154Bh,0.0
e1725456-b16b-4402-b576-8b6d0cb931e2,030101-20160127225034Lh,0.0
a9eb3682-edee-44c2-9d9d-f12e58d89d81,030101-20160127225034Lh,0.0
48f487f8-06b5-4330-bda9-f29f7a9344ed,030101-20160127225034Lh,0.0
38228bb1-0076-40e9-aa88-63dac37c42e6,030101-20160127225034Lh,0.0
fa567d53-ae35-4371-bf7f-cd2f159a0584,030101-20160127225034Lh,0.0
85c0d00c-9e3a-4244-a5c6-cbd8717d3c3b,030101-20160127225034Lh,0.0
94acbce1-f176-43a1-9fcb-0a30c31d1793,030101-20160127225034Lh,0.0
37d94dee-60d1-4c3c-b874-6405ad82591b,030101-20160127225034Lh,0.0
02c1be28-97d3-4ddc-9880-6d3dbb526b45,030101-20160127225034Lh,0.0
bfe4d780-4488-4a56-84cb-91e7e8a2f8bd,030101-20160127225034Lh,0.0
aabea224-6857-44fb-8ccf-9d4d0382b49d,030101-20160127225034Lh,0.0
5f69da77-0dae-4da4-a76a-a60f423e1a33,030101-20160127225034Lh,0.0
3cd705eb-4c3c-40f9-aac2-51fdf940a82e,030101-20160127225034Lh,0.0
79bac101-9b56-4448-9575-b3b519e3c011,030101-20160127225034Lh,0.0
bfed90b9-eedd-4eb7-aca0-d022d5b53af7,050102-20120811121434Ch,0.0
4b7a034c-05f1-4fd1-a35d-8de72c14f854,050102-20120811121434Ch,0.0
6c03d2bb-fd13-485e-b8ff-b506d7640627,050102-20120811121434Ch,0.0
51567466-0c22-4650-b6ca-9936efed5873,050102-20120811121434Ch,0.0
ffecd531-a2b5-4479-a0e8-86ac1e9a6181,050102-20120811121434Ch,0.0
1af4c943-ac1b-4213-bb14-5120b7fc72df,050102-20120811121434Ch,0.0
63b727a8-5d67-43a2-b49f-cb6ca950e185,050102-20120811121434Ch,0.0
9d24cb41-03a3-4483-9187-70a74d727cb1,050103-20120811121434Ch,0.0
3997fa48-79ce-4780-bd1c-4dab24568c1e,050103-20120811121434Ch,0.0
6216e760-e006-45c7-9587-44a13a2fef75,050103-20120811121434Ch,0.0
a37782d6-634b-4fee-8e8b-afd5f9421ecb,050103-20120811121434Ch,0.0
18459e72-5050-438e-9584-28edb2f62970,050103-20120811121434Ch,0.0
cba80e0e-a8e6-4fd8-88c8-565ed0389013,050103-20120811121434Ch,0.0
8ab53b8f-893a-4700-b138-5bc11a7a6ae0,050101-20120811121434Ch,0.0
644f525a-97b7-4e99-875f-5d03eefdfa8c,050101-20120811121434Ch,0.0
47da07a0-2040-43e6-829d-9c347e820f2a,050101-20120811121434Ch,0.0
28dc90da-b041-41c2-8794-e545a965c543,050101-20120811121434Ch,0.0
4b615733-bbef-49e3-9aa4-5ca58958c181,050101-20120811121434Ch,0.0
feb850a2-dbeb-4ab0-b35b-93c88664a402,050101-20120811121434Ch,0.0
ed0fb8e9-8861-48f2-8eff-d20452bb6b0b,030101-20110617063134Lh,0.0
0114d9fd-f9fa-44ae-9192-987d1cc80d27,030101-20110617063134Lh,0.0
c18a6f73-0ea0-40b3-a3fa-8027a17361c5,030101-20110617063134Lh,0.0
4fff1fff-e08b-4b10-9510-e0a22af46022,030101-20110617063134Lh,0.0
6298addd-ef5a-4851-9e80-6da14a57a7f3,030101-20110617063134Lh,0.0
05e768f8-c54e-452b-a6ee-ba3e2ac484bc,030101-20110617063134Lh,0.0
d07ae113-a26a-40c3-9e5a-d2cda9864a69,030101-20110617063134Lh,0.0
81914457-ee5f-49fe-b8e7-ed2eb33871cb,020101-20131204192154Bh,0.0
819e8eef-d699-45fd-bf8c-558b9c194aa4,020101-20131204192154Bh,0.0
b9d92f49-8804-4ade-bdf2-c8d4a8893abf,020101-20131204192154Bh,0.0
1022f6b3-e88d-4ee7-9aa1-2eadcc360c00,020101-20131204192154Bh,0.0
09ffe6f1-fc66-44fe-b460-ae4fc0739672,020101-20131204192154Bh,0.0
e5ab4860-3e8e-489b-a8ec-b86ad794ae84,020101-20131204192154Bh,0.0
b23ed75d-e1d3-4908-8a6e-914ca39f28aa,020101-20131204192154Bh,0.0
5e233020-580f-4582-be0c-55ecd8647a3a,020101-20131204192154Bh,0.0
e7851e86-3aa3-4366-baf1-42cb13cda7d6,020101-20131204192154Bh,0.0
7e62c51e-ae93-405d-ba51-6b271ef30479,020101-20131204192154Bh,0.0
f6c5b298-3858-412c-a318-f3055138fd51,040201-20210728164530Mh,0.0
9a018d02-425b-4cd2-abb6-e89d6cef1267,040201-20210728164530Mh,0.0
8bd9fbb6-6d0e-416f-be13-337335d1f0d9,040201-20210728164530Mh,0.0
df9402be-09e6-4154-8541-01db0e2a903d,040201-20210728164530Mh,0.0
be71b7fa-3ced-482e-aa18-e820cf752190,040201-20210728164530Mh,0.0
05268e38-3765-4f42-8354-b81e9b4614d2,040201-20210728164530Mh,0.0
267882f3-6bd8-4797-85a5-98da2912ee80,010202-20140111224134Lh,0.0
ff33452c-6418-40d1-b398-2db5072e2583,010202-20140111224134Lh,0.0
85b293b4-462f-46e1-9779-e29b02a66d14,010202-20140111224134Lh,7.433700000000044
38746734-9b12-494b-b289-89577b5476b4,010202-20140111224134Lh,0.0
0281ded6-108c-4a28-a772-ca089772bf70,010202-20140111224134Lh,0.0
47be69f4-bc59-4607-97f3-76dd1b01422e,010202-20140111224134Lh,0.0
3afe6fbc-da62-49cb-bd48-61888346ccb3,010202-20140111224134Lh,0.0
502a998b-60e6-40db-b7ab-a33454af0a82,010202-20140111224134Lh,0.0
95ba0a71-aeb8-4ed3-aa04-6dc70c2aa468,010202-20140111224134Lh,0.0
10aa6759-1195-42ab-8c81-1fd1dcd26a9b,060403-20150527082014Th,0.0
16168438-8d52-4fbf-8809-659dacbe86cc,060403-20150527082014Th,0.0
184af75d-187c-4ff6-9880-91b209f0c86c,060403-20150527082014Th,0.0
39222b97-8de3-490f-82b4-830073f2668b,060403-20150527082014Th,0.0
5d8bf7b8-4678-46af-ab53-67d5d51f2bde,060403-20150527082014Th,0.0
76d1f7bf-b708-4087-8869-15d2ea95f177,060403-20150527082014Th,0.0
78523a04-6cb8-4760-9d0e-271debc4a539,060403-20120813164714Mh,0.0
b6b24cd9-1f15-42df-8170-307bead576b1,060403-20120813164714Mh,0.0
52c8050c-c97d-4b4d-8ba3-0f86fd9eaafb,060403-20120813164714Mh,0.0
786ddfeb-efbf-420e-a2b4-0401e2c17205,060403-20120813164714Mh,0.0
3670e815-6093-4a78-aa81-0ac74290114f,060403-20120813164714Mh,0.0
8c7aae6b-85ef-4fd7-881d-f26dc8833279,050101-20110322005814Mh,0.0
b050f09a-8cab-4b47-8751-593418ae7f58,050102-20110322005814Mh,0.0
8f613666-436f-443a-b7e3-a5e9895688c6,050103-20110322005814Mh,0.0
b5eb0c29-218b-407d-9c1f-87d7c329cc84,050303-20141001195834Ch,0.0
fc449791-448c-48ac-9a05-7614aed0b499,050303-20141001195834Ch,0.0
0b27e9fd-a1dd-45b8-bd6c-de0976eb77bd,050303-20141001195834Ch,0.0
a35f0c16-b3f3-4215-a102-d7074329eb7b,050303-20141001195834Ch,0.0
6b8e1259-3787-42a2-a4a4-716463619274,050303-20141001195834Ch,0.0
c5baa11b-b94c-4548-811a-92f5cb6bfa2b,050303-20141001195834Ch,0.0
591ed656-6c8d-40fb-84e6-89d5771e08ac,050303-20141001195834Ch,0.0
512cbe4a-ed6f-4b1b-9696-57e22e93eec1,050303-20141001195834Ch,0.0
0f5d1ca4-cd6d-47a9-94bd-db9550a4bc97,050303-20141001195834Ch,0.0
269c88d2-0dcf-4425-a623-0924886edbc7,050303-20141001195834Ch,0.0
ee320eb5-6cb3-4bca-a6ff-46aba01e8a66,050303-20141001195834Ch,0.0
be10d5e7-4815-4327-84da-d769ceaa632c,050303-20141001195834Ch,0.0
1d2d469b-6868-418f-aa03-37c3ba67117b,050303-20141001195834Ch,0.0
736d14da-f558-4e63-a7b6-6ad968ff88f9,050303-20141001195834Ch,0.0
6db4dc5d-df57-4678-a949-80985c84d15c,050303-20141001195834Ch,0.0
a1c16c53-148f-47e2-a32f-e05b18fefe05,050303-20141001195834Ch,0.0
f213e286-8b6b-4197-a5cf-28bc3bebfca1,050303-20141001195834Ch,0.0
e24d9f8f-d4e7-47a1-9d2e-410fa373def9,050303-20141001195834Ch,0.0
61432dbb-af8d-4eaf-9aaa-5ceae56b8a91,060403-20140705035754Uh,0.0
249db054-8e52-4155-a304-966843bd11ed,060403-20140705035754Uh,0.0
bde7bc0e-a788-4892-a464-47574a0a86a2,060403-20140705035754Uh,0.0
7224ec96-7639-4642-92c7-d3e1fd930861,060403-20140705035754Uh,0.0
6bbe38f7-b744-4802-8274-c535467317d4,060403-20140705035754Uh,0.0
3282eab3-6d6d-4959-9c00-1dde0cb3c27d,060403-20140705035754Uh,0.0
24347fdc-80b6-4c16-91ff-7a2468d43119,060403-20140705035754Uh,0.0
91aa0419-b38d-40e8-8409-614bdfa33d0e,060403-20140705035754Uh,0.0
40ef056e-19a3-4688-a968-a0b209ef339b,060403-20140705035754Uh,0.0
969ef163-ea68-4b2c-9af0-611b9df9bd8f,060403-20140705035754Uh,0.0
2e8d5ad6-55db-41b9-8b4c-6a34ac71aac0,060403-20140705035754Uh,0.0
c7176b08-f0c1-4ba1-b93d-b4f9847c6889,060403-20140705035754Uh,0.0
465ea0ee-3733-45cf-9b42-3d417b69359c,060403-20140705035754Uh,0.0
9ab94a3c-99ee-47d7-8a4c-1980f7890174,050102-20120816072814Th,0.0
17b91864-eb44-4e9a-95c1-66d9d16d6b02,050102-20120816072814Th,0.0
846c0239-1372-49e9-a5b3-e1c3d9e45dfb,050102-20120816072814Th,0.0
b291bde6-0f50-46ff-aab7-8169236d044b,050102-20120816072814Th,0.0
2fb60aa8-9a6a-4e80-87f6-7cf6978cc2c7,050102-20120816072814Th,0.0
28082794-b0cc-4c40-b626-ec0dd21dde54,050101-20120816072814Th,0.0
773ec840-75c0-4f11-886c-8940e2ea924a,050101-20120816072814Th,0.0
41d1c305-98a3-4a55-abd1-fc0fa794b217,050101-20120816072814Th,0.0
8703aa68-0e0a-46ca-8971-48e230e41f0b,050101-20120816072814Th,0.0
8d46726e-0869-475c-a0b2-3222f602fcce,050101-20120816072814Th,0.0
334c2010-b2c7-4e44-a490-32aa511f614e,050101-20120816072814Th,0.0
005156d3-24c0-4d9c-a3f0-62dc308113e2,050103-20120816072814Th,0.0
752bd8aa-beff-4378-ad2c-5d94fd7434f7,050103-20120816072814Th,0.0
6c8c51a0-7b9e-4b49-a24c-e6ef9ccc410c,050103-20120816072814Th,0.0
9f1d040f-6062-4512-bd09-a719eb80c6cc,050103-20120816072814Th,0.0
6e80566a-2ffc-4eba-9e32-8facb90ab5e3,050103-20120816072814Th,0.0
e4d0c594-6018-4fba-beb4-b4b5964eb60a,010401-20120519070814Th,0.0
460cd53c-5a10-4604-90e0-cab860c38f3a,010401-20120519070814Th,0.0
f4a69bdf-541b-454b-8a6c-57fc65556d54,010401-20120519070814Th,0.0
36abc460-9b24-4b35-96e3-949c3099a420,010401-20120519070814Th,0.0
8649c1b1-4b24-4838-94df-bcfdc3b94a93,010401-20120519070814Th,0.0
75a258cf-83d7-49b6-bdbe-c838cd56240a,010401-20120519070814Th,0.0
e0f0f17b-7939-44bf-96a8-08d41b7480b3,010401-20120519070814Th,0.0
2c699259-b1cc-4a6f-8a7a-3599c3a438df,010401-20120519070814Th,0.0
9c231d16-1d9e-47e1-8528-9d6172916f3b,010401-20120519070814Th,0.0
fa332151-5478-4093-a20c-635743dfa4a0,010401-20120519070814Th,0.0
bd76d0ca-f3ed-4b38-af6e-387cdf482c1b,010401-20120519070814Th,0.0
a7bfbc7d-6912-4ec9-bb85-380fe0458f9e,010401-20120519070814Th,0.0
f6919017-c404-44e9-9b5f-588a78d08914,010401-20120519070814Th,0.0
0abda57e-449d-49e2-8146-93f8102b38f8,010401-20120519070814Th,0.0
f26e5fac-ea43-49d2-98dc-4ce2c0c3da0d,010401-20120519070814Th,0.0
5b58e466-878c-45b2-ae61-602a4114646f,010401-20120519070814Th,0.0
baa110f3-6d51-436c-b1e1-3584e922b383,010403-20120519070814Th,0.0
3f0bc08f-ab3f-4fa0-a37d-ca54a5afb506,010403-20120519070814Th,0.0
1e4862ad-59d0-45d0-8c47-ebb88d0cb923,010403-20120519070814Th,0.0
b207fb08-7e5e-473c-b41c-5da3491370e8,010403-20120519070814Th,38.11449999999991
2ba4e19d-3f6b-47c2-941c-92fd2669f1d9,010403-20120519070814Th,0.0
9fa2b286-cf66-4165-99b9-17884497053a,010403-20120519070814Th,0.0
cee9f2c3-bb27-4695-b0dc-fab215a61e85,010403-20120519070814Th,0.0
2681c445-a377-471c-b9d3-53fcc4eea25f,010403-20120519070814Th,0.0
62284a2d-dac2-4f59-9f07-aba36a573a84,010403-20120519070814Th,0.0
9d78fdb9-5e65-48f0-abb7-74ba553681e3,010403-20120519070814Th,0.0
e0f90e41-d764-400d-844b-f693c3dfeb54,010403-20120519070814Th,0.0
01122662-a70d-4bbc-9063-a45ec4113199,010403-20120519070814Th,0.0
98b8a6ec-8a41-4160-b4f1-f9d9134a9f89,010403-20120519070814Th,0.0
c72c8849-b9e0-4b60-a57d-11ceb87137df,010403-20120519070814Th,0.0
8d382ef4-b058-440c-8ab9-597c02160c22,010402-20120519070814Th,0.0
4ca4b66d-4559-4021-b9eb-625fc55be8d4,010402-20120519070814Th,0.0
9ef9f112-3510-42bb-922b-f886aae36790,010402-20120519070814Th,0.0
03872536-8ad1-4ed5-9a44-3a5195d4d57f,010402-20120519070814Th,0.0
cabe7b95-c41f-4caf-adf7-8fb15404a3e5,010402-20120519070814Th,0.0
84ba9a67-b076-42b4-9754-c22056c0cb7a,010402-20120519070814Th,0.0
5fbbee57-09d3-4cb2-ae92-2b2105d5ad8b,010402-20120519070814Th,0.0
5867d0a3-bb2f-44ae-ae72-d818c9c3cecc,010402-20120519070814Th,0.0
e7751f17-17f6-4f3e-af52-abdd47e506a3,010402-20120519070814Th,0.0
e7d918f1-2275-4ac8-bd41-833615cad2e3,010402-20120519070814Th,0.0
72bae9a3-2dec-4d39-8abf-f1171ed217fc,010402-20120519070814Th,0.0
5c56b265-971c-4ea0-aea2-23dae8d0f419,010402-20120519070814Th,0.0
fbe3825c-aeab-4243-bc6f-baa7b58c4792,010402-20120519070814Th,0.0
70ba1ee7-3f9a-46ba-8003-185e6f8fb8ad,010402-20120519070814Th,0.0
94badf53-36f2-43b0-b94b-c546a7a934b5,010402-20120519070814Th,0.0
e10c36d6-8fb3-41d7-a8eb-48134632fe21,010402-20120519070814Th,0.0
88cb8603-56f5-4c05-b42e-17efaeec8225,010402-20120519070814Th,0.0
59fe1629-6aa3-4dc5-b202-ac46c406d1c0,010402-20120519070814Th,0.0
47c204f9-82d9-46df-81b7-2fb29f27593b,010402-20120519070814Th,0.0
91011872-d209-4a76-9184-9da06de27247,010402-20120519070814Th,0.0
cd1ca7e7-e7fa-45ea-90a1-df7cc44fb710,020101-20161013133734Ch,0.0
33a8fad9-1640-4517-8333-1640258307cf,020101-20161013133734Ch,0.0
56f91907-61f0-46f0-b4ca-bf8ddd29acd3,020101-20161013133734Ch,0.0
519b45ff-82bf-4fa0-aa71-27c236bf6fab,020101-20161013133734Ch,0.0
d5429240-560f-4fff-b12a-59152138ec13,020101-20161013133734Ch,0.0
d2d2efd2-80f6-4fa5-927e-4fcd83ab3cac,020101-20161013133734Ch,0.0
3e7f8c37-7872-4d41-bd07-255d7f6b3abd,020101-20161013133734Ch,0.0
4a967334-771a-452d-ae19-37016bea82c5,020101-20161013133734Ch,0.0
5126eb6b-73aa-41af-affb-8f1c4a509713,040401-20180714000010Mh,0.0
ec322158-8433-4aa6-ba6a-fef548c6aa7c,040401-20180714000010Mh,0.0
8d61f426-1c47-4035-a9b4-578f7c0c1eba,010403-20210626060050Uh,0.0
e85ac5bc-7ee3-4905-bf62-6ac4cb2a4770,010403-20210626060050Uh,0.0
9f334972-16f5-4587-890f-9efbfa3ec0fd,020401-20150720082014Th,0.0
a8e8321d-8b42-4c09-8812-3fb726afc5a2,020401-20150720082014Th,0.0
84181a03-0d56-4174-a455-26f883681dd1,020401-20150720082014Th,0.0
947010dc-c0dc-4607-a803-40a99f59c42f,020401-20150720082014Th,0.0
41d93006-9a10-498f-9411-5dbb805424c1,020403-20150720082014Th,0.0
c72a6ed3-1f7c-486c-bbad-e9609fe14206,020403-20150720082014Th,0.0
ed49ccd0-e4ca-4003-ae53-ca27914213ab,020403-20150720082014Th,0.0
ee29de69-6505-4081-bcc9-987bb346f6c5,020403-20150720082014Th,0.0
f8f0c42f-090c-4df1-8805-11a24442d25f,030101-20160516012454Uh,0.0
fba45bd1-5357-41a7-b4de-d8e74e8d4bb2,030101-20160516012454Uh,0.0
6c471a61-9d39-4c28-8ef1-807b3855a9f4,030101-20160516012454Uh,0.0
99764c86-23d4-4f9c-bec0-2ae5613523a6,030101-20160516012454Uh,0.0
0f20a837-2005-4266-9152-e0dc8c2f8faf,030101-20160516012454Uh,0.0
83d2924a-b913-4b84-9c86-b73b0f09db04,010402-20130813060834Lh,0.0
4a0bbbf5-5fcd-44c2-92fa-326ff56cec14,010402-20130813060834Lh,0.0
909bfe9a-f2b6-4122-91ac-6830a081e9c5,010402-20130813060834Lh,0.0
c0914d90-443c-47fb-8868-53a2bbc955c7,010402-20130813060834Lh,0.0
90e39b06-adf2-4cef-916f-48a71fc7ed02,010402-20130813060834Lh,0.0
44396419-3034-4888-9026-85a88d386cec,010402-20130813060834Lh,0.0
a8987957-9e42-4519-a782-af9fdc2567f6,010402-20130813060834Lh,0.0
e275c60f-d1fe-4e60-a830-61eae7710ad2,010402-20130813060834Lh,0.0
cce05060-501e-4a68-9dcd-03e6aaba20b3,010402-20130813060834Lh,0.0
503f2570-4d52-4824-90d1-5af43c0b9656,010402-20130813060834Lh,0.0
f9e931d7-5d13-49d4-b494-c7ffb363ae65,010401-20130813060834Lh,0.0
b8d6298c-d340-4729-8300-914bb2668d00,010401-20130813060834Lh,0.0
6acdf459-2494-4572-b133-1a9e2b87f1c9,010401-20130813060834Lh,0.0
cc9b9427-77d0-460d-8f0f-95bc41f2c940,010401-20130813060834Lh,0.0
eb402e99-472d-41d9-9fdb-5e5577b03245,010401-20130813060834Lh,0.0
7e75e5a9-260b-4605-aaa6-11ae5e79e7dd,010401-20130813060834Lh,0.0
21be7263-60f2-4725-859a-bcf6d4ea3456,010401-20130813060834Lh,0.0
4d944754-e424-4092-b1bf-fd696c84dbed,010401-20130813060834Lh,0.0
0b3f44df-77e6-4d7d-9adc-7f0317ed7a35,010403-20130813060834Lh,0.0
767ec08c-4fe6-4ddb-aa58-1ca3df3e3829,010403-20130813060834Lh,0.0
cba84e97-2898-441c-a9db-9301ab8ddffe,010403-20130813060834Lh,0.0
6c0b90f2-47bd-4c89-8d89-f9268d23485b,010403-20130813060834Lh,0.0
97c37082-0444-4ab5-a419-c60c8b34ffe8,010403-20130813060834Lh,0.0
d1e705a7-7d38-4cf5-8886-f0fe9873afe6,010403-20130813060834Lh,0.0
4ca89a6a-ba90-435c-8e22-d8e34579ffcb,040301-20120901114934Ch,0.0
05fcfd2b-1429-4908-99c0-2c2d059cf126,040301-20120901114934Ch,0.0
a924d1eb-b09c-45ba-9501-879bf9088860,040301-20120901114934Ch,0.0
ef99db64-658b-4201-b8ac-e005c1980147,040301-20120901114934Ch,0.0
08a1c5bb-e028-4f8e-8d78-5a3615cfc39a,040301-20120901114934Ch,0.0
30802174-5da2-41e8-9eb9-e29843568457,040301-20120901114934Ch,0.0
ba016660-7000-4952-9885-dc114644a853,040301-20120901114934Ch,0.0
774293c3-0aa2-4867-89a9-d749a6686462,040301-20120901114934Ch,0.0
f9719539-371d-48c1-a43e-cc2203656475,040301-20120901114934Ch,0.0
ee2459fe-6b02-47ac-acbf-f89de4bfbd9d,040301-20120901114934Ch,0.0
9e0e7fd7-ac72-4e46-90ce-a871543bc031,040301-20120901114934Ch,0.0
a245bd97-391b-4f14-a5da-b6dac601b09b,040301-20120901114934Ch,0.0
7a547999-bd6b-4cc0-8c80-07e7ff26394e,060102-20140818195814Mh,0.0
aea336a9-1270-45d1-920c-681d6790bc8a,060102-20140818195814Mh,0.0
079209a1-ec5b-4888-9290-11182260eb13,060102-20140818195814Mh,0.0
4bb4ef44-f9a6-4093-bd51-80591e1c1c01,060403-20110313082654Uh,0.0
29fa6c0f-c3fe-4aed-aac1-01d8f88e5bec,060403-20110313082654Uh,0.0
d71674e2-c700-47d8-8c81-6b8fe43a5c8d,060403-20110313082654Uh,0.0
9aceb941-9cb5-4e2c-828e-693be796fa12,060403-20110313082654Uh,0.0
94157370-9a62-4253-8ab6-b5c308684b40,060403-20110313082654Uh,0.0
78b6308d-9944-481f-9ea1-76461ad6b8b0,060403-20110313082654Uh,0.0
ccd4416e-3396-46df-9958-9cac0c43e932,060403-20110313082654Uh,0.0
590c231c-fc24-4ac8-b572-4fc9962510de,030101-20130615002434Lh,0.0
ddfa054a-8c07-43d6-947f-eb0059794bbc,030101-20130615002434Lh,0.0
0c0718b5-85a1-4922-bd84-b0169d3b4945,030101-20130615002434Lh,0.0
eeb7393d-df48-475d-a0b7-218f05d14e58,030101-20130615002434Lh,0.0
66e98c38-a6fa-4ac6-b3ab-e0b4135c407e,030101-20130615002434Lh,0.0
9288e497-8f37-4473-8f1d-da615e326f50,030101-20130615002434Lh,0.0
ae28fad1-2515-4d59-b8ad-a5bf2bb308d7,030101-20130615002434Lh,11.591799999999921
14913fca-2d90-42dd-b6bd-37ee81010380,030101-20130615002434Lh,0.0
9c1f536b-8e90-4f90-8934-402a3ee658ee,030101-20130615002434Lh,0.0
92d35048-7466-47fd-bd67-08c0c8f0ea9e,030101-20130615002434Lh,0.0
bc5221fe-ba28-41f5-9707-f6ef43ded4df,030101-20130615002434Lh,0.0
8743087b-e4b4-4461-b0ef-a5fe9e379516,030101-20130615002434Lh,0.0
e808e14a-e351-42ee-860d-00dd31484c11,030101-20130615002434Lh,0.0
4aa86f46-1338-489c-8954-b3f8c1dacb05,030101-20130615002434Lh,0.0
cea459c2-0f96-46ea-b2a8-1ff1b5e2ddc3,030101-20110923112234Ch,0.0
c70421b8-1f34-41b7-96a8-a746ebc34664,030101-20110923112234Ch,0.0
76ba04a6-faf0-42d5-85c7-bcf90ba737fb,030101-20110923112234Ch,0.0
235251ed-2bcf-4dcb-8206-fc4c7e6bc108,030101-20110923112234Ch,0.0
266bd0e8-92c1-41a7-b573-cb3ff1802bc0,030101-20110923112234Ch,0.0
05daa917-49b3-46ca-892e-131947636680,030101-20110923112234Ch,0.0
270b240e-bc0c-4954-9fab-eaa85c238f1e,030101-20110923112234Ch,0.0
4f06b5e9-32d2-4c5f-b1e4-39ee881fc8d6,030101-20110923112234Ch,0.0
2c52de73-b270-4595-b538-c5f2c0549659,030101-20110923112234Ch,0.0
cc6e5b79-8912-40bb-b9c0-4dde49641591,030101-20110923112234Ch,0.0
4ffeed72-b673-4a62-a898-9ab04b1eb584,030101-20110923112234Ch,0.0
6d61ea04-562b-482c-b520-dbe770dfc7b0,030101-20110923112234Ch,0.0
db794b8c-ee51-483f-8a5d-f2475a3f84a2,030101-20110923112234Ch,0.0
35f84c64-10db-4321-abfd-a6a0d8046032,010203-20161105222634Lh,0.0
6d65f841-bfaf-43c7-a2c9-cba1b7c209b8,010203-20161105222634Lh,0.0
d64ed54f-4692-4c83-844e-17a24c94d448,010203-20161105222634Lh,0.0
60da0135-a479-4a90-9e53-ac44afdfa030,010203-20161105222634Lh,0.0
0bc34efa-533d-42fd-bced-c7c764715766,010203-20161105222634Lh,0.0
638f056d-9adc-4f02-9755-1cf3606c088e,060102-20140122180214Mh,0.0
200efec2-9e09-44af-ac1f-5e6e22b03872,060102-20140122180214Mh,0.0
482016da-8c99-497f-9b3e-1e40b835d5b4,060102-20140122180214Mh,0.0
2a0d2192-11a7-40f4-a547-aec1c0fe8a3e,060102-20140122180214Mh,0.0
a2a40eed-7d49-4b79-9aeb-62cec320a967,010402-20141016195834Ch,0.0
3b6aeac5-ffd9-42f5-a6df-0e9ed4e05e5f,010402-20141016195834Ch,0.0
8d597b4f-8f8c-4bc9-be32-409a1037c578,010402-20141016195834Ch,0.0
7a4ffb7c-6556-4488-bc06-2aa5274e0387,010402-20141016195834Ch,0.0
604f922a-e87d-405f-b9d5-37f0c63fa7ef,010402-20141016195834Ch,0.0
36fb3e7e-7916-44e5-91dd-88b25404065c,010402-20141016195834Ch,0.0
bd3ae11a-af95-4e8a-9df5-d1c630c74d86,010402-20141016195834Ch,0.0
885b02f3-d37d-455a-ada9-76a9cc644681,010402-20141016195834Ch,0.0
3d131cb4-0fb9-42f5-831b-88dcbe123233,010402-20141016195834Ch,0.0
dc39fd58-ce66-4606-a22f-049426d74f0e,010402-20141016195834Ch,0.0
fa86ce87-1393-477f-aff7-e048801784b3,010402-20141016195834Ch,0.0
7fa70a66-d9c7-45a3-8077-c420b202d923,010402-20141016195834Ch,0.0
d2b1bf50-57f5-4907-b937-6740badb3642,010402-20141016195834Ch,0.0
a8bba94c-2100-4462-bb79-17ed64878bc2,010401-20141016195834Ch,0.0
9b4ab664-d313-41ae-9f5f-707a39bfbd08,010401-20141016195834Ch,0.0
40fc883e-14b7-4afe-bb2f-d51c5ffc4e10,010401-20141016195834Ch,0.0
344f6d67-919e-4580-ba1a-ddac3d261cc2,010401-20141016195834Ch,0.0
85bb42df-7070-465d-8da0-c33f5e6ddfd7,010401-20141016195834Ch,0.0
cad3ddf5-1652-4420-935f-29f331d8570d,010401-20141016195834Ch,0.0
660db7bd-0863-4a7c-9158-c370fbe7ad17,010401-20141016195834Ch,0.0
85a361a0-59e5-47e4-99ce-4ecd883cf8c6,010401-20141016195834Ch,0.0
ff4902d9-3f35-4715-aafe-08edaedf3984,010401-20141016195834Ch,0.0
008c5b3f-457b-46a4-ab12-33aaa989277f,010403-20141016195834Ch,0.0
6cb5dd54-72e9-4fdd-9941-9e459b85e518,010403-20141016195834Ch,0.0
28521414-908c-425d-9263-90e80114ede9,010403-20141016195834Ch,0.0
7891088b-2812-468e-a935-f17a3ac5ce57,010403-20141016195834Ch,0.0
8cb9c0dc-5195-4d4e-b826-4ea40dd94148,010403-20141016195834Ch,0.0
efff458b-fb33-4b9d-b1d1-8025f9502513,010403-20141016195834Ch,0.0
baf097fb-3a84-4fcc-a9a7-5bd0231e8842,010403-20141016195834Ch,0.0
359763e4-134a-4312-87f5-b73d20e25b27,010403-20141016195834Ch,0.0
32ca9ae0-0b48-4a99-96a0-681e77b46db6,010403-20141016195834Ch,0.0
1d4667b0-8f55-416e-a792-8eaa9a89cd56,010403-20141016195834Ch,0.0
bd320fe7-3d90-4b05-8c6c-b868ada0e227,010403-20141016195834Ch,0.0
d9caa61f-0354-4e32-9317-4b0fa0a88f7e,050103-20110517164514Mh,0.0
cb2b15ae-0d23-47cb-b6ef-d44a3425da70,050103-20110517164514Mh,0.0
67115ee3-76c9-4484-8674-df2c843c9ccf,050102-20110517164514Mh,0.0
1736d92e-bd89-4d39-9d9e-67f0cea16486,050101-20110517164514Mh,0.0
bebf5a80-3ad6-46cf-a871-bd280832f3c3,050101-20110517164514Mh,0.0
0e9da993-95e7-4278-813c-ed460330b94b,050101-20110517164514Mh,0.0
6d4d150f-d0cb-403b-ba32-5c098cf4aec4,010101-20180318020350Uh,0.0
f1f9ff28-2985-48ac-9865-d7ef10dc9932,010101-20180318020350Uh,0.0
87ea504e-45b5-4470-8b28-789f39f89916,010102-20180318020350Uh,0.0
09dc1310-336b-4ecb-8d00-bef6ba0587b5,010103-20180318020350Uh,0.0
94a9c2f2-27ae-464e-ae2e-25ad60e8f130,060403-20110123174914Mh,0.0
17a754fb-0fac-4c80-acf7-8773aa5dc136,060403-20110123174914Mh,0.0
c9ac124b-5a00-408d-aebd-987040ff032e,060403-20110123174914Mh,0.0
4d2eca58-d9d4-404b-b39d-fe03361d8e67,040201-20130716162214Mh,0.0
093701e3-4924-4b74-854c-a1b5c4cd0865,040201-20130716162214Mh,0.0
b93b090e-dbc2-42c8-80a8-d682e10cfc73,040201-20130716162214Mh,0.0
95386769-ee73-44a7-b82a-401240cae210,040201-20130716162214Mh,0.0
1e0f9516-269f-41f4-a20e-6967fd17fe87,040201-20130716162214Mh,0.0
1e603a0e-25c8-4974-acfa-a4eaa5455c4c,040201-20130716162214Mh,0.0
c290ee12-f02c-41d2-8f9e-f6ff36515f21,040201-20130716162214Mh,0.0
4c73bb76-d320-4e7e-ae41-33844eccc289,040201-20130716162214Mh,0.0
55dfecba-102b-434b-8837-1b85981bd822,040201-20130716162214Mh,0.0
8d02028d-8cc7-4155-8a33-cb089bc52f3a,040201-20130716162214Mh,0.0
d2fa313b-df8c-4f8a-8d53-866a92e7da91,040201-20130716162214Mh,0.0
5249d6c1-7c8e-48ff-a44a-95c11b8b2c87,040201-20130716162214Mh,0.0
b5655e35-e4cd-4c67-ab43-b90f1235978f,040201-20130716162214Mh,0.0
ca22ef88-930b-476c-a8c7-592c65fe9c6a,040201-20130716162214Mh,0.0
fbab25a8-d654-4119-a4a6-ca6aee91a360,030101-20150719182314Mh,0.0
01e0b3e2-6743-4f91-81cc-0fbb75ea782d,030101-20150719182314Mh,0.0
b1d863a7-91ae-4927-bab1-0dfcac39fced,030101-20150719182314Mh,0.0
7cb271e1-cab1-4e9c-8fce-12f53037e8a0,030101-20150719182314Mh,0.0
88fc08fc-326e-4a1a-969a-7a3f6d92d5e0,030101-20150719182314Mh,0.0
dd250959-ed15-4793-bd69-eaa4da5600de,030101-20150719182314Mh,0.0
cc35bddd-e789-4f9f-ba67-ff8666f0f0ff,030101-20150719182314Mh,0.0
b0541dba-4bcc-41d3-a250-9ec56730b7cc,030101-20150719182314Mh,0.0
18904f38-91af-4859-9df5-2f0f074972c3,030101-20150719182314Mh,0.0
869f8434-997c-4c9c-8a1f-966dbf94194e,030101-20150719182314Mh,0.0
e83cc1b0-978e-432e-aac6-d152ac6ea996,030101-20150719182314Mh,0.0
8e032e10-a9c3-41d5-b03b-af9485a6b3af,040303-20140218230234Lh,0.0
59079ac0-641b-4f6c-81c3-223a8b54be7d,040303-20140218230234Lh,0.0
0ce60482-e8de-4bf8-8ac2-fdcdedcfd27f,040303-20140218230234Lh,0.0
86ff7ec9-8568-4faa-98a8-e36ff8cea074,040303-20140218230234Lh,0.0
9a16806e-408b-48db-977e-07d6e00e9a6d,040303-20140218230234Lh,0.0
6a0d828d-fe09-4005-8172-a010967d8254,040303-20140218230234Lh,0.0
19b174f7-0073-4b7e-926d-6bb96e17ac49,040303-20140218230234Lh,0.0
b82c5a41-8aff-4f7b-a99d-5a2dfc58dedd,040303-20140218230234Lh,0.0
de6473a3-81f3-4cf8-9715-c1abe150d16b,040303-20140218230234Lh,0.0
5e710693-eff2-46d7-b363-9d5cc582fcda,040301-20140218230234Lh,0.0
d5db9b33-e809-4ece-b79e-0b65fa14a199,040301-20140218230234Lh,0.0
9b3de3c3-5be0-44cf-b655-e8db270c40a9,040301-20140218230234Lh,0.0
03bdb56c-2825-4344-a4a9-9c7e3403aa24,040301-20140218230234Lh,0.0
9fe45a18-813b-4abe-bfdc-78ebe902644e,040301-20140218230234Lh,0.0
ff199567-e6b8-4287-874e-ebf793732411,040301-20140218230234Lh,0.0
bd21fb33-430f-46d7-b37c-9e3d15afdccd,060403-20130628063134Lh,0.0
d794fa56-85bb-4227-8dd0-80e58ddb1d35,060403-20130628063134Lh,0.0
ded0cd94-5933-4ab3-afdb-6643cd96c12a,060403-20130628063134Lh,0.0
7d8cbe71-92f7-4746-a3e9-7082d3c040bb,060403-20130628063134Lh,0.0
09e99a3e-1206-44b2-a451-9f6473ab85dc,060403-20130628063134Lh,0.0
5e2cdf7a-1ccc-4bc2-99c3-7acb3df00260,060403-20130628063134Lh,0.0
e3b4aaea-adbc-450f-a2d4-0913bb6e77f7,060403-20130628063134Lh,0.0
587a1f25-aacd-46e6-9570-89db618062ca,060403-20130628063134Lh,0.0
f5243f9a-b746-4a2d-81bc-c123c859f7ba,060403-20130628063134Lh,0.0
0541e00d-d7de-422b-97ec-b693415d578b,060403-20130628063134Lh,0.0
715de2fc-2a14-465b-aacc-037d5458e0e2,060403-20130628063134Lh,0.0
4b15a12c-c5b6-4122-a906-5a5bacadeffe,060403-20130628063134Lh,0.0
5f6725e8-cea7-48ca-8dc8-cd9bf3b6f04e,060403-20130628063134Lh,0.0
ac238724-8a24-442c-bf6f-7f701a5f0953,050102-20130107174854Bh,0.0
f8d953c9-d27f-4f5b-987f-3a2cc673d164,050102-20130107174854Bh,0.0
e30d7f99-0065-4e4e-a77f-29b2aca8fff9,050102-20130107174854Bh,0.0
63f6b14f-5e6c-4739-933f-485963e1a772,050102-20130107174854Bh,0.0
145ec712-5301-4557-a01f-bb6fac2da878,050102-20130107174854Bh,0.0
19bb7216-dde7-434f-9f17-652a9ce028d6,050102-20130107174854Bh,0.0
28e38214-8b8e-4a6b-8d0e-d3b7e51abf7e,050102-20130107174854Bh,0.0
cc603d31-6714-427e-88bf-1c9f1efb3fbe,050102-20130107174854Bh,0.0
155f0b0f-7994-427b-96f8-21e785e14fa8,050102-20130107174854Bh,0.0
1a2b98f9-ffa5-48eb-8d3a-29d3099ec698,050102-20130107174854Bh,0.0
ab415e93-77d9-49c7-8fab-8a8143bfb390,050102-20130107174854Bh,0.0
15f3aa31-f0a1-422f-8ed9-8e9028650b55,050103-20130107174854Bh,0.0
9a024717-8fcf-4d4a-a004-e7a223f94644,050103-20130107174854Bh,0.0
2cbe364b-92a6-4e8f-aab9-fc1c2eb873f0,050103-20130107174854Bh,0.0
dfc9a879-7866-466f-901c-9b4c16aee269,050103-20130107174854Bh,0.0
7d395cfb-8a14-417e-9c73-d279a3134820,050103-20130107174854Bh,0.0
ae4c8c27-047f-4cff-9bd1-a1ab69a3ba2c,050103-20130107174854Bh,0.0
812c6c12-a6d0-4e57-acee-ca7363bd68fc,050103-20130107174854Bh,0.0
26ec5982-852b-4bf9-8449-9c0c40de630b,050101-20130107174854Bh,0.0
24bb1337-3cf9-4b13-bb78-8127b4eb5f55,050101-20130107174854Bh,0.0
ed0ac989-3c18-41b3-b27e-bd2e4082aaa4,050101-20130107174854Bh,0.0
2c1cb9c5-781a-4724-96f6-0b019d4202a9,050101-20130107174854Bh,0.0
aeb0c469-3399-4545-93e4-0a1b14b105fc,060102-20190322144450Bh,0.0
3e73c31d-e78c-4eb9-8af3-1045e26abd5c,060102-20190322144450Bh,0.0
16f49739-b149-44c8-b7c9-3e4105d11322,040102-20151118172314Mh,0.0
817a5332-4fb4-4529-b6d1-6d07606aefec,040102-20151118172314Mh,0.0
31a0e514-9d90-4ffc-bb89-7ce15ca14b3c,040102-20151118172314Mh,0.0
1ac9e0cd-b088-4552-84e8-cef20e0d0a2f,040102-20151118172314Mh,0.0
1fc7c735-0f89-4b50-aebe-005d4aa0d02e,040102-20151118172314Mh,0.0
9515709f-9e6b-47bf-80d0-483ea9e14280,040102-20151118172314Mh,0.0
87a30538-79a3-488e-9951-451cf9923676,040102-20151118172314Mh,0.0
0b49fe57-4aca-475c-a134-b945b4684b53,040102-20161217133734Ch,0.0
d61774b2-e985-4736-8463-c764c9095caf,040102-20161217133734Ch,0.0
1121115f-c6b0-4183-af56-9a5c780cac9b,040102-20161217133734Ch,0.0
7210373e-ecd1-44e1-92a6-14981b1c5530,030101-20131031185614Mh,0.0
81a5e56d-f6da-42e4-a62b-e7e958ff5ed3,030101-20131031185614Mh,0.0
1fc83605-32f8-45e0-b3fd-f7940539ba08,030101-20131031185614Mh,0.0
a92a7ed5-7624-46c8-974b-dae957d4dffe,030101-20131031185614Mh,0.0
5bfc4020-f69c-43c7-96a3-a49d3f335239,030101-20131031185614Mh,0.0
ac199b1f-ad90-443f-935e-05eaf3a0fdcc,030101-20131031185614Mh,0.0
89118d15-bd28-4178-89df-4e07d2df6c92,030101-20131031185614Mh,0.0
17a54b63-1f98-456a-aace-290f77144a7b,030101-20131031185614Mh,0.0
b943b1f5-2832-40ba-86cb-d9f142ba0206,030101-20131031185614Mh,0.0
9652dc4a-77e8-4751-9517-78d1169b82e7,030101-20131031185614Mh,0.0
1716d626-db09-4cb1-9a92-5a069b28c6dc,030101-20131031185614Mh,0.0
fd4c8542-1d71-4eb1-9817-9e85e029e471,030101-20131031185614Mh,0.0
61553b58-3b5d-4375-b90e-ddc3cbbb815f,020401-20110815140454Bh,0.0
2dae1e27-035b-4090-9e4e-3c93a209d26e,020401-20110815140454Bh,0.0
fefc6dd5-0ba5-479d-be02-73d4080ee9e3,020401-20110815140454Bh,0.0
ccae35b9-b21c-455d-920a-ebf5cd65e339,020401-20110815140454Bh,0.0
d236ab6b-fe5e-4982-b670-76bc0ebd56ea,020401-20110815140454Bh,0.0
cff15653-e84c-4011-be5a-cf8d14b794df,020401-20110815140454Bh,0.0
cdea81e3-27fc-4a68-98f1-894f66e4a059,020401-20110815140454Bh,0.0
6bf496a2-93a5-4df3-a5be-b1dd1b90538d,020401-20110815140454Bh,0.0
7bf4d1b4-154b-4d75-b177-5df559551099,020403-20110815140454Bh,0.0
8e4d687a-08b9-418c-be0e-b563879449f1,020403-20110815140454Bh,0.0
89885035-c1d7-44e4-a42c-ad3bde2367ba,020403-20110815140454Bh,0.0
5b3dc871-c8d5-4ae9-a107-62a937d0894f,020403-20110815140454Bh,0.0
7859966d-a63d-4b69-bfb9-9c220bf0221c,020403-20110815140454Bh,0.0
b06b052c-254b-4c0d-bcf6-44b1b6416621,020403-20110815140454Bh,0.0
feb90ade-e8ae-4e60-92a8-c972f66fc711,020403-20110815140454Bh,0.0
60f18a06-bff3-4086-97c3-95d9f03a9ee0,050103-20170827165310Mh,0.0
a1adb6e1-9ec1-4c13-81d9-749b91ebc038,050103-20170827165310Mh,0.0
f56847cd-af51-4f8f-afe0-b49dade1f203,050101-20170827165310Mh,0.0
ffdbfa1a-ffd6-4d44-820e-2b59b6c64c47,050101-20170827165310Mh,0.0
6c6e767a-a5c6-4884-b5b2-3f37ac4c0576,050102-20170827165310Mh,0.0
5b69079f-cbf4-404a-9249-2ec9ea5a77f9,050102-20170827165310Mh,0.0
ee38922e-8c56-4169-acfa-fe1c77a065d4,050102-20170827165310Mh,0.0
3467a5d8-07fd-4764-b71c-3f3f2a4dbc3d,010101-20160226173214Mh,0.0
baf0adaa-1336-4fab-80e4-b9f651611234,010101-20160226173214Mh,0.0
6f5a8463-3ab3-4377-9137-2d619dbb4a0c,010101-20160226173214Mh,0.0
6aaff36e-5865-4725-9bca-95c0c3c1abc5,010101-20160226173214Mh,0.0
3878cab3-0204-41f1-b4a0-e44ad15a0848,010101-20160226173214Mh,0.0
58b2699e-75fc-48c1-ae36-9cfec432a254,010101-20160226173214Mh,0.0
7688cd47-4107-49e5-92de-e63114d8f7d5,010102-20160226173214Mh,0.0
fd233afd-acb7-46ad-a218-8f900f197a86,010102-20160226173214Mh,0.0
8e1e1025-59a0-41be-a527-5957add7a3c4,010102-20160226173214Mh,0.0
d75fa780-2263-4d2e-ba57-995ad918b27f,010102-20160226173214Mh,0.0
f7187901-0b38-4c5e-8817-ac28fd77b1bf,010102-20160226173214Mh,0.0
715ec222-24c4-4106-9ee6-7311b27be2c6,010102-20160226173214Mh,0.0
d248ad19-4fb0-4f6e-91e5-11c0b08d39b5,010102-20160226173214Mh,0.0
9832be9d-08be-4553-9e4e-9a1d4237068a,010101-20110114105034Ch,0.0
a3bb4cca-11e6-4dbd-996a-182531852022,010101-20110114105034Ch,0.0
4d9a5520-84b9-455a-9a7f-b8639af1c694,010101-20110114105034Ch,0.0
f4a52fc2-37cc-44d7-b0a5-ab758bd5a647,010101-20110114105034Ch,0.0
8262e467-6101-4c9f-90ff-36093218d4b3,010101-20110114105034Ch,0.0
5b242b34-07c3-4f3c-b0d6-8598e2edfc01,010103-20110114105034Ch,0.0
27f77724-8d50-4696-82b6-b1d98e4c6894,010103-20110114105034Ch,0.0
2d3d4bfb-60c4-441c-943c-b5f3a02b5747,010103-20110114105034Ch,0.0
99efac54-d9fb-46fd-821c-65e9b15f731c,010103-20110114105034Ch,0.0
d3e0675e-ecb7-43e2-b09a-486ac53acb22,010103-20110114105034Ch,0.0
dcde822c-c499-4c91-89c6-1119aa526221,010103-20110114105034Ch,0.0
a445ee72-2ed4-4f10-82c9-1e9e5aefd086,010103-20110114105034Ch,0.0
93f1d584-1734-49f9-b958-8bcd037dee67,010103-20110114105034Ch,0.0
944851f8-d07f-45f6-b517-536688cf399f,010103-20110114105034Ch,0.0
3d2bb9ea-7e81-4dce-bd9f-78a4425d0661,010103-20110114105034Ch,0.0
ee433d30-88c9-4b59-9a10-a6e6843b13f3,030302-20110325171014Mh,0.0
e31abff9-791d-4863-a97e-9a1e50d047db,040102-20171011224130Lh,0.0
7f1db6d1-793a-4b82-9e68-3b6d7ef52998,040102-20171011224130Lh,0.0
3fbaee55-0237-44f3-bca2-2865fdcc3f38,060403-20140814195854Bh,0.0
44803d26-aa78-486f-98f3-b21714456da2,060403-20140814195854Bh,0.0
c8edbba0-d77d-449f-b287-40716153a026,060403-20140814195854Bh,0.0
02010475-cac7-4429-adc5-0ecd472082c9,060403-20140814195854Bh,0.0
89ad2148-ed44-401f-a3b1-1e670f0f9864,060403-20140814195854Bh,0.0
d271a106-a14d-43ba-9b0e-b3e0f1685721,060403-20140814195854Bh,0.0
ddf335da-22f4-4db2-8e90-4ca61cd7a9e5,060403-20140814195854Bh,0.0
061a58e2-b486-497f-bc22-95e02b29c014,040102-20161201160954Bh,0.0
6742e195-b13f-4659-a6a3-6f3502290723,040102-20161201160954Bh,0.0
681d0e7c-083e-4890-9eb1-d24aa0b5c29c,040102-20161201160954Bh,0.0
a41c6aae-1704-4d94-b3b9-2f1fceaa035d,040102-20161201160954Bh,0.0
2d303382-0381-45de-bd41-843f9cdda419,040102-20161201160954Bh,0.0
eb47acfe-2642-4412-9815-787e6e3730ab,040102-20161201160954Bh,0.0
166fa955-2f47-4061-a475-5768aebdcc81,040102-20161201160954Bh,0.0
99aebfc7-92bf-4065-8cd7-279d1d8505ee,010402-20150423120034Ch,0.0
f499f34c-783f-435f-b211-dee68c9c2c47,010402-20150423120034Ch,0.0
82e87f8e-b547-44f7-a014-8c1a5713d758,010402-20150423120034Ch,0.0
936bda0a-5a5a-45e0-aa59-ea087d8e46f9,010402-20150423120034Ch,0.0
aee6bba7-b4c8-4f62-b71f-aab4f440e44f,010402-20150423120034Ch,0.0
9dc6d12d-dab1-4659-bed0-542080d3a1c6,010402-20150423120034Ch,0.0
5ba03cd0-2cda-46e6-9d90-fde66aa99642,010402-20150423120034Ch,0.0
56d7433a-0290-4f1d-8961-3c2e5486c94d,010402-20150423120034Ch,0.0
420fc82a-190d-4508-af09-463c789c0b1e,010402-20150423120034Ch,5.796299999999974
3502a1c7-ae7a-46ae-ae3d-3686a1ef9c58,010402-20150423120034Ch,0.0
c0c48f2d-83c5-4cfe-970d-e418656c2649,010402-20150423120034Ch,0.0
668807a9-893e-473d-9bc1-c8cc2c475f02,010402-20150423120034Ch,0.0
92477f3c-bbfe-413c-a8b4-1f28898f388b,010402-20150423120034Ch,0.0
ade8d25c-5d1b-48ef-99f6-2e3e8ba72665,010402-20150423120034Ch,0.0
4ec23aab-2b52-4f25-9579-06a8f484dca4,010402-20150423120034Ch,0.0
b927346f-ada0-4cb0-86b4-31ff0c9beed0,010402-20150423120034Ch,0.0
b320f4e9-9510-4b1c-9337-ea0ac295552d,010401-20150423120034Ch,0.0
06c1f72b-989b-4a24-a364-b84b28db2cfa,010401-20150423120034Ch,0.0
7eee0615-dbb7-430b-a96d-43848ec6f735,010401-20150423120034Ch,0.0
ed5679ab-d52f-4f6f-baff-ab3343297a83,010401-20150423120034Ch,0.0
118ec69e-d3c7-41c4-b41c-1ef8043a6a3f,010401-20150423120034Ch,0.0
a828fb4a-77cb-43e2-9c3a-7077ac549861,010401-20150423120034Ch,0.0
197b1c6e-c4ca-4d9a-8235-b35714f28b55,010401-20150423120034Ch,0.0
ce9ba312-7554-4bf1-974f-1996e8ec0c20,010401-20150423120034Ch,0.0
eaedb619-3820-41b9-9ddb-16dcad463adf,010401-20150423120034Ch,0.0
cd547d0e-6423-427a-b160-42023b71f213,010401-20150423120034Ch,0.0
c9f05622-41f0-48e8-982b-20fdd184c999,010401-20150423120034Ch,0.0
a9629ec4-3131-42b7-8d6f-3652e8540c20,010401-20150423120034Ch,0.0
cf1fc335-5614-45d4-b28f-266b15486bac,010401-20150423120034Ch,0.0
3e59c898-fd2a-4037-a33c-34fb889fe316,010401-20150423120034Ch,0.0
74a5d280-f415-4d6f-95a5-5801ac68219a,010401-20150423120034Ch,0.0
cf06aa8e-a2e7-4262-902f-fc3111eb3112,010403-20150423120034Ch,0.0
626d6385-2f10-4fff-88ca-5fc826470a35,010403-20150423120034Ch,0.0
59ea56b6-68d3-42fa-a144-f57e4892d1fd,010403-20150423120034Ch,0.0
e555ead9-a8e8-480f-a36b-43adba078567,010403-20150423120034Ch,0.0
e90976e8-ae95-4ae3-8092-7f786d65f5b1,010403-20150423120034Ch,0.0
38719e4a-611f-43f2-b184-591b2035606d,010403-20150423120034Ch,0.0
fe3da2f4-4b3d-49fb-bc72-1d387cbe2193,010403-20150423120034Ch,0.0
6c7ba1ad-858d-4b3f-af86-951c6f64bf61,010403-20150423120034Ch,0.0
7287271a-05ed-4c96-a678-5f151c7c327e,010403-20150423120034Ch,0.0
4c45e5e8-cfb3-4e93-ad14-268a2f8d9c89,030101-20110601063134Lh,0.0
cf9b0f78-1cb8-43f2-9685-3c1fc46851ef,030101-20110601063134Lh,0.0
479c3a18-37f5-4b8e-9e4e-fe29a4443716,030101-20110601063134Lh,0.0
fbc559af-978d-4eab-bc02-91ebdef16ad8,030101-20110601063134Lh,0.0
a0bfea97-6483-4596-8bac-c87812edcc4e,030101-20110601063134Lh,0.0
91b4418b-d4a1-41d1-89ef-bc386be946bf,030101-20110601063134Lh,0.0
db7c01e8-ffe2-4286-93b1-8f4a91df3daa,030101-20110601063134Lh,0.0
1ac05911-04f4-4a40-b89d-e4652966ff5f,030101-20110601063134Lh,0.0
912d618d-ed93-4373-b743-dbb78692980c,030101-20110601063134Lh,0.0
b310e9ba-d46a-422c-a599-812d30fc4e0d,030101-20110601063134Lh,0.0
7e0d99ee-04a0-4a23-9496-15ca5f89e3c5,030101-20110601063134Lh,0.0
32b87f68-5b7b-4241-b0a1-60d57a8f549b,030101-20110601063134Lh,0.0
295d65bf-9f79-4be2-a495-07b003043624,030101-20110601063134Lh,0.0
cc3b4644-0426-4170-ba6a-db765bdbb47a,020101-20110406082634Lh,0.0
85b30168-b9f6-4313-bc37-bc4057225300,020101-20110406082634Lh,0.0
09056b18-126e-4060-b8e6-b07e10757bfb,020101-20110406082634Lh,0.0
c2e043b8-eff0-43a6-8c1d-156ace637eaa,020101-20110406082634Lh,0.0
698b5ba5-c759-44cc-8848-82c1815c833a,020101-20110406082634Lh,0.0
4bb0bd35-2dc6-4ba9-86ff-af33a288548a,020101-20110406082634Lh,0.0
93f46a14-ed42-4f37-b498-8d1a92a1f956,060403-20160107133714Th,0.0
95bcf067-bbec-4aed-96ad-6aa47fac4401,060403-20160107133714Th,0.0
2fa89507-837b-4d65-a4b1-98f525ba4544,010201-20170502233130Lh,0.0
745d8609-f745-4179-9196-8dbfe3bd9bd5,010203-20170502233130Lh,0.0
7ff593fa-0947-4484-a189-3eb4f9dd75cb,010202-20170502233130Lh,0.0
e072f430-9c0d-40fe-93ab-5bb52d1bf89f,010202-20170502233130Lh,0.0
0df02c19-c4aa-4463-b6b7-6b139f044d75,030101-20141116222234Lh,0.0
4a86b6d3-a189-4769-9939-e516ca3819dc,030101-20141116222234Lh,0.0
e78f8274-24c3-4f38-b72e-a78c6897520a,030101-20141116222234Lh,0.0
308532fc-a19d-4f41-9c84-915402fdb7bf,030101-20141116222234Lh,0.0
496a2b0f-321f-45f2-8c7a-d45502f45c53,030101-20141116222234Lh,0.0
6f1cea94-cff5-4b09-bec0-bb5c3ba4f98e,030101-20141116222234Lh,0.0
4ce2d118-3f20-42b3-8d55-b719c612ed40,030101-20141116222234Lh,0.0
e5a373b7-5961-44dc-b822-077485061f8c,030101-20141116222234Lh,0.0
b4f4a259-9c0f-4286-b940-53e06f46863e,030101-20141116222234Lh,0.0
f5aece6f-4b6a-4b0c-a2b9-277cb9aaef8b,030101-20141116222234Lh,0.0
ff8aa9ac-db8f-43ec-846a-a0f27fa4c65c,030101-20141116222234Lh,0.0
27efeadd-3fb0-457d-8679-b70b5fa806b5,030101-20141116222234Lh,0.0
c1152398-98c2-4ee8-8541-29cf56ec1146,030101-20141116222234Lh,0.0
da66b281-7b0e-4e88-89ef-cdbafc575e92,030101-20141116222234Lh,0.0
ab1f3749-6966-4ae9-bae1-ecb237f4ceeb,030101-20141116222234Lh,0.0
fb7f0433-a910-435a-ad02-a465d45394c4,030101-20141116222234Lh,0.0
197d29fe-adfd-4e69-af49-7abd9f7a4051,030101-20141116222234Lh,0.0
af43e741-b16c-4d6b-86b2-15c870a5b7ca,030101-20141116222234Lh,0.0
eed0c5a1-148c-43d6-9c86-91c4e0dc3dd5,030101-20141116222234Lh,0.0
8ab91363-4d91-4566-8f0e-80454268cb35,050303-20190926165810Mh,0.0
6b2db987-21ca-4add-bdf3-6bec833353e4,050302-20190926165810Mh,0.0
f53bd950-3d08-41c1-992f-e4c0ef73cb89,040401-20150627133754Bh,0.0
0d59e75d-a96b-4511-9788-6542ff4f27eb,040401-20150627133754Bh,0.0
b7370f84-609e-43d8-be14-98742f94ec4a,040401-20150627133754Bh,0.0
fa48697b-d247-49b6-b167-899b1d9b08ce,040401-20150627133754Bh,0.0
20b55792-c170-418f-b7b9-42cf8ae8c779,040401-20150627133754Bh,0.0
db524ec8-d93b-49f2-847c-237178a66065,040401-20150627133754Bh,0.0
9bdb08d1-320f-4b84-a31f-fb1549ecac60,040201-20130404063134Lh,0.0
f551133d-fc38-46e7-8778-59eb316a50d1,040201-20130404063134Lh,0.0
494e1b56-0cee-4656-8890-a160b28bd6df,040201-20130404063134Lh,0.0
ba5d508c-a336-4b08-9427-fb5550b7333b,040201-20130404063134Lh,0.0
c25f3f5e-663d-4513-aeed-718f1a38ec24,040201-20130404063134Lh,0.0
b773f63c-74a4-46dd-b612-1b0d9a654b8b,040201-20130404063134Lh,0.0
d0311557-9804-4d4f-9055-bf81fcf5b073,040201-20130404063134Lh,0.0
988b3f7f-1460-484e-b86e-5c71551a0828,040201-20130404063134Lh,0.0
ac692e55-141c-4039-9063-d41485e34b7b,040201-20130404063134Lh,0.0
ec01b049-1cf6-4229-8761-62d431fb3e0d,020401-20150706083014Th,0.0
3dd91487-0b41-4046-81b8-7335ccfad437,020401-20150706083014Th,0.0
c5828ba7-e68a-4681-9a49-1bcc953c7912,020401-20150706083014Th,0.0
f69e5592-2a00-45f5-9858-f2d3a17d5698,020401-20150706083014Th,0.0
04bd806d-7f7e-4ae2-99e1-38ad11a54e32,020401-20150706083014Th,0.0
e8b2a238-63e9-4c13-bab7-97957b0f8160,020401-20150706083014Th,0.0
0c56acab-8c46-404b-bb12-e9adad880c73,020401-20150706083014Th,0.0
fdd22094-4b7d-4900-a9bd-98898316548a,020401-20150706083014Th,0.0
5d0d0adf-1e38-4714-9c3d-84c3fac03f40,020401-20150706083014Th,0.0
27c8ae02-7a63-4a35-9b12-4e8ed06634b6,020401-20150706083014Th,0.0
ac07f0c7-13be-49f1-97d7-ae12cee4d02e,020401-20150706083014Th,0.0
d2764098-b622-4ce9-a021-d379efc69041,020401-20150706083014Th,0.0
d1dd82d7-6003-4211-a4cf-225b6b93e1d4,020401-20150706083014Th,0.0
a7e615b1-0325-45a4-9803-a541ce71ae0e,020401-20150706083014Th,0.0
b14b1475-0fa6-469c-8425-17f0c291a986,020401-20150706083014Th,0.0
63ecf16b-a21e-4a4c-903d-325db6446671,020401-20150706083014Th,0.0
529e5602-71f4-4ac1-84e3-df33ccdff06c,020401-20150706083014Th,0.0
33b448ce-70a8-401f-8ace-dac8d4999954,020401-20150706083014Th,0.0
53f6dfd3-03e4-431a-9d06-13683d8a79e5,020401-20150706083014Th,0.0
11cecf4e-0975-4eaa-8124-eb9d1511d82c,020403-20150706083014Th,0.0
43f49b65-f031-4b2f-aa37-69a789c69766,020403-20150706083014Th,0.0
dab2b21a-8e71-4185-8c21-2b07f62e1972,020403-20150706083014Th,0.0
691bf3bb-55a3-4065-81cb-97969ec16f32,020403-20150706083014Th,0.0
aa5cb654-9968-4108-a48e-6cb553735b6b,020403-20150706083014Th,0.0
2d575b3e-3d16-4b10-be1d-0801dc2e8a46,020403-20150706083014Th,0.0
20f0709e-9fb6-484d-aa98-8da527344b43,020403-20150706083014Th,0.0
c0f8fa54-3694-4137-9e3e-15f770ac37f6,020403-20150706083014Th,0.0
914d51bf-f8dd-4ff7-9599-7af623d5ea8e,020403-20150706083014Th,0.0
9992c2cc-636a-4790-8265-4ba020eb8b90,020403-20150706083014Th,0.0
6dde3e26-887d-4c78-b1a6-e5cb65569f49,020403-20150706083014Th,0.0
e962e1b5-5957-4e69-8eee-64a93601a1de,020403-20150706083014Th,0.0
3f1513c5-87d2-4984-8e39-7894c0c49ead,020403-20150706083014Th,0.0
a9107aa8-110c-4f8e-8412-1093e2761c50,020403-20150706083014Th,0.0
6fb8fea7-7b3f-4290-a11a-bc2eea1c7fb8,020403-20150706083014Th,0.0
f2233ceb-d729-443d-aec6-a9459b049086,020403-20150706083014Th,0.0
25d2c1ec-c671-4a3d-afe9-b8d30f648f42,030302-20140921195854Bh,0.0
22aa5551-fef4-49ca-b9b8-dffface41429,030302-20140921195854Bh,0.0
bcdd7ed0-67c6-4bee-906f-7e7dc9a0d1c8,030302-20140921195854Bh,0.0
57ea9f06-9402-4fa9-962e-0780a4ed7829,030302-20140921195854Bh,0.0
a3f3be9f-904b-461e-acdb-a15cde8e3271,030302-20140921195854Bh,0.0
e6d9a9fa-4c7d-4ecc-acf6-c68ba545b98e,030302-20140921195854Bh,0.0
352495b9-bd74-4416-9e55-988988d3d4a9,030302-20140921195854Bh,0.0
96367b3d-04bd-43a5-8dbe-2be4ef60f333,030302-20140921195854Bh,0.0
f7faaa9a-c9c7-4437-9e14-e993f947d884,030302-20140921195854Bh,0.0
e4862c8e-54fa-4c0a-afbb-4062310d6ffa,030302-20140921195854Bh,0.0
c839e5a7-3a22-4b37-b92d-500619efe2e4,030302-20140921195854Bh,0.0
7b374e39-5947-4a7d-95cc-269fe000f7c5,060403-20131028190734Ch,0.0
d06348b9-15c3-4ff2-b181-d17965e52f1c,060403-20131028190734Ch,0.0
9a2ac945-0915-4bb4-af46-affb3b48898d,060403-20131028190734Ch,0.0
d19ccad7-e957-4be5-af17-1879f0b831ce,060403-20131028190734Ch,0.0
6df26565-a886-45d3-a349-89cf65658166,060403-20131028190734Ch,0.0
0a5288dd-5441-4601-91bb-ada1664d4d42,040401-20140116180214Mh,0.0
5c8c47bc-60cc-4fb2-af6f-cd4e00375162,040401-20140116180214Mh,0.0
9645fe57-6d9e-4227-a008-44b66ff698ee,040401-20140116180214Mh,0.0
ade83f0c-94e9-43e5-95c0-bcb7e0bb23bd,040401-20140116180214Mh,0.0
29b77af8-a94e-4df6-8dc4-1d8f63ae0831,040401-20140116180214Mh,0.0
71826e19-9770-4349-9d8b-3e6bf8249959,040401-20140116180214Mh,0.0
4a319508-8107-40a8-9c86-bc376641355e,040401-20140116180214Mh,0.0
842165e8-f1e6-45dd-9af0-7d9c6e4fe77f,040401-20140116180214Mh,0.0
b693b768-368b-486c-ade5-77eef282a262,040401-20140116180214Mh,0.0
67b97b61-0576-42e6-94bc-edbdbc131ad9,040401-20140116180214Mh,0.0
c1ff6e43-ee71-4a30-8d76-bdd413751313,040401-20140116180214Mh,0.0
1d52b3f9-3c1e-4b6c-bf03-f86b0366bc5e,040401-20140116180214Mh,0.0
7e8c0c71-565c-43be-b1f3-b9c735d3ebe7,040401-20140116180214Mh,0.0
4ac39aae-d754-484e-a8e5-f71c64d490d9,040201-20210620163530Mh,0.0
4f7b2c03-5a4d-4c82-a87d-d227615249a1,040201-20210620163530Mh,0.0
81bb5f2f-b8f1-4182-8a0c-3d1b92376938,040201-20210620163530Mh,0.0
b55473e0-12cc-4078-a330-dcda1e359b6b,040201-20210620163530Mh,0.0
d60e3fc7-2168-4f79-b884-56edf512582d,040201-20210620163530Mh,0.0
2b4f0707-30c5-4264-90e2-614ad2fc4f73,040201-20210620163530Mh,0.0
3d420b09-634b-4915-9bfa-151aeec145ce,060102-20180924112030Ch,0.0
9c81dec3-c4fe-4bab-9a8e-08b0ea16006f,060102-20210329114430Ch,0.0
de7ce0b7-0de7-441c-b3f9-797fb12a9972,060102-20210329114430Ch,0.0
6798672e-605a-477a-b93a-de5256266656,010302-20111223085314Th,0.0
98efe9f1-7ae8-465a-9950-6a4ec54b2bb4,010302-20111223085314Th,0.0
0e1d14de-8b83-4814-8a01-7f5d3be6d0e0,010302-20111223085314Th,0.0
be61f3d6-980e-441b-a86b-60bfa09f51c5,010302-20111223085314Th,0.0
c7d00a16-e9d4-4c54-b8ec-432896310b4b,010302-20111223085314Th,0.0
a62584b9-53e4-4ec8-b1ed-f27c392302a8,010302-20111223085314Th,0.0
169c8ecf-4412-4691-ba68-b0333a8400d8,010302-20111223085314Th,0.0
8f8e6868-52b2-41fe-9e92-843c997bd518,010302-20111223085314Th,0.0
71c07b64-4561-4b86-9c3e-6588071c943a,010302-20111223085314Th,0.0
25621ee8-27d6-42b6-bcc6-699e6583bace,010301-20151119133734Ch,0.0
4a93de17-809f-4405-835e-0f22130c61c2,010301-20151119133734Ch,0.0
87848459-719e-457a-baed-bdb0828fa1de,010301-20151119133734Ch,0.0
c61c9313-1501-41af-b649-37181254570a,010301-20151119133734Ch,0.0
afbda475-d080-4e34-ba3b-fe215404c467,010301-20151119133734Ch,0.0
be99eabc-49b9-478a-9c7f-8a9277bccc9f,010301-20151119133734Ch,0.0
68d0ee09-d5c4-492b-b379-dffa077fa6fc,010301-20151119133734Ch,0.0
b8f10d41-a3ed-4f3b-9eb9-c76d4f285afc,010301-20151119133734Ch,0.0
503fc3fd-0214-470f-8d49-d8f7b557804c,010301-20151119133734Ch,0.0
4ea80074-46cd-489b-b958-712268326ebc,010302-20151119133734Ch,0.0
aa480acb-0f62-4ec4-b9bc-9c06556d9b55,010302-20151119133734Ch,0.0
9c79df71-7802-45de-bfc5-fa3c80b83a2f,010302-20151119133734Ch,0.0
06941703-d17b-49a5-83a4-9903a34dac88,010302-20151119133734Ch,0.0
e6fe97db-f68f-4ddc-9b60-3aba4c026b81,010302-20151119133734Ch,0.0
4b892e8b-3e09-421d-a61e-bb0248e18b56,010302-20151119133734Ch,0.0
6ed89b69-5266-4647-aa7b-303f6d727956,010302-20151119133734Ch,0.0
56c06ec5-8d99-47b4-ae3e-b9771daa8f5c,010302-20151119133734Ch,0.0
48dcd34a-5829-46a3-a438-e51a92923535,020403-20120403164114Mh,0.0
639b66f4-4df3-4759-852e-dad113fe548f,020403-20120403164114Mh,0.0
6b57e938-d7dd-4777-bdfa-87423a1f4d80,020403-20120403164114Mh,0.0
5bd7f21e-743c-421d-a9b3-4bf3f0197ce6,020401-20120403164114Mh,0.0
be70885d-1688-4a71-aa19-3b1ad4a7b65a,020401-20120403164114Mh,0.0
ee0f7f98-cbae-407a-b7bc-a39a56d2607b,020401-20120403164114Mh,0.0
7f553fc7-c8bd-4db5-8ca3-1d42ec52e977,020401-20120403164114Mh,0.0
6838b254-0195-4e20-ac26-de34e9c5d497,020401-20120403164114Mh,0.0
28410dc4-68e5-41b1-854c-5c1f007e3799,040201-20130611063154Uh,0.0
8e86bd4a-b2f3-414d-ba55-1afa0ba275d6,040201-20130611063154Uh,0.0
a1640017-fbeb-45ab-b9f3-2a9cf725f858,040201-20130611063154Uh,0.0
2df84f0d-eb93-4716-b9bb-c53d3657f6e8,040201-20130611063154Uh,0.0
cd9e5a43-a07b-4405-88bb-f16aa616bee7,040201-20130611063154Uh,0.0
e12eb968-f5e7-4436-a52d-bafa84c3fe77,040201-20130611063154Uh,0.0
7dac3a69-d678-428c-bf7a-2b1e5527a3d8,040201-20130611063154Uh,0.0
935e21e9-8bd8-47f1-8eab-34d411a7572a,040201-20130611063154Uh,0.0
a7222216-44d6-4e95-a068-df4582b4824c,040201-20130611063154Uh,0.0
4256adf8-b276-4a3c-a5b8-8e680c28acc5,040201-20130611063154Uh,0.0
e04b12ae-7e30-49b7-bdbb-66be0ebb1e6b,040201-20130611063154Uh,0.0
eb92f638-e92e-4c67-8618-34f0829878b3,040201-20130611063154Uh,0.0
b8120884-c7cd-40e3-9aab-b88ef5cab63a,040201-20130611063154Uh,0.0
a66e4fe4-e315-4bea-96c7-d8e2123b57bf,040201-20130611063154Uh,0.0
988e6cd1-b1e0-4105-af60-cfaf1bf29b5f,040201-20130611063154Uh,0.0
024be92c-f79d-4d81-aa50-5c27df5bc152,040301-20210626133950Bh,0.0
00438a7e-3789-4c9f-8848-eb14882fd8ea,040301-20210626133950Bh,0.0
72e0c1ef-3a11-483d-bca9-dd7d402ae4cc,040301-20210626133950Bh,0.0
a02a02b4-708b-454d-b961-3289b3a97e2d,040303-20210626133950Bh,0.0
35c578b1-2dfc-457a-8233-72c207b6c667,010401-20111229063154Uh,0.0
410182e8-c88e-47b2-9f79-57b49b257ac9,010401-20111229063154Uh,0.0
46479898-e3ec-4b78-8f38-32866df9b9a4,010401-20111229063154Uh,0.0
6a72609d-f0ec-4a4b-b1ca-f7114ed5ed52,010402-20111229063154Uh,0.0
4898437d-a820-4c3e-8af2-adf2eefe69ce,010402-20111229063154Uh,0.0
ddf3422b-a3f9-4f7b-976b-21f08ed9a413,010402-20111229063154Uh,0.0
ef1345b7-7d88-4f0d-8610-827f66cb3fe9,010402-20111229063154Uh,0.0
3fc45563-f7bf-441c-b586-27a05ea4f337,010402-20111229063154Uh,0.0
32bbeeaa-cc09-42a4-a7dd-acae89b63c39,010402-20111229063154Uh,0.0
20d8134b-43b2-4982-b3b1-eb0bfccf2ce6,010402-20111229063154Uh,0.0
aa65770a-2d38-49fb-96a5-a5694238026b,010402-20111229063154Uh,0.0
4d86882b-45b9-4cb1-9dd4-fd1d78252154,010402-20111229063154Uh,0.0
9a68d799-0926-452a-af47-f01d136613fe,010403-20111229063154Uh,0.0
59ffa051-7963-4bd9-b41b-21fcf18cebbb,010403-20111229063154Uh,0.0
e23ec330-17d0-49db-9cd9-e849ea14aced,010403-20111229063154Uh,0.0
f6108a3c-ca6c-4e48-b434-130432271938,010403-20111229063154Uh,0.0
07ab3e48-d47a-48b9-88d0-85689ffbc1aa,010403-20111229063154Uh,0.0
c5f79a0c-876f-499d-b65f-e7ae442a2146,010403-20111229063154Uh,0.0
1ef0208c-fa55-4ace-a306-ebf01eebb8da,010403-20111229063154Uh,0.0
a86c42d4-1f14-4f03-a930-522b20fe8157,040102-20120116063254Uh,0.0
36932fdc-703e-4e71-9c32-c903d5554d00,040102-20120116063254Uh,0.0
768cf501-6c2a-43cc-99b5-b12ae642c327,040102-20120116063254Uh,0.0
382a7396-7c25-46c4-a6d5-d2d20245b4f8,040102-20120116063254Uh,0.0
41d70cd4-a2ad-437d-8eeb-bac67f6a7d7b,040102-20120116063254Uh,0.0
38c3ac27-c847-4102-a36c-be66fe939943,040102-20120116063254Uh,0.0
e3776fe8-f0a3-4859-8dc5-11d7bb27d40c,040102-20120116063254Uh,0.0
66bb610e-99b9-40fe-9ab1-7e802abcf64a,040102-20120116063254Uh,0.0
f2e8f122-6304-4d3e-bccf-79baad0825da,040102-20120116063254Uh,0.0
3b1c0a79-1dc8-48e3-8e9b-dbbe1a99ff79,040102-20120116063254Uh,0.0
00c47cd5-5c96-40c0-b734-16947c152608,040102-20120116063254Uh,0.0
0f5fd92f-3588-43b6-9d4f-6493756ef489,040102-20120116063254Uh,0.0
467a92dc-ba16-4529-9e8a-5a274f072ac4,010103-20210222222850Bh,0.0
376810c8-bba3-4e05-a834-674cc8193d28,010103-20210222222850Bh,0.0
d0c75193-bd02-44da-8d78-6a211786b286,010103-20210222222850Bh,0.0
45248b3d-7f4e-4019-8fab-e08c3dfc794e,010101-20210222222850Bh,0.0
f28dfce6-8b1a-4443-99ca-2f3b340fd982,010101-20210222222850Bh,0.0
758badb0-138f-4cbf-abeb-20bbd8771e98,040301-20120328164614Mh,0.0
90a190e7-75d4-428f-89e6-c002c7806c0c,040301-20120328164614Mh,0.0
45750e1e-0829-4ead-8b31-0db89bd87fe5,040301-20120328164614Mh,0.0
7baac13b-4708-4569-b1de-2ed206b01d72,040301-20120328164614Mh,0.0
54a8851d-9c16-47e8-ab45-2a671cd3e15c,040301-20120328164614Mh,0.0
6f741ab3-7a54-4e07-b77d-aa637aae51df,040301-20120328164614Mh,0.0
a06afe1e-0444-4376-a381-9569fd8dbfae,040301-20120328164614Mh,0.0
5a72b977-4387-4092-ba38-46951aa29bc8,040301-20120328164614Mh,0.0
4f157f0f-b14e-4b90-a0c6-07e6617bd743,040301-20120328164614Mh,0.0
a8da6fe5-a218-40f1-8852-158992655ccb,010402-20111222063154Uh,0.0
32ff74f9-85eb-4be7-8999-9122398d2ed7,010402-20111222063154Uh,0.0
6f87d682-28f9-443b-8e73-f392a45d05f4,010402-20111222063154Uh,0.0
3d9e88f5-e325-4ada-8bea-ea9683859788,010402-20111222063154Uh,0.0
a66f0d8e-ae7d-4ccd-808c-855b71e3bb80,010402-20111222063154Uh,0.0
2a873899-e48f-417e-ad2c-f3504f1c3348,010402-20111222063154Uh,0.0
a9030387-8c14-4c88-92fd-dc451203936d,010402-20111222063154Uh,0.0
4992f2a8-a279-4832-be54-09c7635a7452,010402-20111222063154Uh,0.0
d55d0ecd-ab0f-4b93-a209-8f7771c9d49f,010402-20111222063154Uh,0.0
29a99706-e2df-485b-8019-83e11cb5165d,010402-20111222063154Uh,0.0
16d2602e-7732-4939-a575-44b765f27149,010402-20111222063154Uh,0.0
287b1401-ba3c-48a4-a524-9a6760db97ce,010403-20111222063154Uh,0.0
04ab51e1-5d44-4fd5-b22a-5a3759653c46,010403-20111222063154Uh,0.0
a151357d-6542-4035-8d26-657a8be8f85d,010403-20111222063154Uh,0.0
62437f2d-4e8a-4c29-a91d-6af3e3576b56,010403-20111222063154Uh,0.0
abd57fef-a907-486b-abb6-f98ee669929a,010403-20111222063154Uh,0.0
449a522e-5f39-427c-aed6-0bbca22984c9,010403-20111222063154Uh,0.0
533a64d9-bc4e-484a-8b98-8d2bdf67f934,010403-20111222063154Uh,0.0
860c6c6e-06bb-47d1-978f-0e3d17607386,010403-20111222063154Uh,0.0
d57e64e3-931a-4fe0-a62b-a24404e220cd,010401-20111222063154Uh,0.0
7647762f-9a4c-48c3-9100-4cbae9781f7c,010401-20111222063154Uh,0.0
fcb598e9-caac-40d6-8e5b-90ba97ea6485,010401-20111222063154Uh,0.0
5d78181a-cb3d-48a2-a4aa-98a6afc941bd,010401-20111222063154Uh,0.0
25d422da-e508-4119-9a6f-7803a3e1eb74,010401-20111222063154Uh,0.0
2e1c2d54-3ff6-4121-b5ac-3761d1db86fa,010401-20111222063154Uh,0.0
07a58512-d9b9-4d2d-b1cf-d374aecc391e,010401-20111222063154Uh,0.0
5532023d-f6d1-4212-91fc-5fc696fe7a42,010401-20111222063154Uh,0.0
0599df65-9439-47cb-9012-8412b4a3bcfe,010401-20111222063154Uh,0.0
b48f654e-0f57-4964-aec1-1fb87c4d8102,010401-20111222063154Uh,0.0
5bb4fc92-d9b6-428d-825d-0744abca0d46,040301-20130913142354Bh,0.0
d005028e-edb2-4541-a61b-851427aaefe5,040301-20130913142354Bh,0.0
014b46a8-809f-4017-96eb-949fe79e36df,040301-20130913142354Bh,0.0
5f09e98a-af2d-4f67-9693-031b650080e4,040301-20130913142354Bh,0.0
e2121d8d-edf7-4407-9844-7b9e42fe3ecc,040301-20130913142354Bh,0.0
fcef822a-4100-4eb6-9394-a97cd7cb41ff,040301-20130913142354Bh,0.0
30bf8838-1d0f-4c33-9802-28914dc11002,040301-20130913142354Bh,0.0
f97fe1d9-7c83-46ac-8f5d-f7e151572c9d,040301-20130913142354Bh,0.0
94207399-62a3-48d6-a5be-ab7c310a1251,040301-20130913142354Bh,0.0
6a62a5a3-325c-4b12-b930-d4fd300a9790,040301-20130913142354Bh,0.0
6d187dbf-5134-4262-be8c-9a5292efa6b7,040301-20130913142354Bh,0.0
58c220b6-451a-4ff6-9f49-37d248c0c79b,040301-20130913142354Bh,0.0
7fce1ca7-a8c6-4a31-bebd-4d3d8376555a,040301-20130913142354Bh,0.0
97f9f986-3b05-4b74-8525-b2fc6d7e9dc9,020401-20110205082634Lh,0.0
7491ff75-7446-4fb7-9ebc-1f2fe0cf5177,020401-20110205082634Lh,0.0
30156b64-71da-433e-8b31-698f89377979,020401-20110205082634Lh,0.0
a4df1969-d8ee-41e1-b38e-3dd0e49fad66,020401-20110205082634Lh,0.0
0fb09660-9c41-42cf-954e-15935ea086fd,020403-20110205082634Lh,0.0
7a2b57a6-d54b-44ed-ab8f-f18294aa74f0,020403-20110205082634Lh,0.0
2f742200-c831-476c-86ff-d2af10967ec3,020403-20130923060834Lh,0.0
b0ef1ccf-4506-41e6-b023-774118562855,020403-20130923060834Lh,0.0
58715a83-496d-426a-a01d-ea82fe52a13b,020403-20130923060834Lh,0.0
e8326131-eb7d-4550-824f-d33f9a463b95,020403-20130923060834Lh,0.0
06652e9d-d167-4556-91ab-fecc3c0efc6a,020403-20130923060834Lh,0.0
32f5780a-0dcf-416a-b534-e8235cf5586a,020401-20130923060834Lh,0.0
e6059e7b-09ca-4018-98ed-fc41d0e5a75a,020401-20130923060834Lh,0.0
617a4661-0517-4a8a-a801-506b83d2f6d8,020401-20130923060834Lh,0.0
f433c5ad-2778-41b2-923d-56c01d46bcf2,020401-20130923060834Lh,0.0
52f9e781-7fa5-4bab-93e8-1c09864f89c8,020401-20130923060834Lh,0.0
8890dae2-62c5-4191-8ff5-6f46ced87e6a,020401-20130923060834Lh,0.0
15f44f3d-46c0-42ab-8c76-dac718de108e,020401-20130923060834Lh,0.0
1c2ccaad-b73d-4256-9fcc-c2d0a805119a,020401-20130923060834Lh,0.0
766daf14-e508-4389-945e-32b4ee18cc3c,020401-20130923060834Lh,0.0
932b46e5-ecab-4553-b0a9-e2b52d716d9c,020101-20161109171714Mh,0.0
83e71445-7d64-4407-8f1f-e3671349092d,020101-20161109171714Mh,0.0
fb3628fd-ac37-4a05-9ae2-612fd3349fa8,020101-20161109171714Mh,0.0
d57dccfd-032b-4c40-b538-c44852751517,020101-20161109171714Mh,0.0
42e0abed-4fff-4270-bb78-519718ff2257,020101-20161109171714Mh,0.0
6bdd0df6-78b8-4852-8074-2ab864f91365,020101-20161109171714Mh,0.0
6f628401-307c-42e2-ab68-62755ac79410,020101-20161109171714Mh,0.0
7d10820f-3504-40a9-8def-1b9a511f8a85,040102-20161223133734Ch,0.0
2aaff426-7aef-400c-81b5-dd1b74073a01,040102-20161223133734Ch,0.0
4a8bc180-1f4d-419b-93ca-be218726ab64,040102-20161223133734Ch,0.0
eb267483-96df-4471-9322-0b5679336319,040102-20161223133734Ch,0.0
2836923b-220e-4ee3-90ae-54756324ce6c,040102-20161223133734Ch,0.0
a7d8c325-7b6f-43ef-affe-f6863f2b4ac9,040102-20161223133734Ch,0.0
21036cb3-f458-4708-9417-231f79025ea6,040102-20161223133734Ch,0.0
fd3a3ec3-58d0-420c-b724-b6b48690a415,040102-20161223133734Ch,0.0
44a63143-0a28-4f7c-9443-8a4053abe22a,040102-20161223133734Ch,0.0
23e4e965-73bc-4ecc-95f3-63a3fe577e81,040102-20161223133734Ch,0.0
cca2918d-3435-4a00-82ba-c74b908868cc,030101-20130805135854Bh,0.0
d8471bcf-d118-4a9c-ad4b-f83a6bb0c918,030101-20130805135854Bh,0.0
f1ce6fe1-1c8e-47b2-9973-71787f171439,030101-20130805135854Bh,0.0
20e68caa-2bd5-49f0-b1c1-58a63724848b,030101-20130805135854Bh,0.0
1256b366-8724-4169-958b-3d2f74004800,030101-20130805135854Bh,0.0
54d17ff8-de2c-4479-b72c-8a44b12d7b92,030101-20130805135854Bh,0.0
4ff6fb3c-1fca-4db6-8128-d821e777a1ce,030101-20130805135854Bh,0.0
84edcc6c-3041-4c3b-bd02-ce7986f8122b,030101-20130805135854Bh,0.0
0d6cdce3-1d58-4d39-9f21-166d717424d3,030101-20130805135854Bh,0.0
4c65c3a1-db39-4b35-a9cc-e794a1c8dbb4,030101-20130805135854Bh,0.0
07fe0bd3-2046-4de9-a1e6-a71815498ae6,030101-20130805135854Bh,0.0
c9a12581-ed71-47dd-b780-59d11f091eb8,030101-20130805135854Bh,0.0
037a41db-3ab2-407d-8d51-d840c584fbdd,030101-20130805135854Bh,0.0
99ed9250-229b-4337-8a24-a94b94044188,030101-20130805135854Bh,0.0
d33e089d-bd89-4e3f-8fc6-c5effd95becd,030101-20130805135854Bh,0.0
5d8bc275-681d-428a-8a4c-1f202885cafb,030101-20130805135854Bh,0.0
0c35899d-127d-42f1-acb1-23d7c26b5d11,030101-20130805135854Bh,0.0
edf9ed8b-8f95-4b45-9f19-f25d47221e56,040201-20140420085614Th,0.0
29e49e37-c078-41d4-a565-67c7db8ccf2a,040201-20140420085614Th,0.0
a7d6d535-abf4-4382-a0ab-cd9253a40308,040201-20140420085614Th,0.0
8b5b37d1-86a5-405a-a0df-edeba3e9223d,040201-20140420085614Th,0.0
dc88f77d-7890-4bbe-9911-fda40d8c5058,040201-20140420085614Th,0.0
4b2ad4cf-249f-49ef-9571-e8b12166d40c,040201-20140420085614Th,0.0
cb9dcbfc-0b45-4565-a89f-cb43289879f8,040201-20140420085614Th,0.0
96d34841-3126-4195-b46c-64f88f92da67,040201-20140420085614Th,0.0
80c5eb62-da9a-455b-a1c9-520d4d62c707,040201-20140420085614Th,0.0
143137aa-fb75-4f7f-861c-a6717c556783,040201-20140420085614Th,0.0
772ad239-598d-4bf5-a249-49052d77877b,040201-20140420085614Th,0.0
6417cf1b-8a0c-4e77-aa70-cc105ccdb0f3,040201-20140420085614Th,0.0
57a71418-fe7a-489e-afc1-912b0062e068,040201-20140420085614Th,0.0
b4c55f3f-23ce-4fde-8fb1-a1d90da83b51,040201-20140420085614Th,0.0
37026e5d-94af-41e8-b1c9-edf2f4835711,010103-20180825205030Ch,0.0
e6fd5225-8a19-4e88-bbfa-19cae67207f3,010103-20180825205030Ch,0.0
c570a2c9-baa1-4156-ac2e-d52055b17734,010101-20180825205030Ch,0.0
161c72ba-916f-4e84-a72d-2042c573ca86,010101-20180825205030Ch,0.0
4bb87f72-133a-4945-a501-1b5fea14e992,010101-20180825205030Ch,0.0
fc398504-e215-4c4b-ab5a-77613d6567f8,010102-20180825205030Ch,0.0
c4e485fa-c457-4c14-976e-2e110210a560,010102-20180825205030Ch,0.0
76a94baf-5cd1-428e-8308-42b930c3ce34,010102-20151117172314Mh,0.0
3abb3336-3d34-44ae-89e0-2c0281e9cc60,010102-20151117172314Mh,0.0
302aa40b-6ad3-4d20-a6b0-9c589ce8b6d2,010102-20151117172314Mh,0.0
4a7538f2-fb50-47ba-9dcb-6e8e8fb76590,010102-20151117172314Mh,6.341899999999896
3ee832ac-ce6c-4fa4-8f4d-645f6b4b93ec,010102-20151117172314Mh,0.0
000cc1b2-bb85-4451-95e3-f0580aaa2185,010102-20151117172314Mh,0.0
0f5d3a69-445b-4b3f-8472-7f2222859e40,010102-20151117172314Mh,0.0
03f1d442-d493-41c2-be04-5504dfa4f406,010103-20151117172314Mh,0.0
579d15c8-50f2-411f-bc3e-2aafb6e54dec,010103-20151117172314Mh,0.0
afd47747-1e3d-4023-8064-e8c32b0551df,010103-20151117172314Mh,0.0
01fe8ca4-a445-48e7-94ca-966c86d09b0a,010103-20151117172314Mh,0.0
2211562f-6cf1-47df-ab44-135df0cf52dc,010103-20151117172314Mh,0.0
43d833df-9d1e-455c-958b-5444ea79a8c0,010103-20151117172314Mh,0.0
6369956c-70c3-4fe8-ae93-6b68f0293884,010103-20151117172314Mh,0.0
1408970a-c9e1-4bca-b5c5-53058f370cbd,010103-20151117172314Mh,0.0
28ace70a-9942-414a-a455-0b51e099e9f6,010103-20151117172314Mh,0.0
24b010cf-a6c9-4e1c-90b5-e8817344d98a,010103-20151117172314Mh,0.0
0ca01f26-80ba-4bae-b0ab-6fb2681adb14,010101-20151117172314Mh,0.0
04bddc17-0e9e-44be-ba0d-b6283dac7ddc,010101-20151117172314Mh,0.0
3e36a6fb-96db-49ce-877c-c3213530a64f,010101-20151117172314Mh,0.0
49fa14e6-8f35-4534-80be-1d75cd46de8d,010101-20151117172314Mh,0.0
d3a7718f-9b4b-47f6-832e-6fe31dc44f74,010101-20151117172314Mh,0.0
69fe14cd-a0f7-471c-9ee5-8c5639d4de3c,010101-20151117172314Mh,0.0
d4d32409-f79b-495f-9716-8961868f9d01,050101-20140210180154Bh,0.0
32868203-bc3e-4976-8069-2e91bf6584ea,050101-20140210180154Bh,0.0
90125d1f-8593-4cda-bc66-5cac3b7a5715,050101-20140210180154Bh,0.0
90edc339-aa25-4639-a391-5f51f66e24a0,050101-20140210180154Bh,0.0
5e0a9c2b-64af-41ba-b47b-127944398c64,050101-20140210180154Bh,0.0
20d431d8-aec1-4aba-81c6-5f9287d9726f,050101-20140210180154Bh,0.0
a5bb7882-24b8-44ee-b687-b799bed353f7,050101-20140210180154Bh,0.0
c7cddcac-580e-46b4-9ef7-1aaf083829ec,050101-20140210180154Bh,0.0
6417a9ee-ad92-453d-b9de-8c5403da503c,050101-20140210180154Bh,0.0
083858cd-6545-4927-843c-c8af79b45962,050101-20140210180154Bh,0.0
1bf281d4-891c-40ab-b2b9-f01850c7f3ef,050101-20140210180154Bh,0.0
d990bf17-ffb1-495e-a638-ba92de3e2fbd,050101-20140210180154Bh,0.0
0db9f1bf-9dc1-4931-b169-c74f17c9aa66,050103-20140210180154Bh,0.0
6ac50924-64e7-4b16-bc96-568fae10b2df,050103-20140210180154Bh,0.0
0ab98eb1-8eb5-40ee-9afd-a36d3da8ef22,050103-20140210180154Bh,0.0
614f2539-a97c-43ef-9ca2-4ba748339d99,050103-20140210180154Bh,0.0
48c97d6e-a972-41b1-a91f-7ee9fc68a895,050103-20140210180154Bh,0.0
4c5a6e3d-8c13-449b-ae87-4fac27eae75e,050103-20140210180154Bh,0.0
e3b9e3c1-be52-4771-ad17-b61e5851dc33,050103-20140210180154Bh,0.0
96f5c74c-dbf2-4483-988b-8cc92cd480f7,050103-20140210180154Bh,0.0
4f51ca68-60ee-453a-9945-704097c41436,050103-20140210180154Bh,0.0
bce432c4-afd7-4d94-8eef-4d372640dcda,050103-20140210180154Bh,0.0
6d29d7eb-b522-4d2e-a52e-042077a08f7e,050103-20140210180154Bh,0.0
251b7f67-3d69-4674-8279-cc4615095d02,050103-20140210180154Bh,0.0
cce71fb2-82e0-4d29-b70e-b017cc53a9c2,050103-20140210180154Bh,0.0
2331f786-9f81-4aed-bdd2-58c68df8a21e,050103-20140210180154Bh,0.0
476349bf-5b7a-4a79-ba74-748be7cd2c9f,050103-20140210180154Bh,0.0
4b190564-e681-43e1-8e03-09e29b518693,050102-20140210180154Bh,0.0
910fd3b0-96f5-49c3-9af3-fa080b2500ce,050102-20140210180154Bh,0.0
70bdcdfd-0232-40f6-bd42-c376e92a01a9,050102-20140210180154Bh,0.0
84cf28e9-e4f6-4e9c-a899-c53827791d2b,050102-20140210180154Bh,0.0
cb9ab4be-6102-48f2-8f27-ccc4354d5010,050102-20140210180154Bh,0.0
d56ffd71-72f6-4239-830c-9800511e688c,050102-20140210180154Bh,0.0
9f125ac5-22e3-4b14-a54e-2a6b66609733,050102-20140210180154Bh,0.0
28ff6c76-efca-4523-b4b8-81cf1058e8ff,050102-20140210180154Bh,0.0
8f724e83-2e8c-4fe3-97f7-541ac6309ff9,050102-20140210180154Bh,0.0
ee1c27e7-06a3-44e4-bb72-66c6aa6ed4aa,050102-20140210180154Bh,0.0
290b53c0-6fcf-4c65-a45e-2c905e4ae183,050102-20140210180154Bh,0.0
33948954-7c9d-4615-87ca-d9ce47cd9760,050102-20140210180154Bh,0.0
3788f600-efd6-423c-b805-18ea77b79cdc,020101-20200619123010Th,0.0
deac716f-795e-4a94-b017-f91fd866dc92,020101-20200619123010Th,0.0
f2e2b471-dcc7-45f7-b19b-9ccc17923e35,040401-20150916055454Uh,0.0
28407e10-658e-45c1-8e3a-cd7a1488e101,040401-20150916055454Uh,0.0
3bb5f246-c4a2-418b-a17f-985f843f45a5,040401-20150916055454Uh,0.0
18731e4d-7081-47ee-bbfb-86ed8421b689,040401-20150916055454Uh,0.0
d2818bba-8dc5-48cf-bbd1-6976f2a4e658,040401-20150916055454Uh,0.0
b52303b4-765c-4458-9443-a09a751c100a,050303-20150620082014Th,0.0
f06d2157-c004-410c-be30-a74792bbde1c,050303-20150620082014Th,0.0
170b2922-02cc-475d-ac16-77256cb04e74,050303-20150620082014Th,0.0
51f98a2b-43f2-4a8e-ac0d-6a70f367f631,050303-20150620082014Th,0.0
60dc9269-1a47-4a71-8f54-a3aa71d0acf5,050303-20150620082014Th,0.0
7ceeef76-6107-4a01-9734-ba6d628efef3,050303-20150620082014Th,0.0
cb7552d2-013e-4ac3-b78e-27a17a5db34e,050303-20150620082014Th,0.0
c0848370-1da2-41fa-ad95-8b5ee92ee5c7,050303-20150620082014Th,0.0
6690ea4f-1964-4d14-826c-8d5989b8f2ea,040201-20160215175514Mh,0.0
aff7ef57-9535-44af-92bb-35de910334cf,040201-20160215175514Mh,0.0
a6d08bb4-4720-4397-ad0e-7187a4acad0b,040201-20160215175514Mh,0.0
c78c8288-b55c-4dab-a59e-1b0118b44ab6,040201-20160215175514Mh,0.0
9fa0ebf7-7638-4d06-a0d6-d4b31792e7ec,040201-20160215175514Mh,0.0
36635103-4481-451b-bb24-24d75c31a946,040201-20160215175514Mh,0.0
cc96e62b-aca6-47f6-8808-6cd14b70c71f,040201-20160215175514Mh,0.0
b86917d5-cdc2-4b9b-8e24-d04edf76232f,040201-20160215175514Mh,0.0
4718649a-d25e-4b96-b7a5-0114bd55ee80,040201-20160215175514Mh,0.0
1e6ebc60-3203-4e78-9a21-b9485fbc89d6,010101-20110918112834Ch,0.0
f7dfbf02-2596-4807-a2c6-a9c5f0ecb349,010101-20110918112834Ch,0.0
6489364d-844f-4099-b827-f43c0a7e2da6,010101-20110918112834Ch,0.0
26977e06-d841-4bbb-bf30-498c8e49e84a,010101-20110918112834Ch,0.0
85600562-f734-413f-91a0-96d47c28b4fa,010101-20110918112834Ch,0.0
de5dd404-b717-4082-88ce-a1bdc82eb52e,010101-20110918112834Ch,0.0
3c535732-0e7b-488b-a76c-32213dda6319,010101-20110918112834Ch,0.0
060f82c5-3980-4ce8-b908-4b7e5f67acd7,010101-20110918112834Ch,0.0
ba3e7e35-436d-44db-8bca-a6fc8b977985,010101-20110918112834Ch,0.0
807501e2-a53d-4d31-92b7-07a8bf6c2b2a,010101-20110918112834Ch,0.0
0f9bef79-f493-4eaf-8851-2ea1c74a5982,010101-20110918112834Ch,0.0
b65e6363-006c-438f-ad6e-dcb619f43a41,010101-20110918112834Ch,0.0
042c6274-b58b-4878-8e5b-288c54e8b180,010101-20110918112834Ch,0.0
3c6eb8bc-e42a-4eb8-84b4-53969ecb8aa0,010101-20110918112834Ch,0.0
9f00b7cd-ee98-483b-81e4-c5f534df3b34,010101-20110918112834Ch,0.0
933d2a1c-5a38-4025-aef5-0283f0ed394f,010102-20110918112834Ch,0.0
93bfb837-013a-4f22-b0ec-43efeace9b0e,010102-20110918112834Ch,0.0
9d444b5c-3709-445c-b80f-90cbd10ce236,010102-20110918112834Ch,0.0
92dbe729-e3f3-4799-9395-75783c543df5,010102-20110918112834Ch,0.0
30f67f76-ed0e-4975-851a-d162593fcf29,010102-20110918112834Ch,0.0
68373d60-6036-4515-afb4-db6f113f9852,010102-20110918112834Ch,0.0
2dd1e302-0735-4985-96aa-00e6abd6c401,010102-20110918112834Ch,0.0
e9affda8-8143-49d6-81c7-8eae06a9cc61,010102-20110918112834Ch,0.0
37e31e3d-7eea-4d42-9a8f-4be6ab9ddc18,010102-20110918112834Ch,0.0
9872f5a5-0922-4c67-a219-3d3543127d92,010102-20110918112834Ch,0.0
8943e645-762d-443b-8114-6982b66815ad,010102-20110918112834Ch,0.0
1d037c2d-569f-4f5d-9d21-4aec796a900a,010102-20110918112834Ch,0.0
dd8d75fa-47e5-4c89-96ab-dc13b29a021a,010102-20110918112834Ch,0.0
8d2fa99e-c692-4b5c-8b36-afa44abbd868,010102-20110918112834Ch,0.0
1ead1963-149d-4413-a387-b6934eefc570,010102-20110918112834Ch,0.0
ede1e618-2709-45af-bbb9-09a9fda19d0c,010403-20111215063134Lh,0.0
ad5e2757-d28d-4393-b81c-c0117fc15cfa,010403-20111215063134Lh,0.0
3f431159-1cdd-42e4-80ee-b42d41068fa7,010403-20111215063134Lh,0.0
2655c6a5-f6f5-4b19-8cd4-3e109a688cd6,010403-20111215063134Lh,0.0
7a100de1-e034-40e4-a3a5-106c9263133b,010403-20111215063134Lh,0.0
e372b726-1464-4157-97a3-5160182df434,010401-20111215063134Lh,0.0
bb2be087-a870-4c16-a94f-18020acc11dd,010401-20111215063134Lh,0.0
44396569-d985-434e-b653-5e9e9b0f74b0,010401-20111215063134Lh,0.0
ea9f838c-2f56-4839-a6f8-959ffbf2bf33,010401-20111215063134Lh,0.0
cf4858c3-ff40-486a-9fe8-39fc6b8baf81,010401-20111215063134Lh,0.0
940dec08-946c-44e8-b9a2-76a3ffe09f2e,010402-20111215063134Lh,0.0
a0a39a8d-d0ad-4bc6-8462-7966a35d2a69,010402-20111215063134Lh,0.0
383665f9-992e-4193-a827-46040e122b01,010402-20111215063134Lh,0.0
f6afc798-eba4-40d2-a03c-a8f54b05bcb6,010402-20111215063134Lh,0.0
6c68d922-30e1-44c8-87ac-29c848abeef8,010402-20111215063134Lh,0.0
fece33c2-3f47-499e-a629-50f0695c6661,010402-20111215063134Lh,0.0
49930f8b-a0af-4516-a093-613822edd145,010402-20111215063134Lh,0.0
44c10192-6ce9-4123-a27d-5c40b29c77ae,010402-20111215063134Lh,0.0
45d7daba-d279-4aea-a648-012d4e204de7,010402-20111215063134Lh,0.0
958687a2-160a-4019-9f25-a4eef6aefd05,010202-20220617185352Mh,0.0
9049115f-9882-43ca-b471-f1bbbee549b0,010202-20220617185352Mh,0.0
e5e1ec21-d267-40d8-881b-cd1793b6951b,010202-20220617185352Mh,0.0
bb7a4d5b-f270-4bbd-9a27-93ff3dcc50a5,010202-20220617185352Mh,0.0
4b7b9b8d-0694-4a97-b1b4-2db98cc872b6,050302-20110211084114Th,0.0
9f365035-6ce1-48aa-ab75-8a2393c8f785,010103-20110914063134Lh,0.0
fc8408d0-0094-4315-9c07-6d243d982784,010103-20110914063134Lh,0.0
005ce38c-d26a-4057-a12c-57db2b49fc1d,010103-20110914063134Lh,0.0
0c53d40f-959a-4501-991c-d0631b6a06ac,010103-20110914063134Lh,0.0
d6fbcc04-ed93-4b65-a8ec-da2613d86209,010103-20110914063134Lh,0.0
1854711b-f39f-42f4-be4d-52b6302ae9a6,010103-20110914063134Lh,0.0
028329ae-d31c-4625-97cb-abeb785c8722,010103-20110914063134Lh,0.0
b5b3a57c-4aba-4c09-9f2f-b1aa38a5133b,010103-20110914063134Lh,0.0
168ecb53-8077-467e-95f4-deb63bea8c18,010103-20110914063134Lh,0.0
44bb0c58-6040-4aba-8f79-c9e60e2af6de,010103-20110914063134Lh,0.0
7b3a147e-f896-4441-b75f-10d7fb82f22f,010103-20110914063134Lh,0.0
c0b501da-b500-4582-b8d9-35d974a6c9c6,010103-20110914063134Lh,0.0
27dd410f-42e6-45ca-be36-ba032e8e614e,010103-20110914063134Lh,0.0
66818001-4ab7-453b-a340-25f4f176b744,010103-20110914063134Lh,0.0
3d53d526-1d68-4fe1-9063-c04ae60b598f,010103-20110914063134Lh,0.0
e61f4e3e-7bbe-4743-bedb-92cc14c2876d,010103-20110914063134Lh,0.0
d7afbeb6-c59a-42f7-9c9d-14f18b8ffe09,010103-20110914063134Lh,0.0
926fe279-6913-4052-9bef-081f16435481,010103-20110914063134Lh,0.0
15e08cb4-4372-48f9-a577-6450789dbf3a,010101-20110914063134Lh,0.0
c76f485e-dee1-432c-833a-7dc987300dc0,010101-20110914063134Lh,0.0
44a01942-91f3-403a-889f-c35dff897a38,010101-20110914063134Lh,0.0
20ac27c4-8b71-428c-aa2e-573c31b79dc0,010101-20110914063134Lh,0.0
3652a299-97dc-4a1e-aa85-45271a438dcb,010101-20110914063134Lh,0.0
89136bab-56bf-4f7c-a909-f2c2978e004e,010101-20110914063134Lh,0.0
33a87c7b-8e26-473f-a7f5-c481890f992d,010101-20110914063134Lh,0.0
a3dbc5cf-0cdb-4005-8fe5-e3bfe817bd95,010101-20110914063134Lh,0.0
8bc3e7a6-8a92-4d92-9110-280471de24ca,010101-20110914063134Lh,0.0
4f196655-f534-4bd4-a215-bfa812f585bc,010101-20110914063134Lh,0.0
9eda9d90-c4a8-46a7-a590-d026afc87a2c,010101-20110914063134Lh,0.0
47aaba1b-ab90-4d4a-816c-fcedf00dc87f,010101-20110914063134Lh,0.0
60b797b4-8c0b-491d-9ed9-fb140fe670f7,010101-20110914063134Lh,0.0
e7ac00c2-82cf-480f-9414-9ec3dad0a659,010101-20110914063134Lh,0.0
fc41c62e-cd05-4eba-8d9a-fb0cfb263814,010101-20110914063134Lh,0.0
fa2a036f-2e51-40d0-a095-4999d06533b4,010101-20110914063134Lh,0.0
a360ae4e-ed3a-45f4-8c52-c91e26ef622c,010101-20110914063134Lh,0.0
1991fe12-ad22-4029-8fc7-972b2dde3d33,010101-20110914063134Lh,0.0
955f5bba-c899-41c8-8784-b29226eeb5c7,010102-20110914063134Lh,0.0
4bd654a8-2481-45d8-bfef-269d4f5618f3,010102-20110914063134Lh,0.0
26fe6682-111d-4b17-a9bc-7f705a462649,010102-20110914063134Lh,0.0
0abcd6b7-4971-47f6-bc20-3716542d9c95,010102-20110914063134Lh,0.0
0527f2de-b28b-4904-ab65-e05f095ee367,010102-20110914063134Lh,0.0
dde8ab4b-6976-4b51-a1f6-93ee8aa404ac,010102-20110914063134Lh,0.0
de11c695-762a-447b-b0cb-1d66ba6cb4c8,010102-20110914063134Lh,0.0
215c94d8-a983-4953-8fd6-69a0d5030c9e,010102-20110914063134Lh,0.0
ec4b3a3f-76b4-4ca1-8901-7be2944285a9,010102-20110914063134Lh,0.0
2c5c0984-2f0d-404b-bb9b-1c10b7e736d6,010102-20110914063134Lh,0.0
853e6b64-2966-42f5-87e7-6adb9c11f7a0,010102-20110914063134Lh,0.0
53cbf154-297c-4e18-a372-8522e97b0229,010102-20110914063134Lh,0.0
9cd86adf-ba22-4951-87c0-f110ac89c7ef,010102-20110914063134Lh,0.0
6ef65bf2-7366-47a4-bc25-a21033ac3bda,010102-20110914063134Lh,0.0
78570269-4810-4043-9d52-e57461392aef,010102-20110914063134Lh,0.0
35a6ea46-6902-4866-af7a-66b8464010a9,010102-20110914063134Lh,0.0
f09ba0ce-215d-49b6-9909-938bf8f6c02a,010102-20110914063134Lh,0.0
5cb39b25-c96e-4065-bcd5-195fad400643,010102-20110914063134Lh,0.0
8893823b-fb71-4e3d-9f64-43faca4201d6,010102-20110914063134Lh,0.0
43a275ae-a9d0-451a-aa93-9e0550276502,010102-20110914063134Lh,0.0
5a32ee69-126c-4b2d-8747-b76c9cccb88b,010102-20110914063134Lh,0.0
0c9e3664-9d8f-4a24-ac4b-d6d502e11b0d,010102-20110914063134Lh,0.0
eb48f06c-4321-4f38-a1fc-d2784a9f2b9a,030302-20151011144554Bh,0.0
fca4a288-f9b9-48ed-b30d-06d46d976665,030302-20151011144554Bh,0.0
b9fa7ac5-ad0f-4a60-a8d1-5e9a1328e646,030302-20151011144554Bh,0.0
7aa1e738-f68e-40da-8c5c-c9f54a031a86,030302-20151011144554Bh,0.0
4d6db91d-fdc9-42a7-8ca5-633ebe6e692a,030302-20151011144554Bh,0.0
4d42aa61-c687-4880-b6f7-da178fa2440e,030302-20151011144554Bh,0.0
352505fd-30a4-4e30-87ea-81975868750b,030302-20151011144554Bh,0.0
ba7871ff-ed35-44fb-88a0-d1222741d236,050102-20141216222634Lh,0.0
4584ac44-4565-404c-81f7-c4a99fab89cb,050102-20141216222634Lh,0.0
9bddcff1-4862-49b2-9ed8-567349dcc662,050102-20141216222634Lh,0.0
0ec7f491-b267-4d75-aeea-0b87f3267ca0,050102-20141216222634Lh,0.0
8fe3ff04-1e4c-49d3-a682-ad18386b1172,050102-20141216222634Lh,0.0
bb819dc7-63c1-4060-949e-2b6cf86b1135,050102-20141216222634Lh,0.0
89ef6b59-9b00-4f59-9168-72df6b5ccd2d,050102-20141216222634Lh,0.0
fabdad9d-61fc-40c9-a53f-ee1ecad186af,050102-20141216222634Lh,0.0
cefae293-a246-4e49-bcc4-35c69582998d,050102-20141216222634Lh,0.0
23d77931-5aad-4c85-8c01-6170533bfa51,050102-20141216222634Lh,0.0
5115a355-2c2f-404b-81b6-9c37ffa3acf7,050102-20141216222634Lh,0.0
688d7462-f00d-49e3-bfc1-5bc3beb23e45,050102-20141216222634Lh,0.0
869db53f-64c5-4f63-8180-9b79413c5539,050102-20141216222634Lh,0.0
d650fb2a-0704-4fef-9f5b-f58117e126a4,050103-20141216222634Lh,0.0
ea470bf3-81bb-4d4b-8438-9ab443c25337,050103-20141216222634Lh,0.0
15c2ca9a-4dfc-40b2-94ab-26c5c1290e62,050103-20141216222634Lh,0.0
16da3446-f296-46de-9bfb-cb12519c2a51,050103-20141216222634Lh,0.0
3210d3d4-3edb-45d4-b705-b6a1899fc6d7,050103-20141216222634Lh,0.0
ada6fa69-1d43-4fd0-a982-a3aa07bfa47e,050103-20141216222634Lh,0.0
686a623c-5b6c-4dfe-93ce-9388b8ae1bc8,050103-20141216222634Lh,0.0
2ae76631-0bfd-4cb2-a7c8-7d846d5401db,050103-20141216222634Lh,0.0
6101edbc-0c52-4f9e-a0f1-0174684b83e9,050103-20141216222634Lh,0.0
656f5ece-6244-450d-a392-56c92f4423a4,050103-20141216222634Lh,0.0
878b3aac-c329-4291-abbe-8c7cec0cd016,050101-20141216222634Lh,0.0
1ec9e75e-1bad-4b8e-b420-7aef775bfc0f,050101-20141216222634Lh,0.0
a898e4ca-e720-470a-b408-3fd8a649d33b,050101-20141216222634Lh,0.0
5f187113-81f3-4bfe-82d8-92b8264faabd,050101-20141216222634Lh,0.0
cb723202-9969-4dcd-8638-990013c03b8b,050101-20141216222634Lh,0.0
f44438bb-49a8-4344-9694-007273680a36,050101-20141216222634Lh,0.0
01337536-2cca-4bf4-bded-785bbd2f6140,050101-20141216222634Lh,0.0
31efe33c-1035-49d7-9665-e0471ebfd2cb,050101-20141216222634Lh,0.0
3fcd11d7-3d67-4909-ac29-4e5188cc56b7,050101-20141216222634Lh,0.0
9c0d11fc-2aa4-4394-9e9c-c229f16a6bb2,050101-20141216222634Lh,0.0
3f18be0a-15c4-4e3f-a4d0-be5a49a13ee1,010203-20130919060834Lh,0.0
d4dd63e3-6b8c-47de-91bc-e3c166ddb29d,010203-20130919060834Lh,0.0
b74e114f-bff6-4de5-8943-7eb4ff186ca7,010203-20130919060834Lh,0.0
eb42e941-0160-400f-822a-fb4549320c65,010203-20130919060834Lh,0.0
cc1d17a2-4797-4086-8881-0bb38226a7ef,010203-20130919060834Lh,0.0
79a013eb-a5b3-4e7d-9d05-ee394dd7025f,010203-20130919060834Lh,0.0
4423b29b-ea13-431c-88f3-0ab59d1c974a,010203-20130919060834Lh,0.1271999999999025
d6c9e2ef-942f-4107-a172-16a87d24d93c,010203-20130919060834Lh,0.0
94ef85be-422e-404d-b75c-81612d48efaf,010203-20130919060834Lh,0.0
361a0fb8-3066-4bdc-bcc5-ac7ad492cc2f,030101-20120313063154Uh,0.0
19917284-12a4-4983-b5e4-9095b13a2f42,030101-20120313063154Uh,0.0
2b26ab41-528d-4656-a4e7-e6435a7cde18,030101-20120313063154Uh,0.0
4ab739bd-eb30-4f24-85ac-383d703350f0,030101-20120313063154Uh,0.0
9fa9d8f8-31f1-4f99-949c-dfe0ef216920,030101-20120313063154Uh,0.0
ede83b26-5d40-49e2-b38a-85f87b76733b,030101-20120313063154Uh,0.0
126eb5c0-9f05-4013-943c-49b4a5c668aa,030101-20120313063154Uh,0.0
39d50db3-9a7e-4445-a1b3-9b6be4966f70,030101-20120313063154Uh,0.0
f8109944-e411-4681-9bae-cb9491dc8131,030101-20120313063154Uh,0.0
caabd403-9fbd-4aa6-a285-d09870e16719,030101-20120313063154Uh,0.0
f142038d-b4b0-42c6-b90c-2bcd641f6a7c,030101-20120313063154Uh,0.0
d94b2155-fcb9-4eab-b1de-c6c8a152fe4a,030101-20120313063154Uh,0.0
fe76f511-b20b-4388-8f43-f95f1c470ada,040102-20171109023950Uh,0.0
ff58bd76-7652-4b1d-b4d0-6f3223ce48bc,040102-20171109023950Uh,0.0
6c369cdb-0327-43ed-926a-624a241f37d9,030302-20160125154854Bh,0.0
070a2181-c1a1-4ffc-8722-e7f59820e443,030302-20160125154854Bh,0.0
105ff723-2b9c-49be-8902-087601c8766d,030302-20160125154854Bh,0.0
32fa3a43-644d-40a7-a89e-bfb526229297,030302-20160125154854Bh,0.0
d84e5c48-44eb-4bdb-811f-2bb7c215ef65,030302-20160125154854Bh,0.0
ce997d98-40a8-4169-87d5-ac310c765b6f,030302-20160125154854Bh,0.0
5e191c41-a2a2-4f74-8896-93f1ba05f080,030302-20160125154854Bh,0.0
8a835c49-9a6c-4e3d-9577-14e29fd0f638,030101-20130225171214Mh,0.0
944d7309-8407-4938-a142-7e208f0bd5f7,030101-20130225171214Mh,0.0
246bf32e-ddc8-4e6f-8c13-5d78ec2649cd,030101-20130225171214Mh,0.0
dee89573-ce0e-4f6c-bf6c-168cd3fc0fa5,030101-20130225171214Mh,0.0
5bf9c023-ebcb-4a73-af2c-f0a73d317d84,030101-20130225171214Mh,0.0
502ed089-7cf6-4056-ace6-d5503a99d8a8,020101-20151212171154Bh,0.0
804359f3-782f-42ff-931f-8654a8124c50,020101-20151212171154Bh,0.0
218cfe3d-d1b0-4956-9c03-2329156db94f,020101-20151212171154Bh,0.0
827c77fc-ac9f-407c-abc6-736886917ab5,020101-20151212171154Bh,0.0
a9c54b01-d7d5-4eee-98c9-9cefe98a9995,020101-20151212171154Bh,0.0
a6378124-7c24-4bf6-99db-c0306d87af18,020101-20151212171154Bh,0.0
958e7520-1052-4de1-b3ce-ba589f0445bb,020101-20151212171154Bh,0.0
7e61ad95-f9e6-46b7-9a17-690721cde5ad,020101-20151212171154Bh,0.0
086f8687-4c59-490a-8b44-947c6e2e1d87,020101-20151212171154Bh,0.0
12b67480-e1ee-4b8c-a6a4-68a86a3f357e,020101-20151212171154Bh,0.0
863e9392-abac-49f5-a319-a47c1a4741cf,020101-20151212171154Bh,0.0
cb6943da-5a30-46d0-86c7-876cfe1ee037,020101-20151212171154Bh,0.0
d9a9b3e1-f326-46fd-ae3b-75c822bab20b,020101-20151212171154Bh,0.0
92869a44-1252-41b5-911a-d0a2d458e018,030403-20121108155954Bh,0.0
de154e39-4aca-4dc2-bb74-3cfb4169f963,030403-20121108155954Bh,0.0
f501ed5c-52f9-4881-831a-c86ba247cc45,030403-20121108155954Bh,0.0
335bd340-29e4-46b1-aaea-a73b34ce53aa,030403-20121108155954Bh,0.0
bb17634e-2242-4231-b8c6-b060873d1758,030403-20121108155954Bh,0.0
d0a187df-997c-42f6-889c-1109f0718d13,030403-20121108155954Bh,0.0
40c87651-ce66-4a49-8069-95c65ea01a74,030101-20130510134654Bh,0.0
62789bf7-f1ae-4915-8296-f4fdc356d325,030101-20130510134654Bh,0.0
78570fdd-1d13-40fb-96ac-d50bd7dfe608,030101-20130510134654Bh,0.0
827bfa72-3eca-4269-808a-c90552b94aef,030101-20130510134654Bh,0.0
9c663b0e-2d17-41ae-89a2-2c22b6042e98,030101-20130510134654Bh,0.0
f0dd6025-ef84-425f-b1cc-0055b9c24a25,030101-20130510134654Bh,0.0
a2f0d568-ba12-44d9-8578-280a3c7e7074,030101-20130510134654Bh,0.0
b7fa64a0-284d-446b-8ffe-7bfe0dd1934f,030101-20130510134654Bh,0.0
5a3cbd2c-fd1e-4398-8eb8-70f5aeeb1694,030101-20130510134654Bh,0.0
bd567079-e97f-434c-b2cf-de9499d17a6e,030101-20130510134654Bh,0.0
725edb89-7a66-4108-8b5b-1c3799ed7b5d,030101-20130510134654Bh,0.0
448addaa-8493-4b96-8f96-97abaf6420c2,060403-20180301050430Lh,0.0
78a61cf4-666a-446f-b2c3-2757bd8d43d4,010101-20150806082034Lh,0.0
b6b87e04-b085-46da-a59a-7ee28b5f94a9,010101-20150806082034Lh,0.0
3a544f98-b0f0-4b13-ab16-85690d78054e,010101-20150806082034Lh,0.0
057a6f48-0cdf-42ec-b625-265ccf138536,010101-20150806082034Lh,0.0
a3ae1cc6-5815-41ac-b881-e2f5683efe28,010101-20150806082034Lh,0.0
4b8edaab-ca4a-4b3f-8928-1117741510e1,010101-20150806082034Lh,0.0
2d54ac1a-94d3-4b2f-936e-d97918970f8b,010101-20150806082034Lh,0.0
d6076d00-90ea-469d-b741-20fbce7b4192,010101-20150806082034Lh,0.0
1909a116-f891-4d52-882a-19ba65f38404,010101-20150806082034Lh,0.0
b3b032e0-f039-42e1-b57e-a2998726e4c4,010101-20150806082034Lh,0.0
b004154f-3909-4af7-be0e-155116018d63,010102-20150806082034Lh,0.0
ebbfd6f8-5d7a-4caa-8a94-6d965a3899d9,010102-20150806082034Lh,0.0
b68ec2c1-62a5-4e67-86f1-4e72c8a27500,010102-20150806082034Lh,0.0
bafd7d47-3142-4e1b-9c61-0cf3a9bcb9ac,010102-20150806082034Lh,0.0
2d9fa2dc-0183-4341-80c2-0b09df257782,010102-20150806082034Lh,0.0
0792ed50-3adb-44e2-af11-d20276ab7cde,010102-20150806082034Lh,0.0
05577d91-74f9-4780-a100-8df1097c7894,010102-20150806082034Lh,0.0
14c34d91-32e4-4883-aa1c-3f0f00591b52,010102-20150806082034Lh,0.0
ca89aaf3-b2f8-4562-961f-0f840ec276ee,010102-20150806082034Lh,0.0
6c0a8b21-d1cc-4c6d-8264-e49a9844b43e,010102-20150806082034Lh,0.0
d430603c-4743-430d-9bd2-6310f7007c8b,010102-20150806082034Lh,0.0
b84499b8-1027-42c7-85a0-1be91fc519f0,010403-20210817165030Mh,0.0
010238cf-1d56-4702-ba25-acf8cae03ee1,010403-20210817165030Mh,0.0
55be05bb-17fb-4fc9-b229-e0b4cd21e0eb,010402-20210817165030Mh,0.0
92582829-315e-4a8e-b994-c93e6fd9568b,010402-20210817165030Mh,0.0
95428b1a-eb2f-4c88-93f9-faaf394388f5,010402-20210817165030Mh,0.0
81cd8f92-18e1-4ef2-9b22-8b65767bc86a,010402-20210817165030Mh,0.0
7c838da4-fb52-4421-8873-3ef45939a1ed,010401-20210817165030Mh,0.0
962a3d78-0a95-42aa-aad8-9a5506f282da,010401-20210817165030Mh,0.0
4299e8b3-d19f-4f51-9f1d-19e49f6f82e7,040201-20111019063154Uh,0.0
4d78f3b5-2f84-47ca-8a93-96ddf100fd33,040201-20111019063154Uh,0.0
6cbba4dd-1e57-4619-bf38-90b6606e9783,040201-20111019063154Uh,0.0
315d4c1a-ac41-4801-9ba3-0d342a5ed5a3,040201-20111019063154Uh,0.0
b7a0744a-f7c1-480f-b408-d8cfb9aab2af,040201-20111019063154Uh,0.0
60c880bd-ac09-4615-9206-fc84f79abc3d,040201-20111019063154Uh,0.0
294ee400-ae7f-4696-b25a-b3c2dfebae89,040201-20111019063154Uh,0.0
919d15ca-ecc7-46c6-a5c6-054bec5566b0,040201-20111019063154Uh,0.0
3fe49bf8-fd79-4c1e-9a42-c2558a4f0b49,040201-20111019063154Uh,0.0
ae6d1454-706b-44e4-b6e8-17f406b91ad3,040201-20111019063154Uh,0.0
d0e133d5-1a67-487e-80c8-c7a86af0c7c3,040201-20111019063154Uh,0.0
8d5731ee-5d39-45ab-955a-f6cc614304fb,040201-20111019063154Uh,0.0
b2e1445a-b842-4863-bdc6-c152ec3ba667,040201-20111019063154Uh,0.0
0faa3828-8999-4b62-9c6e-8edc52aaf200,020101-20110521063134Lh,0.0
f3952b5d-296b-4cdd-adf6-5453534e1a41,020101-20110521063134Lh,0.0
a63ff6b0-08c2-44ac-b71b-fcd49258855a,020101-20110521063134Lh,0.0
f55378ee-9119-46e6-a2ba-ece3daa717eb,020101-20110521063134Lh,0.0
9ce8adc5-58dc-4115-94da-237cb8c3d9aa,020101-20110521063134Lh,0.0
98ba34c4-2f29-403a-99c3-f751437c31b9,020101-20110521063134Lh,0.0
03837af9-7798-4dca-9101-2a2d86398aca,020101-20110521063134Lh,0.0
ec7b5cf2-da31-4d4e-b18c-5b8adb280123,020101-20110521063134Lh,0.0
fd8ca621-595a-42ce-9bcf-6f28d8de59b0,020101-20110521063134Lh,0.0
190b0e8b-8958-4803-9df6-8b89b7856177,050103-20220622205632Bh,0.0
ceb7a180-9894-478c-a0b1-6799773d506a,050103-20220622205632Bh,0.0
ba807eea-f363-4bd4-88e2-46b4d37c3e7c,050103-20220622205632Bh,0.0
4886d877-1a8c-4534-9c74-1e4bb4da174f,050103-20220622205632Bh,0.0
1f58f36e-227b-48cd-b4fc-1c5251dc8c6c,050103-20220622205632Bh,0.0
9f2bfa44-f1aa-4cea-9fe7-e6b80b46c458,050103-20220622205632Bh,0.0
c3382989-5ace-4459-bdca-97684761a682,050103-20220622205632Bh,0.0
5a7e4dfa-97cd-4acc-82f5-2e2daa47bbda,050103-20220622205632Bh,0.0
765aaac1-89de-422d-8141-59474f083c7f,050102-20220622205632Bh,0.0
0d8ea101-cadb-4e4d-ac71-76930950e678,050102-20220622205632Bh,0.0
9bb82394-3d4c-428c-8560-9af2a2fe4195,050102-20220622205632Bh,0.0
2924fb26-59e9-4c25-9a3f-ca60c89cfe45,050102-20220622205632Bh,0.0
358bf080-8da7-4227-b258-417727b02920,050102-20220622205632Bh,0.0
442dcf60-fb00-4d68-927f-56a08cf75336,050102-20220622205632Bh,0.0
5de24c20-b393-490d-9473-884a5f9a4a01,050102-20220622205632Bh,0.0
1fe94a45-895e-4cee-be8e-26680aba9115,050102-20220622205632Bh,0.0
cfeda52e-93f0-4e3d-ab68-420bae4acab6,050101-20220622205632Bh,0.0
9fd93e03-fffe-4722-9ecb-537fec35be76,050101-20220622205632Bh,0.0
c9c1a2f2-a134-4691-8f95-1ec7c3978ae6,050101-20220622205632Bh,0.0
656aeb26-215e-488d-891b-0e26d2fc40f7,050101-20220622205632Bh,0.0
4d2fe371-7c2a-43f8-946c-f8899eaf7d5a,050101-20220622205632Bh,0.0
611c276c-f418-4c36-964e-e82fa59be9be,050101-20220622205632Bh,0.0
8adaaffe-b2f3-471b-a2ff-b15a5d2e5604,050101-20220622205632Bh,0.0
aa8d996d-aa94-46df-94bd-6d2989752109,010101-20120206063134Lh,0.0
b67883b0-9567-4f98-b94e-6878273948b2,010101-20120206063134Lh,0.0
0b88b91d-dc24-4935-845f-e1e8e4b614a1,010101-20120206063134Lh,0.0
0cfce72f-0531-444a-9636-32a455047a38,010101-20120206063134Lh,0.0
c974d175-9c88-463b-b87d-99ad6275370f,010101-20120206063134Lh,0.0
d2917576-ee43-46d7-83e3-dfe906b8509f,010101-20120206063134Lh,0.0
20d85e5e-410a-451e-a1cf-83a0c751814e,010101-20120206063134Lh,0.0
1830b311-969e-4c49-878f-d04c2469ba1c,010101-20120206063134Lh,0.0
a973c70a-34d1-4401-976d-119d55201708,010101-20120206063134Lh,0.0
4649b9fd-f74f-4e58-bfb1-9f862ff6da88,010101-20120206063134Lh,0.0
bab12803-1c8e-4219-ac62-01dd29a35e8b,010102-20120206063134Lh,0.0
1f6cb74b-1bdd-468d-8ceb-e0ba59d287c0,010102-20120206063134Lh,0.0
c1086483-01c6-4e6f-bbe4-0784b78e24c7,010102-20120206063134Lh,0.0
5e423110-74d5-4cf7-b3e9-52d259869336,010102-20120206063134Lh,0.0
24a28139-c881-4900-a772-9ad20c9030bf,010102-20120206063134Lh,0.0
cececea7-ef0f-4967-a83e-193e736ca33c,010102-20120206063134Lh,0.0
12ae4d2e-a3c9-46a8-a7b7-3b123a944372,010102-20120206063134Lh,0.0
f3bcdbc9-2cf3-44be-8a72-edcf127a071c,040401-20140716195854Bh,0.0
50f16969-bbbf-4aaf-8f49-6c6f5ea5f8a2,040401-20140716195854Bh,0.0
b33e57b6-6a0c-418b-836d-e2b68aefd77d,040401-20140716195854Bh,0.0
1074d819-2bd7-4b57-9b3f-13150a68d21d,040401-20140716195854Bh,0.0
66751f67-64a0-4201-aa77-b1847f87db8a,040401-20140716195854Bh,0.0
8d6dc5b8-dc07-4df5-ae06-be007bfcfcad,040401-20140716195854Bh,0.0
7766196c-2019-4e0d-965c-e7f507b4daf6,040401-20140716195854Bh,0.0
416546b7-7eb4-47f0-bed2-e2271bb36020,040401-20140716195854Bh,0.0
6994cc63-2930-4d12-8fab-e04ea981bb40,050102-20130218220314Mh,0.0
d50862bf-df1a-4d5f-ad45-545f6cdb23c3,050102-20130218220314Mh,0.0
36ae78ff-b822-45bc-bc91-0ee078005b5a,050103-20130218220314Mh,0.0
e83bd388-455e-4645-b944-ed62a8338d36,050103-20130218220314Mh,0.0
88054d7c-2c0d-40c2-8811-7e2df22495cc,050103-20130218220314Mh,0.0
6829167b-7acf-490d-b9fb-f0f4af1ac1b9,050101-20130218220314Mh,0.0
346f2b0b-2af4-4c55-a56b-1626133cc8e3,050101-20130218220314Mh,0.0
96dfc3c0-f72b-43e0-bd26-b275d3ae65bc,050101-20130218220314Mh,0.0
09968c5f-6bbc-491d-a565-6c77e7ccbc7a,050101-20130218220314Mh,0.0
d0d1b99a-1d8c-48f7-a88f-b56cd8057671,040102-20200806053830Lh,0.0
68af0ab8-35c4-420b-81ae-4e002f003c53,040102-20200806053830Lh,0.0
d06e81cd-9a47-4500-a376-93160906ce04,040102-20200806053830Lh,0.0
f3cc463f-7bed-443b-9b81-69d467f81d96,010102-20170103030554Uh,0.0
b49fa86e-59c1-49d9-8c3e-f0dcbe1503b8,010102-20170103030554Uh,0.0
60df235d-5267-473a-8707-b00a6e1e9729,010102-20170103030554Uh,0.0
3c790d83-0a0c-4dae-b380-1adf6acd9a17,010101-20170103030554Uh,2.877400000000023
a40c8e2e-4f55-480d-ac11-145539c37773,010101-20170103030554Uh,0.0
56c7209b-aff1-4b99-829a-c153b13e4e76,010101-20170103030554Uh,0.0
7ccd5444-95c9-4a36-96d1-2434fa932d25,010101-20170103030554Uh,0.0
2e33684e-44c7-4569-979a-c39602d7f658,010103-20170103030554Uh,0.0
52b87d13-dc03-4910-92a7-595c982de65d,010103-20170103030554Uh,0.0
7b4be461-9375-43c6-ae50-68d53c893044,010103-20170103030554Uh,0.0
644a3040-da7f-48f0-b769-3f6445e27e07,030403-20120907141954Bh,0.0
fce5be6a-4152-4970-ac55-7146b30cf64d,030403-20120907141954Bh,0.0
9cbefb68-55d6-47ef-a00d-3cdb7331e335,030403-20120907141954Bh,0.0
83c95902-7694-4a8b-b48d-6ff7b0e05d0f,030403-20120907141954Bh,0.0
e7ba1e3e-af84-4331-97d8-1b3d4ac55fef,030403-20120907141954Bh,0.0
ce1d560c-aca6-4130-b4d0-5a8f02e845d3,030403-20120907141954Bh,0.0
09a23109-9d43-41e1-9054-bdf5fad30b9c,030403-20120907141954Bh,0.0
97c70d4c-1256-457f-b90a-f222c0a7e932,030403-20120907141954Bh,0.0
cb786301-1ae7-424d-9ec6-b7d43a23197f,030403-20120907141954Bh,0.0
2409f88f-bfae-4b59-8769-92942b1f4ee9,030403-20120907141954Bh,0.0
88137954-7932-4909-971c-7255f23e155a,030403-20120907141954Bh,0.0
422310b3-1c28-4cd7-ac7e-1817bcadd85c,030403-20120907141954Bh,0.0
07552f20-5974-4b89-8cc2-22909c2a49c4,030403-20120907141954Bh,0.0
5d0a40ad-9110-431f-8938-3685572280a2,020401-20111018063134Lh,0.0
14fbb831-5b9d-4be1-9e6c-40adedde4bb7,020401-20111018063134Lh,0.0
52a0ff56-0f9d-4f72-be0d-1975ab399c41,020401-20111018063134Lh,0.0
165b7915-4387-4460-a12b-bbb2f1bf4c6b,020401-20111018063134Lh,0.0
529a575c-d902-4f8b-998f-0e384d5938a7,020401-20111018063134Lh,0.0
d5886ea8-c7d4-4ed5-b449-b21d7fde2735,020401-20111018063134Lh,0.0
78e107f6-41b5-40ec-a356-5d4be3c83b32,020401-20111018063134Lh,0.0
d219d400-4c39-407a-a540-20ad5d363ae1,020401-20111018063134Lh,0.0
3d9f2805-74fa-4426-b8b8-c3b1861a5dff,020401-20111018063134Lh,0.0
11ae3638-98b7-4f51-9a0b-bd05bf9513ee,020401-20111018063134Lh,0.0
bf06fd3e-173c-4449-be05-825f099fadb9,020401-20111018063134Lh,0.0
b8b76190-b8b7-48ae-9366-3c7b4c9f36ba,020401-20111018063134Lh,0.0
8f7862be-4003-4b79-8b53-9a3f31ce417b,020401-20111018063134Lh,0.0
e0c5c0af-5a93-44d6-b47a-38cf4e8b4b7e,020401-20111018063134Lh,0.0
442e117b-932d-42a9-a57a-e6280f12df65,020401-20111018063134Lh,0.0
8936512e-4dde-49c4-aca2-e898519052e8,020403-20111018063134Lh,0.0
50aeca5c-20a6-4428-beba-5947355395d6,020403-20111018063134Lh,0.0
62be406b-72a2-4f6a-a741-344f5bfae2b7,020403-20111018063134Lh,0.0
67f88cd4-ea34-4d3a-a00e-32a1d3eaa95b,020403-20111018063134Lh,0.0
7faaa32f-0487-48cc-8266-1b8ddbe194ba,050202-20150621161314Mh,0.0
9f875e1a-e2db-4372-aafc-8516e36955dc,050202-20150621161314Mh,0.0
426b9b28-1545-44cc-8815-7957ecf48b46,050202-20150621161314Mh,0.0
4af909c8-972f-4af0-8440-96e22b238fdc,050202-20150621161314Mh,0.0
e56dfd9d-c3ed-4bee-8920-8f379cf3a5ae,050202-20150621161314Mh,0.0
fed919e4-b18c-486a-a02d-bafeb6cfb90f,050202-20150621161314Mh,0.0
efa20ebe-3e70-45be-b6db-b3d708dbf002,050202-20150621161314Mh,0.0
dd164083-6c92-4973-9461-39b25375ba37,050202-20150621161314Mh,0.0
04911b00-d1d0-492e-82ac-fe2bcd65f7c0,050202-20150621161314Mh,0.0
c85bf7fc-76a3-429c-b12f-bbe32050dcc2,050202-20150621161314Mh,0.0
c0c13060-3a94-41b1-a3f1-dbb85559348a,050202-20150621161314Mh,0.0
3d290968-f67b-470d-a14c-bd8d8871a95e,050202-20150621161314Mh,0.0
cc7de4f7-d81f-42c9-b310-693fabe7590f,050202-20150621161314Mh,0.0
1f17e202-a915-4fe0-a524-30963fa431a3,050202-20150621161314Mh,0.0
5147b400-3d33-454c-bb66-26b5768c19ca,050202-20150621161314Mh,0.0
c548cd4a-d7df-41f1-87de-1a37faf776d9,040102-20161002225034Lh,0.0
3ba922a2-243a-4b32-b728-89cbb49c0391,040102-20161002225034Lh,0.0
53e97dca-ce57-4c93-b2b8-8682d73b39fa,040102-20161002225034Lh,0.0
c7a0f84a-c02b-4dda-bb0a-db9be6cb63bd,040102-20161002225034Lh,0.0
ff8b3f4c-058c-4508-810f-f7e961dfcb33,040102-20161002225034Lh,0.0
7e4ff430-6934-4e36-bd9a-73282f4c6a8a,050302-20170503013050Uh,0.0
77bcb107-0e45-4d3c-bdad-0cb39341e684,050302-20170503013050Uh,0.0
d083288a-8627-4ffb-a2d5-f1cf050149d7,030302-20170323041730Lh,0.0
ef4b1e05-1bca-418f-8d7c-401908bc442e,030302-20170323041730Lh,0.0
db32d8de-cb10-4a29-86a3-ea1eb0cad05e,030302-20170323041730Lh,0.0
3c267a71-406a-405c-bf95-e013076675b1,010403-20150614162514Mh,0.0
856f5938-a95d-43d0-abb0-c367e6799b5e,010403-20150614162514Mh,0.0
adc5d9e0-9f62-428f-bf92-0102cb562441,010403-20150614162514Mh,0.0
6a2ba4ee-7a89-4367-aa45-d5de94cf7e54,010403-20150614162514Mh,0.0
c91a4061-d2ca-42c5-9538-1313ad3a9e90,010403-20150614162514Mh,0.0
a7639f8a-c76d-43a7-b392-e75842262b75,010403-20150614162514Mh,0.0
54ab6e25-b7fb-421a-9610-ac2ba3f09890,010403-20150614162514Mh,0.0
dc5e3a1c-6880-419b-80e4-07afca8827cb,010403-20150614162514Mh,0.0
d135122b-41cb-4c25-92f1-678e9e2b8502,010403-20150614162514Mh,0.0
d9f64a81-9359-40b2-ad0d-24bb8647085d,010403-20150614162514Mh,0.0
8c35abf6-16c1-4353-8d9c-a0ddb45da923,010402-20150614162514Mh,0.0
1edc7bc2-da13-4ded-b706-5499b4972700,010402-20150614162514Mh,0.0
12125850-6b7f-48e2-a026-ff738448601c,010402-20150614162514Mh,0.0
ffce99c3-310b-4b7f-bba5-452d06a86657,010402-20150614162514Mh,0.0
a32f8003-3cda-4e77-a5e4-48c135d6fa3b,010402-20150614162514Mh,0.0
cf1d2ffb-adae-4bfa-b9da-370e58eaac4d,010402-20150614162514Mh,0.0
a0eefa74-6bb7-44a7-806b-f86e103096dc,010402-20150614162514Mh,0.0
f15bfd5a-7342-474c-bd8d-fc79a28b6762,010402-20150614162514Mh,0.0
18ae5bd8-2cf5-4455-9c2e-bfc5c1243ea6,010402-20150614162514Mh,0.0
a3a22c02-1173-446b-907b-e3318a2aaa17,010402-20150614162514Mh,0.0
ca128d7c-0c58-4487-bb7f-a49c9fcf22b5,010401-20150614162514Mh,0.0
d848ae6d-aa3e-418e-917e-494f81dc8247,010401-20150614162514Mh,0.0
6cf9bcc4-7860-4cb5-ac78-4d2d2b03d94e,010401-20150614162514Mh,0.0
f3e64823-60b4-4f55-bdd0-caa111b23e62,010401-20150614162514Mh,0.0
0f49ebd9-5001-4148-9ec0-719835e7ed02,010401-20150614162514Mh,0.0
0025048f-bd00-4e13-ba5e-dc80e49864f5,010401-20150614162514Mh,0.0
0436c398-7e6d-4073-b9f4-846f6ce5ab93,010401-20150614162514Mh,0.0
6fa19928-9781-489a-bbe1-1f2b21743ca9,010401-20150614162514Mh,0.0
01c8a1ce-8225-4b1c-a8d0-5c8543064d3e,010401-20150614162514Mh,0.0
06f3e396-c0ee-413e-956a-eeb04d54ef87,040102-20150225171114Mh,0.0
e6dc38ac-437b-4179-8ebf-9d41b1b40f76,040102-20150225171114Mh,0.0
757b5508-b34f-4348-808a-0af3fe6c47ad,040102-20150225171114Mh,0.0
174c1a69-422d-4578-ba20-bb8e288860cc,040102-20150225171114Mh,0.0
201c2f59-26b5-4704-b8b5-740dcc1d8cc0,040102-20150225171114Mh,0.0
88b84e9c-1a44-4cb1-84aa-6e69e796ab88,040102-20150225171114Mh,0.0
bffe3a10-4fc9-4d5a-b18c-4b5ae32963f8,040102-20150225171114Mh,0.0
e320ae5d-5d75-448c-a712-6a0bab82116f,040102-20150225171114Mh,0.0
20a92d7f-1df1-4724-8fd8-0c1de03d247a,040102-20150225171114Mh,0.0
401ac9f0-bf2d-4ef4-833d-a539f97922a8,020403-20171022170710Mh,0.0
6d0628f9-2d65-4c52-9e80-7e4f144ee192,020403-20171022170710Mh,0.0
125588b9-f0c2-4e88-88b0-cdab3ea44209,020403-20171022170710Mh,0.0
0487b9c9-0981-4049-b304-e32ce00a7d39,020403-20171022170710Mh,0.0
8e9c594f-02f6-43e1-ae69-214b8963379f,020401-20171022170710Mh,0.0
b367b839-42bd-45c1-92f0-ccd6e5e1c42a,020401-20171022170710Mh,0.0
5783b86d-ee83-46c6-a077-59fac079e082,020401-20171022170710Mh,0.0
69dab65f-e8c4-4fb4-a39f-045cb5a34a04,020401-20171022170710Mh,0.0
a10212f4-866b-4e67-8ad5-8c405ae5b3d4,020401-20171022170710Mh,0.0
468e219b-1d55-41cd-b9a6-9ac666de7285,020401-20171022170710Mh,0.0
fc7d047b-6438-4cb9-be29-6ed860917b75,020401-20110707074514Th,0.0
1992917a-d456-4da4-8bb4-bb2cf8a5926e,020401-20110707074514Th,0.0
1e94a8c3-e270-49b8-bb46-5686688fb3ce,020401-20110707074514Th,0.0
7faf77a8-eda9-4ad4-a6d0-bebd11d6b303,020401-20110707074514Th,0.0
3cabcbf7-4782-4eef-afef-488cb5a5a82a,020401-20110707074514Th,0.0
f1be01fc-3a5d-4c78-b3c1-672d29535e12,020401-20110707074514Th,0.0
16dd6dc1-37bf-4b99-8a95-e6756e17601c,020401-20110707074514Th,0.0
90f6412a-25d8-4528-9b95-fba0d0747e3b,020403-20110707074514Th,0.0
bc6ef748-e73c-48ea-8225-71756cf3cc25,020403-20110707074514Th,0.0
24638641-1051-4814-8b57-5680e259afa2,020403-20110707074514Th,0.0
e3eca6e7-01cd-4f17-9e26-7e1c216e514c,020403-20110707074514Th,0.0
5427628a-ffb7-489d-a164-74944fd1791d,020403-20110707074514Th,0.0
e6d81520-4331-400c-9ab9-6242eba440a1,010402-20131027025654Uh,0.0
f6c2ed6b-eced-4ef0-8bc1-46b272f17c50,010402-20131027025654Uh,0.0
7e17b694-bc0a-4508-9b5e-447ecc51dc5a,010402-20131027025654Uh,0.0
c84a5bc4-856d-4ece-8c11-c88cfbd727b8,010402-20131027025654Uh,0.0
931f2004-962f-499c-9f51-8d97f6e5b1bd,010402-20131027025654Uh,0.0
49d83ef8-8bc8-4634-ac74-ce4b2918ff5a,010401-20131027025654Uh,0.0
64ffeb08-64a2-40b7-ba27-3afa7fa77948,010401-20131027025654Uh,0.0
702e1005-0037-435a-9e6b-1091e755b94c,010401-20131027025654Uh,0.0
12d06881-6054-473c-936e-b6185698d366,010401-20131027025654Uh,0.0
c6669814-dbf1-48b7-881f-1ab80cef6807,010401-20131027025654Uh,0.0
1b14755b-6ac4-48f6-af3e-dab5ed2c4625,010401-20131027025654Uh,0.0
a0f5b2eb-32f0-487b-a50a-bdf0a8e668f6,010403-20131027025654Uh,0.0
3334a428-d52e-4ac8-a500-b9c8d8e8b546,010403-20131027025654Uh,0.0
b5aef5c6-ba76-40a2-9b84-cda69e239877,010403-20131027025654Uh,0.0
a8bf024f-1294-44ea-bd4a-5708ffd549de,010403-20131027025654Uh,0.0
69e5e40e-b233-4df7-8117-cbf6d75d6db4,010403-20131027025654Uh,0.0
83cf4890-25e5-431d-b2c6-95556ffa7056,040102-20211229120130Ch,0.0
46860f07-0340-48e5-9b94-6a15d487d6b6,040102-20211229120130Ch,0.0
890c84a5-5ab9-4e39-a6ab-aa2f972f9fd9,040102-20211229120130Ch,0.0
86b0ad3f-4143-4b95-80b2-617499c667ec,040102-20211229120130Ch,0.0
7af072db-2943-4fe2-8e59-f3c5f22190d1,040102-20211229120130Ch,0.0
8b00fce3-ecac-4ed6-ac72-d14d99cd5c1c,040102-20211229120130Ch,0.0
2004ce72-6f2c-4dc3-ba14-9761b63ecefd,040102-20211229120130Ch,0.0
e1878d30-1bc5-441f-b03a-e329607250b3,040102-20211229120130Ch,0.0
c8798491-68ac-4846-ac6c-b75c71f4aee0,060403-20151116201114Mh,0.0
1b81c471-43d7-4f7d-b37f-548e5a18bb80,060403-20151116201114Mh,0.0
3edfe902-2ab7-4d20-beba-dbd25eeef364,060403-20151116201114Mh,0.0
b8fd478d-e7ce-4383-ac5c-2c47dc35100f,060403-20151116201114Mh,0.0
73ada8e5-43a0-4aeb-bf58-ca79f974f2be,060403-20151116201114Mh,0.0
b710008f-47d9-423d-8e80-c20e3c1fab03,060403-20151116201114Mh,0.0
7c0a9ea1-001d-4fb8-bf1f-e72a4063e99a,060403-20151116201114Mh,0.0
33807bec-8558-4f41-b004-cd91d06302a7,060403-20151116201114Mh,0.0
ad076f23-3ce9-4d18-8635-2d0812819d97,060403-20151116201114Mh,0.0
699282b9-2786-4cdb-ade3-98e886cd2f08,060403-20151116201114Mh,0.0
7ddb0755-5089-427f-98c2-e006f078ebb7,060403-20151116201114Mh,0.0
d563a853-117e-44aa-861c-12d32db5bb05,060403-20151116201114Mh,0.0
6e8f7681-12ab-4ca0-9964-d4eb87cae53a,060403-20151116201114Mh,0.0
caef9c83-0dd5-49ea-afd7-80a7f40108cb,060403-20170125133734Ch,0.0
43fe8b02-580d-47f0-82ba-a96da158c6d0,060403-20170125133734Ch,0.0
a8a49ea7-89ec-4e3e-a696-379172326833,060403-20170125133734Ch,0.0
221a7ec9-1f56-4276-918f-9f4b69e905b6,060403-20170125133734Ch,0.0
25ab4fe5-37b1-4ddc-b180-cf43f7e6d6c5,060403-20170125133734Ch,0.0
430a56f5-2295-4b82-9960-ea664a1c9152,060403-20170125133734Ch,0.0
bb4cdd8b-5199-4a5d-97b2-6a0a26335be2,060403-20170125133734Ch,0.0
f38b0d69-a87d-4098-85f2-4f7b8e6a1d39,060403-20170125133734Ch,0.0
43494c9f-1940-4150-9bc3-dc260a3d4852,060403-20170125133734Ch,0.0
4ef9e267-ce76-4554-8b52-97aea9121f0c,060403-20170125133734Ch,0.0
b142cd1a-1f19-4050-a267-368bef7e13b4,060403-20170125133734Ch,0.0
7115b51f-6c6c-4292-a430-34a3a858fb74,050202-20121219063154Uh,0.0
fc543076-3cda-47cc-abb8-17d136909aaf,050202-20121219063154Uh,0.0
984d62ca-fd3f-48cc-b586-d34db3e45049,050202-20121219063154Uh,0.0
d415b0c1-9461-4fac-ab27-050d53409245,050202-20121219063154Uh,0.0
98e2b595-5e4f-43f5-98e4-2b46c7d19812,050202-20121219063154Uh,0.0
e2688c8d-f242-4380-8299-0f10bebdc894,050202-20121219063154Uh,0.0
a41653f8-7a62-4a65-be63-3effdf014cf9,050202-20121219063154Uh,0.0
cbbfd7da-5119-4727-a3b5-70a331202112,050202-20121219063154Uh,0.0
dec34846-df04-4e1e-b1be-5284ed5461ba,050202-20121219063154Uh,0.0
ec0e4930-cc41-4893-8a18-d5044809c38c,050202-20121219063154Uh,0.0
33183434-5986-45e2-87a2-fc8acdf724c8,050202-20121219063154Uh,0.0
fdf99651-bd03-45c5-bb77-369149f1ca39,010102-20130903060834Lh,0.0
2ffb62cf-61f2-4145-9c4b-be02e5e10d43,010102-20130903060834Lh,0.0
2caa7eef-b8eb-45bc-9ec6-87ab2aa5eaf2,010102-20130903060834Lh,0.0
46b39d06-ffae-421e-a3fe-e4a40e63474e,010102-20130903060834Lh,0.0
d192ced8-b065-4a03-8041-225d42178c64,010102-20130903060834Lh,4.195300000000088
6b0dbe17-c2d2-4ab2-ba9b-6727fb97aff4,010102-20130903060834Lh,0.0
a75b0aba-b758-449c-a2b6-09c4cfb928a2,010101-20130903060834Lh,0.0
7908fc89-dd9d-417a-af82-59f4b4e7a27f,010101-20130903060834Lh,0.0
4495dc18-9590-4e16-a518-06bda7b3a17a,010101-20130903060834Lh,0.0
0aadac59-edc6-402e-8bd1-d2039633e92e,010101-20130903060834Lh,0.0
30542049-b65a-4396-a3b6-f57b74d5c39f,010101-20130903060834Lh,0.0
cdedeb63-6eed-4246-8b4e-1bb3c07b480d,010101-20130903060834Lh,0.0
7e87f74b-1f9d-463f-8a0d-28b1d3553d58,010101-20130903060834Lh,0.0
4bf98c70-a782-4188-bdb1-bfe8b6124574,040401-20170806133710Th,0.0
459adc62-f8c4-456a-9004-f2a3ecdf8954,040401-20170806133710Th,0.0
772733b6-b05d-482a-b32b-7158475a6f3a,040401-20170806133710Th,0.0
aa7c5e39-e5cb-4daf-a84f-46f9dc4f68f2,050202-20120523163014Mh,0.0
991a96c7-0abf-4452-b917-e8d75e19a5ac,050202-20120523163014Mh,0.0
c0920ad1-c9ff-4916-93c8-b5ab18348407,050202-20120523163014Mh,0.0
857c9f19-10e0-4460-a24b-83c07be9186b,050202-20120523163014Mh,0.0
21fc0657-5d90-40ac-b955-38bb51c54038,050202-20120523163014Mh,0.0
f1167b5f-4c20-4a10-a64f-58b3c25eeebe,050202-20120523163014Mh,0.0
50daccfc-6f3c-40c6-8dd0-104bb77288ac,050202-20120523163014Mh,0.0
1b616d53-3c67-4375-b2ae-ab6afc14196f,050202-20120523163014Mh,0.0
25eb9c26-d5ab-44cc-a10e-d25eae58c968,050202-20120523163014Mh,0.0
09415ebc-bc13-40fd-a779-4dfd16a0c5c8,050202-20120523163014Mh,0.0
6d127cf2-76e3-4fab-84b7-d8b1709b72de,050202-20120523163014Mh,0.0
bb0de069-71c7-4f07-84ca-98e7bf219c11,050202-20120523163014Mh,0.0
58103613-6ca1-48c8-a9e5-cc9beb462067,050202-20120523163014Mh,0.0
6165fd63-9511-4a68-8c26-aa0853609e2d,050202-20120523163014Mh,0.0
5ba00967-16a5-4af7-8a4e-340c40fea29c,050202-20120523163014Mh,0.0
81df66d4-b415-4acd-88d4-6d4af8e580fa,050202-20120523163014Mh,0.0
b4ae7d7d-3889-4249-8a74-c02d999c4b96,050202-20150327145114Th,0.0
b594272e-22e6-47a1-88f3-47c7e3e72e1d,050202-20150327145114Th,0.0
327a64ae-a797-4a8c-bb6e-4848d951e867,050202-20150327145114Th,0.0
21554382-db25-425b-8631-4b1eaef838e7,050202-20150327145114Th,0.0
cbc4bec1-2f36-42e8-8016-14d59d7dacc3,050202-20150327145114Th,0.0
7de7e6c9-0d6d-48cd-be49-71c5354808d2,050202-20150327145114Th,0.0
87de1d41-0767-4e38-8ba6-e3af6ad85d43,050202-20150327145114Th,0.0
c45afff5-1091-4340-9ce5-945945b8c94c,050202-20150327145114Th,0.0
185b10c4-0626-4210-a6d5-a055088e62e6,050202-20150327145114Th,0.0
16e1900c-0827-4a6a-9366-427d7eb3099b,050202-20150327145114Th,0.0
ea31242b-68f5-40eb-9759-798fcfe7ea38,050202-20150327145114Th,0.0
6aa7ef09-b879-4e6f-81ab-3ecce12245c2,010302-20151213023454Uh,23.86160000000001
43023a20-3985-470c-9dda-5416c887642d,010302-20151213023454Uh,0.0
90f03c75-48de-4ba9-87cc-7b782dc2c97f,010302-20151213023454Uh,0.0
8907b0d5-034c-491b-8278-7948e44c5550,010302-20151213023454Uh,0.0
4dc173fb-8a4a-4c91-a626-bbe3c9323f82,010302-20151213023454Uh,0.0
4e4ed256-f5bf-4a52-ac8b-4086db113dfe,010302-20151213023454Uh,0.0
f4cb6321-97f7-4f03-818a-3e1d655fe504,030302-20161210133714Th,0.0
df9536f1-1d24-453b-b0f9-6557a1c9c613,030302-20161210133714Th,0.0
63d99c36-aef1-435d-a163-5de16e2bca2d,010203-20130807073114Th,0.0
87c11a87-eb27-4115-a80a-5ba27f26b8f6,010203-20130807073114Th,0.0
53cbcacf-6d89-4417-a35e-7bd757599174,010203-20130807073114Th,0.0
551b6f19-aa19-4258-b0aa-835321207d38,010203-20130807073114Th,0.0
264a5e11-36bc-4c12-938b-a05bf2626104,010203-20130807073114Th,0.0
c0eb1535-b029-46f4-8080-4c1cc7a2fd1a,010203-20130807073114Th,0.0
224d6f5c-8e3c-43ad-bd0b-459ddc9aa4de,010202-20130807073114Th,0.0
65a7aa0a-2e46-4792-863e-561746851507,010202-20130807073114Th,0.0
0a18da41-6faa-4918-a749-773a856e93b4,010202-20130807073114Th,0.0
9095eabc-3b10-489d-a4c3-6c0692e8e35d,010202-20130807073114Th,0.0
b9692099-a7a2-426a-b3c8-a9e3136f489d,010202-20130807073114Th,0.0
a7fb97bc-4c4a-4148-920f-ca6e63cb100f,010202-20130807073114Th,0.0
2d4182a6-68b4-42e7-bf27-33b69d6bbee0,010101-20141129222134Lh,0.0
b02d04bc-658c-4f2f-8a87-0e4b150cb96a,010101-20141129222134Lh,0.0
38d4bea8-92a2-43f7-a0fb-8bb5a04f249e,010101-20141129222134Lh,0.0
f7dc35d1-f435-468e-94c4-135230d68709,010101-20141129222134Lh,0.0
b54a2e22-d8bb-4d55-8129-12885ed405b9,010101-20141129222134Lh,0.0
29f1dcc2-89d7-48f5-a5c2-fdde5bb5c4dc,010101-20141129222134Lh,0.0
f134ce0b-a674-4e13-a9e9-09be516df397,010101-20141129222134Lh,0.0
2ae4becb-e23e-4807-865e-54f709f6e7ac,010101-20141129222134Lh,0.0
35a98d35-97e9-44fc-abff-2d7fa86491c0,010101-20141129222134Lh,0.0
a59ed2d2-f8dc-42ac-bfb6-3994c9ed1c26,010101-20141129222134Lh,0.0
a2cdfc80-3164-47df-8c10-4941c5f8250a,010101-20141129222134Lh,0.0
b14eb240-bc3e-4d19-8538-e97639b9f91d,010101-20141129222134Lh,0.0
b1c2e38a-d0ec-41b0-9f13-ba8012f5e241,010101-20141129222134Lh,0.0
9f774bc7-edeb-4cbb-843e-0b3d7c05940d,010102-20141129222134Lh,0.0
351923f0-14de-4756-84b1-54b526e4f106,010102-20141129222134Lh,0.0
ca1ab691-7f5f-4d94-a61b-fcb8455f259d,010102-20141129222134Lh,0.0
02e5819c-a7ba-4005-8e8e-05616bdc321f,010102-20141129222134Lh,0.0
839b3bb0-82e7-426a-9c68-2df793395819,010102-20141129222134Lh,0.0
52175491-e2af-4954-bbc9-d469d3640584,010102-20141129222134Lh,0.0
f076b0c0-557b-4f93-9ad5-12be87ecbd56,010102-20141129222134Lh,0.0
8be4f8fe-2f14-49c5-8b1c-39cb4e89436e,010102-20141129222134Lh,0.0
e5c88db9-f4be-4cf1-ac30-161bc6304340,010102-20141129222134Lh,0.0
90c0f534-e833-44e8-a53e-58a43c1c2a7a,010102-20141129222134Lh,0.0
5e2cdf40-bf79-476c-a9c8-1db26f9fa07d,050103-20171115170950Bh,0.0
13a26f5b-720d-4953-8a33-ea75df3d128a,050103-20171115170950Bh,0.0
4dd7913a-f4a7-4019-8de6-284f1a7fd418,050101-20171115170950Bh,0.0
db59a95a-d4de-48c9-b674-384aea539df1,050101-20171115170950Bh,0.0
24658e41-2ebf-491f-9ff1-b0cc92bbc1b9,050101-20171115170950Bh,0.0
0b67633d-fdda-442a-9e4a-425617df7000,010301-20140605195854Bh,0.0
9afdb52c-9661-4983-865b-2738a849eab7,010301-20140605195854Bh,2.866399999999885
44414efb-9d5c-49bc-b2ec-2ec64a467cc5,010301-20140605195854Bh,0.0
de7ece02-38b2-4ca7-b8fe-d756caf9a677,010301-20140605195854Bh,0.0
297ef92d-178e-4a7f-84af-9f715733c358,010301-20140605195854Bh,0.0
18e1addf-69a4-4c72-bf82-0235bdd48302,010302-20140605195854Bh,0.0
0aeeb450-637a-4c0b-8d9a-4a1a63beac6d,010302-20140605195854Bh,0.0
9ec0c8df-195c-413d-8d39-0fc1c1c11004,040401-20110119082634Lh,0.0
4f8d1117-aede-4175-8943-c85fb7dc73fd,040401-20110119082634Lh,0.0
1a0e0a3a-1473-427b-89e7-37e7561e06d2,040401-20110119082634Lh,0.0
95d8c3cb-c9c1-49be-8bbb-e9b6828d9574,040401-20110119082634Lh,0.0
8afabb27-410e-4b14-9f1d-cb021b3584d2,040401-20110119082634Lh,0.0
496b001d-d2d9-4ee2-970b-a3631d0d3ec5,050103-20180801232450Bh,0.0
58b0a6da-b30d-4a8c-b766-fc41ee28c7af,030302-20120712123634Ch,0.0
bc783897-9320-43fd-8823-3b9edf812294,030302-20120712123634Ch,0.0
98526d1b-b25d-45c4-8480-794fa5201da4,030302-20120712123634Ch,0.0
81776f4f-6ecb-4cd5-8428-e429f8550509,030302-20120712123634Ch,0.0
20aa3a46-4216-4cde-84c7-0fa93630797a,030302-20120712123634Ch,0.0
4a3af8c0-d26d-4afe-b287-66823c7f9dea,030302-20120712123634Ch,0.0
4e583699-0ba3-4b15-a45e-d4c6803e26c6,030302-20120712123634Ch,0.0
d924a4e7-af62-4e05-93de-589ccff907b0,030302-20120712123634Ch,0.0
d05bb4e0-3c7b-4abd-b01f-7a9f32b17eac,030302-20120712123634Ch,0.0
39027b58-c8ff-42a7-916f-2bb44511b1b1,030302-20120712123634Ch,0.0
4cef9468-35b3-4fb3-83aa-9adba62a64f1,030302-20120712123634Ch,0.0
d8932eb4-780a-496c-a240-98fd9614f6f8,030302-20120712123634Ch,0.0
69db62f6-f3f4-4f1f-b0ab-f80094c41a1d,010402-20160920230134Lh,0.0
a6969df0-291a-4cd9-80fb-becdd9e3a419,010402-20160920230134Lh,0.0
9e7d7453-5589-4571-ad00-fce7e5c4551a,010402-20160920230134Lh,0.0
b767ab78-728a-49fa-bcbd-90d0eff438a8,010402-20160920230134Lh,0.0
6ccd5afa-1f5e-496f-8e7d-cdf9f0ed1b52,010402-20160920230134Lh,0.0
490f1461-b644-4a1e-bdd1-c8c6fa8625e9,010402-20160920230134Lh,0.0
a9ab59e9-2c9d-46e9-96a1-240a753cc217,010402-20160920230134Lh,0.0
00dfa5d9-6f33-4823-bcc2-a8165b73adc6,010402-20160920230134Lh,0.0
c638c1f0-7c7a-4bb0-8445-47f54e4e808c,010403-20160920230134Lh,0.0
5f9dcfd5-f4e4-456a-96db-6dfb67bb0d0c,010403-20160920230134Lh,0.0
6be40443-a3ac-4ecc-baf7-a339a897c546,010401-20160920230134Lh,0.0
1d14f2f5-ad3c-4232-a8f3-b18870bc07dd,010401-20160920230134Lh,0.0
44fbe071-a7b6-410c-9986-88837a63e041,010401-20160920230134Lh,0.0
542af6ec-b967-4495-946d-00ba0d340972,010401-20160920230134Lh,0.0
b80290ad-57ea-4ee4-bcd8-2de42db10a3f,050103-20180202130330Ch,0.0
77271483-7fac-4945-97db-1f3d8228c070,050103-20180202130330Ch,0.0
dda5eafa-337b-411b-93da-c2a8634fba3c,050103-20180202130330Ch,0.0
4993a069-6ddd-4eac-8bae-e1b0f016212d,050102-20180202130330Ch,0.0
109d5cc5-4ba1-4b73-80eb-f6c69c1a8693,050101-20180202130330Ch,0.0
e15592bd-76b1-4fb7-9dec-49b773f6021e,050101-20180202130330Ch,0.0
68101a7e-5e0d-4d14-b763-14ca0907f9c9,040102-20121207103034Ch,0.0
872c7950-0413-493e-8747-5d3b90235d75,040102-20121207103034Ch,0.0
81e9c0a5-f15d-4abc-952e-ad7e920d976d,040102-20121207103034Ch,0.0
eb480bf9-3674-4f81-8660-24317344c9d8,040102-20121207103034Ch,0.0
40f68d8a-eaec-49ee-933b-b1684dc2df0e,040102-20121207103034Ch,0.0
7576aee7-6e25-42b0-a054-f552e51f64fe,040102-20121207103034Ch,0.0
c0322b64-ff2f-45f2-ac67-fa1a75fffc18,040102-20121207103034Ch,0.0
8aaf71c4-3841-486e-9588-ee0a3350102b,040102-20121207103034Ch,0.0
d4a1d570-b1ea-495e-a6cd-fdd53dd1fcf2,040102-20121207103034Ch,0.0
fbc3c89f-776a-47d4-8eac-4fc7c704c3fe,040102-20121207103034Ch,0.0
4742fc0c-7361-402e-a152-1936c2125904,010401-20150308081954Uh,0.0
d38aa229-e7e6-49bd-8171-615a55270a90,010401-20150308081954Uh,0.0
b2bd5a9e-f771-4d8e-929a-a466dfb9cc62,010401-20150308081954Uh,0.0
8ad31aa7-f3d1-421b-a653-5d5a5ad562a4,010401-20150308081954Uh,0.0
491f5b02-2e05-492a-8a20-4b33503c7e74,010401-20150308081954Uh,0.0
b2b46bee-3feb-47d9-944f-ef5fceba89eb,010401-20150308081954Uh,0.0
799ebc9a-ae73-4de5-b8fe-79c97c55e87f,010401-20150308081954Uh,0.0
8fb09ad8-f614-4105-ac86-b96ad11b96d8,010401-20150308081954Uh,0.0
cc778fb1-7bdb-412a-adf7-407c829fd643,010402-20150308081954Uh,0.0
afe5a063-675b-43ad-b9d7-0f3f8f0adc2d,010402-20150308081954Uh,0.0
795698c7-8598-4fc3-a1bc-cb0f23ba94cf,010402-20150308081954Uh,0.0
7efee37d-5db0-4a46-a03c-94a2bdc97855,010402-20150308081954Uh,0.0
8841e27b-40b0-43e9-a121-3337ce042e23,010402-20150308081954Uh,0.0
3435b9ef-55e8-4200-9fb6-afc262e99f8e,010403-20150308081954Uh,0.0
da30d71c-02bc-420f-ad80-bdfcc3687eb5,010403-20150308081954Uh,0.0
406c9840-6b63-4381-ab44-756fa0ebc9e6,010403-20150308081954Uh,0.0
eb6a2c29-801d-4691-8348-336392f550bb,010403-20150308081954Uh,0.0
b5fe630f-5609-4fcd-ae89-866ee590b4bc,010403-20150308081954Uh,0.0
ceef78e1-952b-47c1-88d0-55752aa79df1,010403-20150308081954Uh,0.0
1402f4f5-f22c-48e0-8c81-37925a2a8a10,010403-20150308081954Uh,0.0
f95de9d8-addc-4b4d-b48f-b5986f7be40b,010403-20150308081954Uh,0.0
20e0028f-44c0-4641-a1fe-baed11e7acbc,060102-20160724135554Bh,0.0
d5164c9c-6255-4da8-a624-b1cd10440e8f,060102-20160724135554Bh,0.0
ef16e1ea-fcb2-4b2e-8bca-d8befe930379,060102-20160724135554Bh,0.0
10651b2d-100c-4ded-9956-1b4dda8be15f,050102-20160617133654Bh,0.0
7c3624f4-3726-4d23-a7b4-4e04ffdb19c4,050102-20160617133654Bh,0.0
7de9d8f1-eb32-456a-8e9f-5487199c445e,050102-20160617133654Bh,0.0
9a92d6dc-55c2-4637-a234-e3b4e2440d51,050102-20160617133654Bh,0.0
d21d3f5c-be48-48e7-8d4d-38eac2d4ec1e,050102-20160617133654Bh,0.0
bed4267d-5aa9-46fd-aace-0aa7fd748029,050102-20160617133654Bh,0.0
0b558bfb-be80-4b5b-be0e-6d65235b9d71,050102-20160617133654Bh,0.0
6412bfaa-2e62-449a-bef5-8dba859b6a1b,050103-20160617133654Bh,0.0
ccab3ea3-c69e-466d-b63f-0def1c9d9e9f,050103-20160617133654Bh,0.0
796a913c-d4c5-46f8-8c35-52e1ec486592,050103-20160617133654Bh,0.0
17e8c490-b4b8-49fa-948f-e25a0e87091a,050103-20160617133654Bh,0.0
6e06aa20-69d1-4c9e-9453-02aa3e3ff427,050103-20160617133654Bh,0.0
c6d6ecbd-6e68-475a-b7b4-724c283180ae,050101-20160617133654Bh,0.0
7e352af7-7661-4441-8580-20a6d3d80ad7,050101-20160617133654Bh,0.0
5cfb8cfa-d2be-4b70-87fb-28af1911a4cc,050101-20160617133654Bh,0.0
031d1778-bf19-4a71-a5d3-718b191e76fa,050101-20160617133654Bh,0.0
e223fab6-7d0d-4f06-b8bd-942972cda464,050101-20160617133654Bh,0.0
40d3418d-884b-441b-ad02-91c7539c6a3b,050101-20120720085114Th,0.0
da54b33d-11e4-4cf5-95e3-dffa691cf645,050101-20120720085114Th,0.0
b6c2cc36-4aff-4ca2-ac53-cd4fd836a37e,050101-20120720085114Th,0.0
42cfba5a-e5d4-4310-9095-88959bc744ad,050102-20120720085114Th,0.0
42cd7ade-56e0-45e6-a4b6-454a7ed2f075,050102-20120720085114Th,0.0
2472cce1-d723-464d-90f8-fe3618b58b6d,050102-20120720085114Th,0.0
96123e25-0d92-4d87-bfea-8e367e66af84,050102-20120720085114Th,0.0
5845e99a-541b-47b3-b5ba-8c0935463131,050102-20120720085114Th,0.0
ebc7abd2-bd5d-4391-bec2-e0991e9d83ff,050102-20120720085114Th,0.0
43018621-5f68-4d48-bb5d-a9099b419901,050103-20120720085114Th,0.0
2e5d3181-7e43-4ed3-b39f-f8db1e952cb7,050103-20120720085114Th,0.0
295da285-9ddc-4e37-ac8a-d0447d5a35dc,050103-20120720085114Th,0.0
c4c7d76b-f691-4804-bd21-64f9299322c8,050103-20120720085114Th,0.0
47522402-13cd-459d-9a5a-7a0b1bf0f7c3,050103-20120720085114Th,0.0
2ebab464-0cdb-4ff7-abff-9bc0c8a25c1b,050103-20120720085114Th,0.0
77e4fbd6-4631-4e41-a03a-24de609acbda,010403-20130221063134Lh,0.0
acf516c5-b4c9-45d6-9ccc-a22890d54faf,010403-20130221063134Lh,0.0
8aaa2cb5-a336-4bcb-b336-61ba16285473,010403-20130221063134Lh,0.0
47fcab15-92cd-4314-ab54-de341ec9fdf8,010403-20130221063134Lh,0.0
9aa01ba9-3e57-49e9-92e5-b40702e01f47,010401-20130221063134Lh,0.0
fc84ee6d-35e4-4260-ba01-5c577bb6c623,010401-20130221063134Lh,0.0
66a4b872-ab0a-4817-a303-00a3a7de3f27,010402-20130221063134Lh,0.0
34e336b4-c07f-4fec-8687-1d7420f56893,010402-20130221063134Lh,0.0
c961bc5b-8ffe-4ecf-8aae-aafab959a561,010402-20130221063134Lh,0.0
a8437f95-4b60-43eb-8229-88123f1d165c,010402-20130221063134Lh,0.0
90b8537e-e133-4684-af22-12e84de09580,040302-20220104043050Uh,0.0
ebaca081-37d3-4896-8925-98d6438b33ae,010403-20110301082654Uh,0.0
2e832baf-2e60-45b8-a75d-1edf64782630,010403-20110301082654Uh,0.0
08790745-9f48-4d24-b262-1d36fcd369ce,010401-20110301082654Uh,0.0
dd420304-c295-47cd-b355-df1917177961,010402-20110301082654Uh,0.0
854c4272-90a9-4c94-857f-6231e885c7cb,010402-20110301082654Uh,0.0
2728e5f2-0a7f-4895-ad3e-c3bc6e78c6ec,010402-20110301082654Uh,0.0
fcbad3be-f02d-47c3-bfde-17d5536153dc,010402-20110301082654Uh,0.0
38bbcdbd-671d-4949-8b9c-ea96b5ef1048,020101-20151106171514Mh,0.0
b8298e27-2b06-49ff-8578-5620c145bd10,020101-20151106171514Mh,0.0
7e96d060-e535-4734-85d1-b741cbf5c3c3,020101-20151106171514Mh,0.0
c1b63212-8e03-447d-9ec9-f0d4a13976fe,020101-20151106171514Mh,0.0
2cabdfff-8cca-4bb0-af24-fb38b0dd1bdd,020401-20110616133454Bh,0.0
ad3c96b8-7669-4da4-b6a9-3efe894c4147,020401-20110616133454Bh,0.0
4cba8e2b-7a18-465e-8d76-79d3d0bf88a1,020401-20110616133454Bh,2.192099999999982
22b81971-f553-4d14-a529-4063d4f552be,020401-20110616133454Bh,0.0
f2a54b53-f4ff-46b3-afbf-88c108366444,020401-20110616133454Bh,0.0
ee3f43fc-3395-420e-83c3-a34f4fea89de,020403-20110616133454Bh,0.0
90ad7c0e-961c-416a-b712-f1a49cb47dd7,020403-20110616133454Bh,0.0
5e210edd-eb0d-40bf-8922-82afc8d60fcd,020403-20110616133454Bh,0.0
90993bd0-99bf-4eab-98aa-3708191e9e83,020403-20110616133454Bh,0.0
9d0e3f5e-acdb-4bdb-8ec7-7ac663e5e470,020403-20110616133454Bh,0.0
4ec756f4-eae7-4511-8f3d-3e67ae5c6a10,030302-20160510163914Mh,0.0
3f7de26c-7033-430e-b397-d137e1ee554d,030302-20160510163914Mh,0.0
25ade7fe-0ae7-4f6d-a3fb-f30aa0b9eb1e,030302-20160510163914Mh,0.0
a8acc3f8-f363-4e01-970b-3cdf965b9e10,030302-20160510163914Mh,0.0
12b5b24b-428a-41c9-947c-214a7c42f25f,030302-20160510163914Mh,0.0
cdd30514-882c-409b-80af-00bb3b1432de,030302-20160510163914Mh,0.0
16a99614-88d2-473a-9931-f36901348e6c,030302-20160510163914Mh,0.0
606f3250-f3c7-4502-9edc-2b434d3d9a9b,030302-20160510163914Mh,0.0
a95caefb-19bd-421c-ac72-49d9392cf699,030302-20160510163914Mh,0.0
3028a64e-a22a-4de3-a845-07a6b1b6fa37,040301-20151128133734Ch,0.0
d696c531-f567-4bc6-a930-7430059c2f9e,040301-20151128133734Ch,0.0
42798427-88b4-4e14-a0e2-62de0183209d,040301-20151128133734Ch,0.0
1249a232-b432-4889-b5c8-655ffc1c0e38,040301-20151128133734Ch,0.0
0bc889c1-a06b-40b9-bbc2-baab0558b96b,040301-20151128133734Ch,0.0
7697ff3a-232e-44f0-b141-a1859b50f030,040302-20151128133734Ch,0.0
2141787e-8dbb-4c05-99c7-fed0fa2a59af,040302-20151128133734Ch,0.0
93fb59df-9369-4c75-9473-eca9de331455,040302-20151128133734Ch,0.0
6bb89525-d3e1-46e8-a27f-b2b699f7a1bf,040302-20151128133734Ch,0.0
618435d8-d58a-4217-a2c2-08e1076ae93f,040302-20151128133734Ch,0.0
1c25fad5-0eff-4785-965b-b1b8f7787cdf,040302-20151128133734Ch,0.0
efefcf58-fa5c-46a6-bc8e-b3b01a5210e0,040302-20151128133734Ch,0.0
90c6e782-b113-4b92-878e-1afa9b271696,040302-20151128133734Ch,0.0
966d5f85-e6bb-4f98-9ea0-9bb3bac1873e,040302-20151128133734Ch,0.0
cf54a1d8-1c49-456e-8e88-cb12ae1f2a49,040302-20151128133734Ch,0.0
2c3b126f-5b3c-4ebe-ad74-dde5237cd102,010203-20141022223334Lh,0.0
1ead7a28-81c8-4de5-8c04-8258d4070e07,010203-20141022223334Lh,0.0
f7bb9e84-adbd-4249-bc45-be2450ecc529,010203-20141022223334Lh,0.0
7cf3e858-afe0-489b-9e58-92610d410edc,010203-20141022223334Lh,0.0
cb7111f3-be77-4800-bf6e-6dc6b8680645,010203-20141022223334Lh,0.0
0600207f-3008-4c55-bcf9-7f996dbba5e5,010203-20141022223334Lh,0.0
f706fcc7-82a8-42f7-9e93-4b18b26400a5,010203-20141022223334Lh,0.0
c04d3bca-4629-410c-ac3f-ee94cfcf3cd4,010203-20141022223334Lh,0.0
f3f228ae-ec84-4ffe-a504-1fe68a754dfb,010403-20110923165814Mh,0.0
14395a1a-5992-4c77-9ca9-8ddb77e00113,010403-20110923165814Mh,0.0
9e4d8417-8b5d-4575-9ce1-726f32f9d5f1,010403-20110923165814Mh,0.0
89743bc2-ed4f-479c-90e6-1c288d1ec59a,010403-20110923165814Mh,0.0
b0753af9-6b8f-4680-be3f-306030f3d369,010403-20110923165814Mh,0.0
73841d40-ef9a-4438-a6f0-d8cd1359cdbc,010401-20110923165814Mh,0.0
b4c4e2a4-da52-4e6e-8107-f7cba5623a38,010401-20110923165814Mh,0.0
fabb6ede-41c6-49f4-a98c-791b521d63a6,010401-20110923165814Mh,0.0
226b186b-c084-4198-ae5f-0abac2e5ec1a,010401-20110923165814Mh,0.0
e208d1d7-c470-44aa-97f5-1afa8b9288f5,010401-20110923165814Mh,0.0
8ab6593e-de83-4715-a4b6-adcb4a4d2169,010401-20110923165814Mh,0.0
55ddc93b-6405-46f7-8ebb-04d6dd121fdc,010401-20110923165814Mh,0.0
21a68cb1-a205-4899-8ce4-450ddd9c4e47,010402-20110923165814Mh,0.0
ba510ba5-4721-4f5c-bfe6-04dafd0df621,010402-20110923165814Mh,0.0
2915d070-5aca-4884-98a8-cdfa3b3a74c9,010402-20110923165814Mh,0.0
35c53eb0-68b3-46d6-8b36-2787809b6438,010402-20110923165814Mh,0.0
e8b93084-adac-4610-b63b-aa6a5de2241c,010402-20110923165814Mh,0.0
79f0a458-f1a8-480d-b7d1-eb1b54b50a36,010402-20110923165814Mh,0.0
ab2c40bd-86e0-4eb1-a2d7-3f49e3e9eb44,040102-20130326063134Lh,0.0
fe9f9aa6-0575-404c-b3d0-6710bf7fc38e,040102-20130326063134Lh,0.0
d97eaa97-2174-4ed5-b86f-1cb32a53cc24,040102-20130326063134Lh,0.0
045356b7-2bc5-444d-ba1c-7015ae924822,040102-20130326063134Lh,0.0
5531303e-da4a-42a4-921d-ebda66ed0302,040102-20130326063134Lh,0.0
e14d75fa-dbf8-4b8d-873d-e4deeea63e4e,010203-20180804234530Lh,0.0
6dc2d3db-50cc-439a-af57-cea3649963e3,010201-20180804234530Lh,0.0
2122efd6-b043-40e4-b497-aadc8303e485,010202-20180804234530Lh,0.0
89a086d9-cadd-43ba-b068-ebd9454e0a15,030101-20160726135354Bh,0.0
94565ddd-3655-4b6c-84b1-efa8933b2a21,030101-20160726135354Bh,0.0
91dd65ba-bfee-44f8-9df4-f0677d90f686,030101-20160726135354Bh,0.0
607ed92e-b503-46bf-9c31-34501bf022e8,030101-20160726135354Bh,0.0
a22cb3b8-e30d-4220-87b1-398c845d6626,030101-20160726135354Bh,0.0
42f46477-dfe9-49fa-aa88-725cbd48e96c,020101-20120827085114Th,0.0
c8be2df5-7ace-4c3c-b77d-3f519baaa89c,020101-20120827085114Th,0.0
f4ece5f5-22f2-406a-975a-ad41eb61b644,020101-20120827085114Th,0.0
8aa884c7-5a45-43ef-83f3-0ac4e9cdc2d2,020101-20120827085114Th,0.0
041770d0-f94d-4c6c-bf7e-501a92fb1b9b,020101-20120827085114Th,0.0
8f6217ed-5711-4923-8750-a20328560fbf,020101-20120827085114Th,0.0
7dc80647-3059-4938-ae16-1c819fda2aa3,020101-20120827085114Th,0.0
363d96a0-d8e6-4efc-bd5b-5c5dd371a4f3,020101-20120827085114Th,0.0
5750b82d-fe45-49fb-bf61-63a4815f50f7,020101-20120827085114Th,0.0
46b18578-01a0-42c2-b357-0366910a5ca3,020101-20120827085114Th,0.0
509081d6-fa4f-4068-a03d-8e248b338841,020101-20120827085114Th,0.0
3ac7d4ce-7fce-4e96-8f06-5b1d9a17f185,020101-20120827085114Th,0.0
4313fa53-61c7-4fc9-9291-73fbd49b4073,020101-20120827085114Th,0.0
1c2d5977-177b-4131-b12e-4c99e89061ff,020101-20120827085114Th,0.0
273a7562-dd89-4429-bdaa-6264a160f895,020101-20120827085114Th,0.0
f256fac0-d5a2-4fba-b928-ef601357888c,020101-20120827085114Th,0.0
b70fee23-600e-41e6-ab5a-9182a30bf598,020101-20120827085114Th,0.0
89fb76c3-6a4f-4a58-a873-7a4d8fda9ff8,020101-20120827085114Th,0.0
5b1e349c-7aa1-4a45-859c-94c3d111cbb9,030401-20170925225630Lh,0.0
7d6a3674-343b-402c-96e3-a773815af1e2,030101-20120403083114Th,0.0
05514642-a247-4209-8a2f-b7888296799c,030101-20120403083114Th,0.0
4301c8af-3c3a-4d65-8f35-5bf7ea39e6a1,030101-20120403083114Th,0.0
dc52e5e4-b11a-4f59-ba18-c5c2090b57bb,030101-20120403083114Th,0.0
c7d424e8-2985-4d8e-ab08-d26be2565030,030101-20120403083114Th,0.0
c6eed50f-c07b-42e4-82e4-9b336695b4b4,030101-20120403083114Th,0.0
6536904a-e40e-4849-a4b4-8b4c453f552a,030101-20120403083114Th,0.0
40feb673-5b46-4fed-b2f9-ed06d09d589d,030101-20120403083114Th,0.0
09f4812d-76f2-4ce7-bfb7-b18e15e2a6a6,030101-20120403083114Th,0.0
6c650971-91ce-4e75-ade1-66b926b344c9,030101-20120403083114Th,0.0
7e2f148f-3818-477a-9d72-d679489f3464,030101-20120403083114Th,0.0
bf0573c1-cbd1-4bf1-8c79-da0589ab55fb,040201-20210814044930Lh,0.0
409ccabb-e42e-455b-a17a-b69f68177006,040201-20210814044930Lh,0.0
e4abb81f-f607-417d-982f-300e08c77d6e,040201-20210814044930Lh,0.0
dd58a8ff-d5ef-4cad-aa75-60910bf9a798,040201-20210814044930Lh,0.0
38ccf21e-fd0e-48f5-a51d-590375d876a0,040102-20170702133730Ch,0.0
b7ac7a7e-0249-4221-9250-b5cb5458ec8a,040102-20170702133730Ch,0.0
338c106a-2b01-4849-ae4d-8e268fc4ef8e,040102-20170702133730Ch,0.0
5ccee25d-ff5b-4840-b518-3e328c9a1b83,030101-20160609133654Bh,0.0
457ecaa6-7d62-4f48-9781-04bdff966e86,030101-20160609133654Bh,0.0
7fb8c767-c996-421a-ac68-741ff11f28b5,030101-20160609133654Bh,0.0
f630d5e9-7001-4f81-9f1b-bc898d04a457,030101-20160609133654Bh,0.0
5c7e408d-a5cf-4bdf-9e77-d14951902e36,030101-20160609133654Bh,0.0
698aacc8-e077-438c-bbfb-b0c46fdfc453,020401-20200114073230Lh,0.0
09afe179-4f4d-4875-9b09-66586304c183,020401-20200114073230Lh,0.0
42055a36-59e8-4c95-bbbb-5288eebfb4d6,020403-20200114073230Lh,0.0
a15c2a98-50f6-444c-882a-795753d0d9ed,030302-20130324015554Uh,0.0
bfd04db2-2ce7-442f-8570-208154801668,030302-20130324015554Uh,9.227700000000027
252270eb-baa6-42ef-9e9b-ba9d35e8dc99,030302-20130324015554Uh,0.0
13403ec4-0d54-48b6-a831-e77c2a46b253,030302-20130324015554Uh,0.0
8d8cb3a1-6029-452f-8eb3-65347c665d3c,030302-20130324015554Uh,0.0
e768d2d3-4c9d-4387-a645-8c79286070db,010401-20120104063134Lh,0.0
73413ba6-2ff2-487c-a6f9-fa6520a1c979,010401-20120104063134Lh,0.0
ec9a2e78-b3bb-47d8-839d-3f8b0af2f6d1,010401-20120104063134Lh,0.0
8f83ff89-2a00-4b2b-b462-72956e6a1d79,010401-20120104063134Lh,0.0
8ad48b69-6c22-47e8-8e03-30592accdaf6,010401-20120104063134Lh,0.0
4c08da17-a8a9-4eef-8b2c-97f1bdf17c93,010401-20120104063134Lh,0.0
fd8f0bef-beb1-4dba-a81e-dca563130b57,010401-20120104063134Lh,0.0
c1b1d82c-1c2f-4224-89b7-1af31fbddde8,010401-20120104063134Lh,0.0
872ef71f-ca04-4b3f-a94a-7f18e04aaa45,010401-20120104063134Lh,0.0
54d112f7-bce1-42d5-83c8-e68409339ff5,010401-20120104063134Lh,0.0
6a49ec17-aeb3-4ec1-9b14-94c4c954de1d,010401-20120104063134Lh,0.0
c8ddfdc4-4d75-4e1a-8857-5166e455c93b,010403-20120104063134Lh,0.0
116cb801-fb48-426e-b955-1e77a7527e71,010403-20120104063134Lh,0.0
4632300d-d71f-4b15-b292-ab3ebe13e987,010403-20120104063134Lh,0.0
27867832-c5c8-40d9-a36c-44d79506f240,010403-20120104063134Lh,0.0
bc2727d6-0579-4df5-87fb-830dd929c14a,010403-20120104063134Lh,0.0
5bde6864-96ad-4c57-8b4d-a795a91fe319,010403-20120104063134Lh,0.0
a7d53d34-53ef-43fe-936b-d9df199ea654,010403-20120104063134Lh,0.0
6f626968-d77b-43c9-859d-39283b227a5f,010403-20120104063134Lh,0.0
7d973bb9-b60e-4eed-9991-1bae0b18d51e,010403-20120104063134Lh,0.0
04ad489b-da42-449d-a018-0e2f7ef90945,050102-20131229112414Th,0.0
13b78084-6a6e-4571-9653-0eab9e891a33,050102-20131229112414Th,0.0
a7364ebd-26bf-4e4f-a563-af99c45bd752,050102-20131229112414Th,0.0
85ac4a65-853f-443e-b2fe-440814b79416,050102-20131229112414Th,0.0
32051a5e-751b-42b1-8fcd-c590058a58c4,050102-20131229112414Th,0.0
25840b38-120c-4e30-b4a4-46585be8a81b,050102-20131229112414Th,0.0
8f97f57a-ee36-48ef-9d06-87d5fffd0ba3,050102-20131229112414Th,0.0
9cb39adb-5c05-4fee-95a7-4983c3b7a8ae,050102-20131229112414Th,0.0
ecd457c7-2b45-4ef9-bc25-2045b080d206,050101-20131229112414Th,0.0
36546fd5-466a-40cd-9a64-50c2adf80054,050101-20131229112414Th,0.0
77cd5385-dc51-4844-9402-403437c84a66,050101-20131229112414Th,0.0
26715407-6289-493a-93b7-0a234a7b877f,050101-20131229112414Th,0.0
97cb4df3-429c-46ab-9204-773269a7a87a,050101-20131229112414Th,0.0
45ed625b-c0db-42ff-8ac4-336aedfd62a1,050101-20131229112414Th,0.0
867977aa-4d88-42ea-9ce6-857252f5c0cd,050101-20131229112414Th,0.0
fe0e171d-65be-4531-874f-6486c964d408,050101-20131229112414Th,0.0
c9370f54-545b-4d74-a244-d64852bd12f4,050101-20131229112414Th,0.0
bae355cc-7961-4fd8-9c52-f3dfcd77b6d9,050103-20131229112414Th,0.0
b8f92a19-a590-4a1e-97e2-cdf38a311763,050103-20131229112414Th,0.0
2f23b873-402b-4bab-92cb-c13e63910ecb,050103-20131229112414Th,0.0
4aaeb6ec-27a6-4b3f-954a-da393066c806,050103-20131229112414Th,0.0
8daf5700-ecde-434d-a9de-06a61b68c857,050103-20131229112414Th,0.0
67c9e5ef-a448-4531-909d-201f97943c68,050103-20131229112414Th,0.0
a83af16e-266f-4d84-854e-57da1d1e6c1f,050103-20131229112414Th,0.0
bdf9c626-dcf7-48dc-8f4a-2492a45e9f7b,050103-20131229112414Th,0.0
546d6e05-5d70-42e6-b1fd-4805c0eb4d5e,050103-20131229112414Th,0.0
ea922ef5-5c7f-4d5b-9d60-87c31ff6927c,050103-20131229112414Th,0.0
40878716-1d64-4908-9730-9de51ff7c894,030302-20140712195854Bh,0.0
ceb920c1-c6cc-47df-ba81-38c0b61f16eb,030302-20140712195854Bh,0.0
b3f38569-e6d0-4d8a-a978-a1414edc7394,030302-20140712195854Bh,0.0
ed6038df-6f44-44f1-a1ea-03861f2a5cf8,030302-20140712195854Bh,0.0
82aef859-3648-45ea-b4d9-6e05995d5129,030302-20140712195854Bh,0.0
dbc2b7e3-8080-4e12-b795-3b351dfa3ed0,030302-20140712195854Bh,0.0
0111a9ce-5e5c-4358-9ee6-0386da3c6d4a,030302-20140712195854Bh,0.0
443cc4b2-06ae-438a-8cef-5000c27faafa,030302-20140712195854Bh,0.0
7d19f575-e701-4508-93df-054c0add4620,030302-20140712195854Bh,0.0
765737ac-1e88-467a-ae31-90c815562fc9,040401-20110728084714Th,0.0
796f78a2-d9cf-47ae-82e1-6188c2406b15,040401-20110728084714Th,0.0
221f25ac-c649-4d06-bf0c-ee271b36a227,040401-20110728084714Th,0.0
303bd10c-8f2f-4522-b100-12848ee04690,040102-20111214063134Lh,0.0
7b15b7c4-0402-4407-b543-dc6ca1a3eafc,040102-20111214063134Lh,0.0
73fb7dc3-849c-42e4-a06d-353c5e2f3f38,040102-20111214063134Lh,0.0
fdfbf9a3-61fc-4ab3-9a96-e8a0f664e4ce,040102-20111214063134Lh,0.0
4c6486af-4e43-497f-b8c3-434fbd36d1e2,040102-20111214063134Lh,0.0
e17c5a1d-31b6-46af-add6-60349fb4914a,040102-20111214063134Lh,0.0
5d5f1e73-5638-4f66-8beb-dc725961099c,040102-20111214063134Lh,0.0
1a3f25c8-c933-4762-895d-b039b3568f4b,040102-20111214063134Lh,0.0
270bfbcd-0801-40a4-8d48-83edf66c1548,040102-20111214063134Lh,0.0
b55d11b7-6e58-4c3d-b9b0-4ab2708b47ec,040102-20111214063134Lh,0.0
7c5577ee-144e-49f5-8286-f2a6b81d25b5,040102-20111214063134Lh,0.0
035427d8-39ca-4ce6-98ad-929dc59bb2f4,040102-20111214063134Lh,0.0
77a6fb23-fb3a-4248-8595-9101407285a1,040102-20111214063134Lh,0.0
ac4ee39a-b63f-4144-8d06-8bec9f94b9c9,040102-20111214063134Lh,0.0
20acf239-07bd-4284-b27c-b74d863b9064,030101-20110623063134Lh,0.0
7d6d0499-b936-4b17-ba08-1c5e33cfb381,030101-20110623063134Lh,0.0
4b15dbf7-1d8c-4678-af7d-2a9a81cc0a4a,030101-20110623063134Lh,0.0
c75d7435-35f3-40de-a35f-cb9bb5b848dc,030101-20110623063134Lh,0.0
aebd2cbb-28c5-4e83-aa61-920a64372ace,030101-20110623063134Lh,0.0
4047292e-d591-4171-aa1a-883e7b687c69,030101-20110623063134Lh,0.0
fc6a1578-bca8-46e4-9b8e-520b5f9ef592,030101-20110623063134Lh,0.0
4b3b973e-0f05-4f5c-b8ee-1ab282a0a873,030101-20110623063134Lh,0.0
e440bd7a-e5c3-44f4-9754-527fbc976485,030101-20110623063134Lh,0.0
ff3b7ca9-1e99-4495-95da-1f2f61b8495e,040102-20150119082034Lh,0.0
070774a5-9b6c-4404-9600-5e41bb5953a6,040102-20150119082034Lh,0.0
194f7490-178e-404c-95a6-a15fdda3abe6,040102-20150119082034Lh,0.0
c289972e-708a-48d5-9ba2-1d10328205a3,040102-20150119082034Lh,0.0
f9b37d2e-df73-4a21-b3fa-26e21d9d6a29,040102-20150119082034Lh,0.0
5a407599-1e63-4903-8c32-6227827eaf99,040102-20150119082034Lh,0.0
5def0f1b-a483-483f-86c5-d49bdd732ef6,040102-20150119082034Lh,0.0
4e8c5dca-5f41-4b46-8d6b-05c9c7bb08ea,040102-20150119082034Lh,0.0
3d702b0e-11f9-4c2d-b585-f07abd4a0f94,040102-20150119082034Lh,0.0
4ae36fb4-2f83-4cbf-83cd-2f9dc68deaf3,040102-20150119082034Lh,0.0
f2aa5577-08d7-46b0-94fe-c501e8e7215f,050202-20140803234534Lh,0.0
690a9467-4ac6-41ab-85e6-fa3eb8caade9,050202-20140803234534Lh,0.0
b0ac4840-86aa-4377-9eaf-2e7fe39c28cd,050202-20140803234534Lh,0.0
bd11d709-98e0-4b46-bb78-04db94fd8bcb,050202-20140803234534Lh,0.0
e494d2b2-ad63-4fc8-adc1-ac4f2c6ea321,050202-20140803234534Lh,0.0
2e62f539-b1ac-4fad-bdd5-d8ccfe9ee704,050202-20140803234534Lh,0.0
ab883941-86ef-48d4-adaa-5916898b1e07,050202-20140803234534Lh,0.0
17a82587-e4b1-4529-bd78-07048fd81bd6,050202-20140803234534Lh,0.0
f927fb2e-0a5f-40d9-bf50-a482ef17fec1,050202-20140803234534Lh,0.0
0fa2661f-11b0-4d16-8d65-8015fcf32465,010401-20161205133714Th,0.0
e5cf1923-d624-42bf-9d53-68c477c9b2d1,010401-20161205133714Th,0.0
0d0e0353-0a95-4875-906d-841609d1f333,010401-20161205133714Th,0.0
6dd4a8aa-8ed5-49c1-8034-ec4cd9132277,010401-20161205133714Th,0.0
03ae8e90-fdf9-42ac-adf0-cbebc8a95bab,010403-20161205133714Th,0.0
b95c3a0c-6f7e-46f3-b77a-d39d8e0c8be4,010403-20161205133714Th,0.0
c1122115-56ec-4eeb-bc53-fa79f366c04a,010402-20161205133714Th,0.0
772a00de-8996-430b-ad14-269740d7dcae,010402-20161205133714Th,0.0
4f9dc8d4-8a9f-48dc-bbb9-e3e3b11b54c2,010402-20161205133714Th,0.0
8d503635-671e-457a-9f05-46daa4e758fc,010202-20140225163314Th,0.0
2e17188a-10db-43b1-90ca-42d925f72572,010202-20140225163314Th,0.0
8c2970a4-12ca-4858-b63f-fca59cb9f78c,010202-20140225163314Th,0.0
50a170a0-21ec-4ec4-a9d4-68cfb5734670,010202-20140225163314Th,0.0
d3a52095-58b8-4f09-81c7-a3987c53b8ae,010202-20140225163314Th,0.0
c1ba3422-80b2-4768-95a1-2e564db98468,010202-20140225163314Th,0.0
a2cc1c28-d94f-4aa6-987a-0b80366fdaef,010202-20140225163314Th,0.0
d74d9fda-0b3c-41ab-ae9c-b34bc6e3d2d6,010202-20140225163314Th,0.0
4ef9d836-e137-45b3-be58-1fc66fe9909b,010202-20140225163314Th,0.0
2b8f5afd-7016-492c-a5fa-2a36f42f9a04,010202-20140225163314Th,0.0
fefe6159-7d04-4241-b1c6-34675588d371,010201-20140225163314Th,0.0
e21ff10b-4898-44a5-964d-24673752a645,010201-20140225163314Th,0.0
65f60e21-79b3-4a90-a674-60ac2f22db4f,010201-20140225163314Th,0.6847000000000207
add62d38-3975-4d33-8417-692b475b0673,010201-20140225163314Th,0.0
5cd0f887-e7e8-4fff-ae3c-f8d25d3fb3c1,010201-20140225163314Th,0.0
1036894c-3659-4353-8cfe-8fddfc353e32,010201-20140225163314Th,0.0
149c7e55-9997-4a44-8556-b9eb163726df,010201-20140225163314Th,0.0
a9b22fe3-a8bf-40bc-b7f0-a6c2fbf71e57,010201-20140225163314Th,0.0
93082471-d8f3-4b77-bc73-9219dd9b62d9,010201-20140225163314Th,0.0
c0f037c9-1a5d-4d75-9785-fe37557d8853,010201-20140225163314Th,0.0
c5c7b28b-6da4-4fc9-94e8-1a964d5977d8,010201-20140225163314Th,0.0
ba0599f2-36fc-4e06-9825-a84570670af5,010201-20140225163314Th,0.0
4d1ece1f-5054-4cf5-935b-be2140c3f46f,010202-20141004075414Th,0.0
109e1567-b3f0-49f9-a96c-06c665ddceaa,010202-20141004075414Th,0.0
0effee84-cbb7-4172-861b-37f9c6ad4702,010202-20141004075414Th,0.0
a9359e40-0418-493e-b0f1-d2e0d7356c5a,010202-20141004075414Th,0.0
a936262d-52a3-476f-aae3-d0b367e9fbff,010202-20141004075414Th,0.0
90d195cd-bf8b-4e08-be5f-52e3ddabeefc,010202-20141004075414Th,0.0
5bb587d2-b09e-458e-979e-d12431f6c484,010202-20141004075414Th,0.0
c0703834-e621-4e52-9f5b-6e9ac2a73aef,010202-20141004075414Th,0.0
88d5bb41-25a2-420f-a7fd-ae626ee6b7b1,010202-20141004075414Th,0.0
cdce510a-3fac-4a5e-9cdb-f9655cf5eae1,010203-20141004075414Th,0.0
f71cddbe-1187-4611-b542-d2a209e6ff6a,010203-20141004075414Th,0.0
e45e984e-d9df-4447-8afe-3842bfef8351,010203-20141004075414Th,0.0
b06cb83a-347d-4ef1-a644-c9c454bad77c,010203-20141004075414Th,0.0
937e28ae-7c10-42a2-833c-bda7741d2ccf,010203-20141004075414Th,0.0
d9053571-777c-4a20-b9a4-84024f6d757f,010203-20141004075414Th,0.0
db3edc3c-a7c9-4d95-a6fa-d178897ef331,010203-20141004075414Th,0.0
02555654-ef1f-45fa-a05a-8bc2940bda9f,010203-20141004075414Th,0.0
4d6f8bd8-4c98-4d03-9107-45638a9ea731,010203-20141004075414Th,0.0
0e24d1ed-2843-4fc4-bd86-5d435c62c338,010203-20141004075414Th,0.0
f357f3f2-8474-4575-bd34-dd125ac9dba8,010203-20141004075414Th,0.0
ad397686-8a97-4fb2-bfd0-a15ed0568d7f,010203-20141004075414Th,0.0
678691fd-1a42-4ac1-b61f-d65b8571896c,010203-20141004075414Th,0.0
ac62894a-b899-4989-a41c-dc6158888370,010203-20141004075414Th,0.0
d46d13ad-4a2b-4c3a-a556-0061f71b0dfa,040302-20210331231510Mh,0.0
d02f81a7-51cf-4408-b750-7b71255bf37a,040301-20210331231510Mh,0.0
f5e6494d-3903-4395-a5df-4d4c034aeabc,040301-20111201063154Uh,0.0
7d7e8c39-7c63-43f8-8808-73157e9db74f,040301-20111201063154Uh,0.0
373a347c-e8bf-4920-a33b-a178e1b4d6d8,040301-20111201063154Uh,0.0
228abe9a-f6c3-4dfa-8559-2c5ce2f6995f,040301-20111201063154Uh,0.0
def65ba8-83b9-4e40-b2f2-50c7d8b024ca,040301-20111201063154Uh,0.0
c2428344-a05b-4003-b5f9-d49b68e3ea6d,040301-20111201063154Uh,0.0
f21e8f4a-9cdc-4276-b146-3a8228632edd,040301-20111201063154Uh,0.0
88ba887a-6e93-441d-a952-eef1711b27aa,040301-20111201063154Uh,0.0
8eb86ed4-8c9a-4fe4-b9b6-2e566557d5b9,040301-20111201063154Uh,0.0
9b111ac7-6026-4acd-8251-dd521a015f2d,010201-20120917142654Bh,0.0
54e0c859-6e19-4a26-b268-1432851a724b,010201-20120917142654Bh,0.0
e2abaa3a-938b-45d4-aaf6-c2d148b008a7,010201-20120917142654Bh,0.0
8b52d94d-0cc7-47e5-ab27-5207ac5f962f,010203-20120917142654Bh,0.0
27968938-b7d8-456e-80cb-c007a1ad3d75,010203-20120917142654Bh,0.0
d30787b5-96cf-4980-8192-8f49f067a32a,010203-20120917142654Bh,0.0
670b21f3-0294-41ae-8692-b5de4b6a4a1f,010202-20120917142654Bh,0.0
579f7eb7-bcba-408d-b048-aa8008a850e5,010202-20120917142654Bh,0.0
05bb2ee4-09c9-477f-af7d-cf9c82338da8,030403-20140723071614Th,0.0
0b537424-fc18-4b93-8aa5-4836cba629eb,030403-20140723071614Th,0.0
0c8cbe19-3484-4631-b4c8-227165b09c4f,030403-20140723071614Th,0.0
1bff3311-007a-4bd3-8576-f250bfab306c,030403-20140723071614Th,0.0
5a707aa3-8080-4bba-a9d1-2e6e6562301a,030403-20140723071614Th,0.0
8b1e8651-107e-4c9a-b568-e53423486871,020403-20160628152654Bh,0.0
07be22cc-5e50-4ec5-9be1-e460617d92a6,020403-20160628152654Bh,0.0
f739703f-b098-40b3-88aa-95ce5a3cdbd9,020403-20160628152654Bh,0.0
c3c25ab2-0a0e-4944-9151-18fa1dd797c9,020403-20160628152654Bh,0.0
235d537f-bcea-4a82-9a62-b38a6ee79ed9,020403-20160628152654Bh,0.0
daf17e52-d345-47b2-ac37-b669a21ee356,020403-20160628152654Bh,0.0
98cdb733-0bb2-43e6-9890-31ae09a1eb6b,020401-20160628152654Bh,0.0
d97819dd-5056-4313-adb3-c7ee6bee2e3d,020401-20160628152654Bh,0.0
d8fc9395-9df6-44b5-97cd-a132fc67380c,020401-20160628152654Bh,0.0
935da006-5e3c-45c8-834d-ea51e012a771,020401-20160628152654Bh,0.0
4b7126df-63d1-4bb5-8960-bfdcbc0b4459,050103-20130305112734Ch,0.0
df2e60ba-c2fb-455d-a7a4-4391695f887d,050103-20130305112734Ch,0.0
d8cf0802-8018-4ee3-9c7d-7793f6101744,050103-20130305112734Ch,0.0
5c50e645-f021-4d70-88a5-cb3621d3c375,050103-20130305112734Ch,0.0
cd146d92-3786-48bf-acbb-efb6db4ac9ef,050103-20130305112734Ch,0.0
8757d192-c2cc-4ad7-8014-e7adfb33800e,050103-20130305112734Ch,0.0
5d1c9367-0760-47b6-a5e1-39016916f040,050103-20130305112734Ch,0.0
3964eb8d-72ce-4315-a891-c59fdd37a078,050103-20130305112734Ch,0.0
fdd89845-3380-4274-b4b8-fd91b431e4de,050101-20130305112734Ch,0.0
a181621c-88fe-41cb-8586-783ac7da7dba,050101-20130305112734Ch,0.0
7829d5c2-dca6-4428-97e8-1e940ba160eb,050101-20130305112734Ch,0.0
9004caeb-1719-4c36-a209-8b6ce517c816,050101-20130305112734Ch,0.0
67df8bc5-29b9-48e6-89bf-e7316cddffe5,050101-20130305112734Ch,0.0
c543e259-1c7b-4118-a958-1103bbaf10b8,050101-20130305112734Ch,0.0
0b00099c-a6ec-4c45-b86d-2d05977419c3,050101-20130305112734Ch,0.0
e63a2c33-8309-4b34-ad9b-efa05d73882f,050102-20130305112734Ch,0.0
4fed10f6-ddd6-4406-a514-f3f916ac71de,050102-20130305112734Ch,0.0
9c865800-1fa2-4f88-baf2-224136bf150d,050102-20130305112734Ch,0.0
2691e7e0-293f-4a07-a7b7-f7b7b5c21e5d,050102-20130305112734Ch,0.0
7b0dc9a2-0168-49ac-aeae-084fd9ce70ce,050102-20130305112734Ch,0.0
4d6bc61d-ad4a-44d2-b909-5029e1cf267a,050102-20130305112734Ch,0.0
f89c9e26-2057-44c8-978a-8a60e2def87e,050102-20130305112734Ch,0.0
279b534e-cd8f-492c-b30e-b8589d04f5d9,050102-20130305112734Ch,0.0
d495869c-be0d-437d-98eb-d9a8fe72b5f4,050102-20130305112734Ch,0.0
1b24030f-b99b-49e3-9de3-dfab478556d5,050101-20150216171714Mh,0.0
1e48fecf-03f0-4ad7-84d0-999f1bea0b8f,050101-20150216171714Mh,0.0
4c54cc2b-a592-4cad-bc66-b4a485ddf6bb,050101-20150216171714Mh,0.0
d6ce82a4-9cc6-46a3-9531-a35206e8ea50,050101-20150216171714Mh,0.0
6997aa01-923b-49ae-93a0-21d0b76d0d2a,050101-20150216171714Mh,0.0
35c64952-0f0f-4995-a6e3-cf2f8b4f2269,050101-20150216171714Mh,0.0
1921b823-5dfd-4e94-b4df-d5d4e5b7e2af,050101-20150216171714Mh,0.0
2a396231-888c-4f80-86da-98ed9ec161b1,050101-20150216171714Mh,0.0
fd68f9d4-eba4-46b7-b00d-4c72a9369a12,050103-20150216171714Mh,0.0
1a1dd815-35bf-408f-86eb-ff4702963f13,050103-20150216171714Mh,0.0
a515df1f-5cb5-412b-bc5a-f4477789fa05,050103-20150216171714Mh,0.0
a4d65af8-a7bf-4042-9eb9-e742021fea50,050103-20150216171714Mh,0.0
1e86a119-5fc0-473e-8942-459112fc8843,050103-20150216171714Mh,0.0
9091ab18-20b1-40de-b207-0eb2997b187c,050103-20150216171714Mh,0.0
384680c1-af04-4b0a-b87d-33d568d51eb3,050103-20150216171714Mh,0.0
0136d6b6-fa67-425e-bfca-d56eb40629bc,050103-20150216171714Mh,0.0
7896cfc0-de4b-474c-99a9-4f5425c6693c,050102-20150216171714Mh,0.0
34699b47-dee7-4187-be22-9027f4f660d9,050102-20150216171714Mh,0.0
4e9aab76-4ed9-4ab0-93b4-b7062a8c4d74,050102-20150216171714Mh,0.0
d5697fab-01f6-4429-bb43-fb2d737b341f,050102-20150216171714Mh,0.0
8ded6882-1501-4123-beef-35cb70b9aaba,050102-20150216171714Mh,0.0
0986db7c-cb8f-4b02-a2c8-40e65ad69b9f,050102-20150216171714Mh,0.0
28645c71-9e4d-49f2-9840-2a552a7b3142,050102-20150216171714Mh,0.0
00389098-e58d-4eaf-9c3b-84163ac98471,010403-20160225173314Mh,0.0
4937bc1a-25c3-46b3-8699-5fc630ca48e5,010403-20160225173314Mh,0.0
a2097123-94f5-4a93-9c7a-69251278d861,010403-20160225173314Mh,0.0
de3eee78-bd80-4c8a-8881-b993e892aa24,010401-20160225173314Mh,0.0
a00c0d6c-03f7-481e-ba2a-dbffc1ca9c73,010401-20160225173314Mh,0.0
99357ab9-9194-4991-ae88-9400b6e5bd4a,010401-20160225173314Mh,0.0
8a12d227-5027-4370-b991-e8142a6ca99e,010401-20160225173314Mh,0.0
b2549344-5760-40c1-b241-d7b9558dbe6d,010401-20160225173314Mh,0.0
e5ed906d-453b-422a-a85d-39e3c4be333d,010402-20160225173314Mh,0.0
a4756fa7-44fd-478e-8383-a1417d5d2c61,010402-20160225173314Mh,0.0
cee0a35b-464b-4642-ac18-988f165886fe,010402-20160225173314Mh,0.0
eaf3bbd0-d848-40aa-9fc6-937f2aac7ecb,010402-20160225173314Mh,0.0
d6876a40-3c0e-4da3-8076-363b351739ca,010402-20160225173314Mh,0.0
4be048a8-54d5-43e2-b3c2-104d6bde5ea4,010402-20160225173314Mh,0.0
5076df9e-1177-4a67-bdc5-19306bfb0361,010402-20160225173314Mh,0.0
fc3af1c5-a558-45e5-811a-53e61cf18261,010402-20160225173314Mh,0.0
e98ed775-d10c-400d-85f4-506c3eb8ba63,020101-20160201025254Uh,0.0
eb71b37a-1209-4c56-8e27-ca958a3b2b8e,020101-20160201025254Uh,0.0
0ecdc8e9-86d9-4dd4-8903-77e11b5ce2b5,020101-20160201025254Uh,0.0
fab7b062-250e-4e9a-8c9e-2d74a46863e8,020101-20160201025254Uh,0.0
de2b8686-d913-4c9d-8fb8-1ec6461e4453,020101-20160201025254Uh,0.0
87305a88-96eb-421f-8096-e81526b8dff2,020101-20160201025254Uh,0.0
0c3747e5-f35e-43e7-8b80-0b1cf03851d1,020101-20160201025254Uh,0.0
4abd31dd-9797-4abe-acf3-d786c40889cd,020101-20160201025254Uh,0.0
711228c2-c891-4a14-80c4-707147c26d63,020101-20160201025254Uh,0.0
7847cb10-6112-4a0c-8598-9989d716470e,020101-20160201025254Uh,0.0
13b4a2e0-930b-4b56-978b-7574702f1f7a,020101-20160201025254Uh,0.0
7fec1bf8-0bfd-4bbd-979e-3e0202e83a88,020101-20160201025254Uh,0.0
6e3be095-1bf5-48fe-bd58-570b709bc097,020101-20160201025254Uh,0.0
8ef02530-18d5-4722-9cb6-98680fee747f,020401-20120318063154Uh,0.0
f3cbec37-6926-4263-af59-2d81f735b7b7,020401-20120318063154Uh,0.0
374dcab7-6786-4217-9ab3-a16cb33c5a15,020401-20120318063154Uh,0.0
fb312684-3e1f-478e-b2c8-648b68875d5c,020401-20120318063154Uh,0.0
9ddbc25f-5c43-4138-be1f-33b03c88f0a9,020401-20120318063154Uh,0.0
48b71e89-d1c6-4fac-a092-ee171876f92e,020401-20120318063154Uh,0.0
362985a9-6b8f-4277-a584-fc672f4c8920,020401-20120318063154Uh,0.0
23ad4e89-9ad8-4765-a44f-c73c4aff279b,020403-20120318063154Uh,0.0
dac6fd28-8398-49f7-a6a3-13515097b02c,020403-20120318063154Uh,0.0
4005764a-a592-4456-ac72-3f1defcf9f49,020403-20120318063154Uh,0.0
70e13bbb-d1bf-409a-94b0-1ddab2c5b1e2,020403-20120318063154Uh,0.0
37d40723-dd6c-45ce-a388-86a3f0091d95,020403-20120318063154Uh,0.0
8c22ffab-c9d3-4c03-8c31-810a7a544468,020403-20120318063154Uh,0.0
51be3212-7017-4750-8427-0fd4e956ae69,020403-20120318063154Uh,0.0
45c5317f-bb0f-469e-80a5-189616f0fa1f,010102-20161129022454Uh,0.0
4e79f7a9-9591-4fae-9c35-30f907eaec3b,010102-20161129022454Uh,0.0
ae346e35-06cf-4080-ba7b-40cd0b1993a6,010102-20161129022454Uh,0.0
a370f5e3-66fe-4c2e-9736-69e214e79866,010102-20161129022454Uh,0.0
79878536-7875-4010-ba73-4cc33e5c0985,010102-20161129022454Uh,0.0
ae1be60d-01fe-4934-9402-8fbb05dcb28d,010102-20161129022454Uh,0.0
67bc76cf-306d-482c-ba4e-dd07777e9ea8,010102-20161129022454Uh,0.0
d35634b1-9d88-437f-8dfd-e7c35439a1f6,010102-20161129022454Uh,0.0
cdce1416-a3e9-4c8e-8a2d-834f79f19bfb,010102-20161129022454Uh,0.0
8cb06e34-37b5-48aa-819a-a4f27d39bdb1,010102-20161129022454Uh,0.0
f2603385-c226-4672-8244-8ea7fac5feb4,010101-20161129022454Uh,0.0
f8099362-00ee-4c68-a540-4073528cd01d,010101-20161129022454Uh,0.0
2c552f1c-641c-4891-9642-c445ac95f3e1,010101-20161129022454Uh,0.0
f8f26515-8aa2-4c7e-afbf-33149d38528b,010101-20161129022454Uh,0.0
067269ac-08b5-4aa7-ac4d-39f504dfbe31,010101-20161129022454Uh,0.0
8cc8b7fa-c00c-4da1-8f34-a17f73cb6d45,010101-20161129022454Uh,0.0
56064e24-4ad3-481a-a6df-e861a15bb26d,010101-20161129022454Uh,0.0
bec78697-8ff8-44a9-ad84-c839ebdb6d06,010101-20161129022454Uh,0.0
42cf0392-5f19-49bc-9318-f56d6d522f5c,010101-20161129022454Uh,0.0
6ea2e9ff-7c09-4be1-8462-d6beb17a5ed1,010101-20161129022454Uh,0.0
e5636c69-5d91-4212-ac08-ae68d97dae6f,050303-20121208171514Mh,0.0
38eb1188-30e0-4ad8-a8e6-2f4b8634134e,050303-20121208171514Mh,0.0
6b14c63a-21e6-4915-9410-6dc3c3344385,050303-20121208171514Mh,0.0
e4636262-3d87-48b6-aa5f-fc3d0c505f5f,050303-20121208171514Mh,0.0
9d72e222-36d6-46af-ad8d-25bef0ebc56d,050303-20121208171514Mh,0.0
ba159b74-d428-4648-84c6-7b611bee3bbe,050303-20121208171514Mh,0.0
fda2645c-5d9e-47c3-b3ca-03129cea78a4,050303-20121208171514Mh,0.0
ee94b8f2-03a5-4e69-86f0-f9f0d0ccfa20,050303-20121208171514Mh,0.0
ac2f4edd-f34e-414f-a749-ad02b9c1f45b,050303-20121208171514Mh,0.0
a2a1921f-18bd-4397-8324-c9de5616665b,050303-20121208171514Mh,0.0
a936cae7-0104-43aa-918c-a69e42601cb2,050303-20121208171514Mh,0.0
455d8909-b6b6-4142-a485-606af3f09542,050303-20121208171514Mh,0.0
087e996a-f912-44a1-9bae-c3d664c2a25c,050303-20121208171514Mh,0.0
0c3451a2-13ca-46ec-8890-f6f9c39ff814,050303-20121208171514Mh,0.0
e8076697-63a8-4ee9-b25c-2703e5427b93,050303-20121208171514Mh,0.0
a624a975-ca80-430f-9bab-d440daeeb18d,050303-20121208171514Mh,0.0
1c98f2e0-0bd4-47e2-9bf5-e2bd38738f62,050303-20121208171514Mh,0.0
ae2d5885-eb97-4f63-b1c0-304218fce65d,010203-20170106133714Th,0.0
c439109f-a65a-45f1-9d89-641215b32c4f,040201-20130705161714Mh,0.0
a00a6471-0593-4650-8904-63f09fc386cd,040201-20130705161714Mh,0.0
2767731a-f4e3-404d-8f63-a9ae73c40007,040201-20130705161714Mh,0.0
4cfd8c17-8e45-4897-bf79-2c7dc02688ec,040201-20130705161714Mh,0.0
add076ec-77cf-40d1-8790-461994b93296,040201-20130705161714Mh,0.0
91242cd9-4818-4247-93db-a86c2fdec8a5,040201-20130705161714Mh,0.0
f7667f3c-8548-49a3-9da3-fe815c798d87,040201-20130705161714Mh,0.0
ef9f2e04-75ae-4a7d-9b77-74e66afe27a7,040201-20130705161714Mh,0.0
57b49bb0-6899-41ff-ac8e-02d351a81312,040201-20130705161714Mh,0.0
36a609b1-93fa-48ee-ad46-27c60ecedd7b,040201-20130705161714Mh,0.0
30a94c38-6749-4f13-b07a-bc067e4dd143,060102-20130222082914Th,0.0
a26fad63-47fb-404f-ad38-edbb153ddf80,060102-20130222082914Th,0.0
826c45fa-d1c3-429d-a77e-adeffe3bcea5,060102-20130222082914Th,0.0
34b5361c-07a8-41f0-b88c-4cd93a632297,060102-20130222082914Th,0.0
c14d3738-625f-45b4-b9a1-c4b1feaca8ec,060102-20130222082914Th,0.0
b6352c61-4d9e-4e2c-9a51-c30180a46d5a,060102-20130222082914Th,0.0
f35676b3-ecb5-4c8c-a142-ae221c9de9b9,060102-20130222082914Th,0.0
6ba775c7-747c-47aa-b5e9-0175fc8e8e45,060102-20130222082914Th,0.0
1a934e7b-3c55-43f8-9bd1-86619010eac5,060102-20130222082914Th,0.0
a022ab1c-1f76-43fe-ae96-52b0120fad6c,060102-20130222082914Th,0.0
d698c29c-7b1b-4274-b88c-2430228b6578,040401-20150629161614Mh,0.0
aaa812ab-a61a-4b37-bdef-6f900bd8b18d,040401-20150629161614Mh,0.0
32635c7a-80e6-4a97-adb4-e3a77b36cfcf,040401-20150629161614Mh,0.0
cda40ee6-1347-45f0-b813-3a64baf2586f,040401-20150629161614Mh,0.0
f1a14983-9830-44cb-8b53-b37a3b3c98c2,040401-20150629161614Mh,0.0
cc7161c4-eb4f-4c9a-b403-8d656d968cc1,040401-20150629161614Mh,0.0
0db1084e-1188-4e35-b944-9f98b994ac0c,040401-20150629161614Mh,0.0
35affefa-637d-4dfd-be57-91cbb948461a,040401-20150629161614Mh,0.0
dd515473-8a09-4918-aacb-ee13d3128bce,040401-20150629161614Mh,0.0
641ef1a0-69d4-4cde-8da5-a3d36cfe2360,060403-20160925165814Mh,0.0
0571b932-bc2e-418d-a229-2cc3d119c079,060403-20160925165814Mh,0.0
2dd9963c-875c-441e-933e-9ec3b79da5d1,060403-20160925165814Mh,0.0
d725dd7d-a9e2-4958-8f74-afa57ee563b8,060403-20160925165814Mh,0.0
7e42039c-3552-4c4c-9ec1-30bbaf6120d8,060403-20160925165814Mh,0.0
e7d880d3-cba0-4ac5-94a7-0c8229cb63f9,060403-20160925165814Mh,0.0
91014b54-4112-4b7e-ba3a-30ff11bb8334,060403-20160925165814Mh,0.0
e63f2983-77f4-48d8-a236-21c9f8d6b204,060403-20160925165814Mh,0.0
9bd445f7-50bc-4bda-b8a0-6d3ed76d6606,060403-20160925165814Mh,0.0
f64067a4-7211-4c40-9fbc-083d63f68291,060403-20160925165814Mh,0.0
39381e03-c744-47d3-bffd-864ef0184fd8,060403-20160925165814Mh,0.0
8b42684f-2ea9-4919-aff1-5c6fb1ebfc89,010102-20131128192214Mh,0.0
f675e00b-9cef-4933-8b98-9a223da4288b,010102-20131128192214Mh,0.0
e3e366c8-12b0-4a91-8aa9-db23ff00c2bd,010102-20131128192214Mh,0.0
6975959c-2aa8-4191-9bc9-020d6a6a4ff8,010102-20131128192214Mh,0.0
d83ececc-3ef3-49af-b7f0-e5efdbcd897c,010102-20131128192214Mh,0.0
50572478-f644-42e5-961a-10c032586a96,010102-20131128192214Mh,0.0
d758aff7-d090-46fe-a94e-551918b0037e,010102-20131128192214Mh,0.0
2052feda-0c6f-4ee5-b091-511a93a2ea11,010102-20131128192214Mh,0.0
46ec4bea-ed02-4ba7-a42e-e2e8df59935a,010102-20131128192214Mh,0.0
b10e9805-f504-46dc-8f99-4ab31eb72324,010101-20131128192214Mh,0.0
edc8941b-561d-4e61-982b-326e73142172,010101-20131128192214Mh,0.0
c7595391-1630-4501-8fdc-57699e854354,010101-20131128192214Mh,0.0
1396691d-0380-4232-b033-c17fcaf00853,010101-20131128192214Mh,0.0
b7d25128-17a5-4a3d-8f07-0700d8af90c1,010101-20131128192214Mh,0.0
4dd19ee0-7094-4169-a42b-acd77909392f,010101-20131128192214Mh,0.0
a3e22138-2359-47af-ab04-c999ec0f2efe,010101-20131128192214Mh,0.0
903494c3-120d-4cc3-abcd-3f49f5826a61,010101-20131128192214Mh,0.0
ca31b9e2-6155-4f6c-b224-60a6c17b7fe8,010101-20131128192214Mh,0.0
69889fe2-2ccf-4369-9c7d-f36d547c23f9,010101-20131128192214Mh,0.0
5babb8b7-7f66-48b2-916e-6850e534ea15,010402-20180306081810Th,0.0
43f00358-bb14-42f3-8f03-ab8768b69806,010402-20180306081810Th,0.0
2ec879b7-31d0-4e1a-af04-8678f3389832,010401-20180306081810Th,0.0
d3d1f48d-1b48-4ceb-b49e-1004964f73cc,010401-20180306081810Th,0.0
d06e5383-659f-4838-b214-e17e4524b740,010401-20180306081810Th,0.0
3856bcc6-56bf-4ab1-b4ee-f600319f77db,010401-20180306081810Th,0.0
416e412d-52b9-4c25-ae0e-74ad4198e973,010403-20180306081810Th,0.0
ddc786c1-36cf-4608-b957-65f95045bb27,010403-20180306081810Th,0.0
96af0bcd-9715-491c-aa89-66a2b114960d,010403-20180306081810Th,0.0
f2859eaa-f3a9-4849-9226-0401e5798cf7,040102-20110824141054Bh,0.0
30c96e3a-3837-4d62-acf9-5a5d9e6dde5e,040102-20110824141054Bh,0.0
bbd3d4d5-ef98-4dee-8824-6f0ad916aba9,040102-20110824141054Bh,0.0
7ae86579-a59e-4453-90d9-983e2d49f498,040102-20110824141054Bh,0.0
a1c376a5-b287-4b23-be7a-7dc6a266510e,040102-20110824141054Bh,0.0
4f0a466a-ae37-47ca-9eca-0a5d823beda2,010101-20180309000910Mh,0.0
aa0b7685-7a85-4771-a857-610fb2e677c9,010103-20180309000910Mh,0.0
507d1dd3-32cd-44ab-87ae-b641fcb1bbd6,010201-20110724164614Mh,0.0
de922ac1-79d3-429a-a4dd-f2385295d370,010201-20110724164614Mh,0.0
a39fd329-c236-40d0-94d8-8b21c53bc9a8,010201-20110724164614Mh,0.0
530c0aa2-3b71-434d-ad7a-083bba46178d,010201-20110724164614Mh,0.0
43a9158a-f000-457f-9510-3e27f636fe0c,010201-20110724164614Mh,0.0
ec3e49b3-a44a-453b-915c-d892395826c1,010201-20110724164614Mh,0.0
e94c6a23-d645-401e-a490-6113c92880f5,010201-20110724164614Mh,0.0
c05e6f1a-6a26-4114-87dc-6a784bfe4693,010201-20110724164614Mh,0.0
049fb782-f1a3-471c-9e93-61d511dcdcfd,010201-20110724164614Mh,0.0
16e5528b-257a-493e-a88e-06bb55b993a9,030101-20110902073614Th,0.0
976df225-fc83-469d-a5ab-cefb661cb689,030101-20110902073614Th,0.0
26a8dba8-6fe7-498b-8071-5443f0572f77,030101-20110902073614Th,0.0
54ab8035-b8a9-43c0-910d-b08779fecfd5,030101-20110902073614Th,0.0
dde9c78c-f38f-4d57-a774-17712cf7f97e,030101-20110902073614Th,0.0
1f836a3a-9f1a-4575-b7cc-87d8086d848d,030101-20110902073614Th,0.0
546b63e6-1f23-48bd-a42c-8149cf2a490e,030101-20110902073614Th,0.0
516c655c-c83d-4247-86db-941386d1df95,030101-20110902073614Th,0.0
924a284e-3556-4075-aa8b-06c07e996da1,030101-20110902073614Th,0.0
79e753d6-ef9b-4bf3-ba7b-d170540e0fa8,010102-20110203082634Lh,1.2590999999999894
1cc98b96-3a10-4f4f-83fd-0baf6a947f7b,010101-20110203082634Lh,0.0
7f5140ad-0208-43b0-8f49-cae8f820a210,010101-20110203082634Lh,0.0
96550e12-e149-49ac-9359-7c47a0ebd152,010101-20110203082634Lh,0.0
630f3aeb-4d9e-4ec0-ba1a-bd193c62b495,010101-20110203082634Lh,0.0
e84b1b65-94c8-4196-b264-6ca621166bc5,010101-20110203082634Lh,0.0
8a079b9f-71a5-4ef2-be2e-6580f1e68b5a,010103-20110203082634Lh,0.0
b9dd9e84-ad1a-4164-b015-445de0574cc3,010103-20110203082634Lh,0.0
18a2661a-f051-4d68-b0d4-e5abed0ee24c,030101-20210815140550Bh,0.0
d0b42085-ea4c-49f2-94bc-938b7bda2dda,030101-20210815140550Bh,0.0
281d0a45-0e88-4b76-98a9-7f97bb859e6d,030101-20210815140550Bh,0.0
06f3b7f2-6d7c-4cca-9631-fda652ed4c5c,030101-20210815140550Bh,0.0
90742d9d-6734-4d8a-96e9-0938c28ea341,030101-20210815140550Bh,0.0
89f137c5-c270-481b-ae89-7262f0ec1dac,030101-20210815140550Bh,0.0
42e9c954-d4be-4ada-bc1e-096dc72e838b,040301-20161012133734Ch,0.0
cec9c997-57b8-4408-96a0-9aef55e97ce1,040301-20161012133734Ch,0.0
867b1432-23d0-4104-985c-af6a23f12684,040301-20161012133734Ch,0.0
fe481bee-789a-4965-a168-6c10b51ce5c6,040301-20161012133734Ch,0.0
b1bd786b-ffb7-4c03-88ca-02c9d3aeb51c,010203-20130208063154Uh,0.0
45b2d050-38b5-4fe6-b83d-ecad49de9121,010203-20130208063154Uh,0.0
cb87ffe9-f58b-4373-9a21-13f7e62edd81,010203-20130208063154Uh,0.0
76bdfca2-8795-4823-bcd2-93b033cea0f5,010203-20130208063154Uh,0.0
a8a93a00-272b-44a4-8d84-3524d6c2e9cf,010203-20130208063154Uh,0.0
2517618c-2da7-47c5-b60b-fe54baa2368f,010203-20130208063154Uh,0.0
24cfd064-52b9-43e5-918a-8e57445ca938,010203-20130208063154Uh,0.0
b94ba239-3e08-409d-b920-8c8cbb30ce2d,010203-20130208063154Uh,0.0
502a142b-babd-4bb7-8c11-b2b8a00eb22c,010203-20130208063154Uh,0.0
9356450f-e3bb-4c97-80e6-cf4779a02295,050303-20151209201754Bh,0.0
275f4386-949b-4e8b-86d4-0fdc87215933,050303-20151209201754Bh,0.0
1969450a-1851-4286-ab37-7d3dbbdfea53,050303-20151209201754Bh,0.0
bf742dc5-d0f1-4469-b087-44a9c7ef3038,050303-20151209201754Bh,0.0
43ff0c0f-bb2f-4a95-ba1f-3e5b1e1bf32b,050303-20151209201754Bh,0.0
11caf9df-1b84-40cd-b685-011d80778776,050303-20151209201754Bh,0.0
5aab5fb0-8edd-42d5-a7f5-3d6ec58628b8,050303-20151209201754Bh,0.0
806e0dee-6cec-48f1-bea1-d778e781c5f0,050303-20151209201754Bh,0.0
ac6d88dc-cba4-4850-bb1d-1eea73a4c2af,050303-20151209201754Bh,0.0
a50f5039-fa6d-422f-8d89-5d405164d821,050303-20151209201754Bh,0.0
f7a2b03f-9ca3-41c7-853c-d8c93008b959,050303-20151209201754Bh,0.0
408692b3-7f4f-4b83-afde-ef160e3970c4,050303-20151209201754Bh,0.0
a3e5dc2a-2ad1-43fd-b9a8-6520bf1a503a,050202-20160326143654Bh,0.0
7790bbc6-8a51-4134-945d-b7d1380fbeaa,050202-20160326143654Bh,0.0
97da8787-bb68-4363-a370-2e92aa873a6d,050202-20160326143654Bh,0.0
87e16ece-947d-4cbe-b122-dc5897b15ae3,050202-20160326143654Bh,0.0
f6f9ba4a-9bcf-4d6d-85e0-8c59d612698b,050202-20160326143654Bh,0.0
8c180705-7453-429b-adcb-e06edab84143,050202-20160326143654Bh,0.0
a52d85ff-304d-4fb4-a694-dfefdac45fe6,020401-20110324082614Th,0.0
bb42549c-efa3-44ae-bfdc-3ebf717aa43b,020401-20110324082614Th,0.0
bfe312c3-65da-4c12-afe1-c7e9d8c556bf,020401-20110324082614Th,0.0
4fcdc8fc-bbbf-4b0c-b4db-d85643183078,020401-20110324082614Th,0.0
49de2f66-c6be-484b-b2ad-479f35296bbe,020403-20110324082614Th,0.0
bfc0e6c9-f363-4573-916c-dba165a5dbf4,020403-20110324082614Th,0.0
1eb1450a-9230-441c-b21d-4acccd8b8ae2,050101-20131225065154Uh,0.0
d403b32b-e4a2-40be-b3f5-92ca93ecf0b6,050101-20131225065154Uh,0.0
4f57f6c6-2ed2-47b0-8609-12f7b0d6b296,050101-20131225065154Uh,0.0
d60a1fdb-457a-4070-8a73-04421577769d,050101-20131225065154Uh,0.0
87550b23-18e0-4ce0-a7e4-a070d3b7e6cc,050101-20131225065154Uh,0.0
bdb7f8a7-3e28-40c2-ad9c-0af6979a7db9,050101-20131225065154Uh,0.0
e0988757-e329-44b8-855f-6aa585d62f1e,050101-20131225065154Uh,0.0
da721925-326e-4ad5-8cf5-b071a75a6ccc,050101-20131225065154Uh,0.0
e996521d-36c8-4ae6-b918-d6741f09ef8c,050103-20131225065154Uh,0.0
e10f31a7-c3e8-49e3-a8ef-063ac3083abb,050103-20131225065154Uh,0.0
d59f21e1-76b2-4164-8d1e-3adb1265a697,050103-20131225065154Uh,0.0
ca74f9a4-c372-44b7-a34d-269dcc954df6,050103-20131225065154Uh,0.0
00cf7727-3861-4c00-8543-f1b1a10b0442,050103-20131225065154Uh,0.0
69c5a949-a705-4bcf-970c-1a11407e83ed,050103-20131225065154Uh,0.0
91548b4c-33a1-4f1f-b510-0a58ca463297,050102-20131225065154Uh,0.0
c24e1919-9304-4744-962b-2eeb86e14558,050102-20131225065154Uh,0.0
58ad1606-aefc-4400-8202-362441bd395b,050102-20131225065154Uh,0.0
fc8e86bf-d7b9-488a-a975-1f65c4a305e9,050102-20131225065154Uh,0.0
fb53931a-1ec6-4893-8a38-016cc1d6754e,050102-20131225065154Uh,0.0
e9a9778c-6d16-4356-b8f6-7809a541632c,050102-20131225065154Uh,0.0
1d8b3539-9355-4ba3-a3e9-7a64cd66c92d,010302-20170831170750Bh,0.0
5407a7c1-a36b-40c5-a452-a4a9fdce6de7,010302-20170831170750Bh,0.0
1b11c697-260a-4dc1-8934-f4b60e107d31,010302-20170831170750Bh,0.0
2ed401e4-fa19-4d3e-9b94-d9b4109f5694,010303-20170831170750Bh,0.0
fdbd6205-32bb-4007-b120-1e8e5141a6a4,010303-20170831170750Bh,0.0
6651abfb-a02a-48ed-8bfd-edcd68fc354a,010303-20170831170750Bh,0.0
3013b599-bfae-4b01-aa55-e9eda5524040,030101-20130111104734Ch,0.0
b461c5e1-edb2-4398-9ab6-36dffcba7dfe,030101-20130111104734Ch,0.0
c39ade29-4be2-4111-b4ac-618669805701,030101-20130111104734Ch,0.0
14d8714a-6a3e-4912-adc1-1b992cbdfdc1,030101-20130111104734Ch,0.0
88eadc0f-618e-498e-81ea-8b20211329f0,030101-20130111104734Ch,0.0
0b96338b-23b2-4164-9363-06d801b5dace,030101-20130111104734Ch,0.0
02c6d694-29b3-4952-8832-41d4156e6ca0,030101-20130111104734Ch,0.0
a2411ff2-188d-4d29-b529-52dc949667e9,030101-20130111104734Ch,0.0
58b83a80-9e82-47e1-bde9-a1936c91d10a,030101-20130111104734Ch,0.0
3136889b-8aae-43b6-affe-662bb7c34fb9,030101-20130111104734Ch,0.0
bcdf3b6e-e607-4c4c-87e0-607d0e34e645,030101-20130111104734Ch,0.0
a4072832-92cd-43e9-9fb7-4e7ae79ae3c6,030101-20130111104734Ch,0.0
6aee00db-95fb-4e54-94c1-6db4075faff2,030101-20130111104734Ch,0.0
3279c9eb-21b3-4783-aaae-dd685e929a5f,030101-20130111104734Ch,0.0
c5f38723-5442-4df8-946a-4e80b16b7b1b,030101-20130111104734Ch,0.0
1cdc1bc5-5409-4f87-9209-25615c25c9e7,030101-20130111104734Ch,0.0
4663def8-dfc2-414b-b487-99ececbc78ba,030101-20130111104734Ch,0.0
cbf058ef-115e-4314-87e1-c07b676e0784,010403-20130319144654Bh,0.0
f1a41a27-2d71-4a38-896a-09547f6e796e,010403-20130319144654Bh,0.0
4570eba8-2d2f-4c38-8c50-b9366d9965bd,010403-20130319144654Bh,0.0
6a8a3b7d-abd0-4baa-8be6-4c3481c575b9,010403-20130319144654Bh,0.0
160614d2-d5f1-4a93-9043-f8a42cdbf710,010402-20130319144654Bh,0.0
ac620bd9-c16c-40df-bff2-c70defee20db,010402-20130319144654Bh,0.0
8620b56f-804e-43aa-aa4b-db00faaf2ec6,010402-20130319144654Bh,0.0
c9cf553e-fbe8-4967-8a1d-a1f592d27e98,010402-20130319144654Bh,0.0
3e1ce6ec-6bcf-47e4-9e33-46ebd706720c,010402-20130319144654Bh,0.0
7bfba817-4024-4abe-abb9-a0fbb4dc9469,010402-20130319144654Bh,0.0
0a9c3230-41db-4a0d-a9e0-2dbe3b68e88a,010402-20130319144654Bh,0.0
4f06fa6a-f972-41b5-ad25-15a74acad252,010402-20130319144654Bh,0.0
770b3a02-7c67-474c-a751-846a09d326f2,010401-20130319144654Bh,0.0
d109360d-da3a-413a-9c43-e5c3b8c678ca,010401-20130319144654Bh,0.0
7a57f556-f3c7-4638-ade8-5f66147a2631,010401-20130319144654Bh,0.0
5edf6cea-5189-4fc4-bfd0-a5e4a53ce7da,010401-20130319144654Bh,0.0
1ff1ee5a-68af-4117-86bf-b230708c29ae,010401-20130319144654Bh,0.0
4730b45f-e446-46bf-9240-47e216ae7ca2,010401-20130319144654Bh,0.0
91b2dfbc-c20f-4593-889a-2cbda00fe70d,050202-20120213063134Lh,0.0
f1be6504-5588-401f-9ee6-db9274324146,050202-20120213063134Lh,0.0
bed439a5-e2e0-4c44-b619-0eb7886d85e5,050202-20120213063134Lh,0.0
8baba7b1-2031-4ca2-ade0-42552a2deb41,050202-20120213063134Lh,0.0
5ccf6fbe-dff8-4c5a-9605-ca905daa9d30,050202-20120213063134Lh,0.0
d2eb0104-172f-499c-8332-a212ecbfdde0,050202-20120213063134Lh,0.0
3f40f3d2-b10d-4d35-9e13-d1851ff7391b,050202-20120213063134Lh,0.0
56c95a98-dc3b-4083-bb41-7310a48e4498,050202-20120213063134Lh,0.0
b81157da-65ce-4911-91a7-36f0ef9636aa,050202-20120213063134Lh,0.0
df279d9a-0468-42f7-8b7b-12c5a040e265,050202-20120213063134Lh,0.0
e812e7d1-e171-44ec-82c9-27883f9e1192,050202-20120213063134Lh,0.0
12223bf9-2236-478e-96ca-dc0d76609d9c,010403-20141112195854Bh,0.0
b2bd77d2-bc6b-47d4-a69e-833efb0a4ff4,010403-20141112195854Bh,0.0
a99d3ab7-4153-41e1-a58f-e2ae1136a095,010403-20141112195854Bh,0.0
6dd03be0-52cd-4c91-9bec-35c2e7b3a508,010403-20141112195854Bh,0.0
b3c0cbba-5721-4689-ba6a-2945c75db0b4,010403-20141112195854Bh,0.0
44e4c463-c0ee-44a6-b08a-1ba8a0d93e60,010403-20141112195854Bh,0.0
2e597d94-5240-4ad9-ac4b-e35509ce941d,010403-20141112195854Bh,0.0
f7e9920a-3c09-4e1c-9bd7-d17456781d68,010403-20141112195854Bh,0.0
f03a5f11-8446-4cb0-895b-d6c350c31769,010403-20141112195854Bh,0.0
8c3b6231-d216-4cc4-a851-0c5c2261484d,010403-20141112195854Bh,0.0
a880e21f-33a4-4cb4-b17a-9474473d7831,010403-20141112195854Bh,0.0
5766188d-3699-4ac2-b55b-ef7cb6d0f27d,010403-20141112195854Bh,0.0
4ae22be3-3654-4bfa-ac27-3d3ad8590ef2,010401-20141112195854Bh,0.0
ee019e1a-1585-4872-ac16-a8c7322b1d57,010401-20141112195854Bh,0.0
a90d590c-a8f3-4314-9b6a-03d3ca3a8feb,010401-20141112195854Bh,0.0
c57fe5be-b9f6-4fb6-8ff1-22835e5177be,010401-20141112195854Bh,0.0
53b5680b-2663-4d62-86ee-b121eb4ea1aa,010401-20141112195854Bh,0.0
6bf404d2-e7df-42fc-80d1-a977f47b8365,010401-20141112195854Bh,0.0
2dae55b9-9cb8-45d3-90ca-fc14f64cf890,010401-20141112195854Bh,0.0
71d0e625-4b4f-45d8-9d27-0cca05985ba0,010401-20141112195854Bh,0.0
a6995876-cc89-4019-83ee-16174a359649,010401-20141112195854Bh,0.0
cbf43928-a939-4cc6-9b21-e128fcd67128,010401-20141112195854Bh,0.0
06e39dc3-b7c8-4b5e-ab45-9e56e708413d,010401-20141112195854Bh,0.0
99026008-6a6f-4a3a-80b2-7d21a162fe7c,010401-20141112195854Bh,0.0
8957c3d6-5924-44c7-94ae-55c53d2e13a3,010402-20141112195854Bh,0.0
8b0588aa-ae54-49ec-8d24-0da35a18bbfd,010402-20141112195854Bh,0.0
4608d060-d122-4bb2-ab93-bc25de71e71b,010402-20141112195854Bh,0.0
80ea601c-3332-40b8-a3e5-dcce6cb884f1,010402-20141112195854Bh,0.0
7d85068b-0f71-4730-95bc-ba30d127c23a,010402-20141112195854Bh,0.0
4fb11d68-ecdc-47f4-be8d-8329bf016237,010402-20141112195854Bh,0.0
b383a66b-27be-4662-801b-dbf0574cf7b8,010402-20141112195854Bh,0.0
acac69b1-7acd-4e9d-b46a-792c2fe1f966,010402-20141112195854Bh,0.0
8585e8a7-0639-4538-836c-6d73c6a52e14,010402-20141112195854Bh,0.0
d226b217-c3dd-43da-ae62-e4a59c753e94,010402-20141112195854Bh,0.0
a6dd21e9-0ce9-446e-aede-7dd120f4c005,010402-20141112195854Bh,0.0
fa6efd05-bc85-4975-9339-aa6dfb5d1583,010402-20141112195854Bh,0.0
94cd1a80-8075-48c4-a718-0ea985fb2dc3,010402-20141112195854Bh,0.0
c9fbec15-117c-42d0-9c9d-a94c466d3a4c,010402-20141112195854Bh,0.0
d4e851c0-ec36-4f6b-aa71-72816b04067f,010402-20141112195854Bh,0.0
4526176e-767b-4831-a9b9-90cb2a19dd30,010203-20150716162114Mh,0.0
89aedb9b-8076-474e-bdda-d3fdc77d99e8,010203-20150716162114Mh,0.0
18caf45b-8726-41c1-bf07-7f90e7ffcb24,010203-20150716162114Mh,0.0
8342b3b1-d996-495d-b536-2218aef7586c,010203-20150716162114Mh,0.0
5ddb917c-49fc-4a83-8b92-1e3b360e0706,010203-20150716162114Mh,0.0
d47e4355-97d7-41a5-8bdc-7f060f9e74d0,010203-20150716162114Mh,0.0
0e35f310-ba1b-461d-87a7-c86f36867fa3,010203-20150716162114Mh,0.0
e7d7193c-8be2-40ab-9593-e8d706ecbc80,010203-20150716162114Mh,0.0
ac7a1e3d-e72e-4e77-ab82-24531511283d,010202-20150716162114Mh,0.0
91c4ad95-1a66-4008-9728-c94eeac40b33,010202-20150716162114Mh,0.0
4398e27d-6355-4524-ba6e-a47e63948361,010202-20150716162114Mh,0.0
e0841b6a-c61e-4f77-aa3e-49527dc9dfc1,010202-20150716162114Mh,0.0
8b9eea88-3a85-473c-b41e-9518090fb58b,010202-20150716162114Mh,0.0
c2f3ec86-1a76-423f-9a5f-feca67405490,060403-20141012195854Bh,0.0
9682dab7-e25e-4e28-a110-a65d814d571b,060403-20141012195854Bh,0.0
c35febbc-1ccd-41f5-ad97-b8d7bd942a0d,060403-20141012195854Bh,0.0
330215e6-e2dd-4fd0-9e01-d8aeddb3b2c9,060403-20141012195854Bh,0.0
658eb7fd-e2e2-4b99-9ac6-a8d7ec8d4580,060403-20141012195854Bh,0.0
39de7aad-84f9-44c2-81b5-41c14eaa8917,060403-20141012195854Bh,0.0
5f9513bb-905d-4d2e-afd1-629dab3d0cd7,060403-20141012195854Bh,0.0
e9304499-bf93-47b5-bcfb-3b6e2cabd555,060403-20141012195854Bh,0.0
8cc33b8e-4d09-4f8c-a485-57d040e06d79,060403-20141012195854Bh,0.0
5b6bdecf-388d-44d5-8299-01c648856c16,060403-20141012195854Bh,0.0
80664f5f-29ed-453a-ab9c-ccbc4d39dad4,060403-20141012195854Bh,0.0
9c8709a4-5115-4fc5-ae69-b3ee1179cf83,060403-20141012195854Bh,0.0
080cd897-8858-4cef-b1d8-73429a0a76ad,010102-20200110073230Lh,0.0
70a3a783-67d5-4e3b-b494-fce2711db0f8,010103-20200110073230Lh,0.0
4ac49219-e26d-4f7f-8e44-c1c38ed5e059,010101-20200110073230Lh,0.0
e6920f73-7a87-45fb-a7c0-89497375a4d5,030403-20210810121630Ch,0.0
34f050cd-49f3-4217-9e4e-d207084a2fe4,020101-20131020080114Th,0.0
c5d24a1d-3a75-476b-abf5-b07b79456bbf,020101-20131020080114Th,0.0
2833bbf4-e6d4-44ff-89a1-029fd82fbe7b,020101-20131020080114Th,0.0
75343d8f-17f0-48f4-bf28-2931eff6ee7e,020101-20131020080114Th,0.0
288539b9-b89f-4b67-8ded-0a8dc4b92905,020101-20131020080114Th,0.0
0e015a43-0d03-4de7-b659-9bd8d2840adb,020101-20131020080114Th,0.0
bfa6641a-b38e-40c8-8786-a2a4f4a267ab,020101-20131020080114Th,0.0
751c1e36-df2b-4b5a-ae14-125d964ebe52,020101-20131020080114Th,0.0
aeda7f66-b5ad-420f-b1ae-72f8b4da917d,020101-20131020080114Th,0.0
670c9565-3644-4746-b29d-f2afea7604ea,030302-20121026063134Lh,0.0
82abb70e-ce47-4d06-9e70-ef6f0dcd90f3,030302-20121026063134Lh,0.0
f89e1743-20c0-4fae-b90f-ed149cd228f8,030302-20121026063134Lh,0.0
3c55ece5-e727-40fd-be63-a5cf9bb0207d,030302-20121026063134Lh,0.0
447d5686-c47f-43f1-acc9-d692920c589f,030302-20121026063134Lh,0.0
f1d6a8dd-cb90-43de-9c14-f5c59aca8e78,030302-20121026063134Lh,0.0
f262d5e5-20bd-4ffe-a17d-37777378d05a,030302-20121026063134Lh,0.0
25b634de-8713-4b03-8407-d37ae3def938,020101-20170722235230Lh,0.0
19f7a98d-907f-4faf-b816-83cf959fa7a2,020101-20170722235230Lh,0.0
94c0013f-7ad8-4776-8fd0-f4646af2ce15,020101-20170722235230Lh,0.0
4b7a02df-c951-440e-8d35-cd511594777a,050102-20171123222130Lh,0.0
83b1c5ce-f1d5-423d-812a-4e52db650a90,050102-20171123222130Lh,0.0
b588f7cb-dc4c-400e-adc8-bd21dbcc8c09,050102-20171123222130Lh,0.0
12524b6d-e9b5-412c-9c78-0d19fe1723cc,050102-20171123222130Lh,0.0
557ad44c-830b-488a-aa8a-28c8dbaa3c28,050103-20171123222130Lh,0.0
fcef01be-4c38-4f56-bce9-8c313cc5233b,050103-20171123222130Lh,0.0
11e0daf4-d23e-4194-9afe-17d75b68a309,050103-20171123222130Lh,0.0
40efca82-6b43-4b3e-8bdd-0f9666b64a69,050103-20171123222130Lh,0.0
c720279e-a8c9-4b4b-a989-7d185cc7a68c,050103-20171123222130Lh,0.0
7412cc3a-c5a9-48a8-873d-81bfb46ba1ae,050103-20171123222130Lh,0.0
640358e0-5034-4458-817a-eea82ffbd490,050103-20171123222130Lh,0.0
03349b16-f051-4336-b079-cff8c0f70e54,050101-20171123222130Lh,0.0
d5f73899-0b65-484b-9c64-062e6816e2b1,050101-20171123222130Lh,0.0
acb96d1b-6d23-43ff-a2c7-32c8ab7dd6ad,050101-20171123222130Lh,0.0
a2d1f44d-2d36-4552-990c-923892e319af,050101-20171123222130Lh,0.0
c39a08fd-e8c6-4ab5-a205-45aad9c1f0e2,050101-20171123222130Lh,0.0
3acb292d-f5f8-4fda-9ce7-60582fa8db7c,050101-20171123222130Lh,0.0
cd771208-93cd-4597-8926-06785d1c403e,050101-20171123222130Lh,0.0
383961c5-3575-4cad-87d2-e4c52da81e92,020101-20140908175354Bh,0.0
1f5b4b4e-ec5d-420f-b29c-17eaf4a449b7,020101-20140908175354Bh,0.0
da1468c9-9a35-4dfb-8e5f-50e7c102804f,020101-20140908175354Bh,0.0
6d1a2ea7-2e51-4fcf-8f61-68e767c0c9da,020101-20140908175354Bh,0.0
8333b06f-6bcf-4bfe-ab39-08253ebd624c,020101-20140908175354Bh,0.0
307fd480-7a2d-4dcc-99ab-738f0eeb9c1c,020101-20140908175354Bh,0.0
41b8ba10-94ac-43db-8adc-daab71703fb8,020101-20140908175354Bh,0.0
cd17f5ed-2d9c-4237-aa80-8a72e6880a9f,020101-20140908175354Bh,0.0
c7a7c433-2f43-4443-8074-9c98c60c3261,020101-20140908175354Bh,0.0
dc4ac5ed-e420-4953-b64f-ce4b1704fccf,020101-20140908175354Bh,0.0
fff60e89-314f-47e4-89c9-819f193d22f3,020101-20140908175354Bh,0.0
a0f9cc11-23c0-4478-b053-feb0555a8909,020101-20140908175354Bh,0.0
b2785181-d2d6-40e5-b6d6-f452a3b6c7de,020101-20140908175354Bh,0.0
47e15be9-6bdd-4ba0-bf60-abf9499dbacf,020101-20140908175354Bh,0.0
62339afe-9652-4931-b83b-586194aef68e,020101-20140908175354Bh,0.0
421a04d9-e13f-4e27-ae8a-b7c5fa969007,020101-20140908175354Bh,0.0
ee751eae-af52-4c23-9184-8310f52dbfa0,010103-20160526011254Uh,0.0
2885d4eb-89e0-4b53-987e-78b0cba7f680,010103-20160526011254Uh,0.0
bbf4dffb-4de8-4fdb-8657-06ce2883142d,010103-20160526011254Uh,0.0
46507e29-8bac-4ad1-aabd-aab9a2971d15,010103-20160526011254Uh,0.0
712b68a7-be50-4be0-abf7-8ba5c52624c8,010103-20160526011254Uh,0.0
03682a26-0c9e-493e-8c5f-1f1b8302af09,010103-20160526011254Uh,0.0
83aedfe8-3ab0-4986-ac3a-2e79abc416cf,010103-20160526011254Uh,0.0
09c8fd62-706d-4885-bb36-d2008b9930f9,010103-20160526011254Uh,0.0
01457afa-75c0-4931-864b-7a18aaf10906,010103-20160526011254Uh,0.0
6af149bc-6b4b-4735-bb7b-d82e085f15c2,010103-20160526011254Uh,0.0
1ab3881b-841e-4dd1-a6df-0cce37fa8637,010101-20160526011254Uh,0.0
4575e8d0-233e-46f0-95a2-06d6791a572d,010101-20160526011254Uh,0.0
4182c7a4-8421-474e-aa2b-ca66be4cc0df,010101-20160526011254Uh,0.0
d12dab88-1e7b-4520-b771-a8861700cc88,010101-20160526011254Uh,0.0
31a75322-a609-48ce-884c-f81f0e21bff4,010101-20160526011254Uh,0.0
da166b5f-bae0-4e3c-aca0-5af39fdcc843,010101-20160526011254Uh,0.0
b42a73ef-c5f4-44b7-ad5d-43e8f55f02a8,010101-20160526011254Uh,0.0
22563c59-7b98-417f-b8cb-029439d16229,010101-20160526011254Uh,0.0
c16b58fa-a50b-42d4-97e1-f42f1098df30,010102-20160526011254Uh,0.0
4d032552-657f-4faa-9bce-728d9ca22b04,010102-20160526011254Uh,22.619700000000023
72ffe564-c146-469c-bfc8-1718f87a5215,010102-20160526011254Uh,0.0
3f169a1f-03c6-4f64-9f61-c7de9187b9c8,010102-20160526011254Uh,0.0
4008861d-8057-4f63-92ae-875212ee35a9,010102-20160526011254Uh,0.0
1a2ac1cb-4c57-4d7f-ad5e-799184734abb,010102-20160526011254Uh,0.0
e00d5b2c-c2e5-4b54-a51a-dd62a2a4e6fd,010102-20160526011254Uh,0.0
0664a042-ebed-41ba-9232-ad6c7f339e97,010102-20160526011254Uh,0.0
65331ead-38a5-4ac3-9202-083eb2e492df,050202-20150913082014Th,0.0
ec6ea53c-1f42-4934-945d-4d1257ffc064,050202-20150913082014Th,0.0
2837cdff-d90b-4dd2-8811-21c0c0e264d1,050202-20150913082014Th,0.0
9190eb0e-5b6b-422b-b87c-8c616c7b1124,050202-20150913082014Th,0.0
93fc672e-a012-4c59-b7bd-fbab29baaddb,050202-20150913082014Th,0.0
72f298b7-2042-49d1-8be4-bd7cc81decf6,010202-20171103222630Lh,0.0
09cad37b-3147-41c8-86c4-cda8e88a7e5d,010202-20171103222630Lh,0.0
add97722-016d-4124-b874-4ae6edc7955d,010202-20171103222630Lh,0.0
10f2adbe-322f-4354-8539-574ae9ebec45,010201-20171103222630Lh,1.0
957bba85-8ed9-4cdc-9c9c-07b11b064dff,050103-20120715123434Ch,0.0
e9cdab21-74dc-4856-87bc-83ce6b94d433,050103-20120715123434Ch,0.0
ec1532e4-7d2d-4fc1-b712-87a44b6eee19,050103-20120715123434Ch,0.0
228ece2b-bd14-4630-a578-edb23b6c2043,050103-20120715123434Ch,0.0
43344f90-5c02-4381-bf61-c7690abdf027,050103-20120715123434Ch,0.0
38a49217-078c-4c4b-ba71-c6bef03c6112,050103-20120715123434Ch,0.0
1e6d5f8c-3023-4873-8e55-0ed9b7ec48bb,050103-20120715123434Ch,0.0
7d3f7f9d-d02b-4c5d-a03d-01a095e01bc8,050103-20120715123434Ch,0.0
fba5d34d-dda4-4b89-9eda-37e70703aeb7,050103-20120715123434Ch,0.0
c1223848-3dde-45e1-88aa-85fbd6cb9628,050101-20120715123434Ch,0.0
51dba26a-27b0-4e80-8a4f-6b1c96756f50,050101-20120715123434Ch,0.0
2e8fea49-0937-42a2-99a6-84ae91b5dbfb,050101-20120715123434Ch,0.0
2ec109b5-fe4f-4e75-8bda-033208d2e9bc,050101-20120715123434Ch,0.0
b945e2f9-8bc9-42af-a64a-5ceceb3b03db,050101-20120715123434Ch,0.0
0c8d911c-76c1-4fb8-86c8-21267c344601,050101-20120715123434Ch,0.0
0f981eea-c195-4bd8-ae94-a7a4b731f343,050101-20120715123434Ch,0.0
9a0a4222-ab3e-4248-80b8-75e987b5a607,050101-20120715123434Ch,0.0
3f60224a-0cc9-4b31-b8bc-1dbed159bd06,050102-20120715123434Ch,0.0
ef881696-6fab-463d-b390-1d3b90836a32,050102-20120715123434Ch,0.0
41090112-4a24-4626-9bad-a3c9b52f0cdf,050102-20120715123434Ch,0.0
fdae9953-17c7-490c-9c13-bfa6afa4f811,050102-20120715123434Ch,0.0
9f31e2f1-2891-49ac-87d1-d35eb15a1de6,050102-20120715123434Ch,0.0
0f2c527f-49fc-4114-b280-d3fce8e456ef,050102-20120715123434Ch,0.0
91679771-cfa3-45a8-9f16-2c9fa86c579c,050102-20120715123434Ch,0.0
8d100364-6e92-4444-9f7e-266aeb37c485,050102-20120715123434Ch,0.0
94787fc7-f776-4f23-80b5-a558f95611dd,040401-20151128133714Th,0.0
4892f3f6-774e-4eee-ba91-3127c2db3bb1,040401-20151128133714Th,0.0
a5b8ae22-af4a-418b-a6cd-921e26743115,040401-20151128133714Th,0.0
6df7aa69-1298-4d2e-a013-37cb3daf8292,040301-20150222090014Th,0.0
63eadb30-8322-4a32-a5ac-08bdadd03dad,040301-20150222090014Th,0.0
15dcdc5d-11c6-4a29-935d-d7dc9d09b29a,040301-20150222090014Th,0.0
b3f806a2-d0b0-43c6-bf3e-d5aaf41a0bd5,040301-20150222090014Th,0.0
6e46e5c1-273a-472a-a2eb-e8c8ac4a874e,040301-20150222090014Th,0.0
d3742623-dfdd-4baf-8a52-5cd474aa0ec2,040301-20150222090014Th,0.0
e04845c3-c4f5-47e1-bebe-11dbd090cd22,040301-20150222090014Th,0.0
96a8192d-6078-4d60-a31c-ab8c0fae8e52,040301-20150222090014Th,0.0
b2c62519-e93d-4de5-924b-3899d46ced32,040301-20150222090014Th,0.0
5c03d711-589d-4947-a057-d48b0192fb09,040301-20150222090014Th,0.0
73c70b67-9e0b-4b72-9d42-26350d3855e4,050202-20161229133734Ch,0.0
eff83622-ebd7-4a32-bbd4-4353799acf28,050202-20161229133734Ch,0.0
a0742a58-7372-4d5f-8229-a2152bf2f73c,050202-20161229133734Ch,0.0
990bb859-fc0b-42d6-8e56-527a18d36677,050202-20161229133734Ch,0.0
80826ac0-4d0d-45e8-bb3e-29b63b0c9fa2,050202-20161229133734Ch,0.0
4a2f58c0-5852-41cc-bb03-5b060b3ff3c2,050202-20161229133734Ch,0.0
e59a193e-aec6-4deb-9bf5-a53228fa4365,050202-20161229133734Ch,0.0
40549945-897b-4664-83e3-e537c7c3b0f3,050202-20161229133734Ch,0.0
869f693a-843e-466d-8d3c-6f5cc8767e50,020401-20120225172914Mh,0.0
2aaf1ac7-ebff-48e6-942f-f1a0c82f31b7,020401-20120225172914Mh,22.64969999999994
2ec2f5e6-6ddf-4167-9592-fbea4d6ebe6d,020403-20120225172914Mh,0.0
c070aed0-7189-4fad-89ed-798ffb8f3ff1,020403-20120225172914Mh,0.0
217cbab4-fcc4-498a-88a1-4dca5d2b5264,040301-20120218173614Mh,0.0
1389aabd-4a13-4dd9-b8c4-38b329d0a7b5,040301-20120218173614Mh,0.0
60cc715a-bf2c-493b-a3e2-4eac868ca251,040301-20120218173614Mh,0.0
828f0f34-e14d-4f69-ac53-c2eb99a753f2,040301-20120218173614Mh,0.0
70149a9c-e241-4ab8-8b20-12b4b35841e7,040301-20120218173614Mh,0.0
bec13c27-a094-4c8a-a516-92c49e53a727,040301-20120218173614Mh,0.0
605d9107-fd64-40b4-8fb8-3739bb60904e,040301-20120218173614Mh,0.0
cd296829-3dee-474c-8e6d-9cf211817b33,040301-20120218173614Mh,0.0
e42e545b-733d-4fbb-abc7-45cd7f33f945,010103-20150927111834Ch,0.0
4ffc2339-e7b0-4a0d-a476-7f90cf0e289a,010103-20150927111834Ch,0.0
fe55049c-9f66-4853-8fba-9b9b0e15ef73,010103-20150927111834Ch,0.0
5291ebf1-a432-4c80-a166-f16cdafb8231,010103-20150927111834Ch,0.0
58350b87-e607-4178-9d9c-5d7e76e308c7,010103-20150927111834Ch,0.0
ccddb274-303b-4cb5-bbbb-bc237069b59c,010103-20150927111834Ch,0.0
e0cb8a96-231d-45c1-b9f0-d0aaea37b8f6,010103-20150927111834Ch,0.0
5cea02f1-4e3e-4a63-a1f9-f7b22012eabe,010103-20150927111834Ch,0.0
f5e95cc7-ec81-469b-8970-eb27d2e710a5,010103-20150927111834Ch,0.0
162f2c9d-161e-4150-b11a-a32820f81d53,010103-20150927111834Ch,0.0
1b71ea01-eb78-483b-8e48-4bf4b24d6b67,010103-20150927111834Ch,0.0
dbd1d163-cb1e-465e-aa22-9bce9fdf998e,010103-20150927111834Ch,0.0
f967ebf1-e688-472c-9400-8c83bcb00c73,010103-20150927111834Ch,0.0
ce998e57-4248-4313-8cd3-2ada34c1aa56,010103-20150927111834Ch,0.0
6e16ce61-2b11-4e25-8996-f22d796a9cfc,010101-20150927111834Ch,0.0
ec34cff2-67fa-4bc9-af36-a0bb0d30839b,010101-20150927111834Ch,0.0
45d7b86c-23d3-4293-b975-3b0f04229bdd,010101-20150927111834Ch,0.0
6303a3e1-9a72-433d-b0c6-0c80c8a3cc1c,010101-20150927111834Ch,0.0
eaca764b-b7af-415e-9c7b-cec40f467d7f,010101-20150927111834Ch,0.0
08fca9c2-a0be-4d4a-93de-e33de24843a0,010101-20150927111834Ch,0.0
7d64d4bc-1751-4601-b0e1-c9790e225693,010101-20150927111834Ch,0.0
10838bcf-033e-470d-b8ef-7ff61ac1b09d,010101-20150927111834Ch,0.0
ef833519-3af9-4d04-9866-0ba29639c34c,010101-20150927111834Ch,0.0
96e5957d-d11d-476e-aa82-f8a1c7b62cde,010101-20150927111834Ch,0.0
9eaf8e35-8755-4ffa-aab7-450480da89a6,010101-20150927111834Ch,0.0
012b8a11-c4ab-47a6-8e9b-03180d56d69d,010101-20150927111834Ch,0.0
47ef4e7d-4541-451d-b001-fb0a726c33b4,010101-20150927111834Ch,0.0
b1fad8e8-355a-45da-8f1b-d85a9bde5046,010101-20150927111834Ch,0.0
5fbaeb7f-0216-4eec-9a93-0a6e910fa616,010102-20150927111834Ch,0.0
11af71d7-7e05-4e6f-bf15-03d9a29aeb95,010102-20150927111834Ch,0.0
9511b0e6-d171-49fb-aa30-e2de476a76ad,010102-20150927111834Ch,0.0
de05c8db-db8b-4d89-aa61-0e642f0121c2,010102-20150927111834Ch,0.0
34db2895-23a5-44c9-a031-db0b14be1ed6,010102-20150927111834Ch,0.0
43c88a15-ca8c-45a0-8529-2c186171a666,010102-20150927111834Ch,0.0
a1d26db4-865b-45b3-b586-d5166fb5cf62,010102-20150927111834Ch,0.0
7a829051-d027-4dc0-97cd-9dec06694b25,010102-20150927111834Ch,0.0
8622074c-b073-4c93-bb58-c81a0d60e65b,010102-20150927111834Ch,0.0
1c3b041a-cbfd-4307-9bfe-87db9a0fe6e0,010102-20150927111834Ch,0.0
4c32a439-5049-4898-9f99-674e70d70b2c,010102-20150927111834Ch,0.0
7b24ae9c-fad1-42d3-acf6-cb8ee310934e,010102-20150927111834Ch,0.0
8ed92a15-2a33-4e16-9979-ac14cd3e4ac1,010102-20150927111834Ch,0.0
b8801096-f622-453a-968f-ed1d0aa1578c,050102-20110826074214Th,0.0
983fd8e4-bfae-4da6-8ce7-1d54b71cb091,050102-20110826074214Th,0.0
189c17aa-4ff8-4e7e-9bfd-e302fee1112d,050102-20110826074214Th,0.0
41aa1e40-3ad6-4fbc-bd2b-96349d7d2340,050102-20110826074214Th,0.0
7ce685f9-57d1-4599-9b18-d221b606b128,050102-20110826074214Th,0.0
5ae6ea53-ad1d-4e51-9a3c-42ee2f868bc8,050102-20110826074214Th,0.0
7f0720df-9802-436b-96d6-2ab9895898a0,050102-20110826074214Th,0.0
31406e4e-81bc-4025-b8a3-00b9ef257d81,050102-20110826074214Th,0.0
fd9ae8b3-3e55-4f2c-8516-246db40788b1,050102-20110826074214Th,0.0
167b233e-abe5-4ea9-b5ae-e42a293944d3,050103-20110826074214Th,0.0
9362eaf3-60bf-4e49-a54b-6cfb2eabc907,050103-20110826074214Th,0.0
99d50285-c115-47d2-aae5-8e93a2b4b56e,050103-20110826074214Th,0.0
0d1c9692-0968-4a83-aabe-8bfbe9f40626,050103-20110826074214Th,0.0
c50179af-cc12-40ed-a2d7-836dad780698,050103-20110826074214Th,0.0
dd128939-db17-4aeb-801b-ce51f5ba7a0b,050103-20110826074214Th,0.0
1f9d3f1f-c601-486b-8ff5-c330c28f6450,050103-20110826074214Th,0.0
3386feac-d817-4d00-98c8-2aa044aa455a,050103-20110826074214Th,0.0
1793e21b-00d9-4ced-a26c-5a0f79d8c5e9,050101-20110826074214Th,0.0
6e60d4cf-bbe9-4c2b-9430-736329e614fc,050101-20110826074214Th,0.0
2898529a-fcac-4c7f-8aae-0cfce97ee0c1,050101-20110826074214Th,0.0
70404d84-90dd-429e-8da6-7eaaa4b9607e,050101-20110826074214Th,0.0
d2047f7c-44a8-4a30-8a17-8642f42ea56a,050101-20110826074214Th,0.0
fa835948-c5d0-41dc-b51b-2df623fcebc3,050101-20110826074214Th,0.0
7ad256ed-9cb4-4845-aeaf-e05df2ab75cf,050101-20110826074214Th,0.0
bb7fe641-04a4-4e80-b8e5-445c78b6c328,050101-20110826074214Th,0.0
293c743c-08ca-4521-a432-db50d101bd04,010401-20150325015554Uh,0.0
d7fc3ba3-a5b6-4e38-b37d-414af754f94b,010401-20150325015554Uh,0.0
75f43a65-7a2c-4fc9-a2e4-9610e467ed98,010401-20150325015554Uh,0.0
97561e74-2192-4fa1-8b2e-8ced5759797b,010401-20150325015554Uh,0.0
9b7ff572-ca51-4fab-b739-de60f88522e1,010401-20150325015554Uh,0.0
97c53c17-f65f-469b-b4c1-530a764d79cb,010401-20150325015554Uh,0.0
fe5488d7-14fc-436f-947e-035fa3e778ad,010401-20150325015554Uh,0.0
aa954f7e-3f3b-4053-85fd-6637f5503b01,010401-20150325015554Uh,0.0
5ed49cae-8bc6-42de-8fbd-caaefc9f2a1d,010401-20150325015554Uh,0.0
10ebf0cd-888c-4dac-8748-85f8c128dc26,010401-20150325015554Uh,0.0
de41e983-12a6-402e-8a49-1df56699d3db,010401-20150325015554Uh,0.0
163349fd-d551-4f49-9e04-03ebd341bd06,010402-20150325015554Uh,0.0
d3bc1225-5ef0-4271-af63-64ec76cb718d,010402-20150325015554Uh,0.0
ae389323-d640-4b66-93e3-a0e51b71c0cb,010402-20150325015554Uh,0.0
4a5dbd99-f984-4c81-80f3-3e0548851134,010402-20150325015554Uh,0.0
c52ea7f2-a1de-4b5d-899e-3f9cd38f4a89,010402-20150325015554Uh,0.0
63d9192c-097b-4b30-9eba-6a6cc636407d,010402-20150325015554Uh,0.0
c08a9719-45da-4992-bdcc-89fbcc360978,010402-20150325015554Uh,0.0
cda1953f-96e8-4f14-a24d-96f70a76e287,010402-20150325015554Uh,0.0
567b3db6-18de-4a81-bfab-4a21c5695c84,010402-20150325015554Uh,0.0
2bd05d09-5b9e-42a7-9f7c-f438be4031f9,010402-20150325015554Uh,0.0
0b5f895b-1179-4746-bcf7-c885fd7a981e,010402-20150325015554Uh,0.0
e8d84c55-70dd-45ba-9100-cd3894d8dfe3,010403-20150325015554Uh,0.0
253ebbe6-114b-4793-b85d-7eb92929ed83,010403-20150325015554Uh,0.0
6a66f2ef-d749-4deb-9b43-7a6e58d649c6,010403-20150325015554Uh,0.0
cfde3270-5a9b-4f2e-9289-3557becda702,010403-20150325015554Uh,0.0
ceabe23d-d5a3-4fd1-b1c5-532b7601fe40,010403-20150325015554Uh,0.0
696fcdcf-d2e3-4fe9-a9c6-a52bb0a11789,030302-20111107063154Uh,0.0
c4580c8c-e44e-49c3-85fb-09f2a936ee5e,030302-20111107063154Uh,0.0
b04addef-5398-4069-b2a8-9e553dc3f1ac,030302-20111107063154Uh,0.0
7402dc20-6b08-4f67-bb51-797d8662292d,030302-20111107063154Uh,0.0
8a52e4da-6af5-43fc-90a0-34f2371c8ec9,030302-20111107063154Uh,0.0
280936c6-ce88-4fba-91e9-deb0f9c02fdc,030302-20111107063154Uh,0.0
a413d118-cfce-4745-a5dd-6b3ec2a8d58c,030302-20111107063154Uh,0.0
26941567-87d7-40cd-8d18-402597d0b753,030302-20111107063154Uh,0.0
8b361331-dfe1-4ecb-a1e8-4a660048b739,030302-20111107063154Uh,0.0
b2102d64-258e-4b23-904e-b46c2821757d,010402-20201227202710Mh,0.0
d3916fab-d296-4c02-95b8-c3ceafe1c3e7,010402-20201227202710Mh,0.0
035f5f2f-c044-41c4-a1df-e689e6adcda2,010402-20201227202710Mh,0.0
f9db82a0-1ed6-4ab6-b6ab-3444f8585a32,010402-20201227202710Mh,0.0
e22b793a-e0de-49f8-bc57-c0e8c4501a5d,010403-20201227202710Mh,0.0
24e3862c-d19b-4d8c-89c9-f07a4d41b9cc,010403-20201227202710Mh,0.0
3f602f58-9d14-4a44-8fbc-3df513edaf19,010403-20201227202710Mh,0.0
72968f1a-f551-40ef-8388-3e994425c0e0,010403-20201227202710Mh,0.0
02b13e0d-d9ef-44fc-818d-e060a20cfeb5,010401-20201227202710Mh,0.0
12e5ec25-f818-46f4-b11c-dea0408c5b08,010401-20201227202710Mh,0.0
1d69b75c-34b9-413e-a50d-bdc17475bba9,010401-20201227202710Mh,0.0
a8c7a55e-8ad5-4e83-9ca7-cc57cdfc949f,010401-20201227202710Mh,0.0
42189640-4d21-4fdb-8a49-b2926ebbc65d,040102-20171123133730Ch,0.0
2d5f32c7-e61d-4afc-83e4-62e5e0ad9622,040102-20171123133730Ch,0.0
64d7b4d9-15e3-4dbf-8091-e4c72fe0d3ce,040102-20171123133730Ch,0.0
875fa5b6-22fb-434f-a58f-8fbffd3e42f0,040102-20171123133730Ch,0.0
42694401-9043-4bf2-9aa5-d1422527f569,040102-20171123133730Ch,0.0
6d9a0f27-b489-4413-91be-1348123d90f0,040102-20171123133730Ch,0.0
a34f2939-f9bd-4e56-9560-23df59d9bc2f,040102-20171123133730Ch,0.0
a254afb3-99dc-4a44-9ec7-a28796c51ac8,040102-20171123133730Ch,0.0
bd47174b-e5c3-4e09-bdc0-2839329926fd,010403-20130303063154Uh,0.0
41cf7f92-f67e-4555-bd07-2c2f3df32087,010401-20130303063154Uh,0.0
d260864f-1d20-4712-a5ae-92bdc9a2d00b,010402-20130303063154Uh,0.0
7b1558f9-6e83-45b2-b773-5d98938a3108,010402-20130303063154Uh,0.0
9ef9bdf9-4111-488f-bd80-af55529093c0,040301-20110711071214Th,0.0
b515b64d-e99c-47d5-8fbb-b9ecccff2a1e,040301-20110711071214Th,0.0
611ef58a-3679-4d4a-b0e9-290cc1713aec,040301-20110711071214Th,0.0
40250b14-65af-4236-8d3f-afb68371b936,040301-20110711071214Th,0.0
f3b19f9b-7101-4eca-9066-cb45cbaf1e22,040301-20110711071214Th,0.0
1b55a507-54f0-4e69-816d-c51ca24a68e5,040302-20110711071214Th,0.0
3e28f2ca-dcd1-470f-ae2a-8f0b053156bb,040302-20110711071214Th,0.0
9f847e02-3d8b-44b2-a399-d4d401bd7853,040302-20110711071214Th,0.0
c18ff01b-1c7a-4f81-b635-23493672b37e,040302-20110711071214Th,0.0
f5df4c19-7f52-4a47-a3e2-0f281f000321,040302-20110711071214Th,0.0
ba78351e-77e3-4547-bf64-7c2b76ebdd8a,040302-20110711071214Th,0.0
084388ea-729c-45e4-a370-3ff96af774af,040302-20110711071214Th,0.0
a72f1a44-7b7d-4a69-a4b4-6ded3233a2a1,040302-20110711071214Th,0.0
c60881a8-dee1-4362-b56c-f0f13634d868,020101-20130303063134Lh,0.0
a32d0245-b81c-4888-9a61-4e2fdca0372c,020101-20130303063134Lh,0.0
fe64c7ec-da7c-4bb6-bc8a-4cab6858e29e,020101-20130303063134Lh,0.0
f3e2b3b9-e8a5-4740-888f-cb5afca353df,020101-20130303063134Lh,0.0
671be3e1-522d-47bd-89a9-5e7dbb23ad0c,020101-20130303063134Lh,0.0
f1af835a-c34b-47da-a45c-7f34c561f9cf,010401-20131011195414Mh,0.0
ca5e3739-35e7-4bce-b644-13e432854a78,010401-20131011195414Mh,0.0
c8773367-a487-43f6-8c03-a4f16a526b07,010401-20131011195414Mh,0.0
0904b59f-eb1c-48f0-80f8-8410615bfc62,010401-20131011195414Mh,0.0
e0fdb91e-30ad-485a-b182-a1e13732d923,010401-20131011195414Mh,0.0
d9a88d7c-d5b8-4320-9afd-fb45ec409dd4,010403-20131011195414Mh,0.0
cea67c5e-614f-4c43-8988-76cfd0ab156d,010403-20131011195414Mh,0.0
8e1fda5e-a59c-4b21-a2fe-be9fc70ac25f,010403-20131011195414Mh,0.0
75a68b51-8090-4062-85f5-d41e1d811ba8,010403-20131011195414Mh,0.0
a9a2d6a9-44b5-4867-8f47-d0e04e6d8974,010402-20131011195414Mh,0.0
6b424b72-d7eb-4462-96b6-eddcf7f79652,010402-20131011195414Mh,0.0
6b9a03af-72fc-4eff-9ef3-8c63b0c1b6ca,010402-20131011195414Mh,0.0
0d6d1ec5-5338-44b5-8965-9bc15730c73d,010402-20131011195414Mh,0.0
34ccd0c2-53ca-46af-8a62-4d4dcf66eecd,010402-20131011195414Mh,0.0
75a2e53c-6a10-4d8e-b4f5-36f74116647b,010402-20131011195414Mh,0.0
9aa7ec74-c21b-44a9-afe6-bb21bde255dc,010402-20131011195414Mh,0.0
af40a8e4-fd73-461c-ad4e-7850bee38971,010402-20131011195414Mh,0.0
9322ebae-034d-476c-ae49-61a20db22180,010402-20131011195414Mh,0.0
95ee0d73-c5ae-436c-8ec7-ce1ad4788563,010402-20131011195414Mh,0.0
ebf153db-4ddc-4ec1-b8ae-afe056e77d17,010402-20131011195414Mh,0.0
005f1c99-edde-4cf3-98ce-becbf55472f0,010402-20131011195414Mh,0.0
7c9bd10d-523e-47d6-906d-8e23127f788a,010402-20131011195414Mh,0.0
3e779b21-c224-4026-a867-7fd3b90f3568,010402-20131011195414Mh,0.0
6ea97c02-f646-4bf8-ab14-6fad6f723e16,010402-20131011195414Mh,0.0
dbf48f45-600b-401f-bfeb-890b5d0eb271,010402-20140406195854Bh,0.0
7ba1c849-48da-4a5a-b533-6d35c8e53aeb,010402-20140406195854Bh,0.0
64e8a5d9-afd8-4b4d-a9e7-f2aa9c587e0e,010402-20140406195854Bh,0.0
acad7038-ca17-43c2-9bbe-040c4b80c79b,010402-20140406195854Bh,0.0
12cdba0e-3f14-491d-8dcb-d9c52f07b49b,010402-20140406195854Bh,0.0
9d92bdc8-841e-4fa9-8507-c8346ffd2c05,010402-20140406195854Bh,0.0
464b0fb5-6c1d-4b88-b0fd-0f92d23904fe,010402-20140406195854Bh,0.0
df8e884c-4f51-435a-b9cf-8e0524433b3b,010402-20140406195854Bh,0.0
f8d28b24-85d3-436f-850a-be0c5f0b974c,010402-20140406195854Bh,0.0
3e2332d4-8de8-44b0-ae70-0d87b9537577,010402-20140406195854Bh,0.0
7628d4d9-909c-483a-80b1-41959eb7591f,010402-20140406195854Bh,0.0
4076d2d8-6ee0-4261-9ace-3c265c5406d1,010402-20140406195854Bh,0.0
c746832d-dc17-4458-85ec-b0cfc619e07d,010403-20140406195854Bh,0.0
b8496773-757e-4455-a31d-2da3d1375241,010403-20140406195854Bh,0.0
ce0da387-32eb-480c-94ef-da117bc7bb24,010403-20140406195854Bh,0.0
27d9e5c6-bfee-4d8d-bd37-3ffd92402d10,010403-20140406195854Bh,0.0
3a4d75fa-f628-4e5f-be77-5fec42c975cf,010403-20140406195854Bh,0.0
413b8cf8-d9cd-4483-b21a-dd1c14b72f94,010403-20140406195854Bh,0.0
45754180-7eec-467a-b5ad-64bd27cc96f3,010403-20140406195854Bh,0.0
1e5089dc-8708-4653-978a-d8d5a723ce39,010403-20140406195854Bh,0.0
17dcf66b-6eca-402e-a7e2-10bcbbb89132,010403-20140406195854Bh,0.0
59259e49-fb4b-4fb5-89f8-f8c0d32d990e,010403-20140406195854Bh,0.0
3d6822bf-2529-43b1-a9c9-ea93b7018036,010403-20140406195854Bh,0.0
0ec2eaba-fc0e-46f8-8e50-6e53e3da0dcc,010403-20140406195854Bh,0.0
eff25f2b-0499-4f4f-b2ba-7c28aac825d7,010401-20140406195854Bh,0.0
eafa79a1-fd33-49e9-a749-fd7b5c0d66cc,010401-20140406195854Bh,0.0
f8976627-7103-4938-a710-6b68ea635556,010401-20140406195854Bh,0.0
b1d5ef74-4411-414f-a7b2-c4bb0ad7e690,010401-20140406195854Bh,0.0
098174e8-e428-4db8-a887-5ae2954521bf,010401-20140406195854Bh,0.0
22186f6c-a77e-4b3b-aab9-b4b81aed3568,010401-20140406195854Bh,0.0
c2915598-7549-430f-a32d-5a1b0f6bf4c7,010401-20140406195854Bh,0.0
f56695cc-5fce-4c80-b517-4f2e2d3b8bd5,010401-20140406195854Bh,0.0
7a0721ef-e078-464c-a329-3af8345b6d98,010401-20140406195854Bh,0.0
9c6588fc-3fe9-457a-9240-92703dc08995,010401-20140406195854Bh,0.0
5ce67f25-ad0c-4c77-a753-7f2a5760adbe,010401-20140406195854Bh,0.0
14271ff5-a17a-4ae1-a356-9cc7164e8c9e,010401-20140406195854Bh,0.0
750a1428-94fd-480c-9c56-cd9cff28b9ae,010401-20140406195854Bh,0.0
15ad05b6-9bc6-428c-b6d9-38de11d739ec,010401-20140406195854Bh,0.0
8496ba5f-3df4-448b-a16c-4a7a21067c88,010401-20140406195854Bh,0.0
2f33ed52-062c-412d-9364-3f0409ce13f2,010401-20140406195854Bh,0.0
bd0b36f2-30c3-470b-9786-b0010459dbc9,040301-20170612135150Bh,0.0
79d71e53-b807-4e23-a4c6-b27dd97d4a92,030101-20110317082654Uh,0.0
7c95d9a7-5f30-444b-b7fd-fadc9f05a624,030101-20110317082654Uh,0.0
430f20a6-0e7f-401d-a275-38bbdb03bc79,030101-20110317082654Uh,0.0
424209f9-7136-4198-8a31-c335e102c652,030101-20110317082654Uh,0.0
0b252d7e-02bd-4fa1-9882-7b3ffe623429,030101-20110317082654Uh,0.0
fcba023b-26fe-43e4-a13f-f001e0e31a45,030101-20110317082654Uh,0.0
1fe617af-db0f-4831-94d4-66f1a2bf7bed,060403-20150409081954Uh,0.0
460fb56a-603a-442d-a43e-26f813036e55,060403-20150409081954Uh,0.0
5dc0408f-ac5e-4433-ae51-3a4ebf226982,060403-20150409081954Uh,0.0
6001f134-acf3-4011-8f3e-addf1dd21980,060403-20150409081954Uh,0.0
571109aa-1bb0-4191-9265-00976c728649,060403-20150409081954Uh,0.0
c54006d8-2a09-4c7a-92f9-8a9bf403425d,060403-20150409081954Uh,0.0
eba40956-3eb5-4ec1-bda3-fc612a342fe2,060403-20150409081954Uh,0.0
6e688711-a92a-4220-aecd-da7ebad73a57,060403-20150409081954Uh,0.0
6cb68718-9641-4b4e-b819-7f72d18abe28,060403-20150409081954Uh,0.0
bead8557-26c5-45b5-a717-50afa934f19c,060403-20150409081954Uh,0.0
37be01ea-40c7-44ba-a2e4-4511b6677a69,010102-20131109222434Lh,0.0
3a16fd8c-b8b3-45c3-bda4-608d41605927,010102-20131109222434Lh,0.0
76b4eef9-c74a-4f15-b0af-0f8b8604236d,010102-20131109222434Lh,0.0
30e4b391-6b03-4708-95d0-5b434a2336b2,010102-20131109222434Lh,0.0
88a2e82c-d82e-4658-b308-476329128faa,010102-20131109222434Lh,0.0
79ac4a1a-d627-4595-aedf-605e896292b4,010102-20131109222434Lh,0.0
3fcac2c6-9eee-4012-b645-3957c2f2da92,010102-20131109222434Lh,0.0
e357d59b-da75-4367-9e96-ad58c4f2e6ae,010102-20131109222434Lh,0.0
e936fec7-c89c-491b-a476-dac6758a6200,010102-20131109222434Lh,0.0
c69b5607-3cd1-404e-80e5-1089d50d40e7,010102-20131109222434Lh,0.0
a03fb8b7-a60c-4bed-9c9e-635371a28280,010102-20131109222434Lh,0.0
2b272a89-77e6-4959-93de-88d2a7cf2ee2,010101-20131109222434Lh,0.0
89f0eaef-b537-4eab-a456-fdc8853163dc,010101-20131109222434Lh,0.0
7138a8e5-9efc-4cb6-b7d4-df725eaac228,010101-20131109222434Lh,0.0
5896f3da-2ed7-4f32-8133-edccaaa062c2,010101-20131109222434Lh,0.0
bf76d0ee-65ec-476b-ab41-0c785308a091,010101-20131109222434Lh,0.0
7e784279-2113-451d-b1d8-8cc3b7f09dae,010101-20131109222434Lh,0.0
14741136-d105-44b3-a9a9-3b2e6abd339a,010101-20131109222434Lh,0.0
5bee0b0d-42a4-4bd6-800c-e121ab03a8a5,010101-20131109222434Lh,0.0
a6746609-3fd9-4712-a989-5f993e064b4d,010101-20131109222434Lh,0.0
dd7d871b-8803-4ade-a7c5-1483d616f6ec,010101-20131109222434Lh,0.0
fbc32c56-f019-44e2-894d-fa79b7e1f4d3,010101-20131109222434Lh,0.0
7420e183-289a-458d-bc8b-49960a733508,010101-20131109222434Lh,0.0
8ba68227-7b2f-4926-87d3-ff52571c938d,010101-20131109222434Lh,0.0
b1b0d7d7-6cd5-4911-9643-953415efdbfc,010101-20131109222434Lh,0.0
0a7f4fba-9f15-40a3-9c45-b4914356de3d,010101-20131109222434Lh,0.0
b0b61f31-04cd-46c4-9126-0f6793546971,010402-20160430133714Th,0.0
a9210bc2-e572-4fd7-845b-bba7441b521c,010402-20160430133714Th,0.0
bd2b8e66-e1a7-46c9-871d-f910c2550fe3,010402-20160430133714Th,0.0
a9e8f3b8-93fe-4e66-9a9e-7eadfc3a08cb,010402-20160430133714Th,0.0
e2781d7a-66d1-430f-9fe8-45b6097e4868,010402-20160430133714Th,0.0
e5d229bf-c904-4273-9e2b-52d69d783d58,010402-20160430133714Th,0.0
ee81cbcc-6de9-4917-80d3-bd4265679cf2,010403-20160430133714Th,0.0
116ebf28-28cc-4092-8c2d-567db6c38f09,010403-20160430133714Th,0.0
a1cd2dac-7ace-4d16-8936-53e4387d6b5a,010403-20160430133714Th,0.0
533a8899-8d85-4918-b6a3-a0106325a6a8,030101-20110109104734Ch,0.0
b081ece0-dd38-4cb9-89d4-063f0191c055,030101-20110109104734Ch,0.0
e070da04-ceab-4a1d-b830-4197791f88eb,030101-20110109104734Ch,0.0
cf924bac-599d-452f-9ee5-69404b2783ec,030101-20110109104734Ch,0.0
c3bbd220-faad-43c1-abec-2925d0678ae8,030101-20110109104734Ch,0.0
f604e289-f0f7-4bb9-9455-a054565e0be1,030101-20110109104734Ch,0.0
b9833680-1dda-4fd4-9bf6-4ac2adc3c658,030101-20150919165814Mh,0.0
c51ea006-8628-4600-a359-9c08c1efa5e7,030101-20150919165814Mh,0.0
96f16ecc-315d-4450-ad1f-15099c7aa985,030101-20150919165814Mh,0.0
305265d4-d4cd-4e36-91db-b1b6ea440355,030101-20150919165814Mh,0.0
56a61ba8-f52c-423c-b555-878f4a7d1e2f,030101-20150919165814Mh,0.0
e4cbcc61-684f-4d02-888f-b12ea79f2457,030101-20150919165814Mh,0.0
d2384cec-cd83-48f2-929f-7cd4d3db3ba8,030101-20150919165814Mh,0.0
ebbcc303-bc70-4ee8-be0a-0debf1b06495,030101-20150919165814Mh,0.0
b2342b89-9e33-4ef3-a457-1a6e04b8cecf,030101-20150919165814Mh,0.0
ea60890b-8327-40d7-8cf1-8464f1810b35,050303-20151105133734Ch,0.0
dab26ab7-2d97-4522-8d13-b91c849fbd67,050303-20151105133734Ch,0.0
751b35e2-9fd8-47ad-82c5-3f61ab553af4,050303-20151105133734Ch,0.0
698e0c0b-6550-4665-a971-4a872498baa0,050303-20151105133734Ch,0.0
622b4c58-4f1d-42dc-92c0-8e8055293be3,050303-20151105133734Ch,0.0
d296f8ed-94f6-49d1-8119-c0fb679f690f,010402-20120703070814Th,0.0
6a1b0acc-ad67-4408-bdba-c86a2494a036,010402-20120703070814Th,0.0
af2d6bbb-0d6d-424f-9804-eb8b1d7ecb6d,010402-20120703070814Th,0.0
7f12d0cb-fcd0-4759-869c-9832d7cb7961,010402-20120703070814Th,0.0
8197355e-a7ed-48b2-9a4c-ac579d475167,010402-20120703070814Th,0.0
e7911e9b-a43d-4065-9352-1e18ecec9916,010402-20120703070814Th,0.0
90bf67bb-c34a-4b34-b980-cf46d916180d,010402-20120703070814Th,0.0
1aab1b63-ea68-40ea-9f8b-7e2da8b14579,010402-20120703070814Th,0.0
dc84202a-dad3-4db8-9b8f-f06b554253da,010402-20120703070814Th,0.0
3f5c9996-6618-40d4-9e5b-2d257b66d2f8,010402-20120703070814Th,0.0
02846ae0-a00d-45c8-805d-a5b48f19f03d,010402-20120703070814Th,0.0
bfae4c96-98da-4013-b40a-f499c138d8c8,010402-20120703070814Th,0.0
23ec6b3d-0de9-4446-9f03-111a890cb1c8,010402-20120703070814Th,0.0
fe15988c-e136-4c97-a83d-135147baf1bc,010402-20120703070814Th,0.0
aa9502c1-40ba-461d-860f-eaf382febacf,010402-20120703070814Th,0.0
e1e46a1c-2b5a-4c5c-981c-eb214627486e,010402-20120703070814Th,0.0
03471a4a-814e-446a-b317-96d8daf441e3,010402-20120703070814Th,0.0
6eb5026a-2cba-4d90-b46e-afa00e72a66e,010402-20120703070814Th,0.0
f3296229-79d5-45d7-8124-6ffece4a1906,010402-20120703070814Th,0.0
a3187dc4-a04f-4e45-8d16-bc2f791c5e75,010402-20120703070814Th,0.0
2d6559da-4b27-46d6-a48d-e3d9464f5cbd,010402-20120703070814Th,0.0
b2b78a2d-e867-4fba-864b-617ce08f555d,010403-20120703070814Th,0.0
b5a6b215-ac5d-4a2f-b872-84f19934d1de,010403-20120703070814Th,0.0
e7e766bf-2099-46e3-b4f8-eab6bd4a482b,010403-20120703070814Th,0.0
4abbb968-4ca0-478b-86be-7b760fcc6c4d,010403-20120703070814Th,0.0
e7ef3537-b924-4724-bb91-b9de3704e100,010403-20120703070814Th,0.0
c701b2e9-7a81-4012-adc8-4a875453f409,010403-20120703070814Th,0.0
985e82dc-aa9a-4619-bb66-b79d35b8980c,010403-20120703070814Th,0.0
4d0d5cf1-0cd9-4470-8d76-1adafeeaecfc,010403-20120703070814Th,0.0
de20b031-d1b6-431f-b970-caa7e4c10e73,010401-20120703070814Th,0.0
a715c68e-5a9d-4e42-9c59-901c84e512ff,010401-20120703070814Th,0.0
38111f83-9d2f-4d88-a9d5-c42d69e3ca79,010401-20120703070814Th,0.0
04a860fb-03f6-4e65-a149-b2217d837231,010401-20120703070814Th,0.0
e1daedce-ac10-46c6-a618-436ef726b990,010401-20120703070814Th,0.0
8630dae2-76dc-481c-9290-817ee979783c,010401-20120703070814Th,0.0
5e9d60b5-9893-4e07-8551-6cd03458389f,010401-20120703070814Th,0.0
cf7e93a4-476e-4a49-9d91-e49dd6fbb6b1,010401-20120703070814Th,2.362100000000055
b679311d-092c-497d-903b-2538050f9a12,010401-20120703070814Th,0.0
d4ede21c-3a01-40a5-9295-da03dbffdb6c,010401-20120703070814Th,0.0
f0dfe48d-dfd0-4b51-9ea9-ef10f670609d,010401-20120703070814Th,0.0
479486b6-0a6d-4017-bb8c-1613fcc05726,010401-20120703070814Th,0.0
092f9229-bbbf-4868-bc21-dee011f023b4,010401-20120703070814Th,0.0
562c524c-2017-4cef-b56c-95889769a92e,010401-20120703070814Th,0.0
ecc91ee0-2ca1-4b8c-a62f-c5ae7debbd77,030302-20140501195814Mh,0.0
16066799-f836-4dff-81ae-fc4822100edd,030302-20140501195814Mh,0.0
2ea1b23f-5f32-48e9-b3ad-98e25e57fdd4,030302-20140501195814Mh,0.0
c5b41774-dce0-4df3-a168-7a8a8ea6add9,030302-20140501195814Mh,0.0
ea3fcfd4-a3b3-4573-ba39-1195fc8b3ebd,030302-20140501195814Mh,0.0
1446d538-eddf-41c6-9336-8a32727f9d32,030302-20140501195814Mh,0.0
c4379e14-904f-4583-821d-6b6206d1ffb0,030302-20140501195814Mh,0.0
ea188c53-8e1f-4045-9fd8-7ba636541172,030101-20171005133730Ch,0.0
7c50865f-7da7-449c-a2aa-c0b6ba88c857,030101-20171005133730Ch,0.0
734e3c82-f3cf-4062-b35e-d19ceec54706,030101-20171005133730Ch,0.0
049b8e53-9fee-41b0-920c-cf704fa58f19,030101-20171005133730Ch,0.0
1c36275d-9813-4e11-8599-17ffc87ae578,030101-20171005133730Ch,0.0
f191b4ae-bb48-4bcf-867a-80851ee8fb2c,060403-20211222120130Ch,0.0
6d7c3b28-28ca-4f8b-a6dd-cd7d41f47272,060403-20211222120130Ch,0.0
332c3664-d4d6-456d-b7e3-92a934c22e2a,060403-20211222120130Ch,0.0
ff8d80da-57b0-41c0-a7b1-94fdd5044c23,060403-20211222120130Ch,0.0
ba226ccc-f0e9-4447-bb4a-2dbe55d47197,060403-20211222120130Ch,0.0
d02ef4b3-ebaf-4950-a4f3-4c05951e29fe,010303-20180926014350Uh,0.0
193331c4-c97d-4c78-bac9-dd0bcfd8de09,010302-20180926014350Uh,0.0
e292009d-f80f-47f4-8738-361823e65d56,030302-20170417232530Lh,0.0
a76ee68f-431b-49cf-b924-3bb495f1e8cd,030302-20170417232530Lh,0.0
9ee6494f-77e1-48f9-aa5f-28e8ae9b3ec4,030302-20170417232530Lh,0.0
51bdafe2-9aee-4b57-9497-c5e7ba9f93c8,040102-20220803074752Th,0.0
17022a84-c95d-401d-a813-ff9452edb9c8,040102-20220803074752Th,0.0
3e8b04de-d85d-4f6b-afb9-0d43096cbb23,040102-20220803074752Th,0.0
53527801-66b6-4f0b-8de1-ea1a8ef86071,040102-20220803074752Th,0.0
b3d88c2e-38e9-405d-8794-c54e537ba961,040102-20220803074752Th,0.0
0eeabdee-19ca-410f-9dee-909a75d10ea5,040102-20220803074752Th,0.0
58350a19-9da0-4e06-9aeb-0acfff8d822d,020101-20130905073714Th,0.0
24154971-2e9a-4bd8-870c-362b1e8a4641,020101-20130905073714Th,0.0
057e85d8-4390-4509-bd1f-bfc390dcb824,020101-20130905073714Th,0.0
e3903c75-3281-46ff-848f-b3c735662887,020101-20130905073714Th,0.0
471ce472-d443-40bd-99e7-5569421a393d,020101-20130905073714Th,7.942899999999895
e70d74b7-1444-4ab2-b130-103e44e7f15f,020101-20130905073714Th,0.0
bbc93975-c1f2-4c72-885f-374f964ffd28,020101-20130905073714Th,0.0
63d4f278-a1ba-44fa-ac64-1c1978ee4a88,020101-20130905073714Th,0.0
4ff6867c-2445-4341-8b8d-7c71331202c4,020101-20130905073714Th,0.0
6589bb7c-9909-4d6b-bf34-9dff0fee4d54,020101-20130905073714Th,0.0
6f631b44-5330-4af8-b146-1c9166c4ac25,020101-20130905073714Th,0.0
9aa7bd5b-90d4-4ba8-ac41-053ee9967c31,020101-20130905073714Th,0.0
47cb213a-e708-4efb-9971-d5be5f97bf56,020101-20130905073714Th,0.0
e8b464f9-5335-44da-84af-81cbb2f7cc9e,060102-20160809164914Mh,0.0
4b112c07-a249-4499-a61c-2d444e1dfdb3,060102-20160809164914Mh,0.0
7695776f-7512-490d-a8e5-8d196839b790,060102-20160809164914Mh,0.0
9876fd38-5c6a-49ab-8cd2-32f5c86fef93,060102-20160809164914Mh,0.0
d27c2648-2c5b-474b-acf5-df07b1771b75,060102-20160809164914Mh,0.0
3b9f1e56-65b1-434b-ae7b-32e55b996c68,060102-20160809164914Mh,0.0
2abd871e-7f69-4381-9977-9f999e1c5dcb,060403-20111226155454Bh,0.0
bec6fde9-cb6b-472a-8872-3b3895555b6b,060403-20111226155454Bh,0.0
630dbf41-bbdf-46ac-8faa-c8e0a7d8bdb7,060403-20111226155454Bh,0.0
9aa11cbe-625f-4d30-abee-c4a939ceea8e,060403-20111226155454Bh,0.0
