id,id_type,reason
ca65251f-f7c8-4553-ad55-ad0f06272782,annotation,"segmentation ring first/last point gap = 1.60px (first=(523.9768,1330.1999) last=(523.5668,1331.7499)) -- prompt's assumed x0==x_n-1,y0==y_n-1 invariant does NOT hold for this annotation"
730b345b-574a-4da7-9b62-5ffe6192ed30,annotation,"segmentation ring first/last point gap = 5.00px (first=(1373.0,815.0) last=(1368.0,815.0)) -- prompt's assumed x0==x_n-1,y0==y_n-1 invariant does NOT hold for this annotation"
f376240a-00af-44da-9705-402ffc8f8d49,annotation,"segmentation ring first/last point gap = 1.60px (first=(1540.8897,771.4336) last=(1541.2997,769.8836)) -- prompt's assumed x0==x_n-1,y0==y_n-1 invariant does NOT hold for this annotation"
f1e18d29-0432-4894-9639-141ec44eae0c,annotation,"segmentation ring first/last point gap = 2.07px (first=(332.6266,809.6423) last=(332.0866,811.6423)) -- prompt's assumed x0==x_n-1,y0==y_n-1 invariant does NOT hold for this annotation"
fa579752-0fa6-4802-9eec-5d98558875a0,annotation,"segmentation ring first/last point gap = 2.59px (first=(1390.4077,784.2261) last=(1391.0777,781.7261)) -- prompt's assumed x0==x_n-1,y0==y_n-1 invariant does NOT hold for this annotation"
b7fbe21a-bfed-4874-9360-d16c4aafbf07,annotation,"segmentation ring first/last point gap = 4.18px (first=(1104.5317,1817.077) last=(1105.6117,1813.037)) -- prompt's assumed x0==x_n-1,y0==y_n-1 invariant does NOT hold for this annotation"
145297eb-431d-426e-acee-65ac1c652b8d,annotation,"segmentation ring first/last point gap = 1.12px (first=(1600.8604,1300.1923) last=(1600.721,1301.3078)) -- prompt's assumed x0==x_n-1,y0==y_n-1 invariant does NOT hold for this annotation"
782ac718-9fe1-45a1-a031-d25e5447b436,annotation,"segmentation ring first/last point gap = 1.60px (first=(1269.6483,1543.0835) last=(1270.0583,1541.5335)) -- prompt's assumed x0==x_n-1,y0==y_n-1 invariant does NOT hold for this annotation"
bf59bc64-3a68-4ed7-8218-b690196eb42e,annotation,"segmentation ring first/last point gap = 2.59px (first=(502.7981,654.2743) last=(503.4681,651.7743)) -- prompt's assumed x0==x_n-1,y0==y_n-1 invariant does NOT hold for this annotation"
68726409-c7e1-49be-86ae-2ffa556143f7,annotation,"segmentation ring first/last point gap = 2.59px (first=(1387.679,783.986) last=(1388.349,781.486)) -- prompt's assumed x0==x_n-1,y0==y_n-1 invariant does NOT hold for this annotation"
3ed9ddb5-c1f7-4388-977b-ccd196784bfb,annotation,"segmentation ring first/last point gap = 5.00px (first=(1245.0,1562.0) last=(1241.0,1565.0)) -- prompt's assumed x0==x_n-1,y0==y_n-1 invariant does NOT hold for this annotation"
04a87a70-ae01-4199-a3a8-43b4ff99bcff,annotation,"segmentation ring first/last point gap = 2.24px (first=(884.0,1630.0) last=(882.0,1631.0)) -- prompt's assumed x0==x_n-1,y0==y_n-1 invariant does NOT hold for this annotation"
3c7bf013-7cc8-45ae-866b-2697767ab974,annotation,"segmentation ring first/last point gap = 1.83px (first=(1692.9458,675.7288) last=(1691.1781,675.2575)) -- prompt's assumed x0==x_n-1,y0==y_n-1 invariant does NOT hold for this annotation"
88dd66e8-8a14-48dd-8241-0c6a4d0c777d,annotation,"segmentation ring first/last point gap = 2.59px (first=(387.6438,1165.1797) last=(386.9738,1167.6797)) -- prompt's assumed x0==x_n-1,y0==y_n-1 invariant does NOT hold for this annotation"
b46fa8ad-d135-4656-b303-5f44d43f3d6f,annotation,"segmentation ring first/last point gap = 3.50px (first=(820.0,1206.0) last=(822.9088,1204.0608)) -- prompt's assumed x0==x_n-1,y0==y_n-1 invariant does NOT hold for this annotation"
a480ecd3-e81f-4376-b9a9-60cd6e6e54b4,annotation,"segmentation ring first/last point gap = 8.94px (first=(1051.0,911.0) last=(1047.0,919.0)) -- prompt's assumed x0==x_n-1,y0==y_n-1 invariant does NOT hold for this annotation"
00582689-feb5-4938-a39f-e30de6aee50e,annotation,"segmentation ring first/last point gap = 2.01px (first=(1060.4726,1441.3092) last=(1062.0,1440.0)) -- prompt's assumed x0==x_n-1,y0==y_n-1 invariant does NOT hold for this annotation"
d2768d6b-e827-4de0-97e4-c6fd89aee646,annotation,"segmentation ring first/last point gap = 1.60px (first=(1563.4575,875.2063) last=(1563.8675,873.6563)) -- prompt's assumed x0==x_n-1,y0==y_n-1 invariant does NOT hold for this annotation"
2fb70156-7c82-4593-bab0-cc1224560a94,annotation,"segmentation ring first/last point gap = 1.60px (first=(460.4275,1360.5852) last=(460.0175,1362.1352)) -- prompt's assumed x0==x_n-1,y0==y_n-1 invariant does NOT hold for this annotation"
9d0e394e-ca35-4615-a162-ac735e158119,annotation,"segmentation ring first/last point gap = 1.60px (first=(807.1359,934.9458) last=(806.7259,936.4958)) -- prompt's assumed x0==x_n-1,y0==y_n-1 invariant does NOT hold for this annotation"
bb1a8e0a-8c6a-48f2-88cc-1b1be30d492e,annotation,"segmentation ring first/last point gap = 1.60px (first=(1312.8812,1418.8022) last=(1312.4712,1420.3522)) -- prompt's assumed x0==x_n-1,y0==y_n-1 invariant does NOT hold for this annotation"
c05f5ff8-979e-4ec3-8ece-375a70042871,annotation,"segmentation ring first/last point gap = 1.60px (first=(1407.1859,694.6514) last=(1406.7759,696.2014)) -- prompt's assumed x0==x_n-1,y0==y_n-1 invariant does NOT hold for this annotation"
6c328e51-b7f6-46ed-89e5-d1bf7c5db2b3,annotation,"segmentation ring first/last point gap = 1.46px (first=(1849.0402,1242.7693) last=(1848.8303,1244.2172)) -- prompt's assumed x0==x_n-1,y0==y_n-1 invariant does NOT hold for this annotation"
58fc0176-333f-411b-9846-7734a4975856,annotation,"segmentation ring first/last point gap = 1.60px (first=(1013.6603,889.2256) last=(1014.0703,887.6756)) -- prompt's assumed x0==x_n-1,y0==y_n-1 invariant does NOT hold for this annotation"
a233d77d-717e-4795-aac3-4d8a728205bc,annotation,"segmentation ring first/last point gap = 1.04px (first=(1259.1742,1126.0475) last=(1259.4442,1125.0475)) -- prompt's assumed x0==x_n-1,y0==y_n-1 invariant does NOT hold for this annotation"
4308f5b8-04f7-47e2-a5ab-53fda1324358,annotation,"segmentation ring first/last point gap = 2.24px (first=(1308.0,1422.0) last=(1310.0,1421.0)) -- prompt's assumed x0==x_n-1,y0==y_n-1 invariant does NOT hold for this annotation"
ea5e47a9-b6ca-41cb-87a5-ece6acb60d06,annotation,"segmentation ring first/last point gap = 5.66px (first=(461.0,1362.0) last=(457.0,1366.0)) -- prompt's assumed x0==x_n-1,y0==y_n-1 invariant does NOT hold for this annotation"
eca88dc9-b228-4562-8dc8-b8f53d67cae2,annotation,"segmentation ring first/last point gap = 1.04px (first=(533.4538,756.0512) last=(533.1838,757.0512)) -- prompt's assumed x0==x_n-1,y0==y_n-1 invariant does NOT hold for this annotation"
b657a7f7-5a3b-4be4-bd16-85b26a66c8ea,annotation,"segmentation ring first/last point gap = 1.60px (first=(775.1271,1671.0383) last=(774.7171,1672.5883)) -- prompt's assumed x0==x_n-1,y0==y_n-1 invariant does NOT hold for this annotation"
b4358982-ff5b-4294-9b13-7e64aaff3907,annotation,"segmentation ring first/last point gap = 2.59px (first=(1223.0604,1445.68) last=(1223.7304,1443.18)) -- prompt's assumed x0==x_n-1,y0==y_n-1 invariant does NOT hold for this annotation"
ade94ad3-c3f9-43a8-8c66-f89fd2aeb031,annotation,"segmentation ring first/last point gap = 2.59px (first=(558.2081,1156.2642) last=(558.8781,1153.7642)) -- prompt's assumed x0==x_n-1,y0==y_n-1 invariant does NOT hold for this annotation"
82c04f94-4400-4bbb-b3fd-80760d8d5993,annotation,"segmentation ring first/last point gap = 1.60px (first=(1627.183,1117.4201) last=(1627.593,1115.8701)) -- prompt's assumed x0==x_n-1,y0==y_n-1 invariant does NOT hold for this annotation"
82e0f67c-48bb-41e0-9cd4-7358e4ff9123,annotation,"segmentation ring first/last point gap = 1.60px (first=(805.6801,1180.1996) last=(805.2701,1181.7496)) -- prompt's assumed x0==x_n-1,y0==y_n-1 invariant does NOT hold for this annotation"
ab8e0f3e-3cd3-46ed-95d8-0f063b71fc0b,annotation,"segmentation ring first/last point gap = 1.60px (first=(844.5749,1317.359) last=(844.1649,1318.909)) -- prompt's assumed x0==x_n-1,y0==y_n-1 invariant does NOT hold for this annotation"
66804195-b102-43ad-9dd0-3fba5848af62,annotation,"segmentation ring first/last point gap = 5.83px (first=(1180.0,263.0) last=(1183.0,258.0)) -- prompt's assumed x0==x_n-1,y0==y_n-1 invariant does NOT hold for this annotation"
87fc42e2-21dc-4bca-bb23-97963ad0ada4,annotation,"segmentation ring first/last point gap = 1.60px (first=(1343.9311,583.0278) last=(1343.5211,584.5778)) -- prompt's assumed x0==x_n-1,y0==y_n-1 invariant does NOT hold for this annotation"
19c0dbc4-ed20-4060-bcde-05a0d7d95900,annotation,"segmentation ring first/last point gap = 1.60px (first=(1444.2783,937.5718) last=(1444.6883,936.0218)) -- prompt's assumed x0==x_n-1,y0==y_n-1 invariant does NOT hold for this annotation"
c8009ef7-dd58-4f0b-9f30-88fe62019af7,annotation,"segmentation ring first/last point gap = 1.60px (first=(909.6034,834.69) last=(909.1934,836.24)) -- prompt's assumed x0==x_n-1,y0==y_n-1 invariant does NOT hold for this annotation"
e4f8cf65-dbd7-4813-9860-5312f642c786,annotation,"segmentation ring first/last point gap = 1.60px (first=(1158.9608,1123.5307) last=(1159.3708,1121.9807)) -- prompt's assumed x0==x_n-1,y0==y_n-1 invariant does NOT hold for this annotation"
03a2158c-cbd7-4326-92a4-9f2f1d364e24,annotation,"segmentation ring first/last point gap = 1.60px (first=(907.1146,664.1992) last=(907.5246,662.6492)) -- prompt's assumed x0==x_n-1,y0==y_n-1 invariant does NOT hold for this annotation"
d775be63-2a13-4486-92da-7ea61d1b54ae,annotation,"segmentation ring first/last point gap = 2.59px (first=(1404.9157,814.8554) last=(1405.5857,812.3554)) -- prompt's assumed x0==x_n-1,y0==y_n-1 invariant does NOT hold for this annotation"
23fbc392-783c-4a3c-993c-a5652327c514,annotation,"segmentation ring first/last point gap = 2.59px (first=(1640.267,582.6299) last=(1640.937,580.1299)) -- prompt's assumed x0==x_n-1,y0==y_n-1 invariant does NOT hold for this annotation"
4befd9b6-c1bb-47f4-974e-eeba596e668c,annotation,"segmentation ring first/last point gap = 2.24px (first=(640.0,1456.0) last=(639.0,1458.0)) -- prompt's assumed x0==x_n-1,y0==y_n-1 invariant does NOT hold for this annotation"
f11372cd-e20a-4b60-9299-6a5686ec6d03,annotation,"segmentation ring first/last point gap = 4.47px (first=(1049.0,1667.0) last=(1047.0,1671.0)) -- prompt's assumed x0==x_n-1,y0==y_n-1 invariant does NOT hold for this annotation"
598b9537-3c3e-4790-8fb1-a1ab1774967d,annotation,"segmentation ring first/last point gap = 4.24px (first=(715.0,772.0) last=(712.0,775.0)) -- prompt's assumed x0==x_n-1,y0==y_n-1 invariant does NOT hold for this annotation"
542cba53-3a9a-4f48-aadc-3ab81f7bceb2,annotation,"segmentation ring first/last point gap = 2.24px (first=(1801.0,752.0) last=(1800.0,754.0)) -- prompt's assumed x0==x_n-1,y0==y_n-1 invariant does NOT hold for this annotation"
7969a3c9-0638-425b-b952-229ca06f7450,annotation,"segmentation ring first/last point gap = 1.41px (first=(1768.0,847.0) last=(1767.0,848.0)) -- prompt's assumed x0==x_n-1,y0==y_n-1 invariant does NOT hold for this annotation"
0be9547b-7467-4967-bcca-478a55f90731,annotation,"segmentation ring first/last point gap = 4.24px (first=(1576.0,1504.0) last=(1573.0,1507.0)) -- prompt's assumed x0==x_n-1,y0==y_n-1 invariant does NOT hold for this annotation"
4b786204-d8f9-4564-b9f1-748c11360b3b,annotation,"segmentation ring first/last point gap = 1.32px (first=(1352.9315,1008.0685) last=(1352.0,1009.0)) -- prompt's assumed x0==x_n-1,y0==y_n-1 invariant does NOT hold for this annotation"
ef426a8e-0b1a-49b6-9991-600f299565b1,annotation,"segmentation ring first/last point gap = 2.24px (first=(1576.0,855.0) last=(1578.0,854.0)) -- prompt's assumed x0==x_n-1,y0==y_n-1 invariant does NOT hold for this annotation"
c25dae92-35d3-427c-a9f7-41c61769db1a,annotation,"segmentation ring first/last point gap = 1.41px (first=(854.0,484.0) last=(853.0,485.0)) -- prompt's assumed x0==x_n-1,y0==y_n-1 invariant does NOT hold for this annotation"
964d4e8e-2d2c-478b-9533-d7e21158e3c8,annotation,"segmentation ring first/last point gap = 9.04px (first=(1065.9672,519.9267) last=(1057.069,521.497)) -- prompt's assumed x0==x_n-1,y0==y_n-1 invariant does NOT hold for this annotation"
13cbe386-9b97-4a12-a683-ea8aa155c301,annotation,"segmentation ring first/last point gap = 6.71px (first=(1353.0,1024.0) last=(1350.0,1030.0)) -- prompt's assumed x0==x_n-1,y0==y_n-1 invariant does NOT hold for this annotation"
78314be4-6243-45fd-9271-f3f72ce5c294,annotation,"segmentation ring first/last point gap = 2.59px (first=(847.984,803.1892) last=(847.314,805.6892)) -- prompt's assumed x0==x_n-1,y0==y_n-1 invariant does NOT hold for this annotation"
b88e90b7-5959-40bc-af79-f1e4f87b219f,annotation,"segmentation ring first/last point gap = 1.29px (first=(1810.8703,766.9619) last=(1811.2003,765.7119)) -- prompt's assumed x0==x_n-1,y0==y_n-1 invariant does NOT hold for this annotation"
b07578f1-71fe-4b80-8cbc-a8d1af59862a,annotation,"segmentation ring first/last point gap = 1.29px (first=(1589.5463,861.9062) last=(1589.8763,860.6562)) -- prompt's assumed x0==x_n-1,y0==y_n-1 invariant does NOT hold for this annotation"
30590b28-d265-4766-8f93-249cacd0294e,annotation,"segmentation ring first/last point gap = 5.00px (first=(1347.0,1032.0) last=(1350.0,1028.0)) -- prompt's assumed x0==x_n-1,y0==y_n-1 invariant does NOT hold for this annotation"
378263dd-c9d1-422c-b6d5-2c455038c183,annotation,"segmentation ring first/last point gap = 1.29px (first=(1110.1554,1130.8994) last=(1109.8254,1132.1494)) -- prompt's assumed x0==x_n-1,y0==y_n-1 invariant does NOT hold for this annotation"
80aa961b-56e2-4e84-9628-1d26a2867bb9,annotation,"segmentation ring first/last point gap = 1.29px (first=(800.8282,1526.6213) last=(800.4982,1527.8713)) -- prompt's assumed x0==x_n-1,y0==y_n-1 invariant does NOT hold for this annotation"
a6f3fba7-70d5-40c4-a747-4dc3da5ca6e8,annotation,"segmentation ring first/last point gap = 2.24px (first=(595.0,670.0) last=(593.0,671.0)) -- prompt's assumed x0==x_n-1,y0==y_n-1 invariant does NOT hold for this annotation"
546c4173-8643-486e-b819-455dd0643587,annotation,"segmentation ring first/last point gap = 1.41px (first=(702.0,814.0) last=(701.0,815.0)) -- prompt's assumed x0==x_n-1,y0==y_n-1 invariant does NOT hold for this annotation"
968c38a0-afd8-49f2-af0f-93b06f54c682,annotation,"segmentation ring first/last point gap = 5.00px (first=(699.0,816.0) last=(704.0,816.0)) -- prompt's assumed x0==x_n-1,y0==y_n-1 invariant does NOT hold for this annotation"
da0ad2e0-99d1-4718-8650-03ed03298c5e,annotation,"segmentation ring first/last point gap = 2.59px (first=(1533.5957,553.2308) last=(1534.2657,550.7308)) -- prompt's assumed x0==x_n-1,y0==y_n-1 invariant does NOT hold for this annotation"
bb75bbdf-6993-4c35-ad66-47a7ffacfc09,annotation,"segmentation ring first/last point gap = 2.59px (first=(797.7427,1186.7237) last=(798.4127,1184.2237)) -- prompt's assumed x0==x_n-1,y0==y_n-1 invariant does NOT hold for this annotation"
8c1391f4-f30a-4fd9-8c38-04b2e2fd36f9,annotation,"segmentation ring first/last point gap = 2.59px (first=(906.9207,1150.716) last=(907.5907,1148.216)) -- prompt's assumed x0==x_n-1,y0==y_n-1 invariant does NOT hold for this annotation"
424bb55f-7ceb-4c0a-8ec0-d63cf79a5b7f,annotation,"segmentation ring first/last point gap = 2.59px (first=(569.3925,1005.9788) last=(568.7225,1008.4788)) -- prompt's assumed x0==x_n-1,y0==y_n-1 invariant does NOT hold for this annotation"
ed899907-beff-4abe-b9eb-c467557f78e3,annotation,"segmentation ring first/last point gap = 1.39px (first=(329.2317,1111.1183) last=(327.9841,1111.7422)) -- prompt's assumed x0==x_n-1,y0==y_n-1 invariant does NOT hold for this annotation"
f8481535-6b9a-4a93-97b7-dccc39d4b640,annotation,"segmentation ring first/last point gap = 1.04px (first=(1371.6158,1325.1248) last=(1371.3458,1326.1248)) -- prompt's assumed x0==x_n-1,y0==y_n-1 invariant does NOT hold for this annotation"
86244a7c-80d7-4af3-b617-56ab23f61bd9,annotation,"segmentation ring first/last point gap = 2.07px (first=(1074.8794,1759.007) last=(1074.3394,1761.007)) -- prompt's assumed x0==x_n-1,y0==y_n-1 invariant does NOT hold for this annotation"
cf40c0bb-412f-4a91-b299-a2e97b12f38c,annotation,"segmentation ring first/last point gap = 1.29px (first=(1182.9609,688.7732) last=(1182.6309,690.0232)) -- prompt's assumed x0==x_n-1,y0==y_n-1 invariant does NOT hold for this annotation"
e88a6701-1650-4164-8fd2-8d3b5805ffe7,annotation,"segmentation ring first/last point gap = 1.29px (first=(1144.6777,614.1168) last=(1145.0077,612.8668)) -- prompt's assumed x0==x_n-1,y0==y_n-1 invariant does NOT hold for this annotation"
a8f7cc5b-e46b-489a-a818-0619c501d928,annotation,"segmentation ring first/last point gap = 1.29px (first=(892.7131,944.91) last=(892.3831,946.16)) -- prompt's assumed x0==x_n-1,y0==y_n-1 invariant does NOT hold for this annotation"
8cf63c0c-d012-43b8-8bb0-65858f12969d,annotation,"segmentation ring first/last point gap = 1.55px (first=(434.2985,681.0567) last=(434.6985,679.5567)) -- prompt's assumed x0==x_n-1,y0==y_n-1 invariant does NOT hold for this annotation"
00001950-66d7-4923-9e53-abcf09398704,annotation,"segmentation ring first/last point gap = 2.01px (first=(428.6813,682.4858) last=(429.0915,680.5172)) -- prompt's assumed x0==x_n-1,y0==y_n-1 invariant does NOT hold for this annotation"
34278148-adc3-41c2-997d-b78a5f70f552,annotation,"segmentation ring first/last point gap = 1.60px (first=(1035.9286,1198.2828) last=(1035.5186,1199.8328)) -- prompt's assumed x0==x_n-1,y0==y_n-1 invariant does NOT hold for this annotation"
fc52b1d4-094a-4174-a75c-cb5fe71d437a,annotation,"segmentation ring first/last point gap = 1.60px (first=(752.9977,433.6519) last=(753.4077,432.1019)) -- prompt's assumed x0==x_n-1,y0==y_n-1 invariant does NOT hold for this annotation"
4ce54889-3c09-41ac-aa62-702d28f6920d,annotation,"segmentation ring first/last point gap = 1.60px (first=(1637.2783,1421.47) last=(1637.6883,1419.92)) -- prompt's assumed x0==x_n-1,y0==y_n-1 invariant does NOT hold for this annotation"
96636dcc-8d2b-4467-932a-42a279a32ce3,annotation,"segmentation ring first/last point gap = 1.60px (first=(785.3949,811.0984) last=(784.9849,812.6484)) -- prompt's assumed x0==x_n-1,y0==y_n-1 invariant does NOT hold for this annotation"
739c05c2-9d56-4fe4-a7fa-2719de51fe98,annotation,"segmentation ring first/last point gap = 4.47px (first=(653.0,1013.0) last=(649.0,1015.0)) -- prompt's assumed x0==x_n-1,y0==y_n-1 invariant does NOT hold for this annotation"
fe629726-2ef6-4fd2-9418-4ad94d687d4c,annotation,"segmentation ring first/last point gap = 1.16px (first=(982.8366,1115.0402) last=(983.0632,1113.9073)) -- prompt's assumed x0==x_n-1,y0==y_n-1 invariant does NOT hold for this annotation"
316e3741-72a1-4acc-8417-416fd4bf6f89,annotation,"segmentation ring first/last point gap = 5.83px (first=(1371.0,1354.0) last=(1368.0,1359.0)) -- prompt's assumed x0==x_n-1,y0==y_n-1 invariant does NOT hold for this annotation"
cc53e4d0-0547-453f-a627-facd5b8bb365,annotation,"segmentation ring first/last point gap = 1.48px (first=(1696.5645,733.9184) last=(1698.0,733.5387)) -- prompt's assumed x0==x_n-1,y0==y_n-1 invariant does NOT hold for this annotation"
fb826fdf-e5db-4ea3-a24c-63ba9a23a047,annotation,"segmentation ring first/last point gap = 5.00px (first=(1301.0,561.6741) last=(1296.0046,561.6741)) -- prompt's assumed x0==x_n-1,y0==y_n-1 invariant does NOT hold for this annotation"
d5db3d80-70d7-45fd-ae8e-09786be52689,annotation,"segmentation ring first/last point gap = 1.04px (first=(1371.533,1350.9238) last=(1371.3284,1351.9467)) -- prompt's assumed x0==x_n-1,y0==y_n-1 invariant does NOT hold for this annotation"
49cb613f-0fa2-4baf-bc8d-2c288afd7282,annotation,"segmentation ring first/last point gap = 1.60px (first=(630.4275,999.4008) last=(630.0175,1000.9508)) -- prompt's assumed x0==x_n-1,y0==y_n-1 invariant does NOT hold for this annotation"
dbbbf1cb-8316-448b-ac7b-31e4707bcc31,annotation,"segmentation ring first/last point gap = 1.41px (first=(1369.0,1354.0) last=(1370.0,1353.0)) -- prompt's assumed x0==x_n-1,y0==y_n-1 invariant does NOT hold for this annotation"
0a2630cf-f532-4d1b-a48a-b98bd420cdb5,annotation,"segmentation ring first/last point gap = 6.40px (first=(555.0,1318.0) last=(560.0,1314.0)) -- prompt's assumed x0==x_n-1,y0==y_n-1 invariant does NOT hold for this annotation"
e3c04c07-8b24-4050-83c1-840983f134e5,annotation,"segmentation ring first/last point gap = 1.41px (first=(380.0,649.0) last=(381.0,648.0)) -- prompt's assumed x0==x_n-1,y0==y_n-1 invariant does NOT hold for this annotation"
7afc8c33-67b8-4641-a983-44d5c1b2fbcc,annotation,"segmentation ring first/last point gap = 2.95px (first=(540.5152,1156.9088) last=(541.0,1154.0)) -- prompt's assumed x0==x_n-1,y0==y_n-1 invariant does NOT hold for this annotation"
930a82d4-3ac2-43bf-8692-b41d45c6a33e,annotation,"segmentation ring first/last point gap = 4.47px (first=(1291.0,1701.0) last=(1289.0,1705.0)) -- prompt's assumed x0==x_n-1,y0==y_n-1 invariant does NOT hold for this annotation"
0074683e-3f67-49cd-9425-1a837f928eea,annotation,"segmentation ring first/last point gap = 1.41px (first=(532.0,1162.0) last=(531.0,1163.0)) -- prompt's assumed x0==x_n-1,y0==y_n-1 invariant does NOT hold for this annotation"
d44f9bf0-fae8-4518-b313-3a3d33ae8eb1,annotation,"segmentation ring first/last point gap = 4.47px (first=(1401.0,474.0) last=(1403.0,470.0)) -- prompt's assumed x0==x_n-1,y0==y_n-1 invariant does NOT hold for this annotation"
7d144333-0558-40da-99f5-cf49d531d386,annotation,"segmentation ring first/last point gap = 3.61px (first=(1075.0,1258.0) last=(1077.0,1255.0)) -- prompt's assumed x0==x_n-1,y0==y_n-1 invariant does NOT hold for this annotation"
16d95191-49b3-49a0-9b4a-b46d6a206c59,annotation,"segmentation ring first/last point gap = 1.41px (first=(732.0,1296.0) last=(731.0,1297.0)) -- prompt's assumed x0==x_n-1,y0==y_n-1 invariant does NOT hold for this annotation"
299e84b0-9237-4468-88b5-14a021d6cd50,annotation,"segmentation ring first/last point gap = 2.59px (first=(1218.9075,525.8366) last=(1219.5775,523.3366)) -- prompt's assumed x0==x_n-1,y0==y_n-1 invariant does NOT hold for this annotation"
e97d61b0-8f4e-45e8-9375-a9c2cb693695,annotation,"segmentation ring first/last point gap = 2.59px (first=(461.4484,767.6334) last=(460.7784,770.1334)) -- prompt's assumed x0==x_n-1,y0==y_n-1 invariant does NOT hold for this annotation"
9331be0d-653e-4f85-acb9-14f654615563,annotation,"segmentation ring first/last point gap = 2.48px (first=(1010.3063,791.8267) last=(1010.9496,789.4265)) -- prompt's assumed x0==x_n-1,y0==y_n-1 invariant does NOT hold for this annotation"
fbd81c87-521d-40b5-ba12-244b8ee6b836,annotation,"segmentation ring first/last point gap = 1.60px (first=(1640.1669,1482.8821) last=(1639.7569,1484.4321)) -- prompt's assumed x0==x_n-1,y0==y_n-1 invariant does NOT hold for this annotation"
0079fb70-0d5d-48f4-8786-7087dd295894,annotation,"segmentation ring first/last point gap = 1.41px (first=(1585.0,663.0) last=(1586.0,662.0)) -- prompt's assumed x0==x_n-1,y0==y_n-1 invariant does NOT hold for this annotation"
a06eebb0-f9d8-4fd3-b3bc-483bfa3e13fa,annotation,"segmentation ring first/last point gap = 1.41px (first=(822.0,593.0) last=(821.0,594.0)) -- prompt's assumed x0==x_n-1,y0==y_n-1 invariant does NOT hold for this annotation"
79864a7b-d51f-4fac-909f-3376ae774dbb,annotation,"segmentation ring first/last point gap = 2.66px (first=(1426.2702,1457.5543) last=(1427.0,1455.0)) -- prompt's assumed x0==x_n-1,y0==y_n-1 invariant does NOT hold for this annotation"
d4a22e53-851d-4152-8aa3-1076f20943af,annotation,"segmentation ring first/last point gap = 9.00px (first=(1206.0,707.0) last=(1197.0,707.0)) -- prompt's assumed x0==x_n-1,y0==y_n-1 invariant does NOT hold for this annotation"
2a781b05-cd53-47ac-9328-5e3f8daca3aa,annotation,"segmentation ring first/last point gap = 9.90px (first=(1584.6586,656.1213) last=(1584.0,666.0)) -- prompt's assumed x0==x_n-1,y0==y_n-1 invariant does NOT hold for this annotation"
9f509ba6-760d-49e6-bd3e-77d34886613a,annotation,"segmentation ring first/last point gap = 1.41px (first=(1391.0,1471.0) last=(1390.0,1472.0)) -- prompt's assumed x0==x_n-1,y0==y_n-1 invariant does NOT hold for this annotation"
67f83a22-4b2d-4051-b48e-1b044a8e881e,annotation,"segmentation ring first/last point gap = 2.83px (first=(822.0,592.0) last=(820.0,594.0)) -- prompt's assumed x0==x_n-1,y0==y_n-1 invariant does NOT hold for this annotation"
9adf9dfb-a0c8-434d-b9a8-f96d3a42bb90,annotation,"segmentation ring first/last point gap = 5.20px (first=(908.6769,745.6769) last=(905.0,742.0)) -- prompt's assumed x0==x_n-1,y0==y_n-1 invariant does NOT hold for this annotation"
113e5892-45f9-429a-b9e0-f0de37a92eff,annotation,"segmentation ring first/last point gap = 1.14px (first=(1312.0,591.0) last=(1311.1963,591.8037)) -- prompt's assumed x0==x_n-1,y0==y_n-1 invariant does NOT hold for this annotation"
cfa36035-e0bf-4761-8878-ca49aca6c394,annotation,"segmentation ring first/last point gap = 4.24px (first=(947.0,1242.0) last=(950.0,1239.0)) -- prompt's assumed x0==x_n-1,y0==y_n-1 invariant does NOT hold for this annotation"
44e6c2fe-802a-484f-b5ce-504a81d5cb85,annotation,"segmentation ring first/last point gap = 1.41px (first=(1409.0,775.0) last=(1408.0,776.0)) -- prompt's assumed x0==x_n-1,y0==y_n-1 invariant does NOT hold for this annotation"
28d1bac3-12ac-4231-b62a-59cdddd0930b,annotation,"segmentation ring first/last point gap = 1.41px (first=(1492.0,1255.0) last=(1493.0,1254.0)) -- prompt's assumed x0==x_n-1,y0==y_n-1 invariant does NOT hold for this annotation"
c69ae8ae-dd1d-4c9a-b36e-223436e6bd5d,annotation,"segmentation ring first/last point gap = 1.60px (first=(1430.1317,694.7214) last=(1429.7217,696.2714)) -- prompt's assumed x0==x_n-1,y0==y_n-1 invariant does NOT hold for this annotation"
421c3c67-fad0-4e8d-a2e0-9cb76eb1428a,annotation,"segmentation ring first/last point gap = 1.60px (first=(1213.9277,854.4839) last=(1213.5177,856.0339)) -- prompt's assumed x0==x_n-1,y0==y_n-1 invariant does NOT hold for this annotation"
992b43c3-0d1d-4764-b905-fd39fc4d94fd,annotation,"segmentation ring first/last point gap = 1.60px (first=(482.4666,644.1074) last=(482.0566,645.6574)) -- prompt's assumed x0==x_n-1,y0==y_n-1 invariant does NOT hold for this annotation"
119402da-08e1-499f-939c-7b4de979921c,annotation,"segmentation ring first/last point gap = 1.60px (first=(1615.3937,781.0644) last=(1614.9837,782.6144)) -- prompt's assumed x0==x_n-1,y0==y_n-1 invariant does NOT hold for this annotation"
9e23b211-c549-48b8-94b3-76d0862e6e39,annotation,"segmentation ring first/last point gap = 1.60px (first=(569.8757,1372.2732) last=(569.4657,1373.8232)) -- prompt's assumed x0==x_n-1,y0==y_n-1 invariant does NOT hold for this annotation"
6f8c17aa-69d5-4756-943e-b85d654eb011,annotation,"segmentation ring first/last point gap = 6.71px (first=(555.0,764.0) last=(549.0,767.0)) -- prompt's assumed x0==x_n-1,y0==y_n-1 invariant does NOT hold for this annotation"
39fa8f66-39ce-44c3-9e3c-e67d2786827a,annotation,"segmentation ring first/last point gap = 1.60px (first=(697.4804,1289.5987) last=(697.0704,1291.1487)) -- prompt's assumed x0==x_n-1,y0==y_n-1 invariant does NOT hold for this annotation"
a5b54975-5eff-4dac-90ee-95ee738cac1a,annotation,"segmentation ring first/last point gap = 1.60px (first=(1040.7784,1304.3798) last=(1041.1884,1302.8298)) -- prompt's assumed x0==x_n-1,y0==y_n-1 invariant does NOT hold for this annotation"
7ed0eb79-2670-448f-94a7-e5f003ee1aec,annotation,"segmentation ring first/last point gap = 2.59px (first=(407.5327,998.0714) last=(406.8627,1000.5714)) -- prompt's assumed x0==x_n-1,y0==y_n-1 invariant does NOT hold for this annotation"
1dd96f4e-2c28-4cc2-8743-77f08621fa0e,annotation,"segmentation ring first/last point gap = 2.59px (first=(464.3471,1279.0717) last=(465.0171,1276.5717)) -- prompt's assumed x0==x_n-1,y0==y_n-1 invariant does NOT hold for this annotation"
346b00f6-76cc-4ac9-a190-4d3fd82b0a89,annotation,"segmentation ring first/last point gap = 2.59px (first=(863.5508,911.9095) last=(864.2208,909.4095)) -- prompt's assumed x0==x_n-1,y0==y_n-1 invariant does NOT hold for this annotation"
5d6f70a5-9674-4958-95bc-b8d9fb669f59,annotation,"segmentation ring first/last point gap = 2.59px (first=(526.6964,893.2293) last=(526.0264,895.7293)) -- prompt's assumed x0==x_n-1,y0==y_n-1 invariant does NOT hold for this annotation"
bbb1d763-1a48-4b93-bad5-ed493716801e,annotation,"segmentation ring first/last point gap = 2.59px (first=(1101.5696,609.48) last=(1102.2396,606.98)) -- prompt's assumed x0==x_n-1,y0==y_n-1 invariant does NOT hold for this annotation"
434075f5-4581-476a-8e92-fef1892ebc30,annotation,"segmentation ring first/last point gap = 2.59px (first=(1825.7254,1336.2779) last=(1825.0554,1338.7779)) -- prompt's assumed x0==x_n-1,y0==y_n-1 invariant does NOT hold for this annotation"
e10a129c-e37b-4d9a-95a6-1091fa196494,annotation,"segmentation ring first/last point gap = 2.59px (first=(1733.727,1178.4265) last=(1733.057,1180.9265)) -- prompt's assumed x0==x_n-1,y0==y_n-1 invariant does NOT hold for this annotation"
f87adb51-3694-4910-9bbc-a5694114ca3d,annotation,"segmentation ring first/last point gap = 2.59px (first=(1627.6715,1555.4147) last=(1627.0015,1557.9147)) -- prompt's assumed x0==x_n-1,y0==y_n-1 invariant does NOT hold for this annotation"
d8bf2845-15d0-46d6-8a44-d4fbd1e3124f,annotation,"segmentation ring first/last point gap = 2.59px (first=(1529.5476,1406.8189) last=(1530.2176,1404.3189)) -- prompt's assumed x0==x_n-1,y0==y_n-1 invariant does NOT hold for this annotation"
4345d1f0-6b30-4d57-861d-4832b3e49b0c,annotation,"segmentation ring first/last point gap = 1.09px (first=(1073.0691,818.658) last=(1073.3506,817.6077)) -- prompt's assumed x0==x_n-1,y0==y_n-1 invariant does NOT hold for this annotation"
b4d77792-dede-4468-b225-8aa3a56cad6f,annotation,"segmentation ring first/last point gap = 4.18px (first=(1181.0325,1402.3527) last=(1179.9525,1406.3927)) -- prompt's assumed x0==x_n-1,y0==y_n-1 invariant does NOT hold for this annotation"
858b69bb-eda7-4664-92ea-c388a66e77c5,annotation,"segmentation ring first/last point gap = 1.60px (first=(1474.2053,594.785) last=(1473.7953,596.335)) -- prompt's assumed x0==x_n-1,y0==y_n-1 invariant does NOT hold for this annotation"
6541d803-e94f-428b-b905-0287ee52e822,annotation,"segmentation ring first/last point gap = 1.89px (first=(660.9113,1804.9129) last=(662.3655,1803.701)) -- prompt's assumed x0==x_n-1,y0==y_n-1 invariant does NOT hold for this annotation"
9f7a394a-ea92-41e9-87df-524b8bce5413,annotation,"segmentation ring first/last point gap = 1.04px (first=(774.7167,1678.2732) last=(774.4467,1679.2732)) -- prompt's assumed x0==x_n-1,y0==y_n-1 invariant does NOT hold for this annotation"
ab18f2ef-dd31-4706-ad8d-7f2e580a10f1,annotation,"segmentation ring first/last point gap = 2.59px (first=(1555.3872,607.3847) last=(1554.7172,609.8847)) -- prompt's assumed x0==x_n-1,y0==y_n-1 invariant does NOT hold for this annotation"
fa1800bd-7fbf-4af3-ad42-03436bded667,annotation,"segmentation ring first/last point gap = 5.66px (first=(920.3065,242.589) last=(925.1944,239.7435)) -- prompt's assumed x0==x_n-1,y0==y_n-1 invariant does NOT hold for this annotation"
d24d4cef-a739-4233-8b8e-b85fd5f94477,annotation,"segmentation ring first/last point gap = 1.60px (first=(662.8459,405.9581) last=(662.4359,407.5081)) -- prompt's assumed x0==x_n-1,y0==y_n-1 invariant does NOT hold for this annotation"
a6ce877e-dea7-4f92-b6bb-06ff4b9a5270,annotation,"segmentation ring first/last point gap = 1.60px (first=(1170.9964,954.5397) last=(1171.4064,952.9897)) -- prompt's assumed x0==x_n-1,y0==y_n-1 invariant does NOT hold for this annotation"
5b6753b1-ae48-4e8a-97e0-e928e4baaff1,annotation,"segmentation ring first/last point gap = 2.59px (first=(439.3229,1388.4803) last=(438.6529,1390.9803)) -- prompt's assumed x0==x_n-1,y0==y_n-1 invariant does NOT hold for this annotation"
ca6edfe9-df79-4085-b481-41d0466198b3,annotation,"segmentation ring first/last point gap = 1.04px (first=(1226.2912,631.3589) last=(1226.0212,632.3589)) -- prompt's assumed x0==x_n-1,y0==y_n-1 invariant does NOT hold for this annotation"
b0a38a7d-1d6a-4549-83c0-7f1a6cafb012,annotation,"segmentation ring first/last point gap = 1.04px (first=(1122.0437,1500.2731) last=(1121.7737,1501.2731)) -- prompt's assumed x0==x_n-1,y0==y_n-1 invariant does NOT hold for this annotation"
fadeeceb-164b-40f7-9caf-e334fc261921,annotation,"segmentation ring first/last point gap = 1.04px (first=(663.6838,411.2104) last=(663.9538,410.2104)) -- prompt's assumed x0==x_n-1,y0==y_n-1 invariant does NOT hold for this annotation"
9033e5eb-0d15-4158-a981-67eee4338e70,annotation,"segmentation ring first/last point gap = 1.04px (first=(1617.2747,505.7719) last=(1617.5447,504.7719)) -- prompt's assumed x0==x_n-1,y0==y_n-1 invariant does NOT hold for this annotation"
9ee077e2-dc1e-4d3a-a7ec-fe1438d31b98,annotation,"segmentation ring first/last point gap = 1.04px (first=(1686.3171,728.2421) last=(1686.5871,727.2421)) -- prompt's assumed x0==x_n-1,y0==y_n-1 invariant does NOT hold for this annotation"
0ce0083d-2a2f-4e5e-be88-8dc5ea8e55c2,annotation,"segmentation ring first/last point gap = 1.60px (first=(1092.773,980.5285) last=(1093.183,978.9785)) -- prompt's assumed x0==x_n-1,y0==y_n-1 invariant does NOT hold for this annotation"
e2c561c4-b7c9-4e3d-a4cd-260d320a5721,annotation,"segmentation ring first/last point gap = 2.59px (first=(1590.1974,1319.0146) last=(1590.8674,1316.5146)) -- prompt's assumed x0==x_n-1,y0==y_n-1 invariant does NOT hold for this annotation"
916ac806-39f2-44a5-b459-f0fa4bbddb7f,annotation,"segmentation ring first/last point gap = 2.83px (first=(498.0,786.0) last=(496.0,788.0)) -- prompt's assumed x0==x_n-1,y0==y_n-1 invariant does NOT hold for this annotation"
fc47d938-6746-494c-ab20-918027c50acc,annotation,"segmentation ring first/last point gap = 1.41px (first=(1030.0,948.0) last=(1029.0,949.0)) -- prompt's assumed x0==x_n-1,y0==y_n-1 invariant does NOT hold for this annotation"
5719934f-afe0-4050-bd48-89fedf208b31,annotation,"segmentation ring first/last point gap = 5.00px (first=(478.0,566.0) last=(481.0,562.0)) -- prompt's assumed x0==x_n-1,y0==y_n-1 invariant does NOT hold for this annotation"
2558abe8-38dd-40d3-9682-b5460f64a085,annotation,"segmentation ring first/last point gap = 8.49px (first=(1002.0,713.0) last=(996.0,719.0)) -- prompt's assumed x0==x_n-1,y0==y_n-1 invariant does NOT hold for this annotation"
66c0da44-e645-4507-9f2e-253f24f2b8d3,annotation,"segmentation ring first/last point gap = 2.24px (first=(498.0,788.0) last=(499.0,786.0)) -- prompt's assumed x0==x_n-1,y0==y_n-1 invariant does NOT hold for this annotation"
01b88259-5b52-4a02-b3a0-6797115cc09d,annotation,"segmentation ring first/last point gap = 4.18px (first=(1548.9996,1619.1354) last=(1550.0796,1615.0954)) -- prompt's assumed x0==x_n-1,y0==y_n-1 invariant does NOT hold for this annotation"
ec8410fc-c1b1-42a5-9448-5a14cc600f3c,annotation,"segmentation ring first/last point gap = 1.60px (first=(1550.8211,631.5788) last=(1550.4111,633.1288)) -- prompt's assumed x0==x_n-1,y0==y_n-1 invariant does NOT hold for this annotation"
9430bdc6-cbd4-46a6-b994-d060547ded19,annotation,"segmentation ring first/last point gap = 1.56px (first=(537.8975,665.0) last=(536.3355,665.0)) -- prompt's assumed x0==x_n-1,y0==y_n-1 invariant does NOT hold for this annotation"
57086f53-3ed3-46a6-b0cd-fafce287644c,annotation,"segmentation ring first/last point gap = 4.18px (first=(959.7418,957.1716) last=(958.6618,961.2116)) -- prompt's assumed x0==x_n-1,y0==y_n-1 invariant does NOT hold for this annotation"
dc9ec286-6ce2-4c0f-87ff-71cd164b3a02,annotation,"segmentation ring first/last point gap = 2.59px (first=(520.0371,1075.2667) last=(519.3671,1077.7667)) -- prompt's assumed x0==x_n-1,y0==y_n-1 invariant does NOT hold for this annotation"
a6fb3387-814d-4ac5-aa62-24b5a6d4e393,annotation,"segmentation ring first/last point gap = 2.59px (first=(485.2046,1302.9698) last=(485.8746,1300.4698)) -- prompt's assumed x0==x_n-1,y0==y_n-1 invariant does NOT hold for this annotation"
319eec94-5f71-4e91-bd24-c9ea4bfa4fb9,annotation,"segmentation ring first/last point gap = 1.39px (first=(930.0,1125.0) last=(928.713,1125.5148)) -- prompt's assumed x0==x_n-1,y0==y_n-1 invariant does NOT hold for this annotation"
c8fda378-92d0-4192-b4f7-9e988586dac3,annotation,"segmentation ring first/last point gap = 3.09px (first=(404.5828,1365.2969) last=(406.1428,1362.6327)) -- prompt's assumed x0==x_n-1,y0==y_n-1 invariant does NOT hold for this annotation"
9f16167d-a57c-4769-b05d-7de878c3b402,annotation,"segmentation ring first/last point gap = 1.60px (first=(1017.008,1128.1233) last=(1017.418,1126.5733)) -- prompt's assumed x0==x_n-1,y0==y_n-1 invariant does NOT hold for this annotation"
23688446-3734-4c89-9480-c4b025e6489a,annotation,"segmentation ring first/last point gap = 6.40px (first=(794.0,1274.0) last=(790.0,1279.0)) -- prompt's assumed x0==x_n-1,y0==y_n-1 invariant does NOT hold for this annotation"
26ad887f-2140-424a-a654-ad488ca65730,annotation,"segmentation ring first/last point gap = 1.60px (first=(1180.6968,673.8109) last=(1180.2868,675.3609)) -- prompt's assumed x0==x_n-1,y0==y_n-1 invariant does NOT hold for this annotation"
e8fc8f60-93a4-4786-85b6-97a8f04659dd,annotation,"segmentation ring first/last point gap = 1.29px (first=(1482.0773,1175.5007) last=(1481.8242,1176.7663)) -- prompt's assumed x0==x_n-1,y0==y_n-1 invariant does NOT hold for this annotation"
5117223a-ce4a-4dbe-861a-b0c6402c8c3b,annotation,"segmentation ring first/last point gap = 1.60px (first=(856.8023,1243.4155) last=(857.2123,1241.8655)) -- prompt's assumed x0==x_n-1,y0==y_n-1 invariant does NOT hold for this annotation"
f23efc03-8b8c-4877-9583-1051440d669d,annotation,"segmentation ring first/last point gap = 1.41px (first=(1387.0,1201.0) last=(1386.0,1202.0)) -- prompt's assumed x0==x_n-1,y0==y_n-1 invariant does NOT hold for this annotation"
5a5c10fb-48ba-4e0c-83d8-067057bb7938,annotation,"segmentation ring first/last point gap = 1.20px (first=(1483.4795,1201.6183) last=(1483.0336,1202.7333)) -- prompt's assumed x0==x_n-1,y0==y_n-1 invariant does NOT hold for this annotation"
9985b9f1-c432-465f-8301-286e6cc9f0bf,annotation,"segmentation ring first/last point gap = 1.60px (first=(1388.3792,1196.3926) last=(1387.9692,1197.9426)) -- prompt's assumed x0==x_n-1,y0==y_n-1 invariant does NOT hold for this annotation"
d4fe88c3-0a9d-4969-bae4-acdeec3e21d4,annotation,"segmentation ring first/last point gap = 2.83px (first=(853.0,1249.0) last=(851.0,1251.0)) -- prompt's assumed x0==x_n-1,y0==y_n-1 invariant does NOT hold for this annotation"
969fb632-2a14-468b-9516-653c6f34bddd,annotation,"segmentation ring first/last point gap = 2.59px (first=(406.4407,836.3452) last=(407.1107,833.8452)) -- prompt's assumed x0==x_n-1,y0==y_n-1 invariant does NOT hold for this annotation"
01a7e552-a163-446f-b24a-3d461e6d2a20,annotation,"segmentation ring first/last point gap = 2.59px (first=(1487.6876,437.9083) last=(1488.3576,435.4083)) -- prompt's assumed x0==x_n-1,y0==y_n-1 invariant does NOT hold for this annotation"
99c76ca6-c04d-4693-a150-0a3161885666,annotation,"segmentation ring first/last point gap = 3.61px (first=(1639.0,813.0) last=(1637.0,816.0)) -- prompt's assumed x0==x_n-1,y0==y_n-1 invariant does NOT hold for this annotation"
01f939d5-9510-4f5b-9ef5-05db743e1722,annotation,"segmentation ring first/last point gap = 4.24px (first=(1815.0,919.0) last=(1812.0,922.0)) -- prompt's assumed x0==x_n-1,y0==y_n-1 invariant does NOT hold for this annotation"
b1aacbeb-06f0-4915-93a3-ac3baa0a1af6,annotation,"segmentation ring first/last point gap = 1.60px (first=(887.2257,1030.8731) last=(886.8157,1032.4231)) -- prompt's assumed x0==x_n-1,y0==y_n-1 invariant does NOT hold for this annotation"
9bcb4382-b52e-424b-945a-6e03c803bce3,annotation,"segmentation ring first/last point gap = 1.41px (first=(1832.0,924.0) last=(1831.0,925.0)) -- prompt's assumed x0==x_n-1,y0==y_n-1 invariant does NOT hold for this annotation"
e35ffc06-5c48-424f-9acb-4e218950d58c,annotation,"segmentation ring first/last point gap = 1.41px (first=(1642.0,819.0) last=(1643.0,818.0)) -- prompt's assumed x0==x_n-1,y0==y_n-1 invariant does NOT hold for this annotation"
a4b0793c-2ecc-4411-9919-20a005a37bd0,annotation,"segmentation ring first/last point gap = 1.60px (first=(1537.2365,1620.0867) last=(1537.6465,1618.5367)) -- prompt's assumed x0==x_n-1,y0==y_n-1 invariant does NOT hold for this annotation"
16b44992-9083-4341-9f43-cc363b47f7e2,annotation,"segmentation ring first/last point gap = 1.60px (first=(875.5195,344.6585) last=(875.9295,343.1085)) -- prompt's assumed x0==x_n-1,y0==y_n-1 invariant does NOT hold for this annotation"
c7716d2f-4c22-4adf-9499-78e3f8a4cbc5,annotation,"segmentation ring first/last point gap = 1.60px (first=(706.9691,748.7372) last=(706.5591,750.2872)) -- prompt's assumed x0==x_n-1,y0==y_n-1 invariant does NOT hold for this annotation"
e5e6b95a-c41d-47fd-a4e7-b709e41d573d,annotation,"segmentation ring first/last point gap = 1.60px (first=(1195.7996,1457.025) last=(1195.3896,1458.575)) -- prompt's assumed x0==x_n-1,y0==y_n-1 invariant does NOT hold for this annotation"
17201442-7e30-4628-b8c4-89c1ec5092fe,annotation,"segmentation ring first/last point gap = 1.25px (first=(646.0009,1077.7493) last=(647.0,1077.0)) -- prompt's assumed x0==x_n-1,y0==y_n-1 invariant does NOT hold for this annotation"
39c77852-da6b-479f-b2f3-d89255925af4,annotation,"segmentation ring first/last point gap = 1.41px (first=(959.0,1428.0) last=(958.0,1429.0)) -- prompt's assumed x0==x_n-1,y0==y_n-1 invariant does NOT hold for this annotation"
cf8ac4d7-20d8-4e02-8757-52e45c1bbe9d,annotation,"segmentation ring first/last point gap = 1.00px (first=(723.3299,1293.8565) last=(723.0702,1294.8255)) -- prompt's assumed x0==x_n-1,y0==y_n-1 invariant does NOT hold for this annotation"
6a567c8f-2ad9-4904-93b5-086b58565165,annotation,"segmentation ring first/last point gap = 2.83px (first=(1121.0,1114.0) last=(1119.0,1116.0)) -- prompt's assumed x0==x_n-1,y0==y_n-1 invariant does NOT hold for this annotation"
6de7038c-9698-4b67-892c-0933bd8ddbae,annotation,"segmentation ring first/last point gap = 1.41px (first=(791.0,1646.0) last=(792.0,1645.0)) -- prompt's assumed x0==x_n-1,y0==y_n-1 invariant does NOT hold for this annotation"
a8052d90-85e2-432b-886d-55bbeb386d20,annotation,"segmentation ring first/last point gap = 2.83px (first=(1462.0,1196.0) last=(1464.0,1198.0)) -- prompt's assumed x0==x_n-1,y0==y_n-1 invariant does NOT hold for this annotation"
28c7a17b-5589-498a-8c51-16e373fc0427,annotation,"segmentation ring first/last point gap = 1.07px (first=(646.6384,1075.6283) last=(646.7629,1074.5701)) -- prompt's assumed x0==x_n-1,y0==y_n-1 invariant does NOT hold for this annotation"
4d8bd56a-3360-4ddf-84c8-8f558486279d,annotation,"segmentation ring first/last point gap = 1.60px (first=(1431.8922,1002.5017) last=(1431.4822,1004.0517)) -- prompt's assumed x0==x_n-1,y0==y_n-1 invariant does NOT hold for this annotation"
bc929ebf-331a-4d93-957b-87757887744e,annotation,"segmentation ring first/last point gap = 1.60px (first=(1172.6901,1316.3763) last=(1172.2801,1317.9263)) -- prompt's assumed x0==x_n-1,y0==y_n-1 invariant does NOT hold for this annotation"
baa2f234-53df-4e75-9ae2-3acfad696df1,annotation,"segmentation ring first/last point gap = 1.60px (first=(1728.5001,1135.3886) last=(1728.9101,1133.8386)) -- prompt's assumed x0==x_n-1,y0==y_n-1 invariant does NOT hold for this annotation"
149c55a4-cc45-4083-a913-14b19cba2708,annotation,"segmentation ring first/last point gap = 1.60px (first=(1445.7487,1111.379) last=(1445.3387,1112.929)) -- prompt's assumed x0==x_n-1,y0==y_n-1 invariant does NOT hold for this annotation"
ec311e1a-9a4f-452a-afa7-d796941c5e69,annotation,"segmentation ring first/last point gap = 2.74px (first=(1589.5695,1173.1879) last=(1587.951,1175.4049)) -- prompt's assumed x0==x_n-1,y0==y_n-1 invariant does NOT hold for this annotation"
69d02783-a33b-4575-82f9-20d585f8e7c4,annotation,"segmentation ring first/last point gap = 1.22px (first=(603.0,1138.0) last=(602.1385,1138.8615)) -- prompt's assumed x0==x_n-1,y0==y_n-1 invariant does NOT hold for this annotation"
1a798e8b-b999-4cec-b8f8-7e19fb4cf4b3,annotation,"segmentation ring first/last point gap = 4.24px (first=(1191.0,1466.0) last=(1194.0,1463.0)) -- prompt's assumed x0==x_n-1,y0==y_n-1 invariant does NOT hold for this annotation"
83511866-605f-4143-821e-09ff0a515bfa,annotation,"segmentation ring first/last point gap = 2.83px (first=(958.0,1433.0) last=(956.0,1435.0)) -- prompt's assumed x0==x_n-1,y0==y_n-1 invariant does NOT hold for this annotation"
1181a5c9-7d9d-4c62-91a3-8dc26e784f76,annotation,"segmentation ring first/last point gap = 2.83px (first=(1456.0,1209.0) last=(1458.0,1207.0)) -- prompt's assumed x0==x_n-1,y0==y_n-1 invariant does NOT hold for this annotation"
ffb525e8-2f31-4df1-8ba7-0375180af785,annotation,"segmentation ring first/last point gap = 1.41px (first=(432.0,1286.0) last=(431.0,1287.0)) -- prompt's assumed x0==x_n-1,y0==y_n-1 invariant does NOT hold for this annotation"
e4a3cc9c-41e3-4971-8394-1112e372f28b,annotation,"segmentation ring first/last point gap = 1.60px (first=(1175.0728,1317.2426) last=(1175.4828,1315.6926)) -- prompt's assumed x0==x_n-1,y0==y_n-1 invariant does NOT hold for this annotation"
561d639c-7603-4c37-bf3c-ff0340a8f194,annotation,"segmentation ring first/last point gap = 6.40px (first=(1406.0,1040.0) last=(1410.0,1035.0)) -- prompt's assumed x0==x_n-1,y0==y_n-1 invariant does NOT hold for this annotation"
746d5a79-e70c-45ab-bfe0-2d1a456ae54d,annotation,"segmentation ring first/last point gap = 2.40px (first=(1454.6712,1124.5822) last=(1457.0,1124.0)) -- prompt's assumed x0==x_n-1,y0==y_n-1 invariant does NOT hold for this annotation"
f6949220-cf9c-4ea6-b635-b6254319413c,annotation,"segmentation ring first/last point gap = 1.60px (first=(1535.5053,561.8664) last=(1535.0953,563.4164)) -- prompt's assumed x0==x_n-1,y0==y_n-1 invariant does NOT hold for this annotation"
e869fd90-b334-49f4-bf2a-bdd952b57b37,annotation,"segmentation ring first/last point gap = 1.60px (first=(1514.9493,727.9119) last=(1514.5393,729.4619)) -- prompt's assumed x0==x_n-1,y0==y_n-1 invariant does NOT hold for this annotation"
442c8be9-1111-4d8e-872a-fecd88d446cb,annotation,"segmentation ring first/last point gap = 1.60px (first=(1689.1512,881.421) last=(1689.5612,879.871)) -- prompt's assumed x0==x_n-1,y0==y_n-1 invariant does NOT hold for this annotation"
ea90fc41-85c9-4bd5-b24a-eb745e50b9de,annotation,"segmentation ring first/last point gap = 1.55px (first=(1085.2729,842.4996) last=(1085.6729,840.9996)) -- prompt's assumed x0==x_n-1,y0==y_n-1 invariant does NOT hold for this annotation"
2309b8f3-ea38-4a0e-931c-a657433c391a,annotation,"segmentation ring first/last point gap = 4.18px (first=(390.4795,674.7709) last=(391.5595,670.7309)) -- prompt's assumed x0==x_n-1,y0==y_n-1 invariant does NOT hold for this annotation"
4fb5d738-fd2c-47a1-a219-baf795391203,annotation,"segmentation ring first/last point gap = 2.59px (first=(1429.144,1217.7453) last=(1428.474,1220.2453)) -- prompt's assumed x0==x_n-1,y0==y_n-1 invariant does NOT hold for this annotation"
7bcd5d16-c100-4c8e-ba79-96e8d38c8c01,annotation,"segmentation ring first/last point gap = 2.59px (first=(594.6375,1485.2306) last=(595.3075,1482.7306)) -- prompt's assumed x0==x_n-1,y0==y_n-1 invariant does NOT hold for this annotation"
426f43f5-61e5-45a9-8ec6-74a053c2f3cf,annotation,"segmentation ring first/last point gap = 1.60px (first=(762.4844,1429.7499) last=(762.8944,1428.1999)) -- prompt's assumed x0==x_n-1,y0==y_n-1 invariant does NOT hold for this annotation"
479b771d-6379-4fb5-9c66-525f4b829f71,annotation,"segmentation ring first/last point gap = 1.60px (first=(1795.456,1289.5866) last=(1795.046,1291.1366)) -- prompt's assumed x0==x_n-1,y0==y_n-1 invariant does NOT hold for this annotation"
36648b88-fff1-4dce-a458-64b49b523648,annotation,"segmentation ring first/last point gap = 1.60px (first=(1087.4474,831.8318) last=(1087.8574,830.2818)) -- prompt's assumed x0==x_n-1,y0==y_n-1 invariant does NOT hold for this annotation"
3a653c20-48af-460b-965e-9f2cc0920618,annotation,"segmentation ring first/last point gap = 1.60px (first=(911.8598,1411.3787) last=(911.4498,1412.9287)) -- prompt's assumed x0==x_n-1,y0==y_n-1 invariant does NOT hold for this annotation"
2adbd407-cd7d-4aff-94a3-b2e85d1ba1c1,annotation,"segmentation ring first/last point gap = 1.60px (first=(396.1979,700.2895) last=(395.7879,701.8395)) -- prompt's assumed x0==x_n-1,y0==y_n-1 invariant does NOT hold for this annotation"
48c458f6-c6c1-400a-ae76-c15b43a9c7fd,annotation,"segmentation ring first/last point gap = 1.60px (first=(263.8154,723.0471) last=(264.2254,721.4971)) -- prompt's assumed x0==x_n-1,y0==y_n-1 invariant does NOT hold for this annotation"
c42e331c-bbf7-4d59-9bf7-4eb99119a08f,annotation,"segmentation ring first/last point gap = 2.24px (first=(1258.0,1125.0) last=(1256.0,1126.0)) -- prompt's assumed x0==x_n-1,y0==y_n-1 invariant does NOT hold for this annotation"
b3bb38a5-318b-4048-a704-7b2ee433711a,annotation,"segmentation ring first/last point gap = 1.60px (first=(1111.3743,828.7052) last=(1111.7843,827.1552)) -- prompt's assumed x0==x_n-1,y0==y_n-1 invariant does NOT hold for this annotation"
ed0878ed-645a-4603-b2b0-0fe384926232,annotation,"segmentation ring first/last point gap = 1.60px (first=(1295.7231,627.1968) last=(1295.3131,628.7468)) -- prompt's assumed x0==x_n-1,y0==y_n-1 invariant does NOT hold for this annotation"
c9ee676a-4c10-41a4-91f3-c32481255723,annotation,"segmentation ring first/last point gap = 1.55px (first=(1259.696,1123.9695) last=(1260.096,1122.4695)) -- prompt's assumed x0==x_n-1,y0==y_n-1 invariant does NOT hold for this annotation"
3d22c59b-14f0-4fc7-8270-b23d22f10bb3,annotation,"segmentation ring first/last point gap = 1.60px (first=(1753.9149,1162.6299) last=(1754.3249,1161.0799)) -- prompt's assumed x0==x_n-1,y0==y_n-1 invariant does NOT hold for this annotation"
1cd1f8a9-581f-4b22-9d29-901bf35f744e,annotation,"segmentation ring first/last point gap = 1.60px (first=(534.2928,1025.3048) last=(533.8828,1026.8548)) -- prompt's assumed x0==x_n-1,y0==y_n-1 invariant does NOT hold for this annotation"
c0c9ba70-ba32-41c7-960c-e8e6f778ffc1,annotation,"segmentation ring first/last point gap = 2.59px (first=(1313.7028,916.2195) last=(1314.3728,913.7195)) -- prompt's assumed x0==x_n-1,y0==y_n-1 invariant does NOT hold for this annotation"
577b165d-c269-4e79-a082-cf769656857b,annotation,"segmentation ring first/last point gap = 2.59px (first=(1538.6268,746.2847) last=(1537.9568,748.7847)) -- prompt's assumed x0==x_n-1,y0==y_n-1 invariant does NOT hold for this annotation"
f94fa27e-50b2-491e-aebb-dc720b06e801,annotation,"segmentation ring first/last point gap = 2.59px (first=(848.8265,671.4581) last=(848.1565,673.9581)) -- prompt's assumed x0==x_n-1,y0==y_n-1 invariant does NOT hold for this annotation"
c6036518-a83c-40d6-8514-32cffad489c8,annotation,"segmentation ring first/last point gap = 2.59px (first=(457.0207,761.27) last=(456.3507,763.77)) -- prompt's assumed x0==x_n-1,y0==y_n-1 invariant does NOT hold for this annotation"
511456c4-a204-4a76-a072-b24d61ae8124,annotation,"segmentation ring first/last point gap = 1.08px (first=(1796.6642,1155.9614) last=(1796.4015,1157.012)) -- prompt's assumed x0==x_n-1,y0==y_n-1 invariant does NOT hold for this annotation"
9de3bd05-b7f8-49de-8a8c-b39e5fda13ac,annotation,"segmentation ring first/last point gap = 3.41px (first=(704.1683,1285.7427) last=(701.7578,1288.1614)) -- prompt's assumed x0==x_n-1,y0==y_n-1 invariant does NOT hold for this annotation"
4a828194-b683-4c21-ba7b-4c9707994ea0,annotation,"segmentation ring first/last point gap = 2.52px (first=(529.5721,1023.0349) last=(528.0,1025.0)) -- prompt's assumed x0==x_n-1,y0==y_n-1 invariant does NOT hold for this annotation"
00698a41-c7f1-413e-9ec1-25e2267fb0b6,annotation,"segmentation ring first/last point gap = 4.50px (first=(640.1638,1227.7637) last=(639.0,1232.1129)) -- prompt's assumed x0==x_n-1,y0==y_n-1 invariant does NOT hold for this annotation"
5985f41a-bc82-42af-9446-7d7bbcb153c2,annotation,"segmentation ring first/last point gap = 3.65px (first=(711.1917,1284.708) last=(710.2483,1288.2334)) -- prompt's assumed x0==x_n-1,y0==y_n-1 invariant does NOT hold for this annotation"
5d1bbada-2d09-4048-b29b-c40e021bdb84,annotation,"segmentation ring first/last point gap = 2.00px (first=(1293.0,919.0) last=(1291.0,919.0)) -- prompt's assumed x0==x_n-1,y0==y_n-1 invariant does NOT hold for this annotation"
14a2ecf3-c95a-4d6a-95f6-656e19e05d2e,annotation,"segmentation ring first/last point gap = 2.59px (first=(868.3547,675.6483) last=(867.6847,678.1483)) -- prompt's assumed x0==x_n-1,y0==y_n-1 invariant does NOT hold for this annotation"
092046ca-4d55-4f2f-bcd4-e2d39c33c802,annotation,"segmentation ring first/last point gap = 2.59px (first=(1384.4562,1276.0741) last=(1385.1262,1273.5741)) -- prompt's assumed x0==x_n-1,y0==y_n-1 invariant does NOT hold for this annotation"
b402b6ef-e7f7-4c6a-ac87-7ab06a68d470,annotation,"segmentation ring first/last point gap = 1.60px (first=(590.114,1632.5378) last=(590.524,1630.9878)) -- prompt's assumed x0==x_n-1,y0==y_n-1 invariant does NOT hold for this annotation"
1c541b6d-bd4e-4209-8e01-64fd4c0dd671,annotation,"segmentation ring first/last point gap = 2.59px (first=(1633.6698,1249.9715) last=(1632.9998,1252.4715)) -- prompt's assumed x0==x_n-1,y0==y_n-1 invariant does NOT hold for this annotation"
9ddf8524-0bc7-489a-b8da-2717568a9eb8,annotation,"segmentation ring first/last point gap = 2.10px (first=(531.1176,1021.3541) last=(530.5729,1023.3868)) -- prompt's assumed x0==x_n-1,y0==y_n-1 invariant does NOT hold for this annotation"
3f273456-c138-45bf-830f-ddf71212059b,annotation,"segmentation ring first/last point gap = 1.54px (first=(457.6171,763.5986) last=(458.0266,762.1151)) -- prompt's assumed x0==x_n-1,y0==y_n-1 invariant does NOT hold for this annotation"
6c8d490f-3e4b-4510-b9f1-e6236fafea1b,annotation,"segmentation ring first/last point gap = 1.60px (first=(1805.0179,1202.5446) last=(1804.6079,1204.0946)) -- prompt's assumed x0==x_n-1,y0==y_n-1 invariant does NOT hold for this annotation"
7bc9f908-3d8f-4d19-b2a2-50e9317ced06,annotation,"segmentation ring first/last point gap = 4.18px (first=(875.9804,1653.6257) last=(874.9004,1657.6657)) -- prompt's assumed x0==x_n-1,y0==y_n-1 invariant does NOT hold for this annotation"
1ffe31ba-8dfa-4cc0-936e-a6e58256ae1a,annotation,"segmentation ring first/last point gap = 1.29px (first=(1534.0524,750.5729) last=(1533.7224,751.8229)) -- prompt's assumed x0==x_n-1,y0==y_n-1 invariant does NOT hold for this annotation"
acf5b51b-86ee-4ee7-920e-efcca52844a5,annotation,"segmentation ring first/last point gap = 5.44px (first=(1650.3058,1234.1116) last=(1651.7158,1228.8616)) -- prompt's assumed x0==x_n-1,y0==y_n-1 invariant does NOT hold for this annotation"
6beb8094-b8c5-4736-a375-af1e984ffb58,annotation,"segmentation ring first/last point gap = 8.94px (first=(1139.0,965.0) last=(1135.0,973.0)) -- prompt's assumed x0==x_n-1,y0==y_n-1 invariant does NOT hold for this annotation"
db8bd380-8376-4d31-b2e4-29fb905bc8b0,annotation,"segmentation ring first/last point gap = 1.79px (first=(1535.6932,1550.8214) last=(1533.9035,1550.8214)) -- prompt's assumed x0==x_n-1,y0==y_n-1 invariant does NOT hold for this annotation"
1ddc51a9-92f3-4847-a39e-81a52fd928a8,annotation,"segmentation ring first/last point gap = 1.60px (first=(739.7054,905.2065) last=(740.1154,903.6565)) -- prompt's assumed x0==x_n-1,y0==y_n-1 invariant does NOT hold for this annotation"
aa7b9c71-c40c-41b0-a271-782ddf53be20,annotation,"segmentation ring first/last point gap = 2.83px (first=(737.0,979.0) last=(739.0,977.0)) -- prompt's assumed x0==x_n-1,y0==y_n-1 invariant does NOT hold for this annotation"
e51406fc-2047-4eff-ab3f-afecb0f18be8,annotation,"segmentation ring first/last point gap = 4.30px (first=(813.6717,395.7992) last=(812.6282,399.9733)) -- prompt's assumed x0==x_n-1,y0==y_n-1 invariant does NOT hold for this annotation"
f60db124-fa5c-42e5-820c-f5b55642bd43,annotation,"segmentation ring first/last point gap = 1.04px (first=(1788.7285,1224.8712) last=(1788.4585,1225.8712)) -- prompt's assumed x0==x_n-1,y0==y_n-1 invariant does NOT hold for this annotation"
965ac12e-1bcb-4bc4-bf3f-4d31156d4c57,annotation,"segmentation ring first/last point gap = 1.71px (first=(323.1546,1017.661) last=(321.6194,1018.411)) -- prompt's assumed x0==x_n-1,y0==y_n-1 invariant does NOT hold for this annotation"
b05a98de-0eed-4c16-baf5-79ecc9948a83,annotation,"segmentation ring first/last point gap = 1.04px (first=(674.0036,1301.9149) last=(674.2736,1300.9149)) -- prompt's assumed x0==x_n-1,y0==y_n-1 invariant does NOT hold for this annotation"
8270c6bb-3eb3-4d16-8139-637765fe2126,annotation,"segmentation ring first/last point gap = 1.04px (first=(1422.797,1110.5387) last=(1423.067,1109.5387)) -- prompt's assumed x0==x_n-1,y0==y_n-1 invariant does NOT hold for this annotation"
ce1adeb7-ec5d-4d82-a2b0-73eb9c94b45f,annotation,"segmentation ring first/last point gap = 1.04px (first=(1294.8577,1535.9744) last=(1294.5877,1536.9744)) -- prompt's assumed x0==x_n-1,y0==y_n-1 invariant does NOT hold for this annotation"
23caf561-59f8-4d57-b1c6-198160972a44,annotation,"segmentation ring first/last point gap = 2.59px (first=(580.9517,475.3412) last=(581.6217,472.8412)) -- prompt's assumed x0==x_n-1,y0==y_n-1 invariant does NOT hold for this annotation"
de17c42d-f5c5-47c5-b48a-1593f8a0b3c1,annotation,"segmentation ring first/last point gap = 2.59px (first=(1525.7009,609.8072) last=(1525.0309,612.3072)) -- prompt's assumed x0==x_n-1,y0==y_n-1 invariant does NOT hold for this annotation"
cdeaedd3-1909-43b6-8262-b3976ea5acac,annotation,"segmentation ring first/last point gap = 1.60px (first=(670.9378,1299.6399) last=(670.5278,1301.1899)) -- prompt's assumed x0==x_n-1,y0==y_n-1 invariant does NOT hold for this annotation"
5ccbf1c9-18b0-4c2f-9916-7b1039f2b897,annotation,"segmentation ring first/last point gap = 1.60px (first=(519.991,1340.8663) last=(520.401,1339.3163)) -- prompt's assumed x0==x_n-1,y0==y_n-1 invariant does NOT hold for this annotation"
9f2d6bc7-7d27-47b3-ad3b-96831899022d,annotation,"segmentation ring first/last point gap = 1.60px (first=(585.2413,466.9675) last=(585.6513,465.4175)) -- prompt's assumed x0==x_n-1,y0==y_n-1 invariant does NOT hold for this annotation"
3e7bee5a-96b7-4b92-bd68-100d3a5f81b2,annotation,"segmentation ring first/last point gap = 1.60px (first=(1500.9262,612.0784) last=(1500.5162,613.6284)) -- prompt's assumed x0==x_n-1,y0==y_n-1 invariant does NOT hold for this annotation"
fe6e5407-a0a8-42d3-87d4-d8b9ecbc1dc1,annotation,"segmentation ring first/last point gap = 1.60px (first=(1418.6966,1109.8371) last=(1418.2866,1111.3871)) -- prompt's assumed x0==x_n-1,y0==y_n-1 invariant does NOT hold for this annotation"
20c6a537-c6f9-4245-86e3-823978912d26,annotation,"segmentation ring first/last point gap = 1.60px (first=(517.8043,1327.3882) last=(517.3943,1328.9382)) -- prompt's assumed x0==x_n-1,y0==y_n-1 invariant does NOT hold for this annotation"
784750c2-8b78-40f3-91ab-a4fb848476e7,annotation,"segmentation ring first/last point gap = 1.60px (first=(636.3588,1334.1073) last=(635.9488,1335.6573)) -- prompt's assumed x0==x_n-1,y0==y_n-1 invariant does NOT hold for this annotation"
1d82111c-ed48-4dee-bf1f-83f22f40e05c,annotation,"segmentation ring first/last point gap = 1.60px (first=(324.4268,1019.0411) last=(324.8368,1017.4911)) -- prompt's assumed x0==x_n-1,y0==y_n-1 invariant does NOT hold for this annotation"
9118f42f-cde8-4d68-95de-b1e33da8b515,annotation,"segmentation ring first/last point gap = 1.60px (first=(1153.1997,655.5238) last=(1152.7897,657.0738)) -- prompt's assumed x0==x_n-1,y0==y_n-1 invariant does NOT hold for this annotation"
97b586d2-39d1-4451-8f59-3d27dc4be6f4,annotation,"segmentation ring first/last point gap = 5.66px (first=(1066.0,977.0) last=(1062.0,981.0)) -- prompt's assumed x0==x_n-1,y0==y_n-1 invariant does NOT hold for this annotation"
1106133c-1d10-4683-8031-f11c091a1c0e,annotation,"segmentation ring first/last point gap = 6.75px (first=(848.6123,1197.0324) last=(849.7575,1190.3807)) -- prompt's assumed x0==x_n-1,y0==y_n-1 invariant does NOT hold for this annotation"
a6558ac4-7866-4b0d-8696-f2d46ea3e92f,annotation,"segmentation ring first/last point gap = 2.83px (first=(920.0,516.0) last=(918.0,518.0)) -- prompt's assumed x0==x_n-1,y0==y_n-1 invariant does NOT hold for this annotation"
9a8a4f39-645f-40c6-9627-e5de3eb8a776,annotation,"segmentation ring first/last point gap = 3.61px (first=(361.0,1010.0) last=(358.0,1012.0)) -- prompt's assumed x0==x_n-1,y0==y_n-1 invariant does NOT hold for this annotation"
f6b82d7e-5d73-416c-a08c-cb18acd8cd84,annotation,"segmentation ring first/last point gap = 1.41px (first=(1503.0,825.0) last=(1502.0,826.0)) -- prompt's assumed x0==x_n-1,y0==y_n-1 invariant does NOT hold for this annotation"
fcfd5ee7-ca5d-4520-923b-9caeb36407b3,annotation,"segmentation ring first/last point gap = 2.24px (first=(1625.0,1206.0) last=(1624.0,1208.0)) -- prompt's assumed x0==x_n-1,y0==y_n-1 invariant does NOT hold for this annotation"
992f4caa-d90d-49f5-b885-0e11a8a07efa,annotation,"segmentation ring first/last point gap = 4.24px (first=(1651.0,1336.0) last=(1648.0,1339.0)) -- prompt's assumed x0==x_n-1,y0==y_n-1 invariant does NOT hold for this annotation"
5711df22-9d06-4086-a43d-3b1f905053a3,annotation,"segmentation ring first/last point gap = 5.00px (first=(1119.0,1083.0) last=(1116.0,1087.0)) -- prompt's assumed x0==x_n-1,y0==y_n-1 invariant does NOT hold for this annotation"
3a4dcb3d-1033-4cdc-b4e5-ea8109faf3e6,annotation,"segmentation ring first/last point gap = 1.41px (first=(806.0,1255.0) last=(805.0,1256.0)) -- prompt's assumed x0==x_n-1,y0==y_n-1 invariant does NOT hold for this annotation"
ff3a43fa-1815-456d-8b1a-6a3c7d66b195,annotation,"segmentation ring first/last point gap = 2.00px (first=(1254.0,986.0) last=(1256.0,986.0)) -- prompt's assumed x0==x_n-1,y0==y_n-1 invariant does NOT hold for this annotation"
84d7a150-32b9-433b-88db-b54b82f8a67b,annotation,"segmentation ring first/last point gap = 1.11px (first=(1076.3419,806.1355) last=(1077.1237,805.3537)) -- prompt's assumed x0==x_n-1,y0==y_n-1 invariant does NOT hold for this annotation"
0d55b0c7-a726-471a-bfb2-a95fb9549d73,annotation,"segmentation ring first/last point gap = 2.24px (first=(1636.2102,1115.0) last=(1635.2102,1117.0)) -- prompt's assumed x0==x_n-1,y0==y_n-1 invariant does NOT hold for this annotation"
63a1cc62-174d-49a4-b79d-038337ed4dd5,annotation,"segmentation ring first/last point gap = 1.41px (first=(1333.0,779.0) last=(1332.0,780.0)) -- prompt's assumed x0==x_n-1,y0==y_n-1 invariant does NOT hold for this annotation"
676ae86c-bc62-4a0d-9d78-d15959706680,annotation,"segmentation ring first/last point gap = 2.59px (first=(1401.0949,1391.9502) last=(1400.4249,1394.4502)) -- prompt's assumed x0==x_n-1,y0==y_n-1 invariant does NOT hold for this annotation"
e795ad49-cb6a-4a11-910b-a8d82efb2911,annotation,"segmentation ring first/last point gap = 2.59px (first=(1143.3554,904.2215) last=(1142.6854,906.7215)) -- prompt's assumed x0==x_n-1,y0==y_n-1 invariant does NOT hold for this annotation"
ede2295f-020f-4463-800f-7f5ce948dcf9,annotation,"segmentation ring first/last point gap = 1.04px (first=(814.9536,719.6734) last=(814.6836,720.6734)) -- prompt's assumed x0==x_n-1,y0==y_n-1 invariant does NOT hold for this annotation"
81acaeda-366b-4665-9a0b-9276c16e1047,annotation,"segmentation ring first/last point gap = 1.04px (first=(596.2863,1221.8816) last=(596.5563,1220.8816)) -- prompt's assumed x0==x_n-1,y0==y_n-1 invariant does NOT hold for this annotation"
3b7f4657-84f0-4ee3-9de5-7cb264afed5c,annotation,"segmentation ring first/last point gap = 1.04px (first=(1056.3843,1472.3568) last=(1056.1143,1473.3568)) -- prompt's assumed x0==x_n-1,y0==y_n-1 invariant does NOT hold for this annotation"
0660503f-3a2b-4c88-8bf8-4660fb15827a,annotation,"segmentation ring first/last point gap = 1.04px (first=(1400.2193,1384.5597) last=(1400.4893,1383.5597)) -- prompt's assumed x0==x_n-1,y0==y_n-1 invariant does NOT hold for this annotation"
f6c0509c-3f4e-41ad-bd1e-7f34e15c974a,annotation,"segmentation ring first/last point gap = 1.60px (first=(1556.3581,1509.4173) last=(1555.9481,1510.9673)) -- prompt's assumed x0==x_n-1,y0==y_n-1 invariant does NOT hold for this annotation"
4480414f-d187-4ac6-8adc-fd3806c3be81,annotation,"segmentation ring first/last point gap = 1.60px (first=(816.4069,720.6191) last=(816.8169,719.0691)) -- prompt's assumed x0==x_n-1,y0==y_n-1 invariant does NOT hold for this annotation"
d2ebace0-bdb5-4f8d-b558-5b2416baa2cb,annotation,"segmentation ring first/last point gap = 5.27px (first=(1553.5006,1511.6541) last=(1554.1546,1506.4216)) -- prompt's assumed x0==x_n-1,y0==y_n-1 invariant does NOT hold for this annotation"
08097394-f329-4eb3-9a5c-145a4a555e8a,annotation,"segmentation ring first/last point gap = 1.60px (first=(1056.1613,1467.7962) last=(1055.7513,1469.3462)) -- prompt's assumed x0==x_n-1,y0==y_n-1 invariant does NOT hold for this annotation"
c8a593b7-5f62-4119-8576-f8c802d52a2d,annotation,"segmentation ring first/last point gap = 2.97px (first=(1463.9851,882.1713) last=(1466.34,880.3598)) -- prompt's assumed x0==x_n-1,y0==y_n-1 invariant does NOT hold for this annotation"
961a0797-187b-4bce-bbbb-7e9f5f3b697c,annotation,"segmentation ring first/last point gap = 3.61px (first=(642.0,770.0) last=(640.0,773.0)) -- prompt's assumed x0==x_n-1,y0==y_n-1 invariant does NOT hold for this annotation"
0ef65e1c-457e-4259-97b1-ef367e123b85,annotation,"segmentation ring first/last point gap = 1.60px (first=(765.2169,956.1538) last=(764.8069,957.7038)) -- prompt's assumed x0==x_n-1,y0==y_n-1 invariant does NOT hold for this annotation"
ec464fa0-498d-4258-a037-391b66b5266e,annotation,"segmentation ring first/last point gap = 6.30px (first=(1325.2516,1057.1924) last=(1329.7841,1052.8195)) -- prompt's assumed x0==x_n-1,y0==y_n-1 invariant does NOT hold for this annotation"
d33b550a-bad7-4be4-a896-ad8ed136bb2e,annotation,"segmentation ring first/last point gap = 1.46px (first=(1750.0933,810.4338) last=(1750.4713,809.0234)) -- prompt's assumed x0==x_n-1,y0==y_n-1 invariant does NOT hold for this annotation"
b2d79651-d0a8-450d-b24e-b5eadda836ad,annotation,"segmentation ring first/last point gap = 1.41px (first=(1164.0,1813.0) last=(1163.0,1814.0)) -- prompt's assumed x0==x_n-1,y0==y_n-1 invariant does NOT hold for this annotation"
ccd9a6b8-125e-478c-a61e-acfb39403fab,annotation,"segmentation ring first/last point gap = 10.19px (first=(1660.345,960.0306) last=(1658.6143,970.073)) -- prompt's assumed x0==x_n-1,y0==y_n-1 invariant does NOT hold for this annotation"
965268d1-45a6-4394-954e-b75b1c963240,annotation,"segmentation ring first/last point gap = 2.59px (first=(1740.503,1373.267) last=(1741.173,1370.767)) -- prompt's assumed x0==x_n-1,y0==y_n-1 invariant does NOT hold for this annotation"
3d819be5-16ad-49fe-9a0d-ff2236d6f1e8,annotation,"segmentation ring first/last point gap = 1.60px (first=(1489.1592,884.9152) last=(1489.5692,883.3652)) -- prompt's assumed x0==x_n-1,y0==y_n-1 invariant does NOT hold for this annotation"
12a32a12-5a31-42c1-a94f-a911e169def0,annotation,"segmentation ring first/last point gap = 1.60px (first=(1084.4807,1532.2454) last=(1084.8907,1530.6954)) -- prompt's assumed x0==x_n-1,y0==y_n-1 invariant does NOT hold for this annotation"
58173990-f156-4ced-92cd-781e04fd2a75,annotation,"segmentation ring first/last point gap = 2.00px (first=(1132.9229,1340.8457) last=(1132.2206,1342.7184)) -- prompt's assumed x0==x_n-1,y0==y_n-1 invariant does NOT hold for this annotation"
b947b4de-2926-4790-8840-e44e0d2dbd65,annotation,"segmentation ring first/last point gap = 2.24px (first=(1527.0,554.0) last=(1525.0,555.0)) -- prompt's assumed x0==x_n-1,y0==y_n-1 invariant does NOT hold for this annotation"
805efbc8-bdf6-4a71-848c-8c87628e9f9c,annotation,"segmentation ring first/last point gap = 1.97px (first=(1133.0233,1336.8137) last=(1134.4185,1335.4185)) -- prompt's assumed x0==x_n-1,y0==y_n-1 invariant does NOT hold for this annotation"
8e32a6f1-0848-4a66-a21a-f96266936d14,annotation,"segmentation ring first/last point gap = 1.60px (first=(1700.7845,889.7499) last=(1700.3745,891.2999)) -- prompt's assumed x0==x_n-1,y0==y_n-1 invariant does NOT hold for this annotation"
77a6aca9-2d43-4469-89a7-36dc3421cee0,annotation,"segmentation ring first/last point gap = 4.47px (first=(1544.0,560.0) last=(1542.0,564.0)) -- prompt's assumed x0==x_n-1,y0==y_n-1 invariant does NOT hold for this annotation"
d6392590-6e1e-4e5e-bfd1-99716455490e,annotation,"segmentation ring first/last point gap = 4.18px (first=(1532.2596,549.6361) last=(1531.1796,553.6761)) -- prompt's assumed x0==x_n-1,y0==y_n-1 invariant does NOT hold for this annotation"
ade0270f-068a-45e0-85bf-6d88db04785f,annotation,"segmentation ring first/last point gap = 4.18px (first=(1821.1805,826.6687) last=(1820.1005,830.7087)) -- prompt's assumed x0==x_n-1,y0==y_n-1 invariant does NOT hold for this annotation"
d71691ef-174e-457d-abba-34a3efcfcfca,annotation,"segmentation ring first/last point gap = 2.59px (first=(1133.7135,1330.9442) last=(1133.0435,1333.4442)) -- prompt's assumed x0==x_n-1,y0==y_n-1 invariant does NOT hold for this annotation"
18a1ff56-1ede-4317-9046-4cca14a3f54b,annotation,"segmentation ring first/last point gap = 2.59px (first=(808.2693,1546.5197) last=(808.9393,1544.0197)) -- prompt's assumed x0==x_n-1,y0==y_n-1 invariant does NOT hold for this annotation"
0411940a-0072-4286-90da-005af381bad9,annotation,"segmentation ring first/last point gap = 1.60px (first=(1473.3106,1682.0635) last=(1472.9006,1683.6135)) -- prompt's assumed x0==x_n-1,y0==y_n-1 invariant does NOT hold for this annotation"
c0555ee0-7041-49d7-9615-77dbd2766cc5,annotation,"segmentation ring first/last point gap = 2.59px (first=(563.2558,1599.1771) last=(563.9258,1596.6771)) -- prompt's assumed x0==x_n-1,y0==y_n-1 invariant does NOT hold for this annotation"
2716aaf6-5894-473c-a958-b5cc783faa24,annotation,"segmentation ring first/last point gap = 1.60px (first=(734.2699,1529.7521) last=(733.8599,1531.3021)) -- prompt's assumed x0==x_n-1,y0==y_n-1 invariant does NOT hold for this annotation"
fedd384c-a506-468b-8470-85c75fd44d2e,annotation,"segmentation ring first/last point gap = 1.60px (first=(799.1977,642.4228) last=(798.7877,643.9728)) -- prompt's assumed x0==x_n-1,y0==y_n-1 invariant does NOT hold for this annotation"
44bc49f1-a659-4b40-814d-e8aa52d0ba9c,annotation,"segmentation ring first/last point gap = 3.98px (first=(430.3869,806.8174) last=(428.0,810.0)) -- prompt's assumed x0==x_n-1,y0==y_n-1 invariant does NOT hold for this annotation"
82b854c3-f720-44f6-8283-f4935a306012,annotation,"segmentation ring first/last point gap = 1.60px (first=(1189.6518,881.7763) last=(1190.0618,880.2263)) -- prompt's assumed x0==x_n-1,y0==y_n-1 invariant does NOT hold for this annotation"
21659342-51eb-41c2-bbc0-cf6730e026f5,annotation,"segmentation ring first/last point gap = 1.40px (first=(1585.6105,848.6544) last=(1584.6187,849.6462)) -- prompt's assumed x0==x_n-1,y0==y_n-1 invariant does NOT hold for this annotation"
2e6d9ef5-71bf-48ca-9c46-d26e4552f8f0,annotation,"segmentation ring first/last point gap = 1.60px (first=(432.5602,811.4009) last=(432.1502,812.9509)) -- prompt's assumed x0==x_n-1,y0==y_n-1 invariant does NOT hold for this annotation"
4b138b55-c4cc-4a3e-bec0-4373d525ed05,annotation,"segmentation ring first/last point gap = 2.59px (first=(1193.7713,880.0046) last=(1193.1013,882.5046)) -- prompt's assumed x0==x_n-1,y0==y_n-1 invariant does NOT hold for this annotation"
4f546e6c-b2eb-49b8-8395-a90216e13246,annotation,"segmentation ring first/last point gap = 2.59px (first=(677.3427,476.8437) last=(676.6727,479.3437)) -- prompt's assumed x0==x_n-1,y0==y_n-1 invariant does NOT hold for this annotation"
ec1bcfe5-9961-445b-b6df-b8d19b28436e,annotation,"segmentation ring first/last point gap = 1.41px (first=(1305.0,1417.0) last=(1304.0,1418.0)) -- prompt's assumed x0==x_n-1,y0==y_n-1 invariant does NOT hold for this annotation"
6b65b67a-2b0f-46ee-8000-29d973ff6d46,annotation,"segmentation ring first/last point gap = 3.16px (first=(1146.0,1020.0) last=(1143.0,1021.0)) -- prompt's assumed x0==x_n-1,y0==y_n-1 invariant does NOT hold for this annotation"
7e891d4a-9272-4a65-99d2-cbb7ceed737c,annotation,"segmentation ring first/last point gap = 1.41px (first=(1256.0,1229.0) last=(1255.0,1230.0)) -- prompt's assumed x0==x_n-1,y0==y_n-1 invariant does NOT hold for this annotation"
81009217-1e38-4597-9ee9-c6917ec6a963,annotation,"segmentation ring first/last point gap = 1.68px (first=(1484.2218,510.6513) last=(1483.7818,512.2713)) -- prompt's assumed x0==x_n-1,y0==y_n-1 invariant does NOT hold for this annotation"
4e0f67c8-3383-4457-a7ed-26e18f6aacfb,annotation,"segmentation ring first/last point gap = 2.59px (first=(1480.8178,504.907) last=(1480.1478,507.407)) -- prompt's assumed x0==x_n-1,y0==y_n-1 invariant does NOT hold for this annotation"
6340c813-f5e3-4fa8-9c01-5b72fa377034,annotation,"segmentation ring first/last point gap = 1.60px (first=(1260.3716,1228.5996) last=(1260.7816,1227.0496)) -- prompt's assumed x0==x_n-1,y0==y_n-1 invariant does NOT hold for this annotation"
250cccaf-052b-4565-8470-0b9fc07d7a7d,annotation,"segmentation ring first/last point gap = 2.05px (first=(1168.195,289.2557) last=(1167.6648,291.234)) -- prompt's assumed x0==x_n-1,y0==y_n-1 invariant does NOT hold for this annotation"
19c1c408-6ac2-45cd-8d2f-a31bb6cad7cd,annotation,"segmentation ring first/last point gap = 2.59px (first=(1485.6561,509.0592) last=(1484.9861,511.5592)) -- prompt's assumed x0==x_n-1,y0==y_n-1 invariant does NOT hold for this annotation"
baceba71-97ce-4d9c-a321-4b1f8f557b7d,annotation,"segmentation ring first/last point gap = 2.59px (first=(1676.4089,1359.5386) last=(1677.0789,1357.0386)) -- prompt's assumed x0==x_n-1,y0==y_n-1 invariant does NOT hold for this annotation"
d73f0515-afb0-49ee-a158-38a4aeb595e3,annotation,"segmentation ring first/last point gap = 2.24px (first=(1481.0,1287.0) last=(1479.0,1288.0)) -- prompt's assumed x0==x_n-1,y0==y_n-1 invariant does NOT hold for this annotation"
6b7e5b24-5e8d-4d9f-a645-77e5f3160ad4,annotation,"segmentation ring first/last point gap = 3.16px (first=(1596.0,1228.0) last=(1595.0,1231.0)) -- prompt's assumed x0==x_n-1,y0==y_n-1 invariant does NOT hold for this annotation"
a36ae59b-931b-466c-a3ed-7148aea758fb,annotation,"segmentation ring first/last point gap = 1.64px (first=(807.6153,1312.6722) last=(808.774,1311.5134)) -- prompt's assumed x0==x_n-1,y0==y_n-1 invariant does NOT hold for this annotation"
835fa4af-9baf-4b7d-84a9-17364da6e724,annotation,"segmentation ring first/last point gap = 2.59px (first=(1666.5327,514.5799) last=(1665.8627,517.0799)) -- prompt's assumed x0==x_n-1,y0==y_n-1 invariant does NOT hold for this annotation"
3f22c4f9-c2bc-4e63-bae2-0136f05f2252,annotation,"segmentation ring first/last point gap = 2.12px (first=(1313.6863,1420.3938) last=(1312.3872,1422.064)) -- prompt's assumed x0==x_n-1,y0==y_n-1 invariant does NOT hold for this annotation"
f0574950-ad34-4ae1-b84c-955376b078ee,annotation,"segmentation ring first/last point gap = 2.59px (first=(1806.8366,1267.8634) last=(1807.5066,1265.3634)) -- prompt's assumed x0==x_n-1,y0==y_n-1 invariant does NOT hold for this annotation"
215d0505-e2a5-466c-a3fd-23793f85bd52,annotation,"segmentation ring first/last point gap = 1.60px (first=(1062.8025,1156.1313) last=(1063.2125,1154.5813)) -- prompt's assumed x0==x_n-1,y0==y_n-1 invariant does NOT hold for this annotation"
8753316b-0b4b-40f3-be3e-1e9a3bcd4ce6,annotation,"segmentation ring first/last point gap = 1.60px (first=(551.1619,1115.8141) last=(551.5719,1114.2641)) -- prompt's assumed x0==x_n-1,y0==y_n-1 invariant does NOT hold for this annotation"
0fecc224-3ac6-483d-a525-dd992e9e2c94,annotation,"segmentation ring first/last point gap = 2.59px (first=(730.5636,528.9903) last=(729.8936,531.4903)) -- prompt's assumed x0==x_n-1,y0==y_n-1 invariant does NOT hold for this annotation"
c9a28d1f-6bdc-45ad-b660-ea2a6b68dcaa,annotation,"segmentation ring first/last point gap = 2.59px (first=(852.2345,785.8297) last=(852.9045,783.3297)) -- prompt's assumed x0==x_n-1,y0==y_n-1 invariant does NOT hold for this annotation"
2cb51a0e-a81e-4bd0-9626-c7a406233811,annotation,"segmentation ring first/last point gap = 1.96px (first=(1443.6026,1221.8188) last=(1443.0976,1223.7076)) -- prompt's assumed x0==x_n-1,y0==y_n-1 invariant does NOT hold for this annotation"
651315d1-3b14-43b7-9b69-83bfeb9bbdca,annotation,"segmentation ring first/last point gap = 4.18px (first=(1559.1394,956.5926) last=(1560.2194,952.5526)) -- prompt's assumed x0==x_n-1,y0==y_n-1 invariant does NOT hold for this annotation"
9c25127b-4e49-4f4f-b7c0-7baef63e0d10,annotation,"segmentation ring first/last point gap = 1.60px (first=(1353.9326,1058.1197) last=(1354.3426,1056.5697)) -- prompt's assumed x0==x_n-1,y0==y_n-1 invariant does NOT hold for this annotation"
64f09165-8349-4964-8404-6386a2bef450,annotation,"segmentation ring first/last point gap = 1.60px (first=(1024.0409,498.6364) last=(1023.6309,500.1864)) -- prompt's assumed x0==x_n-1,y0==y_n-1 invariant does NOT hold for this annotation"
b96c7d28-1355-4fa7-a08e-cc1029fa486a,annotation,"segmentation ring first/last point gap = 1.60px (first=(1403.5931,1335.1534) last=(1404.0031,1333.6034)) -- prompt's assumed x0==x_n-1,y0==y_n-1 invariant does NOT hold for this annotation"
fa6a3ccb-77c1-403b-9479-824ab5734b2d,annotation,"segmentation ring first/last point gap = 2.59px (first=(399.8923,602.9911) last=(399.2223,605.4911)) -- prompt's assumed x0==x_n-1,y0==y_n-1 invariant does NOT hold for this annotation"
15ab229b-4069-48a9-acae-6e9189c20c53,annotation,"segmentation ring first/last point gap = 2.83px (first=(1342.0,524.0) last=(1344.0,522.0)) -- prompt's assumed x0==x_n-1,y0==y_n-1 invariant does NOT hold for this annotation"
0fffc407-bae1-41e7-b014-80065f7a030c,annotation,"segmentation ring first/last point gap = 6.00px (first=(1733.0,759.0) last=(1739.0,759.0)) -- prompt's assumed x0==x_n-1,y0==y_n-1 invariant does NOT hold for this annotation"
3742ef4e-af32-47d7-87ca-de6a3a0e1ad3,annotation,"segmentation ring first/last point gap = 2.83px (first=(1826.0,781.0) last=(1824.0,783.0)) -- prompt's assumed x0==x_n-1,y0==y_n-1 invariant does NOT hold for this annotation"
7a941cdc-3f6c-41eb-a402-3776b9f3b881,annotation,"segmentation ring first/last point gap = 7.54px (first=(1465.0,1473.0) last=(1461.6267,1479.7466)) -- prompt's assumed x0==x_n-1,y0==y_n-1 invariant does NOT hold for this annotation"
248a9813-e555-4f0a-b5fc-f3ab0250a62f,annotation,"segmentation ring first/last point gap = 1.04px (first=(409.1587,1407.4952) last=(409.4287,1406.4952)) -- prompt's assumed x0==x_n-1,y0==y_n-1 invariant does NOT hold for this annotation"
b6599e27-895c-4bc8-80e2-344947d602ca,annotation,"segmentation ring first/last point gap = 1.04px (first=(582.0518,1457.122) last=(582.3218,1456.122)) -- prompt's assumed x0==x_n-1,y0==y_n-1 invariant does NOT hold for this annotation"
4ebf0463-bc43-46b1-bfbc-f5a883ecd490,annotation,"segmentation ring first/last point gap = 1.62px (first=(1150.0857,1129.0294) last=(1148.6797,1129.8421)) -- prompt's assumed x0==x_n-1,y0==y_n-1 invariant does NOT hold for this annotation"
5d6c9250-eaef-4b8e-b1c7-8de46cafe1f1,annotation,"segmentation ring first/last point gap = 2.17px (first=(476.1948,668.4822) last=(474.6598,670.0172)) -- prompt's assumed x0==x_n-1,y0==y_n-1 invariant does NOT hold for this annotation"
a882379c-2da4-4744-9ef2-0149f2f56d4e,annotation,"segmentation ring first/last point gap = 2.83px (first=(1189.0,641.0) last=(1187.0,643.0)) -- prompt's assumed x0==x_n-1,y0==y_n-1 invariant does NOT hold for this annotation"
331b6ff6-e366-4c4e-967c-a97670b29d13,annotation,"segmentation ring first/last point gap = 1.36px (first=(912.0,952.9729) last=(910.6895,953.3196)) -- prompt's assumed x0==x_n-1,y0==y_n-1 invariant does NOT hold for this annotation"
dbee4018-9ba3-42f0-b584-7ad0b907df1f,annotation,"segmentation ring first/last point gap = 2.24px (first=(1409.0,780.0) last=(1408.0,782.0)) -- prompt's assumed x0==x_n-1,y0==y_n-1 invariant does NOT hold for this annotation"
ee82c830-dbd5-41c5-a5e7-d962451e26b7,annotation,"segmentation ring first/last point gap = 2.07px (first=(1707.0734,665.7973) last=(1706.5334,667.7973)) -- prompt's assumed x0==x_n-1,y0==y_n-1 invariant does NOT hold for this annotation"
0a568d4f-adbb-4f1d-ad33-94da100e66e7,annotation,"segmentation ring first/last point gap = 1.41px (first=(1196.0,282.0) last=(1195.0,283.0)) -- prompt's assumed x0==x_n-1,y0==y_n-1 invariant does NOT hold for this annotation"
dd69aaa0-88d7-430b-81bf-d3b49c249413,annotation,"segmentation ring first/last point gap = 1.41px (first=(1441.0,1465.0) last=(1442.0,1464.0)) -- prompt's assumed x0==x_n-1,y0==y_n-1 invariant does NOT hold for this annotation"
f82b685e-094f-4edf-b6d7-dc1bc5263f25,annotation,"segmentation ring first/last point gap = 3.36px (first=(1279.8055,1673.9758) last=(1280.6755,1670.7258)) -- prompt's assumed x0==x_n-1,y0==y_n-1 invariant does NOT hold for this annotation"
79548bab-f141-4f61-9481-a415f3f7a85b,annotation,"segmentation ring first/last point gap = 1.29px (first=(635.4208,880.4569) last=(635.0908,881.7069)) -- prompt's assumed x0==x_n-1,y0==y_n-1 invariant does NOT hold for this annotation"
0695de06-94d3-4b2f-b6e7-132f187728fb,annotation,"segmentation ring first/last point gap = 1.05px (first=(515.8623,812.5232) last=(516.1305,811.5075)) -- prompt's assumed x0==x_n-1,y0==y_n-1 invariant does NOT hold for this annotation"
5e7dcaa2-9f12-4c25-a3e6-1d1db5020bfe,annotation,"segmentation ring first/last point gap = 4.24px (first=(745.0,1125.0) last=(748.0,1122.0)) -- prompt's assumed x0==x_n-1,y0==y_n-1 invariant does NOT hold for this annotation"
bc94be60-cf30-455f-b606-5f69873ac3e9,annotation,"segmentation ring first/last point gap = 6.71px (first=(630.0,895.0) last=(633.0,889.0)) -- prompt's assumed x0==x_n-1,y0==y_n-1 invariant does NOT hold for this annotation"
0f7055b1-a228-437d-a135-9d10b1925ab5,annotation,"segmentation ring first/last point gap = 2.00px (first=(1709.0,673.0) last=(1707.0,673.0)) -- prompt's assumed x0==x_n-1,y0==y_n-1 invariant does NOT hold for this annotation"
1de91f83-3fd2-44af-a25a-aa8d716806b7,annotation,"segmentation ring first/last point gap = 1.08px (first=(741.6462,1117.1385) last=(741.0,1118.0)) -- prompt's assumed x0==x_n-1,y0==y_n-1 invariant does NOT hold for this annotation"
8924a359-1b04-4683-b064-b8bc45791272,annotation,"segmentation ring first/last point gap = 4.54px (first=(1624.7007,1624.9749) last=(1627.5292,1621.4296)) -- prompt's assumed x0==x_n-1,y0==y_n-1 invariant does NOT hold for this annotation"
4ebca38d-3daf-446b-98c9-e42073a9f544,annotation,"segmentation ring first/last point gap = 2.59px (first=(986.778,765.4004) last=(986.108,767.9004)) -- prompt's assumed x0==x_n-1,y0==y_n-1 invariant does NOT hold for this annotation"
1a654174-9dd8-4aa5-a80b-4f3f3d76aea2,annotation,"segmentation ring first/last point gap = 1.60px (first=(377.5906,629.1534) last=(377.1806,630.7034)) -- prompt's assumed x0==x_n-1,y0==y_n-1 invariant does NOT hold for this annotation"
27495b38-f066-45f8-bb4e-a4e8f69b8cf3,annotation,"segmentation ring first/last point gap = 1.60px (first=(1195.9307,1620.1711) last=(1196.3407,1618.6211)) -- prompt's assumed x0==x_n-1,y0==y_n-1 invariant does NOT hold for this annotation"
66d56407-bcf9-4235-8ae3-e2513d205ab3,annotation,"segmentation ring first/last point gap = 1.60px (first=(446.44,1049.1464) last=(446.85,1047.5964)) -- prompt's assumed x0==x_n-1,y0==y_n-1 invariant does NOT hold for this annotation"
7db93c90-9240-4dd7-8051-0d90ba8fa802,annotation,"segmentation ring first/last point gap = 1.35px (first=(1060.0425,1649.1486) last=(1061.0,1648.1911)) -- prompt's assumed x0==x_n-1,y0==y_n-1 invariant does NOT hold for this annotation"
450c0761-0f42-4bc4-a4af-e13be80eed49,annotation,"segmentation ring first/last point gap = 1.60px (first=(1552.6014,580.4672) last=(1552.1914,582.0172)) -- prompt's assumed x0==x_n-1,y0==y_n-1 invariant does NOT hold for this annotation"
acf78357-16eb-44e3-bbe4-f889793bc497,annotation,"segmentation ring first/last point gap = 2.59px (first=(1179.7263,766.5825) last=(1179.0563,769.0825)) -- prompt's assumed x0==x_n-1,y0==y_n-1 invariant does NOT hold for this annotation"
9b62b498-84b8-4d76-ab7f-3ac5903ff666,annotation,"segmentation ring first/last point gap = 2.59px (first=(1619.4427,615.16) last=(1618.7727,617.66)) -- prompt's assumed x0==x_n-1,y0==y_n-1 invariant does NOT hold for this annotation"
832c037f-273e-445b-b13d-f7b377938928,annotation,"segmentation ring first/last point gap = 2.30px (first=(349.2216,715.3705) last=(348.8969,717.6437)) -- prompt's assumed x0==x_n-1,y0==y_n-1 invariant does NOT hold for this annotation"
d97373ad-a99e-4297-982c-9fcc479a5532,annotation,"segmentation ring first/last point gap = 2.59px (first=(543.8094,1363.4675) last=(543.1394,1365.9675)) -- prompt's assumed x0==x_n-1,y0==y_n-1 invariant does NOT hold for this annotation"
a6dce678-8ac7-4bc8-b276-05c6693b3e01,annotation,"segmentation ring first/last point gap = 2.59px (first=(904.0413,1345.2012) last=(903.3713,1347.7012)) -- prompt's assumed x0==x_n-1,y0==y_n-1 invariant does NOT hold for this annotation"
e5554b8c-755c-4fee-89d7-304f878756b6,annotation,"segmentation ring first/last point gap = 2.59px (first=(1175.8895,769.8003) last=(1176.5595,767.3003)) -- prompt's assumed x0==x_n-1,y0==y_n-1 invariant does NOT hold for this annotation"
0581f3c1-6810-4819-b80d-994fa26198be,annotation,"segmentation ring first/last point gap = 1.60px (first=(1622.744,629.1049) last=(1622.334,630.6549)) -- prompt's assumed x0==x_n-1,y0==y_n-1 invariant does NOT hold for this annotation"
a5d89bcd-7c46-4489-917f-28de37b8be93,annotation,"segmentation ring first/last point gap = 2.59px (first=(807.002,727.0763) last=(807.672,724.5763)) -- prompt's assumed x0==x_n-1,y0==y_n-1 invariant does NOT hold for this annotation"
3407eee9-5136-41e6-b4c3-67f0220797f5,annotation,"segmentation ring first/last point gap = 2.59px (first=(1622.9215,685.0219) last=(1622.2515,687.5219)) -- prompt's assumed x0==x_n-1,y0==y_n-1 invariant does NOT hold for this annotation"
0feaa801-2367-42de-b580-5158d07a990e,annotation,"segmentation ring first/last point gap = 2.59px (first=(899.1075,1344.5737) last=(898.4375,1347.0737)) -- prompt's assumed x0==x_n-1,y0==y_n-1 invariant does NOT hold for this annotation"
f9c73283-e1d4-4c54-a0b7-843db5e43d9b,annotation,"segmentation ring first/last point gap = 2.69px (first=(1193.6926,768.0) last=(1191.0,768.0)) -- prompt's assumed x0==x_n-1,y0==y_n-1 invariant does NOT hold for this annotation"
40e94dd7-ea08-4448-8ffb-f62ec89369f1,annotation,"segmentation ring first/last point gap = 1.55px (first=(1618.305,615.9481) last=(1618.7067,614.4471)) -- prompt's assumed x0==x_n-1,y0==y_n-1 invariant does NOT hold for this annotation"
ad95b3dd-5c27-4953-9796-d6f9061ceceb,annotation,"segmentation ring first/last point gap = 5.00px (first=(1176.0,1764.0) last=(1173.0,1768.0)) -- prompt's assumed x0==x_n-1,y0==y_n-1 invariant does NOT hold for this annotation"
6907a0d0-b60b-46e5-8293-5d05096091db,annotation,"segmentation ring first/last point gap = 1.41px (first=(953.0,1127.0) last=(952.0,1128.0)) -- prompt's assumed x0==x_n-1,y0==y_n-1 invariant does NOT hold for this annotation"
c6b081ce-2172-4d39-ab48-6e62c08a8268,annotation,"segmentation ring first/last point gap = 3.40px (first=(1675.4377,1519.7721) last=(1674.7712,1523.1045)) -- prompt's assumed x0==x_n-1,y0==y_n-1 invariant does NOT hold for this annotation"
95cf37da-4187-476e-bb6b-52f98e766028,annotation,"segmentation ring first/last point gap = 1.41px (first=(331.0,1297.0) last=(330.0,1298.0)) -- prompt's assumed x0==x_n-1,y0==y_n-1 invariant does NOT hold for this annotation"
7f914fbf-1d79-4cce-9afb-3715b6876ab2,annotation,"segmentation ring first/last point gap = 4.18px (first=(526.3791,529.6531) last=(525.2991,533.6931)) -- prompt's assumed x0==x_n-1,y0==y_n-1 invariant does NOT hold for this annotation"
68fdc107-7294-4931-9f6d-2bec9ada9ec0,annotation,"segmentation ring first/last point gap = 6.40px (first=(639.0,1280.0) last=(634.0,1284.0)) -- prompt's assumed x0==x_n-1,y0==y_n-1 invariant does NOT hold for this annotation"
66a72ffc-6dad-4f3f-9fd4-4cda12f00345,annotation,"segmentation ring first/last point gap = 8.06px (first=(1100.0,1335.0) last=(1107.0,1331.0)) -- prompt's assumed x0==x_n-1,y0==y_n-1 invariant does NOT hold for this annotation"
1ecf2788-5fab-4b22-a5ad-7cb979063a0e,annotation,"segmentation ring first/last point gap = 4.31px (first=(800.4131,1296.4493) last=(803.0,1293.0)) -- prompt's assumed x0==x_n-1,y0==y_n-1 invariant does NOT hold for this annotation"
3c21c408-b191-460b-a2a8-5161d916be65,annotation,"segmentation ring first/last point gap = 1.41px (first=(1187.0,882.0) last=(1186.0,883.0)) -- prompt's assumed x0==x_n-1,y0==y_n-1 invariant does NOT hold for this annotation"
7c9d3838-82dd-4261-9e5c-d6668031b952,annotation,"segmentation ring first/last point gap = 13.42px (first=(1082.0,587.0) last=(1076.0,599.0)) -- prompt's assumed x0==x_n-1,y0==y_n-1 invariant does NOT hold for this annotation"
307c7850-ca12-4566-a180-4032d1ef6587,annotation,"segmentation ring first/last point gap = 2.07px (first=(1650.2338,1268.8772) last=(1649.6938,1270.8772)) -- prompt's assumed x0==x_n-1,y0==y_n-1 invariant does NOT hold for this annotation"
91791e5b-2cc7-4fc1-b12c-1f6aa44bdc09,annotation,"segmentation ring first/last point gap = 2.24px (first=(637.0,1280.0) last=(635.0,1281.0)) -- prompt's assumed x0==x_n-1,y0==y_n-1 invariant does NOT hold for this annotation"
236e164a-e096-4c00-83e5-c4356d3f3e79,annotation,"segmentation ring first/last point gap = 1.60px (first=(791.3654,1303.5653) last=(790.9554,1305.1153)) -- prompt's assumed x0==x_n-1,y0==y_n-1 invariant does NOT hold for this annotation"
3f07c939-e9dc-4fe0-a228-749faa611917,annotation,"segmentation ring first/last point gap = 2.83px (first=(1023.0,741.0) last=(1021.0,743.0)) -- prompt's assumed x0==x_n-1,y0==y_n-1 invariant does NOT hold for this annotation"
c2102f12-76a1-4c95-b234-ac7cccbf11e6,annotation,"segmentation ring first/last point gap = 1.60px (first=(1096.5134,576.552) last=(1096.1034,578.102)) -- prompt's assumed x0==x_n-1,y0==y_n-1 invariant does NOT hold for this annotation"
5edd47f2-61c1-4f66-afc1-fd55945050e1,annotation,"segmentation ring first/last point gap = 1.60px (first=(1187.232,879.9801) last=(1186.822,881.5301)) -- prompt's assumed x0==x_n-1,y0==y_n-1 invariant does NOT hold for this annotation"
3f01b0f0-8040-454d-bcb3-62f186c97b87,annotation,"segmentation ring first/last point gap = 5.66px (first=(637.0,1280.0) last=(633.0,1284.0)) -- prompt's assumed x0==x_n-1,y0==y_n-1 invariant does NOT hold for this annotation"
f69f0391-9175-4577-9455-3bc1ee30b7f0,annotation,"segmentation ring first/last point gap = 1.41px (first=(793.0,1301.0) last=(792.0,1302.0)) -- prompt's assumed x0==x_n-1,y0==y_n-1 invariant does NOT hold for this annotation"
8e39fb8e-233e-4232-95ce-949840ff798b,annotation,"segmentation ring first/last point gap = 1.60px (first=(1104.2758,1333.3901) last=(1104.6858,1331.8401)) -- prompt's assumed x0==x_n-1,y0==y_n-1 invariant does NOT hold for this annotation"
557d24cf-d155-4c6b-8a02-703f188f6feb,annotation,"segmentation ring first/last point gap = 3.61px (first=(1228.0,1721.0) last=(1226.0,1724.0)) -- prompt's assumed x0==x_n-1,y0==y_n-1 invariant does NOT hold for this annotation"
73361d0d-fe59-472b-9198-cce6e18a5f81,annotation,"segmentation ring first/last point gap = 3.97px (first=(332.7749,697.4503) last=(331.0,701.0)) -- prompt's assumed x0==x_n-1,y0==y_n-1 invariant does NOT hold for this annotation"
9e5ad12a-a360-4913-a425-19c0db78f811,annotation,"segmentation ring first/last point gap = 1.60px (first=(327.2919,709.6086) last=(326.8819,711.1586)) -- prompt's assumed x0==x_n-1,y0==y_n-1 invariant does NOT hold for this annotation"
dfa6b18e-d3e0-42e8-b4ff-5feefb73fbaf,annotation,"segmentation ring first/last point gap = 1.60px (first=(1639.1468,828.5059) last=(1639.5568,826.9559)) -- prompt's assumed x0==x_n-1,y0==y_n-1 invariant does NOT hold for this annotation"
709ba40a-4395-4bc1-b41e-865c09f91fd6,annotation,"segmentation ring first/last point gap = 1.41px (first=(886.0,874.0) last=(887.0,873.0)) -- prompt's assumed x0==x_n-1,y0==y_n-1 invariant does NOT hold for this annotation"
4d4dcc2e-c8dc-49a2-a342-88b90f6c5f89,annotation,"segmentation ring first/last point gap = 4.47px (first=(1738.0,1337.0) last=(1736.0,1341.0)) -- prompt's assumed x0==x_n-1,y0==y_n-1 invariant does NOT hold for this annotation"
af94990d-251e-4a32-ad6b-8cd20cd1bc3f,annotation,"segmentation ring first/last point gap = 1.41px (first=(1075.0,807.0) last=(1076.0,806.0)) -- prompt's assumed x0==x_n-1,y0==y_n-1 invariant does NOT hold for this annotation"
832e588f-e53b-42eb-bc78-8d3ac3793cf2,annotation,"segmentation ring first/last point gap = 2.24px (first=(1175.0,1070.0) last=(1176.0,1068.0)) -- prompt's assumed x0==x_n-1,y0==y_n-1 invariant does NOT hold for this annotation"
b4bc1a67-7cda-4a61-b9de-917fd2748806,annotation,"segmentation ring first/last point gap = 2.24px (first=(1348.0,946.0) last=(1347.0,948.0)) -- prompt's assumed x0==x_n-1,y0==y_n-1 invariant does NOT hold for this annotation"
ec66e4d2-49d4-4140-b7f3-edc554f1c1a0,annotation,"segmentation ring first/last point gap = 2.00px (first=(1553.0,1101.0) last=(1555.0,1101.0)) -- prompt's assumed x0==x_n-1,y0==y_n-1 invariant does NOT hold for this annotation"
0adc9734-c962-41e5-813c-88b9c1dda5d4,annotation,"segmentation ring first/last point gap = 8.06px (first=(1350.0,945.0) last=(1346.0,952.0)) -- prompt's assumed x0==x_n-1,y0==y_n-1 invariant does NOT hold for this annotation"
e2acafdc-67a6-4f16-9c2a-48b7e6fa474d,annotation,"segmentation ring first/last point gap = 1.60px (first=(835.6361,1056.5859) last=(835.2261,1058.1359)) -- prompt's assumed x0==x_n-1,y0==y_n-1 invariant does NOT hold for this annotation"
8598ed8a-60be-4fc5-996c-c9a9efe0caf3,annotation,"segmentation ring first/last point gap = 1.91px (first=(979.9527,1182.8188) last=(978.3027,1183.7788)) -- prompt's assumed x0==x_n-1,y0==y_n-1 invariant does NOT hold for this annotation"
9faaaebf-8b09-4866-8d8b-057f70a65fe3,annotation,"segmentation ring first/last point gap = 1.65px (first=(1469.5835,869.1827) last=(1470.6628,867.9326)) -- prompt's assumed x0==x_n-1,y0==y_n-1 invariant does NOT hold for this annotation"
6f47f072-9811-4210-817f-2dbdfb0eb512,annotation,"segmentation ring first/last point gap = 2.59px (first=(377.4867,1335.3593) last=(378.1567,1332.8593)) -- prompt's assumed x0==x_n-1,y0==y_n-1 invariant does NOT hold for this annotation"
f650c081-14f2-4408-b269-cda063027e57,annotation,"segmentation ring first/last point gap = 1.60px (first=(1081.102,640.9139) last=(1081.512,639.3639)) -- prompt's assumed x0==x_n-1,y0==y_n-1 invariant does NOT hold for this annotation"
5fdc051d-b230-4e2f-bf61-daaae020c793,annotation,"segmentation ring first/last point gap = 1.41px (first=(825.0,500.0) last=(826.0,499.0)) -- prompt's assumed x0==x_n-1,y0==y_n-1 invariant does NOT hold for this annotation"
bafd1539-d501-4575-b00e-8ee825a328b9,annotation,"segmentation ring first/last point gap = 3.61px (first=(930.0,1523.0) last=(927.0,1525.0)) -- prompt's assumed x0==x_n-1,y0==y_n-1 invariant does NOT hold for this annotation"
d1e8eef5-b90a-4776-a0b3-fbdacb844266,annotation,"segmentation ring first/last point gap = 3.26px (first=(1203.0,876.0) last=(1200.6924,878.3076)) -- prompt's assumed x0==x_n-1,y0==y_n-1 invariant does NOT hold for this annotation"
8f847fa9-3d2b-4f84-a494-ab6927355042,annotation,"segmentation ring first/last point gap = 2.24px (first=(1109.0,1411.0) last=(1110.0,1409.0)) -- prompt's assumed x0==x_n-1,y0==y_n-1 invariant does NOT hold for this annotation"
3c604755-b4d2-4ae1-b63e-b14808e274a9,annotation,"segmentation ring first/last point gap = 2.18px (first=(970.0,830.0) last=(968.1845,831.2103)) -- prompt's assumed x0==x_n-1,y0==y_n-1 invariant does NOT hold for this annotation"
5fa21355-21e4-4774-88e1-f6f5fe97cef4,annotation,"segmentation ring first/last point gap = 2.15px (first=(1315.9195,906.0402) last=(1314.0,907.0)) -- prompt's assumed x0==x_n-1,y0==y_n-1 invariant does NOT hold for this annotation"
235a71c1-e9db-4228-94b2-b98424a4f6e5,annotation,"segmentation ring first/last point gap = 1.41px (first=(1212.0,883.0) last=(1213.0,882.0)) -- prompt's assumed x0==x_n-1,y0==y_n-1 invariant does NOT hold for this annotation"
7313b75c-171a-47cf-b2e2-1d3da40a315d,annotation,"segmentation ring first/last point gap = 1.41px (first=(1289.0,943.0) last=(1290.0,942.0)) -- prompt's assumed x0==x_n-1,y0==y_n-1 invariant does NOT hold for this annotation"
e6d0307d-6017-44a0-b064-6eda309adb3e,annotation,"segmentation ring first/last point gap = 4.76px (first=(1468.0,1028.0) last=(1464.1905,1030.8572)) -- prompt's assumed x0==x_n-1,y0==y_n-1 invariant does NOT hold for this annotation"
68675561-3bd0-4b89-a69d-094fb9078c3f,annotation,"segmentation ring first/last point gap = 1.60px (first=(1113.337,1384.4984) last=(1112.927,1386.0484)) -- prompt's assumed x0==x_n-1,y0==y_n-1 invariant does NOT hold for this annotation"
9279670a-f1fc-4b6e-bcb7-b203b4f71ed9,annotation,"segmentation ring first/last point gap = 5.20px (first=(1281.7066,1180.0192) last=(1282.9375,1174.9633)) -- prompt's assumed x0==x_n-1,y0==y_n-1 invariant does NOT hold for this annotation"
1074e70c-74fc-4119-b7c3-9bac37b44f5d,annotation,"segmentation ring first/last point gap = 3.00px (first=(433.0,1438.0) last=(430.0,1438.0)) -- prompt's assumed x0==x_n-1,y0==y_n-1 invariant does NOT hold for this annotation"
cf4931f8-0ee7-4d4a-a558-3e098f2b9e22,annotation,"segmentation ring first/last point gap = 2.07px (first=(1376.1506,887.434) last=(1375.6106,889.434)) -- prompt's assumed x0==x_n-1,y0==y_n-1 invariant does NOT hold for this annotation"
45cd3ad5-f31a-4c5f-bf25-d15cd79f7077,annotation,"segmentation ring first/last point gap = 2.07px (first=(1770.2412,809.5689) last=(1770.7812,807.5689)) -- prompt's assumed x0==x_n-1,y0==y_n-1 invariant does NOT hold for this annotation"
5c66ac77-3082-4928-acda-b4e3dde9f7bf,annotation,"segmentation ring first/last point gap = 5.44px (first=(980.1265,1509.8052) last=(981.5365,1504.5552)) -- prompt's assumed x0==x_n-1,y0==y_n-1 invariant does NOT hold for this annotation"
806c05d1-11e0-437a-9aac-b1853b6a6f62,annotation,"segmentation ring first/last point gap = 5.44px (first=(1242.0289,1658.5677) last=(1240.6189,1663.8177)) -- prompt's assumed x0==x_n-1,y0==y_n-1 invariant does NOT hold for this annotation"
66a0341a-d00d-44c8-9dc9-ab5a2b11f1cf,annotation,"segmentation ring first/last point gap = 1.70px (first=(1376.1652,881.1787) last=(1375.7969,882.836)) -- prompt's assumed x0==x_n-1,y0==y_n-1 invariant does NOT hold for this annotation"
6774525b-2fca-49c0-8d03-c5c17500f90d,annotation,"segmentation ring first/last point gap = 3.90px (first=(1421.048,421.5616) last=(1418.0,424.0)) -- prompt's assumed x0==x_n-1,y0==y_n-1 invariant does NOT hold for this annotation"
638d7012-5480-418c-a242-2495c2b9660d,annotation,"segmentation ring first/last point gap = 1.55px (first=(913.8588,385.56) last=(913.4588,387.06)) -- prompt's assumed x0==x_n-1,y0==y_n-1 invariant does NOT hold for this annotation"
97dde7c8-37fd-4d07-809c-a742b493dec3,annotation,"segmentation ring first/last point gap = 1.55px (first=(1240.5657,1186.9757) last=(1240.9657,1185.4757)) -- prompt's assumed x0==x_n-1,y0==y_n-1 invariant does NOT hold for this annotation"
2f74f7ce-7cad-40d7-94cb-4996cbad1901,annotation,"segmentation ring first/last point gap = 1.55px (first=(1477.2827,990.1022) last=(1477.6827,988.6022)) -- prompt's assumed x0==x_n-1,y0==y_n-1 invariant does NOT hold for this annotation"
122683c3-b166-44a7-b598-1c5c235fb414,annotation,"segmentation ring first/last point gap = 1.81px (first=(1775.9011,791.7698) last=(1775.4311,793.5198)) -- prompt's assumed x0==x_n-1,y0==y_n-1 invariant does NOT hold for this annotation"
1301bf3b-9334-4f1f-bd8a-ddc4cd6762c7,annotation,"segmentation ring first/last point gap = 2.59px (first=(545.4788,1453.0467) last=(546.1488,1450.5467)) -- prompt's assumed x0==x_n-1,y0==y_n-1 invariant does NOT hold for this annotation"
02e0bd26-dd44-4f70-b9b5-02feff48fa74,annotation,"segmentation ring first/last point gap = 1.55px (first=(541.0008,1444.0974) last=(540.6008,1445.5974)) -- prompt's assumed x0==x_n-1,y0==y_n-1 invariant does NOT hold for this annotation"
140cac52-2a95-45e7-97d5-d892d8689d42,annotation,"segmentation ring first/last point gap = 1.55px (first=(1165.597,959.0658) last=(1165.997,957.5658)) -- prompt's assumed x0==x_n-1,y0==y_n-1 invariant does NOT hold for this annotation"
22120450-9741-4f21-9692-fd3f64feeebd,annotation,"segmentation ring first/last point gap = 1.55px (first=(1246.0222,1189.5343) last=(1245.6222,1191.0343)) -- prompt's assumed x0==x_n-1,y0==y_n-1 invariant does NOT hold for this annotation"
52f37d09-25f1-4b46-baff-00eaa5a67fb6,annotation,"segmentation ring first/last point gap = 1.55px (first=(1779.6208,797.6857) last=(1779.2208,799.1857)) -- prompt's assumed x0==x_n-1,y0==y_n-1 invariant does NOT hold for this annotation"
f99abffe-d446-45a0-b09c-8e66fb0c9818,annotation,"segmentation ring first/last point gap = 1.04px (first=(840.9624,339.5704) last=(840.6924,340.5704)) -- prompt's assumed x0==x_n-1,y0==y_n-1 invariant does NOT hold for this annotation"
441dec33-b1b4-446d-bcd2-d502a2106864,annotation,"segmentation ring first/last point gap = 4.12px (first=(1240.0,1185.0) last=(1239.0,1189.0)) -- prompt's assumed x0==x_n-1,y0==y_n-1 invariant does NOT hold for this annotation"
aedeb936-2773-4186-89dc-f2fd6f583622,annotation,"segmentation ring first/last point gap = 2.83px (first=(1041.0,1583.0) last=(1043.0,1581.0)) -- prompt's assumed x0==x_n-1,y0==y_n-1 invariant does NOT hold for this annotation"
7f3d325b-4bca-4c5c-a483-f53e4985f19d,annotation,"segmentation ring first/last point gap = 1.08px (first=(1117.731,1498.676) last=(1117.4515,1499.7189)) -- prompt's assumed x0==x_n-1,y0==y_n-1 invariant does NOT hold for this annotation"
ae515334-3bf4-4c80-8a93-b2b7863ce579,annotation,"segmentation ring first/last point gap = 2.59px (first=(485.9147,1432.7845) last=(485.2447,1435.2845)) -- prompt's assumed x0==x_n-1,y0==y_n-1 invariant does NOT hold for this annotation"
ad2b3142-768d-4314-b9d8-bd3ccda2a2f2,annotation,"segmentation ring first/last point gap = 1.60px (first=(742.1829,386.9125) last=(741.7729,388.4625)) -- prompt's assumed x0==x_n-1,y0==y_n-1 invariant does NOT hold for this annotation"
c779637f-e5b5-436a-b349-5edb58bcfe2e,annotation,"segmentation ring first/last point gap = 2.59px (first=(1824.5936,1184.5965) last=(1823.9236,1187.0965)) -- prompt's assumed x0==x_n-1,y0==y_n-1 invariant does NOT hold for this annotation"
349c3102-f970-4c49-8891-b612baeb2b9a,annotation,"segmentation ring first/last point gap = 2.59px (first=(1223.2146,1025.7172) last=(1223.8846,1023.2172)) -- prompt's assumed x0==x_n-1,y0==y_n-1 invariant does NOT hold for this annotation"
3a0a9967-0939-48d8-b6c2-0044b852a43d,annotation,"segmentation ring first/last point gap = 1.60px (first=(574.3895,1536.673) last=(574.7995,1535.123)) -- prompt's assumed x0==x_n-1,y0==y_n-1 invariant does NOT hold for this annotation"
61d47d4b-1a99-4c79-a11d-67bb527b269c,annotation,"segmentation ring first/last point gap = 2.59px (first=(343.5458,1033.777) last=(344.2158,1031.277)) -- prompt's assumed x0==x_n-1,y0==y_n-1 invariant does NOT hold for this annotation"
825ad8aa-a562-4d42-afb3-81903c6eabaf,annotation,"segmentation ring first/last point gap = 2.59px (first=(1508.3046,721.381) last=(1507.6346,723.881)) -- prompt's assumed x0==x_n-1,y0==y_n-1 invariant does NOT hold for this annotation"
270631d5-8120-4d8c-9398-e1a9676406e4,annotation,"segmentation ring first/last point gap = 1.60px (first=(417.7219,1388.3299) last=(417.3119,1389.8799)) -- prompt's assumed x0==x_n-1,y0==y_n-1 invariant does NOT hold for this annotation"
c4297ee2-f304-42ba-9d3f-897e3b521f57,annotation,"segmentation ring first/last point gap = 2.59px (first=(733.0923,650.3736) last=(733.7623,647.8736)) -- prompt's assumed x0==x_n-1,y0==y_n-1 invariant does NOT hold for this annotation"
d2b484f9-4652-4a08-af5b-27dcbeaa35aa,annotation,"segmentation ring first/last point gap = 2.59px (first=(565.7587,501.5138) last=(566.4287,499.0138)) -- prompt's assumed x0==x_n-1,y0==y_n-1 invariant does NOT hold for this annotation"
16e2be87-b12c-4bd5-af6b-9b7deb3eb3be,annotation,"segmentation ring first/last point gap = 1.41px (first=(1674.0,1330.0) last=(1673.0,1331.0)) -- prompt's assumed x0==x_n-1,y0==y_n-1 invariant does NOT hold for this annotation"
cfd9a6dd-960d-4674-bada-3014d12be06a,annotation,"segmentation ring first/last point gap = 2.81px (first=(1473.597,1111.0) last=(1476.0318,1109.5949)) -- prompt's assumed x0==x_n-1,y0==y_n-1 invariant does NOT hold for this annotation"
b5ed70f3-4c84-4d6b-8196-ee4fd8aa2dbc,annotation,"segmentation ring first/last point gap = 2.52px (first=(1394.2216,1375.4365) last=(1396.0,1373.6581)) -- prompt's assumed x0==x_n-1,y0==y_n-1 invariant does NOT hold for this annotation"
5fae4df8-b26b-473a-a2b3-7072b26f8712,annotation,"segmentation ring first/last point gap = 4.47px (first=(1202.0,1249.0) last=(1200.0,1253.0)) -- prompt's assumed x0==x_n-1,y0==y_n-1 invariant does NOT hold for this annotation"
0878bfc1-b650-4d35-b80e-1602e945738c,annotation,"segmentation ring first/last point gap = 2.24px (first=(614.0,1136.0) last=(613.0,1138.0)) -- prompt's assumed x0==x_n-1,y0==y_n-1 invariant does NOT hold for this annotation"
d303476f-d4e7-40b7-b76c-1a4819efe91b,annotation,"segmentation ring first/last point gap = 4.12px (first=(1191.0,1268.0) last=(1190.0,1272.0)) -- prompt's assumed x0==x_n-1,y0==y_n-1 invariant does NOT hold for this annotation"
eff99284-917d-416f-b4e5-b7f527f0a56f,annotation,"segmentation ring first/last point gap = 3.16px (first=(1830.0,934.0) last=(1827.0,933.0)) -- prompt's assumed x0==x_n-1,y0==y_n-1 invariant does NOT hold for this annotation"
cf72cf00-3b1d-4161-ae6b-410af7e9196b,annotation,"segmentation ring first/last point gap = 3.61px (first=(1463.0,1110.0) last=(1461.0,1113.0)) -- prompt's assumed x0==x_n-1,y0==y_n-1 invariant does NOT hold for this annotation"
720b0d82-0879-40a4-ace9-ce8e0c954f39,annotation,"segmentation ring first/last point gap = 2.71px (first=(1392.9857,1372.3747) last=(1390.7347,1373.8754)) -- prompt's assumed x0==x_n-1,y0==y_n-1 invariant does NOT hold for this annotation"
5ada30c6-0a4e-4db9-b16f-f7b8c9984854,annotation,"segmentation ring first/last point gap = 2.83px (first=(601.0,1127.0) last=(599.0,1125.0)) -- prompt's assumed x0==x_n-1,y0==y_n-1 invariant does NOT hold for this annotation"
ad34a93f-d328-48ad-9b66-e8ecb6039637,annotation,"segmentation ring first/last point gap = 2.59px (first=(410.4778,632.1879) last=(411.1478,629.6879)) -- prompt's assumed x0==x_n-1,y0==y_n-1 invariant does NOT hold for this annotation"
903a5bb9-c91e-445c-be26-9b945a5e90f0,annotation,"segmentation ring first/last point gap = 3.00px (first=(379.0,949.0) last=(382.0,949.0)) -- prompt's assumed x0==x_n-1,y0==y_n-1 invariant does NOT hold for this annotation"
d03c901b-c120-4fda-8300-a8fd7dcb9d4a,annotation,"segmentation ring first/last point gap = 1.41px (first=(1527.0,603.0) last=(1526.0,604.0)) -- prompt's assumed x0==x_n-1,y0==y_n-1 invariant does NOT hold for this annotation"
8f798e5d-dd6a-41fc-989e-a64ab41a3cd2,annotation,"segmentation ring first/last point gap = 2.59px (first=(393.9036,952.6471) last=(394.5736,950.1471)) -- prompt's assumed x0==x_n-1,y0==y_n-1 invariant does NOT hold for this annotation"
a2e2dbf4-2842-4b02-bc4c-82f244b53d28,annotation,"segmentation ring first/last point gap = 1.60px (first=(1449.4224,1631.7475) last=(1449.0124,1633.2975)) -- prompt's assumed x0==x_n-1,y0==y_n-1 invariant does NOT hold for this annotation"
222212f8-ad7a-45ba-8526-d60cd6c8d660,annotation,"segmentation ring first/last point gap = 2.59px (first=(862.0133,568.1466) last=(862.6833,565.6466)) -- prompt's assumed x0==x_n-1,y0==y_n-1 invariant does NOT hold for this annotation"
ee07f224-21d5-4d0a-8aaa-c56e636bf67d,annotation,"segmentation ring first/last point gap = 1.60px (first=(892.4126,655.4713) last=(892.0026,657.0213)) -- prompt's assumed x0==x_n-1,y0==y_n-1 invariant does NOT hold for this annotation"
dd399c8d-b886-4fb0-a56f-cb0fb95e2331,annotation,"segmentation ring first/last point gap = 1.60px (first=(1742.376,1380.2742) last=(1742.786,1378.7242)) -- prompt's assumed x0==x_n-1,y0==y_n-1 invariant does NOT hold for this annotation"
18a93d0f-5bc7-468a-a0e4-938668abee81,annotation,"segmentation ring first/last point gap = 1.60px (first=(883.5873,657.1001) last=(883.1773,658.6501)) -- prompt's assumed x0==x_n-1,y0==y_n-1 invariant does NOT hold for this annotation"
a37368c0-9b2f-48ff-b678-4730d2b09745,annotation,"segmentation ring first/last point gap = 1.60px (first=(748.0461,531.1154) last=(748.4561,529.5654)) -- prompt's assumed x0==x_n-1,y0==y_n-1 invariant does NOT hold for this annotation"
ba5a5869-a8cc-4f86-b6a8-b1e2917e5135,annotation,"segmentation ring first/last point gap = 1.60px (first=(1601.8897,1420.1315) last=(1601.4797,1421.6815)) -- prompt's assumed x0==x_n-1,y0==y_n-1 invariant does NOT hold for this annotation"
be6ceff0-5d34-4f42-b038-3cc6fc44248a,annotation,"segmentation ring first/last point gap = 1.52px (first=(1519.6808,1416.2758) last=(1519.3685,1417.7591)) -- prompt's assumed x0==x_n-1,y0==y_n-1 invariant does NOT hold for this annotation"
32f75c3c-ac28-40af-b73d-8375c38ccd29,annotation,"segmentation ring first/last point gap = 1.60px (first=(1366.3727,1480.7743) last=(1365.9627,1482.3243)) -- prompt's assumed x0==x_n-1,y0==y_n-1 invariant does NOT hold for this annotation"
15d8b73e-2e7d-4149-ae46-94d4121d6792,annotation,"segmentation ring first/last point gap = 1.60px (first=(1437.7076,1235.4604) last=(1437.2976,1237.0104)) -- prompt's assumed x0==x_n-1,y0==y_n-1 invariant does NOT hold for this annotation"
14fb8591-9cde-487f-87d9-ec2736f8f54a,annotation,"segmentation ring first/last point gap = 1.29px (first=(1619.5093,689.2642) last=(1619.8393,688.0142)) -- prompt's assumed x0==x_n-1,y0==y_n-1 invariant does NOT hold for this annotation"
72f86233-4d13-4e61-95c1-8542b9248dac,annotation,"segmentation ring first/last point gap = 1.04px (first=(1439.5862,1241.4436) last=(1439.8562,1240.4436)) -- prompt's assumed x0==x_n-1,y0==y_n-1 invariant does NOT hold for this annotation"
097174b9-1a84-4647-a1d2-6f322298c6e9,annotation,"segmentation ring first/last point gap = 1.04px (first=(1733.6407,1379.1632) last=(1733.9107,1378.1632)) -- prompt's assumed x0==x_n-1,y0==y_n-1 invariant does NOT hold for this annotation"
4c047c35-58e5-41a4-a427-5d0240ede89a,annotation,"segmentation ring first/last point gap = 2.59px (first=(1022.7772,1740.565) last=(1023.4472,1738.065)) -- prompt's assumed x0==x_n-1,y0==y_n-1 invariant does NOT hold for this annotation"
eb733995-44ae-4e4c-b3b2-28d9ebb423d5,annotation,"segmentation ring first/last point gap = 2.59px (first=(1022.6934,1747.6128) last=(1023.3634,1745.1128)) -- prompt's assumed x0==x_n-1,y0==y_n-1 invariant does NOT hold for this annotation"
9293e21e-adbc-49fc-b6ef-100ab912eb66,annotation,"segmentation ring first/last point gap = 2.59px (first=(1541.388,941.3402) last=(1542.058,938.8402)) -- prompt's assumed x0==x_n-1,y0==y_n-1 invariant does NOT hold for this annotation"
66ac004f-aae7-4378-a6eb-90d2197ce918,annotation,"segmentation ring first/last point gap = 3.61px (first=(1029.0,1749.0) last=(1027.0,1752.0)) -- prompt's assumed x0==x_n-1,y0==y_n-1 invariant does NOT hold for this annotation"
60c7b940-7dc8-4fc1-a4e3-7d9b4cfe962e,annotation,"segmentation ring first/last point gap = 2.59px (first=(1757.4904,1025.6101) last=(1756.8204,1028.1101)) -- prompt's assumed x0==x_n-1,y0==y_n-1 invariant does NOT hold for this annotation"
fd8eb3f4-627d-4192-bad3-7b5b88379739,annotation,"segmentation ring first/last point gap = 1.60px (first=(422.2444,841.0456) last=(422.6544,839.4956)) -- prompt's assumed x0==x_n-1,y0==y_n-1 invariant does NOT hold for this annotation"
0bf6522d-6f32-43a9-b098-59d6ee709ac6,annotation,"segmentation ring first/last point gap = 1.60px (first=(1348.5678,1127.3954) last=(1348.1578,1128.9454)) -- prompt's assumed x0==x_n-1,y0==y_n-1 invariant does NOT hold for this annotation"
0bdd1520-df23-4054-a742-4fa85179a220,annotation,"segmentation ring first/last point gap = 1.60px (first=(765.3465,1009.5503) last=(765.7565,1008.0003)) -- prompt's assumed x0==x_n-1,y0==y_n-1 invariant does NOT hold for this annotation"
7b97aa8b-4c19-4ace-b2b7-14c50c1a150b,annotation,"segmentation ring first/last point gap = 1.41px (first=(1348.0,1129.0) last=(1347.0,1130.0)) -- prompt's assumed x0==x_n-1,y0==y_n-1 invariant does NOT hold for this annotation"
5a79c23d-4eb3-4b36-ae26-7821b81f20a0,annotation,"segmentation ring first/last point gap = 1.60px (first=(1683.9692,1096.7187) last=(1683.5592,1098.2687)) -- prompt's assumed x0==x_n-1,y0==y_n-1 invariant does NOT hold for this annotation"
49cf05f5-bee9-4a28-8701-b56a2faab0ff,annotation,"segmentation ring first/last point gap = 1.60px (first=(394.9284,1422.4758) last=(395.3384,1420.9258)) -- prompt's assumed x0==x_n-1,y0==y_n-1 invariant does NOT hold for this annotation"
46e5b5bd-8cd7-4774-9aea-ef9114c11fdf,annotation,"segmentation ring first/last point gap = 1.60px (first=(655.8081,1077.7802) last=(655.3981,1079.3302)) -- prompt's assumed x0==x_n-1,y0==y_n-1 invariant does NOT hold for this annotation"
b0816949-2a8f-4b65-ade2-1ad456a03e95,annotation,"segmentation ring first/last point gap = 1.60px (first=(774.4471,1719.3289) last=(774.8571,1717.7789)) -- prompt's assumed x0==x_n-1,y0==y_n-1 invariant does NOT hold for this annotation"
ec82dc63-987c-4976-bd2f-c5c58d74d4f6,annotation,"segmentation ring first/last point gap = 1.60px (first=(1202.0297,886.6955) last=(1202.4397,885.1455)) -- prompt's assumed x0==x_n-1,y0==y_n-1 invariant does NOT hold for this annotation"
009ab42d-e7d9-41c3-86eb-04297ce2f1a6,annotation,"segmentation ring first/last point gap = 2.24px (first=(819.0,1470.0) last=(818.0,1472.0)) -- prompt's assumed x0==x_n-1,y0==y_n-1 invariant does NOT hold for this annotation"
4be67c6f-0df1-4858-b425-e78807686461,annotation,"segmentation ring first/last point gap = 3.00px (first=(773.0,710.0) last=(770.0,710.0)) -- prompt's assumed x0==x_n-1,y0==y_n-1 invariant does NOT hold for this annotation"
d08b4046-4197-4efb-9c85-bb8df155bb65,annotation,"segmentation ring first/last point gap = 1.04px (first=(712.1979,851.6276) last=(712.4679,850.6276)) -- prompt's assumed x0==x_n-1,y0==y_n-1 invariant does NOT hold for this annotation"
111da7fb-cd88-4236-ba85-74dd106d7176,annotation,"segmentation ring first/last point gap = 1.55px (first=(1074.0917,607.3336) last=(1073.6917,608.8336)) -- prompt's assumed x0==x_n-1,y0==y_n-1 invariant does NOT hold for this annotation"
b3965bbb-508b-4eee-81c2-27a640cd36b4,annotation,"segmentation ring first/last point gap = 1.60px (first=(549.6754,1211.5109) last=(550.0854,1209.9609)) -- prompt's assumed x0==x_n-1,y0==y_n-1 invariant does NOT hold for this annotation"
dd3aa350-e764-46ac-bdeb-e406f6b1d27a,annotation,"segmentation ring first/last point gap = 1.60px (first=(929.8171,1515.3552) last=(929.4071,1516.9052)) -- prompt's assumed x0==x_n-1,y0==y_n-1 invariant does NOT hold for this annotation"
34e0d492-ee8d-4eb3-887a-4a2641abc053,annotation,"segmentation ring first/last point gap = 1.60px (first=(1028.6745,882.9161) last=(1028.2645,884.4661)) -- prompt's assumed x0==x_n-1,y0==y_n-1 invariant does NOT hold for this annotation"
010c850b-75da-48cb-a305-eee66dbfdf0d,annotation,"segmentation ring first/last point gap = 1.60px (first=(793.2433,1251.1524) last=(792.8333,1252.7024)) -- prompt's assumed x0==x_n-1,y0==y_n-1 invariant does NOT hold for this annotation"
501766b8-f14e-4bae-b17d-9cda669b375d,annotation,"segmentation ring first/last point gap = 3.61px (first=(1701.0,1492.0) last=(1699.0,1495.0)) -- prompt's assumed x0==x_n-1,y0==y_n-1 invariant does NOT hold for this annotation"
df6967c6-2b29-4e35-84c1-56ff83a08ac9,annotation,"segmentation ring first/last point gap = 1.41px (first=(1648.0,1114.0) last=(1647.0,1115.0)) -- prompt's assumed x0==x_n-1,y0==y_n-1 invariant does NOT hold for this annotation"
d5bade44-ad8a-462c-bd7d-334d904d87f0,annotation,"segmentation ring first/last point gap = 1.13px (first=(1311.4694,1248.2515) last=(1311.6902,1247.1477)) -- prompt's assumed x0==x_n-1,y0==y_n-1 invariant does NOT hold for this annotation"
605192e6-1ac9-4343-8251-b2dfbc5bd425,annotation,"segmentation ring first/last point gap = 1.81px (first=(1125.0,775.0) last=(1126.2766,773.7234)) -- prompt's assumed x0==x_n-1,y0==y_n-1 invariant does NOT hold for this annotation"
c851271a-5198-4667-b6c3-65a626526c2a,annotation,"segmentation ring first/last point gap = 5.83px (first=(1789.0,884.0) last=(1786.0,889.0)) -- prompt's assumed x0==x_n-1,y0==y_n-1 invariant does NOT hold for this annotation"
e58fa02f-16a9-4bdd-a17a-c9eaded06a1a,annotation,"segmentation ring first/last point gap = 4.40px (first=(1683.5178,703.3616) last=(1680.0,706.0)) -- prompt's assumed x0==x_n-1,y0==y_n-1 invariant does NOT hold for this annotation"
22b641ac-8b58-46fb-b862-fc38b499a894,annotation,"segmentation ring first/last point gap = 1.41px (first=(1803.0,784.0) last=(1802.0,785.0)) -- prompt's assumed x0==x_n-1,y0==y_n-1 invariant does NOT hold for this annotation"
a8a61dc9-939f-4d42-89ee-230f2a5e318a,annotation,"segmentation ring first/last point gap = 2.59px (first=(1254.8622,1720.7815) last=(1254.1922,1723.2815)) -- prompt's assumed x0==x_n-1,y0==y_n-1 invariant does NOT hold for this annotation"
7c6ef25a-cda4-4b5a-8633-16dc481af228,annotation,"segmentation ring first/last point gap = 1.60px (first=(1105.9055,1723.3476) last=(1105.4955,1724.8976)) -- prompt's assumed x0==x_n-1,y0==y_n-1 invariant does NOT hold for this annotation"
8b823bdf-7c71-4889-87d0-8328b0e78192,annotation,"segmentation ring first/last point gap = 2.59px (first=(1761.9153,1378.6358) last=(1761.2453,1381.1358)) -- prompt's assumed x0==x_n-1,y0==y_n-1 invariant does NOT hold for this annotation"
540062f8-d27d-4a4f-ae46-8e25d4ea1f0c,annotation,"segmentation ring first/last point gap = 1.41px (first=(1129.0,773.0) last=(1128.0,774.0)) -- prompt's assumed x0==x_n-1,y0==y_n-1 invariant does NOT hold for this annotation"
d4925a37-aaab-4ea7-9cf2-ffea23eb159b,annotation,"segmentation ring first/last point gap = 6.40px (first=(1659.0,1382.0) last=(1663.0,1377.0)) -- prompt's assumed x0==x_n-1,y0==y_n-1 invariant does NOT hold for this annotation"
bcf1ed1e-26d2-4b55-ae86-3c373e58b8f3,annotation,"segmentation ring first/last point gap = 1.41px (first=(1713.0,550.0) last=(1714.0,549.0)) -- prompt's assumed x0==x_n-1,y0==y_n-1 invariant does NOT hold for this annotation"
eb84406e-b0ed-4143-a6ea-eea3ff2338d8,annotation,"segmentation ring first/last point gap = 1.41px (first=(1692.0,1330.0) last=(1691.0,1331.0)) -- prompt's assumed x0==x_n-1,y0==y_n-1 invariant does NOT hold for this annotation"
2d7f55fe-0c83-4a53-83b1-1cccd20c730a,annotation,"segmentation ring first/last point gap = 1.41px (first=(328.0,879.0) last=(329.0,878.0)) -- prompt's assumed x0==x_n-1,y0==y_n-1 invariant does NOT hold for this annotation"
87f8f531-84b1-4817-ae99-299f74e53638,annotation,"segmentation ring first/last point gap = 1.60px (first=(969.175,915.1157) last=(968.765,916.6657)) -- prompt's assumed x0==x_n-1,y0==y_n-1 invariant does NOT hold for this annotation"
d15cdda4-085b-4c23-8b28-24d4a59ad932,annotation,"segmentation ring first/last point gap = 1.60px (first=(1721.435,550.1933) last=(1721.845,548.6433)) -- prompt's assumed x0==x_n-1,y0==y_n-1 invariant does NOT hold for this annotation"
00df10e7-4a10-400a-9af0-57eccada0c94,annotation,"segmentation ring first/last point gap = 1.41px (first=(1656.0,1377.0) last=(1655.0,1378.0)) -- prompt's assumed x0==x_n-1,y0==y_n-1 invariant does NOT hold for this annotation"
6252667d-4f2d-46c1-8b65-8358ec7646b0,annotation,"segmentation ring first/last point gap = 9.52px (first=(328.2097,882.484) last=(329.0,873.0)) -- prompt's assumed x0==x_n-1,y0==y_n-1 invariant does NOT hold for this annotation"
48b77866-179a-443b-a296-09a567542414,annotation,"segmentation ring first/last point gap = 12.04px (first=(709.0,865.0) last=(708.0,877.0)) -- prompt's assumed x0==x_n-1,y0==y_n-1 invariant does NOT hold for this annotation"
a99be02b-b9f2-4b09-88d7-246313aeeec3,annotation,"segmentation ring first/last point gap = 3.28px (first=(999.0,1065.0) last=(997.1781,1067.7328)) -- prompt's assumed x0==x_n-1,y0==y_n-1 invariant does NOT hold for this annotation"
e8038b97-1e4f-4888-8f8f-2d1780ffd522,annotation,"segmentation ring first/last point gap = 1.41px (first=(890.0,1310.0) last=(891.0,1309.0)) -- prompt's assumed x0==x_n-1,y0==y_n-1 invariant does NOT hold for this annotation"
5c3aad2a-c9bd-4f68-b0c9-418da9514747,annotation,"segmentation ring first/last point gap = 2.83px (first=(1362.0,1480.0) last=(1360.0,1482.0)) -- prompt's assumed x0==x_n-1,y0==y_n-1 invariant does NOT hold for this annotation"
808ed371-098d-4e20-9b42-e6b258c13bd2,annotation,"segmentation ring first/last point gap = 3.61px (first=(1152.8774,1065.0) last=(1149.8774,1067.0)) -- prompt's assumed x0==x_n-1,y0==y_n-1 invariant does NOT hold for this annotation"
fdb9a925-82c9-4fab-8e91-817d3c95245c,annotation,"segmentation ring first/last point gap = 1.60px (first=(586.2454,741.842) last=(585.8354,743.392)) -- prompt's assumed x0==x_n-1,y0==y_n-1 invariant does NOT hold for this annotation"
7322457f-5e71-4954-b02d-e9ac7f306999,annotation,"segmentation ring first/last point gap = 4.18px (first=(964.4598,1842.8653) last=(965.5398,1838.8253)) -- prompt's assumed x0==x_n-1,y0==y_n-1 invariant does NOT hold for this annotation"
ea67cd94-9988-4b1d-b5d8-4a551a363f02,annotation,"segmentation ring first/last point gap = 2.59px (first=(1740.3201,1449.5196) last=(1740.9901,1447.0196)) -- prompt's assumed x0==x_n-1,y0==y_n-1 invariant does NOT hold for this annotation"
16b25f8f-1066-4415-9b5e-7f2d7e8b7c26,annotation,"segmentation ring first/last point gap = 6.40px (first=(1151.0,1064.0) last=(1146.0,1068.0)) -- prompt's assumed x0==x_n-1,y0==y_n-1 invariant does NOT hold for this annotation"
cc41792b-1d00-45cd-90a7-79e4423196b6,annotation,"segmentation ring first/last point gap = 9.22px (first=(1361.0,1479.0) last=(1355.0,1486.0)) -- prompt's assumed x0==x_n-1,y0==y_n-1 invariant does NOT hold for this annotation"
6a4e7f0e-81c3-4451-8b9a-04d1ac763429,annotation,"segmentation ring first/last point gap = 13.74px (first=(490.1508,813.4657) last=(489.0631,827.1662)) -- prompt's assumed x0==x_n-1,y0==y_n-1 invariant does NOT hold for this annotation"
f32bad17-893b-4dcf-a295-d90fd849254b,annotation,"segmentation ring first/last point gap = 2.24px (first=(585.0,744.0) last=(584.0,746.0)) -- prompt's assumed x0==x_n-1,y0==y_n-1 invariant does NOT hold for this annotation"
14e58ad1-6a37-46d9-bad5-f8d6e3572223,annotation,"segmentation ring first/last point gap = 1.60px (first=(1165.4042,1068.2005) last=(1165.8142,1066.6505)) -- prompt's assumed x0==x_n-1,y0==y_n-1 invariant does NOT hold for this annotation"
3a7279da-1113-4c8b-bef1-aa5c250d1232,annotation,"segmentation ring first/last point gap = 1.60px (first=(493.8445,818.2775) last=(494.2545,816.7275)) -- prompt's assumed x0==x_n-1,y0==y_n-1 invariant does NOT hold for this annotation"
11a764a1-fba6-4dda-853d-045b2440bc44,annotation,"segmentation ring first/last point gap = 1.60px (first=(996.2023,518.0018) last=(995.7923,519.5518)) -- prompt's assumed x0==x_n-1,y0==y_n-1 invariant does NOT hold for this annotation"
9c9e7e05-9a23-400b-beb4-9ab8c1c52801,annotation,"segmentation ring first/last point gap = 1.60px (first=(659.4087,1453.9493) last=(658.9987,1455.4993)) -- prompt's assumed x0==x_n-1,y0==y_n-1 invariant does NOT hold for this annotation"
d294df55-0d7f-44e0-8d6b-b583705fb2d4,annotation,"segmentation ring first/last point gap = 1.60px (first=(1498.1202,890.3103) last=(1497.7102,891.8603)) -- prompt's assumed x0==x_n-1,y0==y_n-1 invariant does NOT hold for this annotation"
e8a7ed1b-e471-4280-a891-690c1afd85b8,annotation,"segmentation ring first/last point gap = 1.60px (first=(990.0899,972.1778) last=(989.6799,973.7278)) -- prompt's assumed x0==x_n-1,y0==y_n-1 invariant does NOT hold for this annotation"
898116fe-bb05-406b-ba52-16a161ddb712,annotation,"segmentation ring first/last point gap = 2.38px (first=(354.9683,1416.4639) last=(354.3523,1418.7623)) -- prompt's assumed x0==x_n-1,y0==y_n-1 invariant does NOT hold for this annotation"
a72f78f6-cf7a-4e6e-bd45-51af37dea982,annotation,"segmentation ring first/last point gap = 1.60px (first=(1270.5622,713.0106) last=(1270.9722,711.4606)) -- prompt's assumed x0==x_n-1,y0==y_n-1 invariant does NOT hold for this annotation"
ec82fafc-89b2-4d42-bff5-daba868bb78d,annotation,"segmentation ring first/last point gap = 2.59px (first=(1739.6744,853.598) last=(1740.3444,851.098)) -- prompt's assumed x0==x_n-1,y0==y_n-1 invariant does NOT hold for this annotation"
651c072c-4de3-4071-9259-2f8be182c70f,annotation,"segmentation ring first/last point gap = 13.04px (first=(1091.0,1292.0) last=(1090.0,1305.0)) -- prompt's assumed x0==x_n-1,y0==y_n-1 invariant does NOT hold for this annotation"
018c76c3-778e-4dd9-a7f5-a6cbf2c957c4,annotation,"segmentation ring first/last point gap = 5.00px (first=(1051.0,730.0) last=(1056.0,730.0)) -- prompt's assumed x0==x_n-1,y0==y_n-1 invariant does NOT hold for this annotation"
887160cd-a7ee-40ec-acc8-9e8fd1bc9cb9,annotation,"segmentation ring first/last point gap = 24.01px (first=(1209.0,1045.0) last=(1204.103,1068.5056)) -- prompt's assumed x0==x_n-1,y0==y_n-1 invariant does NOT hold for this annotation"
cdfc703d-0c66-4419-b34f-0247c2eef070,annotation,"segmentation ring first/last point gap = 6.08px (first=(747.0,1266.0) last=(746.0,1272.0)) -- prompt's assumed x0==x_n-1,y0==y_n-1 invariant does NOT hold for this annotation"
f1fd6eed-5bf0-42c2-b0ab-d135ba6a691a,annotation,"segmentation ring first/last point gap = 6.08px (first=(669.0,1460.0) last=(668.0,1466.0)) -- prompt's assumed x0==x_n-1,y0==y_n-1 invariant does NOT hold for this annotation"
e217b470-9f90-448b-8d92-776848059f37,annotation,"segmentation ring first/last point gap = 8.60px (first=(593.0,1535.0) last=(588.0,1542.0)) -- prompt's assumed x0==x_n-1,y0==y_n-1 invariant does NOT hold for this annotation"
18a58257-93b1-4422-bc49-fd614428c620,annotation,"segmentation ring first/last point gap = 1.48px (first=(578.4312,649.574) last=(577.3827,650.6224)) -- prompt's assumed x0==x_n-1,y0==y_n-1 invariant does NOT hold for this annotation"
01fe16d5-5e90-4a03-b6e7-1336b35cec57,annotation,"segmentation ring first/last point gap = 2.59px (first=(1318.8541,493.0915) last=(1319.5241,490.5915)) -- prompt's assumed x0==x_n-1,y0==y_n-1 invariant does NOT hold for this annotation"
ff959f0f-a0f8-421a-be6b-685d0a9af15a,annotation,"segmentation ring first/last point gap = 1.41px (first=(1208.0,1037.0) last=(1207.0,1038.0)) -- prompt's assumed x0==x_n-1,y0==y_n-1 invariant does NOT hold for this annotation"
2f60ff34-75e8-4834-940a-6aa2159b8b3c,annotation,"segmentation ring first/last point gap = 8.97px (first=(1087.6028,1312.6667) last=(1088.4459,1303.7358)) -- prompt's assumed x0==x_n-1,y0==y_n-1 invariant does NOT hold for this annotation"
db1764b9-af65-43e5-be76-8de72b414f21,annotation,"segmentation ring first/last point gap = 5.66px (first=(649.0,1477.0) last=(653.0,1473.0)) -- prompt's assumed x0==x_n-1,y0==y_n-1 invariant does NOT hold for this annotation"
5c2152a5-c191-406e-b16a-310008fba868,annotation,"segmentation ring first/last point gap = 4.14px (first=(751.6378,1327.5754) last=(749.251,1330.9569)) -- prompt's assumed x0==x_n-1,y0==y_n-1 invariant does NOT hold for this annotation"
6405095b-f5bd-46ea-a2ed-e719068a90cf,annotation,"segmentation ring first/last point gap = 1.41px (first=(1027.0,1208.0) last=(1026.0,1209.0)) -- prompt's assumed x0==x_n-1,y0==y_n-1 invariant does NOT hold for this annotation"
c1bf148c-7419-4bba-8822-cf036794019f,annotation,"segmentation ring first/last point gap = 1.55px (first=(529.8975,698.6715) last=(530.2975,697.1715)) -- prompt's assumed x0==x_n-1,y0==y_n-1 invariant does NOT hold for this annotation"
327f209a-c7eb-4f87-974c-0e76ca29e91a,annotation,"segmentation ring first/last point gap = 1.11px (first=(837.4405,1403.056) last=(837.1546,1404.1279)) -- prompt's assumed x0==x_n-1,y0==y_n-1 invariant does NOT hold for this annotation"
12d70e1c-149c-4ac8-be2b-6f1df7d7df41,annotation,"segmentation ring first/last point gap = 1.04px (first=(796.0499,1179.973) last=(796.3199,1178.973)) -- prompt's assumed x0==x_n-1,y0==y_n-1 invariant does NOT hold for this annotation"
c4a67f55-78db-4c5e-84fe-42f59cecc100,annotation,"segmentation ring first/last point gap = 1.04px (first=(660.6947,851.2965) last=(660.4247,852.2965)) -- prompt's assumed x0==x_n-1,y0==y_n-1 invariant does NOT hold for this annotation"
296bed39-0297-432a-8bd1-ac4e09b2d0a3,annotation,"segmentation ring first/last point gap = 1.04px (first=(466.2293,678.3223) last=(465.9593,679.3223)) -- prompt's assumed x0==x_n-1,y0==y_n-1 invariant does NOT hold for this annotation"
3a9ec33d-d50a-4d15-953b-aebe06d71ecf,annotation,"segmentation ring first/last point gap = 1.04px (first=(528.7858,750.9369) last=(528.5158,751.9369)) -- prompt's assumed x0==x_n-1,y0==y_n-1 invariant does NOT hold for this annotation"
753eb1a4-3d68-411f-9664-828a2d6e39bb,annotation,"segmentation ring first/last point gap = 2.74px (first=(840.1802,1402.7703) last=(838.2417,1404.7088)) -- prompt's assumed x0==x_n-1,y0==y_n-1 invariant does NOT hold for this annotation"
dea8a10b-3ad9-4b04-b2d1-870f42b55947,annotation,"segmentation ring first/last point gap = 5.66px (first=(796.0,1180.0) last=(792.0,1184.0)) -- prompt's assumed x0==x_n-1,y0==y_n-1 invariant does NOT hold for this annotation"
0cfd6cd6-9560-4404-a15c-48bade0ea265,annotation,"segmentation ring first/last point gap = 3.09px (first=(1783.1775,1415.9902) last=(1782.427,1418.9924)) -- prompt's assumed x0==x_n-1,y0==y_n-1 invariant does NOT hold for this annotation"
57ba7ede-fd57-4477-8450-8821925b9bd9,annotation,"segmentation ring first/last point gap = 1.55px (first=(1410.1498,1268.8807) last=(1409.7498,1270.3807)) -- prompt's assumed x0==x_n-1,y0==y_n-1 invariant does NOT hold for this annotation"
55b549ef-d588-40ce-9cb6-ed0628849ba2,annotation,"segmentation ring first/last point gap = 1.55px (first=(754.1613,1556.3447) last=(753.7613,1557.8447)) -- prompt's assumed x0==x_n-1,y0==y_n-1 invariant does NOT hold for this annotation"
ec915738-4dba-46a8-ab3b-401d4fe26bfd,annotation,"segmentation ring first/last point gap = 1.59px (first=(536.9652,698.5547) last=(538.0881,697.4317)) -- prompt's assumed x0==x_n-1,y0==y_n-1 invariant does NOT hold for this annotation"
56225ecf-e020-499a-9863-20f07a2e2cfe,annotation,"segmentation ring first/last point gap = 1.55px (first=(698.1156,450.7011) last=(697.7156,452.2011)) -- prompt's assumed x0==x_n-1,y0==y_n-1 invariant does NOT hold for this annotation"
bdfe5111-a2fb-403a-9c03-a4686695d556,annotation,"segmentation ring first/last point gap = 5.08px (first=(791.0,1181.0) last=(786.4529,1183.2735)) -- prompt's assumed x0==x_n-1,y0==y_n-1 invariant does NOT hold for this annotation"
d310f42d-c648-4a41-8e45-170812efb019,annotation,"segmentation ring first/last point gap = 2.24px (first=(498.0,637.0) last=(497.0,639.0)) -- prompt's assumed x0==x_n-1,y0==y_n-1 invariant does NOT hold for this annotation"
1c66aef5-ea84-467e-995c-d1ac0eb2eba4,annotation,"segmentation ring first/last point gap = 5.34px (first=(467.0,678.0) last=(466.1221,683.2672)) -- prompt's assumed x0==x_n-1,y0==y_n-1 invariant does NOT hold for this annotation"
ec123020-5b03-4c10-a019-2d39173284e1,annotation,"segmentation ring first/last point gap = 5.66px (first=(839.0,1397.0) last=(835.0,1401.0)) -- prompt's assumed x0==x_n-1,y0==y_n-1 invariant does NOT hold for this annotation"
91d426ad-2f5d-4804-8234-759a1ca10319,annotation,"segmentation ring first/last point gap = 1.29px (first=(1368.2808,665.0821) last=(1367.9508,666.3321)) -- prompt's assumed x0==x_n-1,y0==y_n-1 invariant does NOT hold for this annotation"
c3642394-f6ee-4199-9ebd-4544b50fd66a,annotation,"segmentation ring first/last point gap = 1.29px (first=(493.5952,856.6568) last=(493.9252,855.4068)) -- prompt's assumed x0==x_n-1,y0==y_n-1 invariant does NOT hold for this annotation"
31b72fef-e423-43fb-9bdc-f32ae85249b4,annotation,"segmentation ring first/last point gap = 1.29px (first=(500.1849,1023.9559) last=(499.8549,1025.2059)) -- prompt's assumed x0==x_n-1,y0==y_n-1 invariant does NOT hold for this annotation"
8398e4bc-c6d0-44a7-a1e7-029617b4f3f4,annotation,"segmentation ring first/last point gap = 1.29px (first=(1305.4503,922.2221) last=(1305.1203,923.4721)) -- prompt's assumed x0==x_n-1,y0==y_n-1 invariant does NOT hold for this annotation"
e44f5cec-af27-4d2b-b992-3842cde2b538,annotation,"segmentation ring first/last point gap = 1.29px (first=(511.808,1305.7875) last=(512.138,1304.5375)) -- prompt's assumed x0==x_n-1,y0==y_n-1 invariant does NOT hold for this annotation"
6f0c22d6-2ef5-4574-b216-fb87c3e8f885,annotation,"segmentation ring first/last point gap = 1.29px (first=(1516.5648,978.0114) last=(1516.8948,976.7614)) -- prompt's assumed x0==x_n-1,y0==y_n-1 invariant does NOT hold for this annotation"
99375ffa-08c0-46e4-8be8-9d3ebbffcfd1,annotation,"segmentation ring first/last point gap = 2.24px (first=(1425.0574,1110.1091) last=(1424.286,1112.2173)) -- prompt's assumed x0==x_n-1,y0==y_n-1 invariant does NOT hold for this annotation"
47168759-8df0-4d8b-868d-e482711c30ff,annotation,"segmentation ring first/last point gap = 2.24px (first=(489.0,856.0) last=(490.0,854.0)) -- prompt's assumed x0==x_n-1,y0==y_n-1 invariant does NOT hold for this annotation"
0974e3ff-9bc7-4054-8270-10ab1d4f1d86,annotation,"segmentation ring first/last point gap = 1.41px (first=(527.0,998.0) last=(526.0,999.0)) -- prompt's assumed x0==x_n-1,y0==y_n-1 invariant does NOT hold for this annotation"
021a35e8-4734-4109-b27e-f41c1e44f233,annotation,"segmentation ring first/last point gap = 1.60px (first=(930.4941,1566.5127) last=(930.9041,1564.9627)) -- prompt's assumed x0==x_n-1,y0==y_n-1 invariant does NOT hold for this annotation"
957f7e28-2df4-4784-9a45-9211ffa44506,annotation,"segmentation ring first/last point gap = 1.91px (first=(806.3474,1112.3816) last=(804.6846,1113.3163)) -- prompt's assumed x0==x_n-1,y0==y_n-1 invariant does NOT hold for this annotation"
eafd2933-8cd7-484f-a476-a9a29a08877e,annotation,"segmentation ring first/last point gap = 1.60px (first=(1256.4829,954.9031) last=(1256.8929,953.3531)) -- prompt's assumed x0==x_n-1,y0==y_n-1 invariant does NOT hold for this annotation"
26dc78aa-fd16-4618-850c-945558867e07,annotation,"segmentation ring first/last point gap = 3.85px (first=(1341.7357,1075.7661) last=(1339.7158,1079.0485)) -- prompt's assumed x0==x_n-1,y0==y_n-1 invariant does NOT hold for this annotation"
3beaf116-a4cb-44c5-93a0-fb628d3285e9,annotation,"segmentation ring first/last point gap = 1.60px (first=(1500.7319,1127.1945) last=(1501.1419,1125.6445)) -- prompt's assumed x0==x_n-1,y0==y_n-1 invariant does NOT hold for this annotation"
0d025ec5-3112-4bdf-b055-6c34fed17cb8,annotation,"segmentation ring first/last point gap = 2.15px (first=(1098.1775,635.2438) last=(1097.1052,637.1099)) -- prompt's assumed x0==x_n-1,y0==y_n-1 invariant does NOT hold for this annotation"
add0cb74-865c-48b8-8847-a0f26b511627,annotation,"segmentation ring first/last point gap = 1.45px (first=(887.0472,855.9112) last=(886.6768,857.3114)) -- prompt's assumed x0==x_n-1,y0==y_n-1 invariant does NOT hold for this annotation"
15c717e1-8a93-4878-90eb-bcceb240d52b,annotation,"segmentation ring first/last point gap = 1.04px (first=(740.4043,658.0231) last=(740.1343,659.0231)) -- prompt's assumed x0==x_n-1,y0==y_n-1 invariant does NOT hold for this annotation"
b70c0422-405f-4e3a-988f-c39c76c9efbd,annotation,"segmentation ring first/last point gap = 1.04px (first=(1499.2266,1351.8239) last=(1499.4966,1350.8239)) -- prompt's assumed x0==x_n-1,y0==y_n-1 invariant does NOT hold for this annotation"
6b0d9736-e405-406e-b110-ed3e3e3ab30c,annotation,"segmentation ring first/last point gap = 1.04px (first=(1803.6397,1026.1982) last=(1803.9097,1025.1982)) -- prompt's assumed x0==x_n-1,y0==y_n-1 invariant does NOT hold for this annotation"
91d85ca1-a484-4246-93cc-305bfa3d9633,annotation,"segmentation ring first/last point gap = 1.04px (first=(1440.8679,593.4735) last=(1440.5979,594.4735)) -- prompt's assumed x0==x_n-1,y0==y_n-1 invariant does NOT hold for this annotation"
74942762-059e-4acc-aba2-eda4f730de7d,annotation,"segmentation ring first/last point gap = 2.24px (first=(1667.0,726.0) last=(1666.0,728.0)) -- prompt's assumed x0==x_n-1,y0==y_n-1 invariant does NOT hold for this annotation"
bb2cade8-0ca8-4db9-b178-70d339bd5025,annotation,"segmentation ring first/last point gap = 1.09px (first=(1772.7359,1069.495) last=(1772.3917,1070.5329)) -- prompt's assumed x0==x_n-1,y0==y_n-1 invariant does NOT hold for this annotation"
8d4d7cc5-e0eb-4568-b2a2-a88b08579f81,annotation,"segmentation ring first/last point gap = 17.04px (first=(1447.0,1459.0) last=(1458.8208,1446.7213)) -- prompt's assumed x0==x_n-1,y0==y_n-1 invariant does NOT hold for this annotation"
4b0c5729-88cf-4b57-8cf3-101625910de2,annotation,"segmentation ring first/last point gap = 1.10px (first=(1589.0498,1292.4924) last=(1589.3398,1291.4324)) -- prompt's assumed x0==x_n-1,y0==y_n-1 invariant does NOT hold for this annotation"
afef116f-6e52-4383-b8e4-6b91076d9521,annotation,"segmentation ring first/last point gap = 1.77px (first=(1767.9829,1407.0488) last=(1768.4429,1405.3388)) -- prompt's assumed x0==x_n-1,y0==y_n-1 invariant does NOT hold for this annotation"
bec8ea18-611d-4dff-bd0b-73e9607946c1,annotation,"segmentation ring first/last point gap = 1.10px (first=(705.6331,1283.9477) last=(705.3431,1285.0077)) -- prompt's assumed x0==x_n-1,y0==y_n-1 invariant does NOT hold for this annotation"
8fc656fc-7a9a-4a0c-b91a-c91dfe52e8d2,annotation,"segmentation ring first/last point gap = 1.77px (first=(749.6002,647.1987) last=(749.1402,648.9087)) -- prompt's assumed x0==x_n-1,y0==y_n-1 invariant does NOT hold for this annotation"
cd5f98cc-8188-4f08-a34a-de154554287f,annotation,"segmentation ring first/last point gap = 1.10px (first=(1542.4566,609.2405) last=(1542.1666,610.3005)) -- prompt's assumed x0==x_n-1,y0==y_n-1 invariant does NOT hold for this annotation"
1367e461-7342-4770-8046-56c205a82df6,annotation,"segmentation ring first/last point gap = 1.10px (first=(1523.9202,343.0053) last=(1523.6302,344.0653)) -- prompt's assumed x0==x_n-1,y0==y_n-1 invariant does NOT hold for this annotation"
eee943e6-e02e-4820-a30f-4a5d6e921d12,annotation,"segmentation ring first/last point gap = 1.10px (first=(1124.5918,1241.2437) last=(1124.3018,1242.3037)) -- prompt's assumed x0==x_n-1,y0==y_n-1 invariant does NOT hold for this annotation"
f805afab-21dd-4414-9418-0091525974c8,annotation,"segmentation ring first/last point gap = 1.77px (first=(1229.8841,492.7777) last=(1229.4241,494.4877)) -- prompt's assumed x0==x_n-1,y0==y_n-1 invariant does NOT hold for this annotation"
3192a810-dd88-40da-8a24-055c4322185c,annotation,"segmentation ring first/last point gap = 1.60px (first=(1699.9465,934.9462) last=(1698.8165,936.0762)) -- prompt's assumed x0==x_n-1,y0==y_n-1 invariant does NOT hold for this annotation"
06927815-9ada-4bbe-88e6-302aa8013239,annotation,"segmentation ring first/last point gap = 1.60px (first=(1835.7428,981.0372) last=(1835.3328,982.5872)) -- prompt's assumed x0==x_n-1,y0==y_n-1 invariant does NOT hold for this annotation"
85bf5e4d-0d0a-4501-96ab-3976160a2006,annotation,"segmentation ring first/last point gap = 2.59px (first=(883.8425,859.2319) last=(884.5125,856.7319)) -- prompt's assumed x0==x_n-1,y0==y_n-1 invariant does NOT hold for this annotation"
5c2738ce-e9e1-494a-95d0-9352f98b90ff,annotation,"segmentation ring first/last point gap = 1.07px (first=(1047.0408,1221.5309) last=(1048.0,1222.0105)) -- prompt's assumed x0==x_n-1,y0==y_n-1 invariant does NOT hold for this annotation"
e01d8f25-d744-494c-a870-0a54def651d4,annotation,"segmentation ring first/last point gap = 2.59px (first=(1055.8265,1220.354) last=(1055.1565,1222.854)) -- prompt's assumed x0==x_n-1,y0==y_n-1 invariant does NOT hold for this annotation"
87251ba9-0251-43aa-9830-34ddc4868910,annotation,"segmentation ring first/last point gap = 1.60px (first=(797.7452,656.835) last=(797.3352,658.385)) -- prompt's assumed x0==x_n-1,y0==y_n-1 invariant does NOT hold for this annotation"
0d96ad5e-8007-49df-9e1d-14ace9a8bbc0,annotation,"segmentation ring first/last point gap = 1.60px (first=(761.3684,1741.0328) last=(760.9584,1742.5828)) -- prompt's assumed x0==x_n-1,y0==y_n-1 invariant does NOT hold for this annotation"
280f32d2-7a21-4b55-9602-73e6dab6acf7,annotation,"segmentation ring first/last point gap = 1.60px (first=(498.5648,1381.8988) last=(498.1548,1383.4488)) -- prompt's assumed x0==x_n-1,y0==y_n-1 invariant does NOT hold for this annotation"
7e887d83-53dc-427f-84b1-bb6b8b8ac605,annotation,"segmentation ring first/last point gap = 1.60px (first=(1096.2209,1056.7478) last=(1095.8109,1058.2978)) -- prompt's assumed x0==x_n-1,y0==y_n-1 invariant does NOT hold for this annotation"
dcdc030d-4692-4566-990b-be64e90a5151,annotation,"segmentation ring first/last point gap = 2.31px (first=(1238.4268,489.0987) last=(1237.8313,491.3261)) -- prompt's assumed x0==x_n-1,y0==y_n-1 invariant does NOT hold for this annotation"
81067689-b41c-445c-bfda-2c59cf89dc07,annotation,"segmentation ring first/last point gap = 1.49px (first=(463.7327,1206.7666) last=(463.6334,1208.256)) -- prompt's assumed x0==x_n-1,y0==y_n-1 invariant does NOT hold for this annotation"
f5e07ed9-ced4-4ecd-b9ea-eb6cfe1b4b1f,annotation,"segmentation ring first/last point gap = 4.18px (first=(356.4218,982.8168) last=(355.3418,986.8568)) -- prompt's assumed x0==x_n-1,y0==y_n-1 invariant does NOT hold for this annotation"
5aa3ae4c-13e3-4a97-8919-acbe61903a72,annotation,"segmentation ring first/last point gap = 1.60px (first=(948.9946,951.3811) last=(949.4046,949.8311)) -- prompt's assumed x0==x_n-1,y0==y_n-1 invariant does NOT hold for this annotation"
dd592339-262b-4f23-94dd-c90f1453e4b8,annotation,"segmentation ring first/last point gap = 2.59px (first=(681.9207,1295.8769) last=(681.2507,1298.3769)) -- prompt's assumed x0==x_n-1,y0==y_n-1 invariant does NOT hold for this annotation"
3ae48ec7-ded5-442c-9ada-57a2be6687ad,annotation,"segmentation ring first/last point gap = 2.59px (first=(833.0517,1291.8202) last=(833.7217,1289.3202)) -- prompt's assumed x0==x_n-1,y0==y_n-1 invariant does NOT hold for this annotation"
a9c6e667-5a99-4e47-8de5-5ac328955283,annotation,"segmentation ring first/last point gap = 2.59px (first=(607.2819,1127.7353) last=(606.6119,1130.2353)) -- prompt's assumed x0==x_n-1,y0==y_n-1 invariant does NOT hold for this annotation"
c27ddbfa-0f96-477a-ab52-1bd5564d2fe7,annotation,"segmentation ring first/last point gap = 1.41px (first=(463.0,1199.0) last=(462.0,1200.0)) -- prompt's assumed x0==x_n-1,y0==y_n-1 invariant does NOT hold for this annotation"
be6e7a9e-cd0f-47dc-a9b6-3ef26de24db1,annotation,"segmentation ring first/last point gap = 3.61px (first=(352.0,981.0) last=(350.0,984.0)) -- prompt's assumed x0==x_n-1,y0==y_n-1 invariant does NOT hold for this annotation"
00ca8795-341a-40a7-abe1-9a8a5853d65b,annotation,"segmentation ring first/last point gap = 4.18px (first=(1232.7294,463.5725) last=(1231.6494,467.6125)) -- prompt's assumed x0==x_n-1,y0==y_n-1 invariant does NOT hold for this annotation"
b69d8a5c-016b-4e18-a57f-c0837e4495ac,annotation,"segmentation ring first/last point gap = 2.59px (first=(896.9808,1490.405) last=(897.6508,1487.905)) -- prompt's assumed x0==x_n-1,y0==y_n-1 invariant does NOT hold for this annotation"
17956f78-6128-469a-aecd-c13bbc41658b,annotation,"segmentation ring first/last point gap = 1.60px (first=(828.6984,1294.4444) last=(829.1084,1292.8944)) -- prompt's assumed x0==x_n-1,y0==y_n-1 invariant does NOT hold for this annotation"
84df2fd6-7501-4647-b93d-19da6f1fa169,annotation,"segmentation ring first/last point gap = 1.60px (first=(661.2831,1255.7999) last=(660.8731,1257.3499)) -- prompt's assumed x0==x_n-1,y0==y_n-1 invariant does NOT hold for this annotation"
0d4448a5-0929-40a2-a9dc-69bb88f064a1,annotation,"segmentation ring first/last point gap = 1.01px (first=(616.5517,1126.7648) last=(615.9916,1127.605)) -- prompt's assumed x0==x_n-1,y0==y_n-1 invariant does NOT hold for this annotation"
0238263b-0468-4674-b8e2-38ef8ff870f5,annotation,"segmentation ring first/last point gap = 1.65px (first=(1098.9503,1052.6961) last=(1097.6547,1053.7176)) -- prompt's assumed x0==x_n-1,y0==y_n-1 invariant does NOT hold for this annotation"
1c5a9480-1fae-45bd-af30-e128431de853,annotation,"segmentation ring first/last point gap = 2.59px (first=(1519.0164,677.7701) last=(1518.3464,680.2701)) -- prompt's assumed x0==x_n-1,y0==y_n-1 invariant does NOT hold for this annotation"
e765e08f-b506-4c54-96ae-bb815a13dab2,annotation,"segmentation ring first/last point gap = 2.59px (first=(976.7543,409.6094) last=(977.4243,407.1094)) -- prompt's assumed x0==x_n-1,y0==y_n-1 invariant does NOT hold for this annotation"
5819d645-5d96-4eef-b8e5-e43f331521ee,annotation,"segmentation ring first/last point gap = 1.60px (first=(619.3613,1128.3304) last=(619.7713,1126.7804)) -- prompt's assumed x0==x_n-1,y0==y_n-1 invariant does NOT hold for this annotation"
58f411aa-0ed8-47b7-bc91-0537514ab377,annotation,"segmentation ring first/last point gap = 2.14px (first=(689.8294,1584.4821) last=(690.3829,1582.4167)) -- prompt's assumed x0==x_n-1,y0==y_n-1 invariant does NOT hold for this annotation"
5248cf90-c9bd-4e6a-a205-03adcc7b33e4,annotation,"segmentation ring first/last point gap = 3.48px (first=(343.05,1433.4226) last=(343.9495,1430.0575)) -- prompt's assumed x0==x_n-1,y0==y_n-1 invariant does NOT hold for this annotation"
a01a2c2e-b321-4feb-954d-2dc4af703260,annotation,"segmentation ring first/last point gap = 2.59px (first=(689.7331,1585.2889) last=(689.0631,1587.7889)) -- prompt's assumed x0==x_n-1,y0==y_n-1 invariant does NOT hold for this annotation"
6862112e-2e0a-4a22-ab9f-7beefb1bd96c,annotation,"segmentation ring first/last point gap = 1.00px (first=(686.847,1231.5078) last=(686.5908,1232.4766)) -- prompt's assumed x0==x_n-1,y0==y_n-1 invariant does NOT hold for this annotation"
04341d2f-da1d-4d27-b30b-f9eba69213fd,annotation,"segmentation ring first/last point gap = 1.60px (first=(1123.8395,1413.3806) last=(1123.4295,1414.9306)) -- prompt's assumed x0==x_n-1,y0==y_n-1 invariant does NOT hold for this annotation"
d4199c65-a8e4-45d1-8b9f-f89def69833c,annotation,"segmentation ring first/last point gap = 4.47px (first=(1233.0,698.0) last=(1229.0,696.0)) -- prompt's assumed x0==x_n-1,y0==y_n-1 invariant does NOT hold for this annotation"
b1a6d147-65eb-467f-bc45-2d5847a63f96,annotation,"segmentation ring first/last point gap = 2.59px (first=(1615.3225,649.1901) last=(1614.6525,651.6901)) -- prompt's assumed x0==x_n-1,y0==y_n-1 invariant does NOT hold for this annotation"
07e25b3d-6db4-4d2f-a07a-a1197143993d,annotation,"segmentation ring first/last point gap = 4.24px (first=(1638.0,506.0) last=(1641.0,503.0)) -- prompt's assumed x0==x_n-1,y0==y_n-1 invariant does NOT hold for this annotation"
a0d5e0c1-f05a-48e0-8751-09d7d0e7acdb,annotation,"segmentation ring first/last point gap = 2.59px (first=(326.4315,679.4587) last=(325.7615,681.9587)) -- prompt's assumed x0==x_n-1,y0==y_n-1 invariant does NOT hold for this annotation"
90461234-c29b-49df-b16b-40329bb445db,annotation,"segmentation ring first/last point gap = 2.59px (first=(1504.2793,1246.1762) last=(1503.6093,1248.6762)) -- prompt's assumed x0==x_n-1,y0==y_n-1 invariant does NOT hold for this annotation"
7088e79f-eb00-4a2c-b38d-96211e4d309c,annotation,"segmentation ring first/last point gap = 1.18px (first=(1031.5389,1794.0128) last=(1031.235,1795.1496)) -- prompt's assumed x0==x_n-1,y0==y_n-1 invariant does NOT hold for this annotation"
f306e717-4702-4d0a-bb4d-7515b2bba80a,annotation,"segmentation ring first/last point gap = 1.60px (first=(348.6432,572.6659) last=(349.0532,571.1159)) -- prompt's assumed x0==x_n-1,y0==y_n-1 invariant does NOT hold for this annotation"
dcf09175-6b76-422d-9c94-60b0d307f14e,annotation,"segmentation ring first/last point gap = 1.55px (first=(732.1286,1436.6762) last=(731.7286,1438.1762)) -- prompt's assumed x0==x_n-1,y0==y_n-1 invariant does NOT hold for this annotation"
d91c00dc-7049-4748-8b48-a8540184406e,annotation,"segmentation ring first/last point gap = 6.77px (first=(1622.4523,503.4657) last=(1620.7023,510.0057)) -- prompt's assumed x0==x_n-1,y0==y_n-1 invariant does NOT hold for this annotation"
5f2fe91a-696a-4359-85f6-374705964bfc,annotation,"segmentation ring first/last point gap = 2.59px (first=(745.659,814.3867) last=(746.329,811.8867)) -- prompt's assumed x0==x_n-1,y0==y_n-1 invariant does NOT hold for this annotation"
6809a168-2b44-49d6-8a73-f32b0c3841e4,annotation,"segmentation ring first/last point gap = 1.17px (first=(418.2622,726.5492) last=(419.3896,726.2486)) -- prompt's assumed x0==x_n-1,y0==y_n-1 invariant does NOT hold for this annotation"
8bb81828-fcec-4852-8d66-244c9a3e7083,annotation,"segmentation ring first/last point gap = 6.73px (first=(1028.6536,1799.292) last=(1030.3936,1792.792)) -- prompt's assumed x0==x_n-1,y0==y_n-1 invariant does NOT hold for this annotation"
98bea4f0-c26d-4399-abfe-029f4f9ecee6,annotation,"segmentation ring first/last point gap = 1.60px (first=(1220.5971,1260.7661) last=(1221.0071,1259.2161)) -- prompt's assumed x0==x_n-1,y0==y_n-1 invariant does NOT hold for this annotation"
22f1dbfb-917a-4e60-8233-edb9c3afebce,annotation,"segmentation ring first/last point gap = 1.60px (first=(936.0362,586.5253) last=(935.6262,588.0753)) -- prompt's assumed x0==x_n-1,y0==y_n-1 invariant does NOT hold for this annotation"
936148b0-49ce-4d8d-a233-3a1651dfd3fd,annotation,"segmentation ring first/last point gap = 1.60px (first=(894.4903,679.3639) last=(894.0803,680.9139)) -- prompt's assumed x0==x_n-1,y0==y_n-1 invariant does NOT hold for this annotation"
9d19f6e8-6048-42da-b108-283ee57020f3,annotation,"segmentation ring first/last point gap = 1.60px (first=(1257.5451,1167.4964) last=(1257.1351,1169.0464)) -- prompt's assumed x0==x_n-1,y0==y_n-1 invariant does NOT hold for this annotation"
4c985249-839e-4954-b6ea-ef3dfad66e75,annotation,"segmentation ring first/last point gap = 1.30px (first=(1096.1629,1726.1186) last=(1095.8467,1727.3832)) -- prompt's assumed x0==x_n-1,y0==y_n-1 invariant does NOT hold for this annotation"
0fbc8f8a-164e-44be-87da-de2bcefd320e,annotation,"segmentation ring first/last point gap = 4.24px (first=(964.0,1153.0) last=(961.0,1156.0)) -- prompt's assumed x0==x_n-1,y0==y_n-1 invariant does NOT hold for this annotation"
d0906577-1769-466a-b4b5-ad0014737626,annotation,"segmentation ring first/last point gap = 1.60px (first=(246.8785,900.7945) last=(247.2885,899.2445)) -- prompt's assumed x0==x_n-1,y0==y_n-1 invariant does NOT hold for this annotation"
d5d14571-721a-4a05-9a51-7401129540a8,annotation,"segmentation ring first/last point gap = 1.41px (first=(986.0,1379.0) last=(985.0,1380.0)) -- prompt's assumed x0==x_n-1,y0==y_n-1 invariant does NOT hold for this annotation"
21a631e6-cfd4-458e-bdb5-87ba95b9c659,annotation,"segmentation ring first/last point gap = 2.24px (first=(707.0,1533.0) last=(706.0,1535.0)) -- prompt's assumed x0==x_n-1,y0==y_n-1 invariant does NOT hold for this annotation"
3711b360-e418-488d-9288-8cc954fe0ee0,annotation,"segmentation ring first/last point gap = 1.60px (first=(920.2528,788.5256) last=(919.8428,790.0756)) -- prompt's assumed x0==x_n-1,y0==y_n-1 invariant does NOT hold for this annotation"
6d03c320-0690-483f-9149-72ad9719a017,annotation,"segmentation ring first/last point gap = 1.60px (first=(1557.8411,1216.8628) last=(1558.2511,1215.3128)) -- prompt's assumed x0==x_n-1,y0==y_n-1 invariant does NOT hold for this annotation"
52388301-3964-4891-b694-aa4bfd32b70b,annotation,"segmentation ring first/last point gap = 1.41px (first=(1721.0,1353.0) last=(1720.0,1354.0)) -- prompt's assumed x0==x_n-1,y0==y_n-1 invariant does NOT hold for this annotation"
410ebb7f-246f-418b-ac94-81034f126add,annotation,"segmentation ring first/last point gap = 6.40px (first=(1491.0,1581.0) last=(1487.0,1586.0)) -- prompt's assumed x0==x_n-1,y0==y_n-1 invariant does NOT hold for this annotation"
30624ebd-878d-4e6f-ad1a-f9f04a250fbb,annotation,"segmentation ring first/last point gap = 1.60px (first=(1682.0272,1543.216) last=(1681.6172,1544.766)) -- prompt's assumed x0==x_n-1,y0==y_n-1 invariant does NOT hold for this annotation"
663910cc-668d-4d95-a0e7-5b30b5aaa1d4,annotation,"segmentation ring first/last point gap = 1.41px (first=(982.0,1383.0) last=(981.0,1384.0)) -- prompt's assumed x0==x_n-1,y0==y_n-1 invariant does NOT hold for this annotation"
506c7bec-cdce-4b86-a928-6392d3933e7e,annotation,"segmentation ring first/last point gap = 1.55px (first=(920.9589,789.6239) last=(921.3589,788.1239)) -- prompt's assumed x0==x_n-1,y0==y_n-1 invariant does NOT hold for this annotation"
714286f0-0b0c-48b8-94ae-10dc1a8fbd80,annotation,"segmentation ring first/last point gap = 1.60px (first=(1455.0892,1098.1893) last=(1454.6792,1099.7393)) -- prompt's assumed x0==x_n-1,y0==y_n-1 invariant does NOT hold for this annotation"
11abc93a-9e6b-455c-94a1-b95d6ef81cc7,annotation,"segmentation ring first/last point gap = 1.60px (first=(1564.3963,1216.8819) last=(1564.8063,1215.3319)) -- prompt's assumed x0==x_n-1,y0==y_n-1 invariant does NOT hold for this annotation"
e8fc76d1-7b5d-46b1-bb3f-214450700da9,annotation,"segmentation ring first/last point gap = 11.18px (first=(702.0,1540.0) last=(707.0,1530.0)) -- prompt's assumed x0==x_n-1,y0==y_n-1 invariant does NOT hold for this annotation"
22185780-8d67-49e7-964b-9bb9de00d198,annotation,"segmentation ring first/last point gap = 1.55px (first=(1681.9906,1544.7903) last=(1681.5906,1546.2903)) -- prompt's assumed x0==x_n-1,y0==y_n-1 invariant does NOT hold for this annotation"
698bd352-819f-4ccb-9b1d-42a23a3b9993,annotation,"segmentation ring first/last point gap = 2.59px (first=(656.2441,1055.4115) last=(655.5741,1057.9115)) -- prompt's assumed x0==x_n-1,y0==y_n-1 invariant does NOT hold for this annotation"
6168eec4-d750-42f8-906b-452b9d070c09,annotation,"segmentation ring first/last point gap = 2.59px (first=(737.9515,930.8019) last=(738.6215,928.3019)) -- prompt's assumed x0==x_n-1,y0==y_n-1 invariant does NOT hold for this annotation"
e96067aa-3430-4cae-8f50-38a61c520c4d,annotation,"segmentation ring first/last point gap = 1.60px (first=(1649.0822,1317.2792) last=(1648.6722,1318.8292)) -- prompt's assumed x0==x_n-1,y0==y_n-1 invariant does NOT hold for this annotation"
79ce4b5a-08fc-45df-b1e5-74798264eb4a,annotation,"segmentation ring first/last point gap = 1.91px (first=(1428.8521,670.2958) last=(1428.0,672.0)) -- prompt's assumed x0==x_n-1,y0==y_n-1 invariant does NOT hold for this annotation"
173c294e-dc63-4632-8aa0-2ed17a826c5d,annotation,"segmentation ring first/last point gap = 4.18px (first=(1017.0928,477.5775) last=(1018.1728,473.5375)) -- prompt's assumed x0==x_n-1,y0==y_n-1 invariant does NOT hold for this annotation"
712d7260-416d-40fa-8625-5098a8e9899a,annotation,"segmentation ring first/last point gap = 2.59px (first=(1176.6075,1484.5902) last=(1175.9375,1487.0902)) -- prompt's assumed x0==x_n-1,y0==y_n-1 invariant does NOT hold for this annotation"
ba1daad6-4da3-48c9-95e0-5556ad4a8021,annotation,"segmentation ring first/last point gap = 2.59px (first=(1586.2559,1533.462) last=(1585.5859,1535.962)) -- prompt's assumed x0==x_n-1,y0==y_n-1 invariant does NOT hold for this annotation"
42a8d668-69c2-40f3-9d3c-623f347b12e9,annotation,"segmentation ring first/last point gap = 1.04px (first=(1575.9149,820.5182) last=(1576.1849,819.5182)) -- prompt's assumed x0==x_n-1,y0==y_n-1 invariant does NOT hold for this annotation"
c71e79d4-026a-49cf-a6ab-4154f65f0dc7,annotation,"segmentation ring first/last point gap = 1.04px (first=(1750.2915,752.3556) last=(1750.0215,753.3556)) -- prompt's assumed x0==x_n-1,y0==y_n-1 invariant does NOT hold for this annotation"
fddc7776-3d38-4769-8083-ae53e36d47a1,annotation,"segmentation ring first/last point gap = 6.40px (first=(1566.0,1025.0) last=(1562.0,1030.0)) -- prompt's assumed x0==x_n-1,y0==y_n-1 invariant does NOT hold for this annotation"
0e16a182-660e-44f0-b26c-1adab9798084,annotation,"segmentation ring first/last point gap = 2.59px (first=(1811.8451,1144.3782) last=(1811.1751,1146.8782)) -- prompt's assumed x0==x_n-1,y0==y_n-1 invariant does NOT hold for this annotation"
b63d4827-4eb3-4c12-85fd-faf402ce5587,annotation,"segmentation ring first/last point gap = 1.04px (first=(1525.2306,1231.5658) last=(1525.5006,1230.5658)) -- prompt's assumed x0==x_n-1,y0==y_n-1 invariant does NOT hold for this annotation"
3c29d2b1-a86a-481d-962a-375b1f1b8747,annotation,"segmentation ring first/last point gap = 1.60px (first=(1171.7422,1508.5105) last=(1171.3322,1510.0605)) -- prompt's assumed x0==x_n-1,y0==y_n-1 invariant does NOT hold for this annotation"
26a48221-1e0c-4632-a3ab-99194c3270fd,annotation,"segmentation ring first/last point gap = 4.51px (first=(1593.9073,1544.0226) last=(1592.9032,1548.417)) -- prompt's assumed x0==x_n-1,y0==y_n-1 invariant does NOT hold for this annotation"
3a848d74-0ca9-49bb-a79f-4a6d95f3720c,annotation,"segmentation ring first/last point gap = 1.60px (first=(1052.4865,1550.0295) last=(1052.8965,1548.4795)) -- prompt's assumed x0==x_n-1,y0==y_n-1 invariant does NOT hold for this annotation"
3cc06ce9-62f0-47e6-9933-f6d7d614e7f6,annotation,"segmentation ring first/last point gap = 2.59px (first=(393.0488,1446.9779) last=(392.3788,1449.4779)) -- prompt's assumed x0==x_n-1,y0==y_n-1 invariant does NOT hold for this annotation"
513c3238-91ca-400c-911c-9f1400cc0c88,annotation,"segmentation ring first/last point gap = 4.18px (first=(964.3588,404.1653) last=(965.4388,400.1253)) -- prompt's assumed x0==x_n-1,y0==y_n-1 invariant does NOT hold for this annotation"
ae45796c-94da-4a3b-a566-27fe6370eceb,annotation,"segmentation ring first/last point gap = 1.60px (first=(1198.1811,729.6583) last=(1197.7711,731.2083)) -- prompt's assumed x0==x_n-1,y0==y_n-1 invariant does NOT hold for this annotation"
2db5963a-2334-44b4-816f-c43d5451dc57,annotation,"segmentation ring first/last point gap = 4.47px (first=(704.8609,769.8609) last=(702.8609,773.8609)) -- prompt's assumed x0==x_n-1,y0==y_n-1 invariant does NOT hold for this annotation"
8de8c5b4-f8ed-40ac-a6f8-77eac1504f3f,annotation,"segmentation ring first/last point gap = 1.54px (first=(1395.1217,587.1749) last=(1395.5153,585.687)) -- prompt's assumed x0==x_n-1,y0==y_n-1 invariant does NOT hold for this annotation"
a2844b82-5efc-4c91-ac75-7230bec50e08,annotation,"segmentation ring first/last point gap = 7.81px (first=(971.0,561.0) last=(976.0,555.0)) -- prompt's assumed x0==x_n-1,y0==y_n-1 invariant does NOT hold for this annotation"
9922f765-edf7-4f51-b2c7-9973bd302c4c,annotation,"segmentation ring first/last point gap = 1.60px (first=(1731.5954,670.2965) last=(1731.1854,671.8465)) -- prompt's assumed x0==x_n-1,y0==y_n-1 invariant does NOT hold for this annotation"
9bc66078-8d63-4050-912c-0dec1a2f380a,annotation,"segmentation ring first/last point gap = 2.59px (first=(647.7469,1454.3284) last=(648.4169,1451.8284)) -- prompt's assumed x0==x_n-1,y0==y_n-1 invariant does NOT hold for this annotation"
ebdfba15-0270-4bdd-adc4-d0e5cd9a8387,annotation,"segmentation ring first/last point gap = 1.41px (first=(1169.0,1441.0) last=(1170.0,1440.0)) -- prompt's assumed x0==x_n-1,y0==y_n-1 invariant does NOT hold for this annotation"
49be3583-0b09-40b5-8b81-f8a99df17946,annotation,"segmentation ring first/last point gap = 1.41px (first=(1175.0,884.0) last=(1174.0,885.0)) -- prompt's assumed x0==x_n-1,y0==y_n-1 invariant does NOT hold for this annotation"
e5acdb72-4f79-4a1d-a9bf-cfad664e40c5,annotation,"segmentation ring first/last point gap = 1.60px (first=(931.023,1305.5012) last=(930.613,1307.0512)) -- prompt's assumed x0==x_n-1,y0==y_n-1 invariant does NOT hold for this annotation"
b47806dd-75fb-4f6c-bc54-d2512a4eab15,annotation,"segmentation ring first/last point gap = 1.96px (first=(1275.0,784.0) last=(1274.5235,785.9062)) -- prompt's assumed x0==x_n-1,y0==y_n-1 invariant does NOT hold for this annotation"
ad9fdb83-8d2a-427f-b049-6fcae873ba2e,annotation,"segmentation ring first/last point gap = 8.94px (first=(1724.0,991.0) last=(1720.0,999.0)) -- prompt's assumed x0==x_n-1,y0==y_n-1 invariant does NOT hold for this annotation"
b82bf027-4b40-42c0-94c2-6e7731a88f91,annotation,"segmentation ring first/last point gap = 2.00px (first=(1731.0,671.0) last=(1729.0,671.0)) -- prompt's assumed x0==x_n-1,y0==y_n-1 invariant does NOT hold for this annotation"
3643f504-16d2-4f6d-a79d-fbbcd1a077df,annotation,"segmentation ring first/last point gap = 2.92px (first=(1170.3903,875.3048) last=(1173.0,874.0)) -- prompt's assumed x0==x_n-1,y0==y_n-1 invariant does NOT hold for this annotation"
fb0e00f3-8486-490c-ab30-0289f1fc3e43,annotation,"segmentation ring first/last point gap = 1.04px (first=(1841.894,1111.6777) last=(1841.624,1112.6777)) -- prompt's assumed x0==x_n-1,y0==y_n-1 invariant does NOT hold for this annotation"
f88ac29d-f57c-4134-87d1-c6907cc9b13c,annotation,"segmentation ring first/last point gap = 1.04px (first=(1515.2177,1423.5226) last=(1514.9477,1424.5226)) -- prompt's assumed x0==x_n-1,y0==y_n-1 invariant does NOT hold for this annotation"
02286bdc-e5a4-48c3-8a17-f0c88b5ac542,annotation,"segmentation ring first/last point gap = 1.04px (first=(1568.1389,1282.4874) last=(1567.8689,1283.4874)) -- prompt's assumed x0==x_n-1,y0==y_n-1 invariant does NOT hold for this annotation"
6e62f954-7867-41b3-b3d9-71606f69ebe3,annotation,"segmentation ring first/last point gap = 1.04px (first=(1304.3074,998.4924) last=(1304.5774,997.4924)) -- prompt's assumed x0==x_n-1,y0==y_n-1 invariant does NOT hold for this annotation"
f03cc16a-1e8d-4602-81b9-32b7ef3502d2,annotation,"segmentation ring first/last point gap = 1.04px (first=(789.3832,1306.9319) last=(789.1132,1307.9319)) -- prompt's assumed x0==x_n-1,y0==y_n-1 invariant does NOT hold for this annotation"
dffd43af-9dc0-413d-9d68-9270ffaf6581,annotation,"segmentation ring first/last point gap = 1.04px (first=(1377.6993,1303.2178) last=(1377.4293,1304.2178)) -- prompt's assumed x0==x_n-1,y0==y_n-1 invariant does NOT hold for this annotation"
08a930d1-69d9-446d-9be7-76827dda7332,annotation,"segmentation ring first/last point gap = 1.60px (first=(426.519,1373.6588) last=(426.109,1375.2088)) -- prompt's assumed x0==x_n-1,y0==y_n-1 invariant does NOT hold for this annotation"
4d3f0116-2506-481e-a23e-8663f6202d37,annotation,"segmentation ring first/last point gap = 1.60px (first=(1199.1525,1303.1527) last=(1198.7425,1304.7027)) -- prompt's assumed x0==x_n-1,y0==y_n-1 invariant does NOT hold for this annotation"
be866578-6e59-4f22-b7d2-a568cf0b1530,annotation,"segmentation ring first/last point gap = 1.60px (first=(1431.5513,1150.6282) last=(1431.1413,1152.1782)) -- prompt's assumed x0==x_n-1,y0==y_n-1 invariant does NOT hold for this annotation"
793781f3-0b70-48cb-9285-f65a83d5c6e1,annotation,"segmentation ring first/last point gap = 1.60px (first=(1312.5152,1010.4618) last=(1312.9252,1008.9118)) -- prompt's assumed x0==x_n-1,y0==y_n-1 invariant does NOT hold for this annotation"
bbe579e6-c016-4569-a421-2609d980c621,annotation,"segmentation ring first/last point gap = 1.60px (first=(1566.1593,1283.6952) last=(1566.5693,1282.1452)) -- prompt's assumed x0==x_n-1,y0==y_n-1 invariant does NOT hold for this annotation"
f4cc2317-f70e-4098-a283-32abaeae2bc9,annotation,"segmentation ring first/last point gap = 1.60px (first=(1145.9424,576.8784) last=(1146.3524,575.3284)) -- prompt's assumed x0==x_n-1,y0==y_n-1 invariant does NOT hold for this annotation"
8d8d74b2-b0bb-48f5-a725-0d2bdbb41a8b,annotation,"segmentation ring first/last point gap = 1.60px (first=(846.9459,1712.4618) last=(847.3559,1710.9118)) -- prompt's assumed x0==x_n-1,y0==y_n-1 invariant does NOT hold for this annotation"
7b983e99-3255-413f-aa16-1293d9b9f8bb,annotation,"segmentation ring first/last point gap = 1.49px (first=(1592.0,1466.4359) last=(1590.7613,1467.2617)) -- prompt's assumed x0==x_n-1,y0==y_n-1 invariant does NOT hold for this annotation"
b41623a1-a878-4ae8-90a5-28ff38cd04cd,annotation,"segmentation ring first/last point gap = 2.24px (first=(1123.0,1363.0) last=(1122.0,1365.0)) -- prompt's assumed x0==x_n-1,y0==y_n-1 invariant does NOT hold for this annotation"
3bc7e7cc-b998-4797-bc6f-20868b263f11,annotation,"segmentation ring first/last point gap = 5.66px (first=(1116.0,1367.0) last=(1120.0,1363.0)) -- prompt's assumed x0==x_n-1,y0==y_n-1 invariant does NOT hold for this annotation"
60bc75ee-15d1-408c-ad60-8b56d5c4b93e,annotation,"segmentation ring first/last point gap = 2.17px (first=(1242.0,1562.0) last=(1240.9225,1563.8857)) -- prompt's assumed x0==x_n-1,y0==y_n-1 invariant does NOT hold for this annotation"
192bff3b-4874-4949-a932-fb2a82cc5756,annotation,"segmentation ring first/last point gap = 1.41px (first=(833.0,1089.0) last=(832.0,1090.0)) -- prompt's assumed x0==x_n-1,y0==y_n-1 invariant does NOT hold for this annotation"
2e86c876-52aa-464b-864b-3e0aa65dccb7,annotation,"segmentation ring first/last point gap = 2.84px (first=(1747.9739,1003.2521) last=(1747.1353,1005.9615)) -- prompt's assumed x0==x_n-1,y0==y_n-1 invariant does NOT hold for this annotation"
818a889d-75a7-4518-bad0-217eba3cec0d,annotation,"segmentation ring first/last point gap = 1.41px (first=(1110.0,1367.0) last=(1109.0,1368.0)) -- prompt's assumed x0==x_n-1,y0==y_n-1 invariant does NOT hold for this annotation"
34915d69-d31f-4307-9aeb-aad5a859623b,annotation,"segmentation ring first/last point gap = 2.59px (first=(1679.1962,1123.5059) last=(1678.5262,1126.0059)) -- prompt's assumed x0==x_n-1,y0==y_n-1 invariant does NOT hold for this annotation"
9ab2ecc1-47ce-4413-8a68-cf517d0c61c9,annotation,"segmentation ring first/last point gap = 1.60px (first=(1075.9923,1286.2802) last=(1076.4023,1284.7302)) -- prompt's assumed x0==x_n-1,y0==y_n-1 invariant does NOT hold for this annotation"
19077880-9d98-49b1-95e8-76c2aaefbfa9,annotation,"segmentation ring first/last point gap = 1.60px (first=(735.0517,1218.217) last=(735.4617,1216.667)) -- prompt's assumed x0==x_n-1,y0==y_n-1 invariant does NOT hold for this annotation"
e2ccdd01-ea73-43b6-baf0-781af394b817,annotation,"segmentation ring first/last point gap = 1.60px (first=(504.3976,500.3493) last=(504.8076,498.7993)) -- prompt's assumed x0==x_n-1,y0==y_n-1 invariant does NOT hold for this annotation"
beb07864-581c-4701-9aca-630bb70dcc40,annotation,"segmentation ring first/last point gap = 2.59px (first=(1044.9372,970.0707) last=(1045.6072,967.5707)) -- prompt's assumed x0==x_n-1,y0==y_n-1 invariant does NOT hold for this annotation"
4fe89707-b5b6-4b04-b45d-ed1951e643a6,annotation,"segmentation ring first/last point gap = 1.60px (first=(941.3287,1454.6902) last=(940.9187,1456.2402)) -- prompt's assumed x0==x_n-1,y0==y_n-1 invariant does NOT hold for this annotation"
761e0864-7996-4ded-8d44-64a216bac767,annotation,"segmentation ring first/last point gap = 1.32px (first=(349.15,1150.69) last=(348.8521,1151.9806)) -- prompt's assumed x0==x_n-1,y0==y_n-1 invariant does NOT hold for this annotation"
3ff884b1-ef74-4cfb-8633-053169ca2267,annotation,"segmentation ring first/last point gap = 1.41px (first=(432.0,686.0) last=(431.0,687.0)) -- prompt's assumed x0==x_n-1,y0==y_n-1 invariant does NOT hold for this annotation"
db6a4259-e8e4-4d29-8371-8bf397a40c39,annotation,"segmentation ring first/last point gap = 2.07px (first=(749.4497,1394.4077) last=(748.9097,1396.4077)) -- prompt's assumed x0==x_n-1,y0==y_n-1 invariant does NOT hold for this annotation"
e985f1c1-f2a6-4d9d-9404-e339d65ccc75,annotation,"segmentation ring first/last point gap = 2.07px (first=(696.472,1554.6354) last=(695.932,1556.6354)) -- prompt's assumed x0==x_n-1,y0==y_n-1 invariant does NOT hold for this annotation"
493c40c0-f45b-4eb5-a3d4-af0df77df061,annotation,"segmentation ring first/last point gap = 6.71px (first=(692.0,1176.0) last=(689.0,1182.0)) -- prompt's assumed x0==x_n-1,y0==y_n-1 invariant does NOT hold for this annotation"
77a0647e-638a-4e3f-b978-6de337a4795d,annotation,"segmentation ring first/last point gap = 11.18px (first=(748.0,1393.0) last=(743.0,1403.0)) -- prompt's assumed x0==x_n-1,y0==y_n-1 invariant does NOT hold for this annotation"
c4e2e6d2-b29b-40e6-b2ae-cb0a49ab604a,annotation,"segmentation ring first/last point gap = 1.41px (first=(485.0,1370.0) last=(484.0,1371.0)) -- prompt's assumed x0==x_n-1,y0==y_n-1 invariant does NOT hold for this annotation"
7350712e-38de-4d25-a1c8-3d8839154619,annotation,"segmentation ring first/last point gap = 4.24px (first=(698.0,1557.0) last=(695.0,1560.0)) -- prompt's assumed x0==x_n-1,y0==y_n-1 invariant does NOT hold for this annotation"
ff453e78-1b0f-468a-96a3-2781a11734b5,annotation,"segmentation ring first/last point gap = 6.71px (first=(692.0,1176.0) last=(689.0,1182.0)) -- prompt's assumed x0==x_n-1,y0==y_n-1 invariant does NOT hold for this annotation"
cbb0bdd4-4800-47fe-9ad7-4c85a529765a,annotation,"segmentation ring first/last point gap = 8.25px (first=(746.0,1396.0) last=(744.0,1404.0)) -- prompt's assumed x0==x_n-1,y0==y_n-1 invariant does NOT hold for this annotation"
ef6ea121-1059-4bc0-b557-aa0bdc845d6a,annotation,"segmentation ring first/last point gap = 1.41px (first=(1439.0,1061.0) last=(1440.0,1060.0)) -- prompt's assumed x0==x_n-1,y0==y_n-1 invariant does NOT hold for this annotation"
2d7936ae-f3e6-44da-99c3-e203797d6006,annotation,"segmentation ring first/last point gap = 1.41px (first=(435.0,689.0) last=(436.0,688.0)) -- prompt's assumed x0==x_n-1,y0==y_n-1 invariant does NOT hold for this annotation"
1a04cc0b-305f-40b8-9a5d-3e48152ea0f2,annotation,"segmentation ring first/last point gap = 2.56px (first=(839.4026,529.6925) last=(838.7415,532.1656)) -- prompt's assumed x0==x_n-1,y0==y_n-1 invariant does NOT hold for this annotation"
8838e746-4631-418b-a5f6-5517f7f8311f,annotation,"segmentation ring first/last point gap = 4.18px (first=(1516.3112,1518.4938) last=(1515.2312,1522.5338)) -- prompt's assumed x0==x_n-1,y0==y_n-1 invariant does NOT hold for this annotation"
6b8ccedf-cb9b-4d09-8fc1-8dae3498ea6d,annotation,"segmentation ring first/last point gap = 1.79px (first=(1309.7396,1618.124) last=(1309.2783,1619.8494)) -- prompt's assumed x0==x_n-1,y0==y_n-1 invariant does NOT hold for this annotation"
38299495-35da-4316-9975-d486f6af9320,annotation,"segmentation ring first/last point gap = 6.77px (first=(1361.8758,384.7631) last=(1360.1258,391.3031)) -- prompt's assumed x0==x_n-1,y0==y_n-1 invariant does NOT hold for this annotation"
5eeb9bef-7590-41a8-9477-8408eb4f5789,annotation,"segmentation ring first/last point gap = 1.60px (first=(1525.9339,1198.4937) last=(1525.5239,1200.0437)) -- prompt's assumed x0==x_n-1,y0==y_n-1 invariant does NOT hold for this annotation"
62d94cf9-0579-417f-bd0f-f33b0b7570a9,annotation,"segmentation ring first/last point gap = 2.24px (first=(1797.0,1400.0) last=(1799.0,1399.0)) -- prompt's assumed x0==x_n-1,y0==y_n-1 invariant does NOT hold for this annotation"
ef2d1191-a443-42d6-87b0-f8af951048e2,annotation,"segmentation ring first/last point gap = 5.58px (first=(1502.0,1035.8399) last=(1496.4244,1035.8399)) -- prompt's assumed x0==x_n-1,y0==y_n-1 invariant does NOT hold for this annotation"
0515a787-83d9-492d-84df-edd80513eb61,annotation,"segmentation ring first/last point gap = 1.55px (first=(1783.2155,1412.8846) last=(1783.6155,1411.3846)) -- prompt's assumed x0==x_n-1,y0==y_n-1 invariant does NOT hold for this annotation"
97871ce1-bbe6-4ad7-a4c2-5ac8b8774cf8,annotation,"segmentation ring first/last point gap = 3.36px (first=(1296.0587,1145.6744) last=(1295.1887,1148.9244)) -- prompt's assumed x0==x_n-1,y0==y_n-1 invariant does NOT hold for this annotation"
29f5d2a4-da77-44a8-8c2f-315037824929,annotation,"segmentation ring first/last point gap = 1.60px (first=(1814.2769,698.5849) last=(1813.8669,700.1349)) -- prompt's assumed x0==x_n-1,y0==y_n-1 invariant does NOT hold for this annotation"
3bdf8c26-92d0-4e54-9f5a-cbf58dbc3d48,annotation,"segmentation ring first/last point gap = 1.04px (first=(1431.1038,553.8639) last=(1430.8338,554.8639)) -- prompt's assumed x0==x_n-1,y0==y_n-1 invariant does NOT hold for this annotation"
21319847-9f01-4278-a97a-40c7ab661f98,annotation,"segmentation ring first/last point gap = 3.16px (first=(520.0,1143.0) last=(519.0,1146.0)) -- prompt's assumed x0==x_n-1,y0==y_n-1 invariant does NOT hold for this annotation"
4e222305-7d08-4f1d-8bcc-7a2ac5938db2,annotation,"segmentation ring first/last point gap = 4.24px (first=(1814.0,1310.0) last=(1811.0,1313.0)) -- prompt's assumed x0==x_n-1,y0==y_n-1 invariant does NOT hold for this annotation"
490787eb-688a-476f-9a69-ad33137c75f2,annotation,"segmentation ring first/last point gap = 1.04px (first=(970.7984,1244.9415) last=(970.5284,1245.9415)) -- prompt's assumed x0==x_n-1,y0==y_n-1 invariant does NOT hold for this annotation"
0e30665b-e8fb-4bef-b73a-e685bad72e6c,annotation,"segmentation ring first/last point gap = 13.68px (first=(952.9654,1139.1759) last=(949.6296,1152.441)) -- prompt's assumed x0==x_n-1,y0==y_n-1 invariant does NOT hold for this annotation"
1152f27b-f1e5-4c04-a348-8fb771263e91,annotation,"segmentation ring first/last point gap = 1.60px (first=(1757.1438,920.6594) last=(1756.7338,922.2094)) -- prompt's assumed x0==x_n-1,y0==y_n-1 invariant does NOT hold for this annotation"
8a04f1fc-755e-4e7f-a198-e45d77c082f3,annotation,"segmentation ring first/last point gap = 1.60px (first=(457.1729,869.4597) last=(457.5829,867.9097)) -- prompt's assumed x0==x_n-1,y0==y_n-1 invariant does NOT hold for this annotation"
083c7639-795b-430a-bdb8-0932c2eed28a,annotation,"segmentation ring first/last point gap = 1.60px (first=(1303.3451,629.4116) last=(1302.9351,630.9616)) -- prompt's assumed x0==x_n-1,y0==y_n-1 invariant does NOT hold for this annotation"
61994c50-c52f-4286-94d7-a772d3e9b796,annotation,"segmentation ring first/last point gap = 2.40px (first=(1583.3014,1497.3014) last=(1581.6029,1499.0)) -- prompt's assumed x0==x_n-1,y0==y_n-1 invariant does NOT hold for this annotation"
8870a9d3-c068-495a-b9a4-0df690b06eda,annotation,"segmentation ring first/last point gap = 1.33px (first=(1576.9792,1470.2481) last=(1576.6401,1471.5298)) -- prompt's assumed x0==x_n-1,y0==y_n-1 invariant does NOT hold for this annotation"
ce55d164-c57a-4baf-bb15-7d27b8c4b2c9,annotation,"segmentation ring first/last point gap = 1.60px (first=(1067.0226,862.3697) last=(1067.4326,860.8197)) -- prompt's assumed x0==x_n-1,y0==y_n-1 invariant does NOT hold for this annotation"
cb398b49-2160-459d-80cf-f536a4c9084d,annotation,"segmentation ring first/last point gap = 2.59px (first=(1495.9596,850.2544) last=(1496.6296,847.7544)) -- prompt's assumed x0==x_n-1,y0==y_n-1 invariant does NOT hold for this annotation"
b16abdc8-b94a-4a46-ab4e-e2e37d469e33,annotation,"segmentation ring first/last point gap = 2.59px (first=(390.3229,668.6451) last=(390.9929,666.1451)) -- prompt's assumed x0==x_n-1,y0==y_n-1 invariant does NOT hold for this annotation"
0e4f5158-3e75-4d4e-a61d-2b75f22e5d2c,annotation,"segmentation ring first/last point gap = 1.88px (first=(1901.941,901.8188) last=(1902.4268,900.0059)) -- prompt's assumed x0==x_n-1,y0==y_n-1 invariant does NOT hold for this annotation"
c47c7b6e-6097-4300-b7ce-15b58c45bf03,annotation,"segmentation ring first/last point gap = 4.18px (first=(591.2884,408.2766) last=(592.3684,404.2366)) -- prompt's assumed x0==x_n-1,y0==y_n-1 invariant does NOT hold for this annotation"
cef309aa-3da9-4602-862b-68830fcfbe4c,annotation,"segmentation ring first/last point gap = 4.18px (first=(403.953,577.2235) last=(402.873,581.2635)) -- prompt's assumed x0==x_n-1,y0==y_n-1 invariant does NOT hold for this annotation"
693c7a7f-9570-4b24-b9ad-f3facf19e917,annotation,"segmentation ring first/last point gap = 2.59px (first=(606.1969,629.9875) last=(606.8669,627.4875)) -- prompt's assumed x0==x_n-1,y0==y_n-1 invariant does NOT hold for this annotation"
28578817-9441-4fc6-8788-c0e8334a590a,annotation,"segmentation ring first/last point gap = 1.60px (first=(671.1587,705.3431) last=(671.5687,703.7931)) -- prompt's assumed x0==x_n-1,y0==y_n-1 invariant does NOT hold for this annotation"
fa571f31-1567-4aeb-b5cf-5eb52ca1ccd0,annotation,"segmentation ring first/last point gap = 2.59px (first=(1257.4984,283.9485) last=(1256.8284,286.4485)) -- prompt's assumed x0==x_n-1,y0==y_n-1 invariant does NOT hold for this annotation"
5ec59e2a-0e68-4bae-8568-8ca60ee0bc53,annotation,"segmentation ring first/last point gap = 1.60px (first=(1005.7385,429.2579) last=(1005.3285,430.8079)) -- prompt's assumed x0==x_n-1,y0==y_n-1 invariant does NOT hold for this annotation"
3d96cd77-14c8-43af-8458-0f22b43c7ab6,annotation,"segmentation ring first/last point gap = 2.83px (first=(449.0,815.0) last=(451.0,813.0)) -- prompt's assumed x0==x_n-1,y0==y_n-1 invariant does NOT hold for this annotation"
c64f6fdc-8acf-4a5c-bdca-d55e3be2dc9d,annotation,"segmentation ring first/last point gap = 2.59px (first=(440.7999,802.2907) last=(440.1299,804.7907)) -- prompt's assumed x0==x_n-1,y0==y_n-1 invariant does NOT hold for this annotation"
2e0c4ec1-4cbd-4e93-9536-83388cce96de,annotation,"segmentation ring first/last point gap = 2.24px (first=(1216.0,1122.0) last=(1218.0,1121.0)) -- prompt's assumed x0==x_n-1,y0==y_n-1 invariant does NOT hold for this annotation"
1db7ff93-155c-420f-8e67-7baf9b6149e2,annotation,"segmentation ring first/last point gap = 2.59px (first=(573.9025,601.0469) last=(573.2325,603.5469)) -- prompt's assumed x0==x_n-1,y0==y_n-1 invariant does NOT hold for this annotation"
57bb7b47-20cc-4c54-b742-454bc589b908,annotation,"segmentation ring first/last point gap = 1.41px (first=(1026.0,1665.0) last=(1027.0,1664.0)) -- prompt's assumed x0==x_n-1,y0==y_n-1 invariant does NOT hold for this annotation"
4539ec12-f8cd-45f3-96ed-04acadfe730e,annotation,"segmentation ring first/last point gap = 7.07px (first=(707.0,843.0) last=(702.0,848.0)) -- prompt's assumed x0==x_n-1,y0==y_n-1 invariant does NOT hold for this annotation"
6fea8ffb-b6a5-4cd2-a74c-1d91dfe5df26,annotation,"segmentation ring first/last point gap = 1.60px (first=(1084.1956,895.2225) last=(1083.7856,896.7725)) -- prompt's assumed x0==x_n-1,y0==y_n-1 invariant does NOT hold for this annotation"
de136bac-69f4-484e-9303-e4d79ac56973,annotation,"segmentation ring first/last point gap = 1.60px (first=(718.9607,1077.5599) last=(719.3707,1076.0099)) -- prompt's assumed x0==x_n-1,y0==y_n-1 invariant does NOT hold for this annotation"
ac1c10cc-89dc-4339-9f6f-aadf2de6e6b7,annotation,"segmentation ring first/last point gap = 2.24px (first=(1644.0,1124.0) last=(1643.0,1126.0)) -- prompt's assumed x0==x_n-1,y0==y_n-1 invariant does NOT hold for this annotation"
b5411e3d-b324-4936-911e-556139685bd8,annotation,"segmentation ring first/last point gap = 3.61px (first=(772.0,1504.0) last=(770.0,1507.0)) -- prompt's assumed x0==x_n-1,y0==y_n-1 invariant does NOT hold for this annotation"
c0851277-3645-4a9e-99e3-c61fcb5d5e50,annotation,"segmentation ring first/last point gap = 1.10px (first=(1441.6661,1293.1032) last=(1441.3761,1294.1632)) -- prompt's assumed x0==x_n-1,y0==y_n-1 invariant does NOT hold for this annotation"
4d24eb23-c1e3-4468-a3cc-6f3a0088b832,annotation,"segmentation ring first/last point gap = 1.10px (first=(1351.0696,1516.6698) last=(1350.7796,1517.7298)) -- prompt's assumed x0==x_n-1,y0==y_n-1 invariant does NOT hold for this annotation"
2c56bf66-80ec-4ea1-af41-17a5821d0292,annotation,"segmentation ring first/last point gap = 2.87px (first=(487.8568,549.2505) last=(487.1168,552.0205)) -- prompt's assumed x0==x_n-1,y0==y_n-1 invariant does NOT hold for this annotation"
77df9b2d-bc2c-46f6-9af1-21206c9c5aa9,annotation,"segmentation ring first/last point gap = 11.55px (first=(1047.4511,819.0) last=(1059.0,819.0)) -- prompt's assumed x0==x_n-1,y0==y_n-1 invariant does NOT hold for this annotation"
d5ad81af-cee9-4a9c-b5e8-183687f3222c,annotation,"segmentation ring first/last point gap = 2.24px (first=(1368.0,1266.0) last=(1366.0,1267.0)) -- prompt's assumed x0==x_n-1,y0==y_n-1 invariant does NOT hold for this annotation"
ae51f66c-7e10-4964-86c9-f6ae07c92edf,annotation,"segmentation ring first/last point gap = 2.59px (first=(1578.2602,716.1877) last=(1578.9302,713.6877)) -- prompt's assumed x0==x_n-1,y0==y_n-1 invariant does NOT hold for this annotation"
3d40b250-b4ea-4053-9405-bfd1003ec381,annotation,"segmentation ring first/last point gap = 2.83px (first=(1314.0,671.0) last=(1316.0,669.0)) -- prompt's assumed x0==x_n-1,y0==y_n-1 invariant does NOT hold for this annotation"
f65f1e89-0b9f-4def-a740-97bc1bdff234,annotation,"segmentation ring first/last point gap = 2.59px (first=(1060.9533,827.3433) last=(1061.6233,824.8433)) -- prompt's assumed x0==x_n-1,y0==y_n-1 invariant does NOT hold for this annotation"
16c6aafd-9279-45a7-a4a5-7432bbdfd863,annotation,"segmentation ring first/last point gap = 2.59px (first=(1198.1965,770.7808) last=(1197.5265,773.2808)) -- prompt's assumed x0==x_n-1,y0==y_n-1 invariant does NOT hold for this annotation"
00152413-77f4-460c-81aa-c2f04714bb6c,annotation,"segmentation ring first/last point gap = 1.41px (first=(1781.0,923.0) last=(1780.0,924.0)) -- prompt's assumed x0==x_n-1,y0==y_n-1 invariant does NOT hold for this annotation"
7db06b91-8545-4be4-b2c1-1e18c70eefcb,annotation,"segmentation ring first/last point gap = 4.18px (first=(1430.5982,1678.5138) last=(1429.5182,1682.5538)) -- prompt's assumed x0==x_n-1,y0==y_n-1 invariant does NOT hold for this annotation"
f41fe24f-1db5-443c-a8a6-a3654d74bc7d,annotation,"segmentation ring first/last point gap = 4.18px (first=(1788.1449,923.1296) last=(1789.2249,919.0896)) -- prompt's assumed x0==x_n-1,y0==y_n-1 invariant does NOT hold for this annotation"
ef0c1241-2875-42c2-b6f3-861058332586,annotation,"segmentation ring first/last point gap = 4.18px (first=(1066.468,825.742) last=(1065.388,829.782)) -- prompt's assumed x0==x_n-1,y0==y_n-1 invariant does NOT hold for this annotation"
2d00a4a8-7623-4f39-b67f-13fb45c898e9,annotation,"segmentation ring first/last point gap = 3.61px (first=(776.2183,558.7573) last=(777.1494,555.2744)) -- prompt's assumed x0==x_n-1,y0==y_n-1 invariant does NOT hold for this annotation"
263aea0c-726a-45cc-a500-a33748968d3e,annotation,"segmentation ring first/last point gap = 2.48px (first=(1266.0,1358.0) last=(1264.6244,1360.0634)) -- prompt's assumed x0==x_n-1,y0==y_n-1 invariant does NOT hold for this annotation"
00769b90-9f9a-4d5d-a2f4-a88c0b311614,annotation,"segmentation ring first/last point gap = 4.47px (first=(1777.0,875.0) last=(1775.0,879.0)) -- prompt's assumed x0==x_n-1,y0==y_n-1 invariant does NOT hold for this annotation"
e1d3432f-0ad1-4229-a0e2-10bbd1a50834,annotation,"segmentation ring first/last point gap = 5.83px (first=(1742.0,1397.0) last=(1745.0,1392.0)) -- prompt's assumed x0==x_n-1,y0==y_n-1 invariant does NOT hold for this annotation"
8f7231ed-a40f-45e6-a25e-9643dda279b9,annotation,"segmentation ring first/last point gap = 1.19px (first=(1737.6345,748.5424) last=(1737.3241,749.6921)) -- prompt's assumed x0==x_n-1,y0==y_n-1 invariant does NOT hold for this annotation"
1a21ac23-f6fb-4f45-b787-2a9837441a30,annotation,"segmentation ring first/last point gap = 1.60px (first=(395.3181,1166.3272) last=(394.9081,1167.8772)) -- prompt's assumed x0==x_n-1,y0==y_n-1 invariant does NOT hold for this annotation"
b9b371a5-cf5f-40b1-8426-8cea05b3bbc6,annotation,"segmentation ring first/last point gap = 1.60px (first=(498.7776,971.0854) last=(498.3676,972.6354)) -- prompt's assumed x0==x_n-1,y0==y_n-1 invariant does NOT hold for this annotation"
2b803359-6313-4727-bcc7-f82e2cd99723,annotation,"segmentation ring first/last point gap = 4.18px (first=(1739.2205,739.9815) last=(1738.1405,744.0215)) -- prompt's assumed x0==x_n-1,y0==y_n-1 invariant does NOT hold for this annotation"
5c89373e-4a4e-4719-a450-e4f9ab80d603,annotation,"segmentation ring first/last point gap = 2.24px (first=(1251.0,748.0) last=(1249.0,749.0)) -- prompt's assumed x0==x_n-1,y0==y_n-1 invariant does NOT hold for this annotation"
c529b149-9c67-485c-97cf-729d42995187,annotation,"segmentation ring first/last point gap = 5.00px (first=(770.0,550.0) last=(774.0,547.0)) -- prompt's assumed x0==x_n-1,y0==y_n-1 invariant does NOT hold for this annotation"
68d1742a-5103-4d8d-bc49-2c180535e219,annotation,"segmentation ring first/last point gap = 1.41px (first=(697.0,688.0) last=(696.0,689.0)) -- prompt's assumed x0==x_n-1,y0==y_n-1 invariant does NOT hold for this annotation"
2d65385b-b8e0-41b0-8f9e-d55ef5ac56db,annotation,"segmentation ring first/last point gap = 1.60px (first=(769.535,548.9767) last=(768.2049,549.8634)) -- prompt's assumed x0==x_n-1,y0==y_n-1 invariant does NOT hold for this annotation"
0efed790-831f-4c9d-9d10-b0b1cdcec3ac,annotation,"segmentation ring first/last point gap = 1.41px (first=(1139.0,928.0) last=(1138.0,929.0)) -- prompt's assumed x0==x_n-1,y0==y_n-1 invariant does NOT hold for this annotation"
40cd5274-5848-44fb-bd70-3e3152206f81,annotation,"segmentation ring first/last point gap = 1.30px (first=(1080.702,727.0) last=(1082.0,727.0)) -- prompt's assumed x0==x_n-1,y0==y_n-1 invariant does NOT hold for this annotation"
8c515bf8-5596-4674-bd10-9f114c021118,annotation,"segmentation ring first/last point gap = 2.59px (first=(1569.1512,796.4259) last=(1568.4812,798.9259)) -- prompt's assumed x0==x_n-1,y0==y_n-1 invariant does NOT hold for this annotation"
87622584-8297-4652-b9b8-94c0444a41e7,annotation,"segmentation ring first/last point gap = 2.59px (first=(1625.92,1587.0629) last=(1625.25,1589.5629)) -- prompt's assumed x0==x_n-1,y0==y_n-1 invariant does NOT hold for this annotation"
5a3257b2-940b-4776-a044-217957ba4027,annotation,"segmentation ring first/last point gap = 2.59px (first=(639.2696,939.699) last=(639.9396,937.199)) -- prompt's assumed x0==x_n-1,y0==y_n-1 invariant does NOT hold for this annotation"
2dd6813d-c3eb-4997-a4f7-2a3156df08cb,annotation,"segmentation ring first/last point gap = 3.16px (first=(1565.0,800.0) last=(1566.0,797.0)) -- prompt's assumed x0==x_n-1,y0==y_n-1 invariant does NOT hold for this annotation"
078ae0d6-263f-4012-ad0e-43e114287651,annotation,"segmentation ring first/last point gap = 1.60px (first=(635.6153,944.6996) last=(636.0253,943.1496)) -- prompt's assumed x0==x_n-1,y0==y_n-1 invariant does NOT hold for this annotation"
ce6324ee-e1fb-40f9-9327-cbcb55143bff,annotation,"segmentation ring first/last point gap = 1.60px (first=(1204.0436,1709.9372) last=(1203.6336,1711.4872)) -- prompt's assumed x0==x_n-1,y0==y_n-1 invariant does NOT hold for this annotation"
ec14a654-a711-424f-b82e-38fc1ecb82ed,annotation,"segmentation ring first/last point gap = 1.60px (first=(1546.682,700.7498) last=(1546.272,702.2998)) -- prompt's assumed x0==x_n-1,y0==y_n-1 invariant does NOT hold for this annotation"
6311de5f-d980-40dd-9869-3051ccb508d6,annotation,"segmentation ring first/last point gap = 1.60px (first=(1361.9098,1511.0399) last=(1361.4998,1512.5899)) -- prompt's assumed x0==x_n-1,y0==y_n-1 invariant does NOT hold for this annotation"
eac8fc72-b760-486c-ae67-84a8399559f0,annotation,"segmentation ring first/last point gap = 1.60px (first=(605.8855,521.8156) last=(606.2955,520.2656)) -- prompt's assumed x0==x_n-1,y0==y_n-1 invariant does NOT hold for this annotation"
d1b308b0-8991-4d97-a9e4-1c84cceefc2d,annotation,"segmentation ring first/last point gap = 2.83px (first=(1020.0,837.0) last=(1022.0,839.0)) -- prompt's assumed x0==x_n-1,y0==y_n-1 invariant does NOT hold for this annotation"
e2ded9d3-eaa8-41f4-aca4-b9e608bcb1ba,annotation,"segmentation ring first/last point gap = 3.00px (first=(1166.0,380.0) last=(1169.0,380.0)) -- prompt's assumed x0==x_n-1,y0==y_n-1 invariant does NOT hold for this annotation"
e84a3443-a00e-4dab-b403-8a81f93688d2,annotation,"segmentation ring first/last point gap = 2.24px (first=(1355.0,1527.0) last=(1354.0,1529.0)) -- prompt's assumed x0==x_n-1,y0==y_n-1 invariant does NOT hold for this annotation"
8da24e89-d94f-4fe8-bc58-84747db9ae1a,annotation,"segmentation ring first/last point gap = 6.08px (first=(1292.0513,518.1026) last=(1285.9734,518.1026)) -- prompt's assumed x0==x_n-1,y0==y_n-1 invariant does NOT hold for this annotation"
504c1820-17f2-42ce-9c70-6eab87c70d9e,annotation,"segmentation ring first/last point gap = 1.12px (first=(1024.0,1351.0) last=(1023.4973,1352.0054)) -- prompt's assumed x0==x_n-1,y0==y_n-1 invariant does NOT hold for this annotation"
8c3ff6ee-de9c-4fed-814a-faba4dc24cda,annotation,"segmentation ring first/last point gap = 1.41px (first=(1025.0,1351.0) last=(1026.0,1350.0)) -- prompt's assumed x0==x_n-1,y0==y_n-1 invariant does NOT hold for this annotation"
908b7ec0-c119-4087-99f4-03cc02cbd26a,annotation,"segmentation ring first/last point gap = 1.41px (first=(1101.0,1328.0) last=(1100.0,1329.0)) -- prompt's assumed x0==x_n-1,y0==y_n-1 invariant does NOT hold for this annotation"
40e50f94-86a0-4e4e-a0dd-717ced8c6626,annotation,"segmentation ring first/last point gap = 2.24px (first=(735.0,856.0) last=(733.0,857.0)) -- prompt's assumed x0==x_n-1,y0==y_n-1 invariant does NOT hold for this annotation"
ab5cf96e-ee98-48c8-bfc7-b6108d71d8ef,annotation,"segmentation ring first/last point gap = 1.60px (first=(1015.5848,429.6552) last=(1015.9948,428.1052)) -- prompt's assumed x0==x_n-1,y0==y_n-1 invariant does NOT hold for this annotation"
5264d318-9cf9-4f0f-bdd4-1c221f6e1acd,annotation,"segmentation ring first/last point gap = 1.60px (first=(657.1537,478.3676) last=(656.7437,479.9176)) -- prompt's assumed x0==x_n-1,y0==y_n-1 invariant does NOT hold for this annotation"
6e4876c4-3fb1-442e-87e5-0fb1f486fae0,annotation,"segmentation ring first/last point gap = 1.60px (first=(1667.2748,829.2952) last=(1667.6848,827.7452)) -- prompt's assumed x0==x_n-1,y0==y_n-1 invariant does NOT hold for this annotation"
91c13215-7176-4ee9-8ba6-c106dcf3aa08,annotation,"segmentation ring first/last point gap = 1.60px (first=(1567.9115,714.2694) last=(1568.3215,712.7194)) -- prompt's assumed x0==x_n-1,y0==y_n-1 invariant does NOT hold for this annotation"
bf235b1d-2274-4e97-bbf8-93a0f7c3908c,annotation,"segmentation ring first/last point gap = 1.60px (first=(1595.8284,880.5315) last=(1595.4184,882.0815)) -- prompt's assumed x0==x_n-1,y0==y_n-1 invariant does NOT hold for this annotation"
072d9eec-a76e-4c99-a3c7-1e295b3967ea,annotation,"segmentation ring first/last point gap = 1.60px (first=(828.1295,707.9322) last=(827.7195,709.4822)) -- prompt's assumed x0==x_n-1,y0==y_n-1 invariant does NOT hold for this annotation"
17950f4a-4b25-424b-88d7-2626f390dea6,annotation,"segmentation ring first/last point gap = 6.71px (first=(1145.0,787.0) last=(1139.0,790.0)) -- prompt's assumed x0==x_n-1,y0==y_n-1 invariant does NOT hold for this annotation"
5bb33e38-b026-4828-8dfc-3f0eb919e074,annotation,"segmentation ring first/last point gap = 2.61px (first=(1645.7373,1008.8942) last=(1645.2247,1011.4573)) -- prompt's assumed x0==x_n-1,y0==y_n-1 invariant does NOT hold for this annotation"
9d48d0e7-d6db-4e41-9f28-c7b58f944cef,annotation,"segmentation ring first/last point gap = 4.00px (first=(1500.0,1136.0) last=(1496.0,1136.0)) -- prompt's assumed x0==x_n-1,y0==y_n-1 invariant does NOT hold for this annotation"
d38060a1-d7c7-459a-8048-abeb4d6fa7c4,annotation,"segmentation ring first/last point gap = 6.00px (first=(823.0,717.0) last=(823.0,723.0)) -- prompt's assumed x0==x_n-1,y0==y_n-1 invariant does NOT hold for this annotation"
066551fe-8fe4-4678-bbeb-06782e5b3416,annotation,"segmentation ring first/last point gap = 1.41px (first=(823.0,725.0) last=(822.0,726.0)) -- prompt's assumed x0==x_n-1,y0==y_n-1 invariant does NOT hold for this annotation"
3620191e-5591-4372-9788-328fc997b7cd,annotation,"segmentation ring first/last point gap = 1.41px (first=(974.0,897.0) last=(973.0,898.0)) -- prompt's assumed x0==x_n-1,y0==y_n-1 invariant does NOT hold for this annotation"
8e01c1f1-1e50-49e3-bf98-19ce17a459fd,annotation,"segmentation ring first/last point gap = 2.59px (first=(1145.4682,784.1462) last=(1144.7982,786.6462)) -- prompt's assumed x0==x_n-1,y0==y_n-1 invariant does NOT hold for this annotation"
4ac0ab46-bcfd-46ad-abd4-1b479373a54d,annotation,"segmentation ring first/last point gap = 1.07px (first=(1250.0,1259.3349) last=(1249.7218,1260.3728)) -- prompt's assumed x0==x_n-1,y0==y_n-1 invariant does NOT hold for this annotation"
9da7adf5-a98e-4306-82d1-53d6e0bf4d0c,annotation,"segmentation ring first/last point gap = 2.04px (first=(1233.5157,1346.2791) last=(1234.9615,1344.8333)) -- prompt's assumed x0==x_n-1,y0==y_n-1 invariant does NOT hold for this annotation"
46e9c9cd-b4ee-47cf-844a-6548be840e56,annotation,"segmentation ring first/last point gap = 1.41px (first=(1249.0,1463.0) last=(1250.0,1462.0)) -- prompt's assumed x0==x_n-1,y0==y_n-1 invariant does NOT hold for this annotation"
2a175487-bd1f-4fa3-bc1f-78ee811fbc78,annotation,"segmentation ring first/last point gap = 1.04px (first=(1447.2428,661.2461) last=(1446.9728,662.2461)) -- prompt's assumed x0==x_n-1,y0==y_n-1 invariant does NOT hold for this annotation"
0ab853a2-45a9-4d28-8c07-d3e94ed64608,annotation,"segmentation ring first/last point gap = 1.27px (first=(1397.0355,718.2331) last=(1397.4387,717.0236)) -- prompt's assumed x0==x_n-1,y0==y_n-1 invariant does NOT hold for this annotation"
d1e155fe-7b27-46d9-ad1e-a5d0f3581547,annotation,"segmentation ring first/last point gap = 1.60px (first=(1293.1263,714.566) last=(1293.5363,713.016)) -- prompt's assumed x0==x_n-1,y0==y_n-1 invariant does NOT hold for this annotation"
e64c689f-efe6-46b9-b2d7-f050428b5ba9,annotation,"segmentation ring first/last point gap = 2.59px (first=(1048.8499,1585.398) last=(1049.5199,1582.898)) -- prompt's assumed x0==x_n-1,y0==y_n-1 invariant does NOT hold for this annotation"
9f665827-cc69-406f-9c9b-f4bb190f5f7a,annotation,"segmentation ring first/last point gap = 3.43px (first=(1732.5633,1288.6203) last=(1732.0,1292.0)) -- prompt's assumed x0==x_n-1,y0==y_n-1 invariant does NOT hold for this annotation"
2877985f-b7b4-4ce5-8730-11741aff5af1,annotation,"segmentation ring first/last point gap = 2.24px (first=(1003.0,1120.0) last=(1002.0,1122.0)) -- prompt's assumed x0==x_n-1,y0==y_n-1 invariant does NOT hold for this annotation"
e2ddf84b-937c-4420-bb97-d5c6fb6e7c4e,annotation,"segmentation ring first/last point gap = 1.41px (first=(1809.0,957.0) last=(1808.0,958.0)) -- prompt's assumed x0==x_n-1,y0==y_n-1 invariant does NOT hold for this annotation"
cd3005be-794c-4b1c-b61f-1b6a12d41ad9,annotation,"segmentation ring first/last point gap = 1.10px (first=(1578.2811,1347.1491) last=(1577.9911,1348.2091)) -- prompt's assumed x0==x_n-1,y0==y_n-1 invariant does NOT hold for this annotation"
8f485c17-30c6-4fce-abaa-d03f57c10195,annotation,"segmentation ring first/last point gap = 1.10px (first=(443.7924,1034.182) last=(443.5024,1035.242)) -- prompt's assumed x0==x_n-1,y0==y_n-1 invariant does NOT hold for this annotation"
b9815307-761f-439e-8ee6-1888d8a2ef6e,annotation,"segmentation ring first/last point gap = 1.10px (first=(1689.5333,718.8438) last=(1689.2433,719.9038)) -- prompt's assumed x0==x_n-1,y0==y_n-1 invariant does NOT hold for this annotation"
27250fd7-fcf0-4893-a01b-85302be7160f,annotation,"segmentation ring first/last point gap = 1.10px (first=(1639.4171,821.4286) last=(1639.7071,820.3686)) -- prompt's assumed x0==x_n-1,y0==y_n-1 invariant does NOT hold for this annotation"
47f39979-d7bd-4c8d-adb2-ac4edc0ceef8,annotation,"segmentation ring first/last point gap = 1.10px (first=(700.6175,1446.4275) last=(700.3275,1447.4875)) -- prompt's assumed x0==x_n-1,y0==y_n-1 invariant does NOT hold for this annotation"
7c62ce15-ea9b-4980-92d6-165c6b2953e2,annotation,"segmentation ring first/last point gap = 1.77px (first=(1785.7656,1335.3534) last=(1785.3056,1337.0634)) -- prompt's assumed x0==x_n-1,y0==y_n-1 invariant does NOT hold for this annotation"
6a8c4b5f-785d-481e-8598-a67151285845,annotation,"segmentation ring first/last point gap = 1.77px (first=(613.2899,1081.4898) last=(612.8299,1083.1998)) -- prompt's assumed x0==x_n-1,y0==y_n-1 invariant does NOT hold for this annotation"
58a44470-845a-4e09-9886-9b7db66000f5,annotation,"segmentation ring first/last point gap = 1.10px (first=(1401.0134,513.973) last=(1400.7234,515.033)) -- prompt's assumed x0==x_n-1,y0==y_n-1 invariant does NOT hold for this annotation"
8d32a5a6-9b2f-41a9-893a-166a1ec41ef1,annotation,"segmentation ring first/last point gap = 1.77px (first=(1679.8525,1203.2758) last=(1680.3125,1201.5658)) -- prompt's assumed x0==x_n-1,y0==y_n-1 invariant does NOT hold for this annotation"
c823ede2-d608-4edc-af74-79f44366a435,annotation,"segmentation ring first/last point gap = 1.10px (first=(1191.0874,749.6161) last=(1191.3774,748.5561)) -- prompt's assumed x0==x_n-1,y0==y_n-1 invariant does NOT hold for this annotation"
a6f6cfae-ae1e-4098-a266-daf937008b8a,annotation,"segmentation ring first/last point gap = 1.10px (first=(808.9819,844.6434) last=(809.2719,843.5834)) -- prompt's assumed x0==x_n-1,y0==y_n-1 invariant does NOT hold for this annotation"
ab1a381d-2677-4faa-a74a-d666b065fa13,annotation,"segmentation ring first/last point gap = 2.59px (first=(734.4338,793.6588) last=(735.1038,791.1588)) -- prompt's assumed x0==x_n-1,y0==y_n-1 invariant does NOT hold for this annotation"
adcf44a5-43a4-4c6a-bd6b-f9c8ac951c2c,annotation,"segmentation ring first/last point gap = 2.59px (first=(1590.0842,1338.9147) last=(1589.4142,1341.4147)) -- prompt's assumed x0==x_n-1,y0==y_n-1 invariant does NOT hold for this annotation"
7c47a3b3-ad25-4375-86e4-d25bc102d1f2,annotation,"segmentation ring first/last point gap = 3.61px (first=(1691.0,720.0) last=(1689.0,723.0)) -- prompt's assumed x0==x_n-1,y0==y_n-1 invariant does NOT hold for this annotation"
97dbf614-cffc-41a8-8405-0c7c9cd31a2e,annotation,"segmentation ring first/last point gap = 13.09px (first=(593.1549,1086.8164) last=(605.077,1081.4016)) -- prompt's assumed x0==x_n-1,y0==y_n-1 invariant does NOT hold for this annotation"
2d8cae19-2d1b-4e40-b48b-28de6809eaf8,annotation,"segmentation ring first/last point gap = 2.89px (first=(842.0,1186.0) last=(839.6869,1187.7348)) -- prompt's assumed x0==x_n-1,y0==y_n-1 invariant does NOT hold for this annotation"
955ede86-e7a3-41d0-abe4-b9815539c7c8,annotation,"segmentation ring first/last point gap = 1.29px (first=(1704.3916,783.677) last=(1704.7216,782.427)) -- prompt's assumed x0==x_n-1,y0==y_n-1 invariant does NOT hold for this annotation"
9b783c11-f6f2-4dec-9e4d-a2addaea6993,annotation,"segmentation ring first/last point gap = 1.29px (first=(1674.2902,1207.1267) last=(1673.9602,1208.3767)) -- prompt's assumed x0==x_n-1,y0==y_n-1 invariant does NOT hold for this annotation"
cf011a9e-1119-4852-9776-a4d00e636630,annotation,"segmentation ring first/last point gap = 1.29px (first=(443.1885,1038.7489) last=(443.5185,1037.4989)) -- prompt's assumed x0==x_n-1,y0==y_n-1 invariant does NOT hold for this annotation"
f9540a4e-e2c4-48e5-be54-e5c0eabe6f92,annotation,"segmentation ring first/last point gap = 1.41px (first=(836.0,1186.0) last=(835.0,1187.0)) -- prompt's assumed x0==x_n-1,y0==y_n-1 invariant does NOT hold for this annotation"
a1dc42d9-398f-4289-a07d-fb62160f132d,annotation,"segmentation ring first/last point gap = 1.60px (first=(378.2416,498.3627) last=(378.6516,496.8127)) -- prompt's assumed x0==x_n-1,y0==y_n-1 invariant does NOT hold for this annotation"
7cde0b02-ed71-40e7-b251-93a68911c46e,annotation,"segmentation ring first/last point gap = 1.60px (first=(1449.8347,1265.781) last=(1449.4247,1267.331)) -- prompt's assumed x0==x_n-1,y0==y_n-1 invariant does NOT hold for this annotation"
35079ffa-1fcc-49bf-a2dc-abd936c51ad2,annotation,"segmentation ring first/last point gap = 1.60px (first=(580.6547,833.515) last=(580.2447,835.065)) -- prompt's assumed x0==x_n-1,y0==y_n-1 invariant does NOT hold for this annotation"
2cc16254-f40a-4011-a3a5-ec7986f3b8a2,annotation,"segmentation ring first/last point gap = 1.60px (first=(517.3435,749.8937) last=(517.7535,748.3437)) -- prompt's assumed x0==x_n-1,y0==y_n-1 invariant does NOT hold for this annotation"
4327af45-54fd-43d0-87f3-a694e292b3d6,annotation,"segmentation ring first/last point gap = 1.60px (first=(1420.8302,503.1581) last=(1421.2402,501.6081)) -- prompt's assumed x0==x_n-1,y0==y_n-1 invariant does NOT hold for this annotation"
e1f5600f-cbc3-4192-b287-9a97cf549c27,annotation,"segmentation ring first/last point gap = 1.41px (first=(1150.0,590.0) last=(1149.0,591.0)) -- prompt's assumed x0==x_n-1,y0==y_n-1 invariant does NOT hold for this annotation"
b0dee97c-7f5c-48fd-b0ab-484ce65a68a5,annotation,"segmentation ring first/last point gap = 1.60px (first=(1545.6682,626.4164) last=(1546.0782,624.8664)) -- prompt's assumed x0==x_n-1,y0==y_n-1 invariant does NOT hold for this annotation"
010026b3-ee07-453d-aa22-4ac732f2e9e7,annotation,"segmentation ring first/last point gap = 7.07px (first=(1437.0,1472.0) last=(1442.0,1467.0)) -- prompt's assumed x0==x_n-1,y0==y_n-1 invariant does NOT hold for this annotation"
1265c3eb-8696-41e0-b3ba-dc87e6b99d0e,annotation,"segmentation ring first/last point gap = 2.24px (first=(1547.0,629.0) last=(1546.0,631.0)) -- prompt's assumed x0==x_n-1,y0==y_n-1 invariant does NOT hold for this annotation"
7ee725a0-be55-4342-bb92-08c07beabb36,annotation,"segmentation ring first/last point gap = 2.59px (first=(844.5004,852.9946) last=(845.1704,850.4946)) -- prompt's assumed x0==x_n-1,y0==y_n-1 invariant does NOT hold for this annotation"
6d787da5-773d-4182-84ca-1c9f7eeb189e,annotation,"segmentation ring first/last point gap = 6.71px (first=(1430.0,1472.0) last=(1433.0,1466.0)) -- prompt's assumed x0==x_n-1,y0==y_n-1 invariant does NOT hold for this annotation"
206f029c-5b81-4408-b2d5-14734e6221f6,annotation,"segmentation ring first/last point gap = 2.13px (first=(1572.825,1479.0499) last=(1572.4743,1481.1539)) -- prompt's assumed x0==x_n-1,y0==y_n-1 invariant does NOT hold for this annotation"
ec83afff-600d-42b4-b264-ecfca6d7d348,annotation,"segmentation ring first/last point gap = 2.98px (first=(531.8908,438.7641) last=(530.0317,441.0943)) -- prompt's assumed x0==x_n-1,y0==y_n-1 invariant does NOT hold for this annotation"
50d9a62c-d1cd-42e3-986b-7a845086c812,annotation,"segmentation ring first/last point gap = 3.85px (first=(796.0199,1303.3002) last=(798.0,1300.0)) -- prompt's assumed x0==x_n-1,y0==y_n-1 invariant does NOT hold for this annotation"
cb57219e-dee1-40a0-beab-a5c03b908c0f,annotation,"segmentation ring first/last point gap = 8.61px (first=(878.1595,1364.9247) last=(872.5166,1371.4256)) -- prompt's assumed x0==x_n-1,y0==y_n-1 invariant does NOT hold for this annotation"
5fe22f48-fefb-4697-aabe-758c4220d2be,annotation,"segmentation ring first/last point gap = 1.41px (first=(1810.0,704.0) last=(1809.0,705.0)) -- prompt's assumed x0==x_n-1,y0==y_n-1 invariant does NOT hold for this annotation"
87199bca-e09c-4556-8b27-1aac11e6d487,annotation,"segmentation ring first/last point gap = 2.31px (first=(1397.3659,1376.6341) last=(1399.0,1375.0)) -- prompt's assumed x0==x_n-1,y0==y_n-1 invariant does NOT hold for this annotation"
1b2ff0fd-2d6e-4b2d-a900-ba9a892da2b4,annotation,"segmentation ring first/last point gap = 1.41px (first=(779.0,1312.0) last=(780.0,1311.0)) -- prompt's assumed x0==x_n-1,y0==y_n-1 invariant does NOT hold for this annotation"
83a69f0d-699a-42f1-9d58-c5e8319b0a23,annotation,"segmentation ring first/last point gap = 2.24px (first=(1589.0,512.0) last=(1591.0,513.0)) -- prompt's assumed x0==x_n-1,y0==y_n-1 invariant does NOT hold for this annotation"
0a8d4c99-ff5a-49c8-82e3-36c965e4a43c,annotation,"segmentation ring first/last point gap = 2.22px (first=(1504.7569,1490.3407) last=(1505.3304,1488.2006)) -- prompt's assumed x0==x_n-1,y0==y_n-1 invariant does NOT hold for this annotation"
d749f9a7-3f07-486a-9393-f62a5a28408f,annotation,"segmentation ring first/last point gap = 2.31px (first=(1138.7851,1226.6185) last=(1137.1495,1228.254)) -- prompt's assumed x0==x_n-1,y0==y_n-1 invariant does NOT hold for this annotation"
fc6639d5-e8f5-4782-990f-6a7eabe0a7d9,annotation,"segmentation ring first/last point gap = 1.60px (first=(1278.9955,809.2587) last=(1279.4055,807.7087)) -- prompt's assumed x0==x_n-1,y0==y_n-1 invariant does NOT hold for this annotation"
c2d2065e-c562-498f-9baa-3b924e7bc419,annotation,"segmentation ring first/last point gap = 1.60px (first=(1241.4814,1513.095) last=(1241.0714,1514.645)) -- prompt's assumed x0==x_n-1,y0==y_n-1 invariant does NOT hold for this annotation"
059f926c-21ff-4b4d-be01-952c9f88d5bf,annotation,"segmentation ring first/last point gap = 1.60px (first=(1638.6352,1327.9223) last=(1639.0452,1326.3723)) -- prompt's assumed x0==x_n-1,y0==y_n-1 invariant does NOT hold for this annotation"
de63ebe6-e75e-4258-9c07-caa726803681,annotation,"segmentation ring first/last point gap = 1.60px (first=(1662.3252,726.601) last=(1661.9152,728.151)) -- prompt's assumed x0==x_n-1,y0==y_n-1 invariant does NOT hold for this annotation"
93f84050-3be0-4e8f-b7c4-4e1c6e253ff4,annotation,"segmentation ring first/last point gap = 2.12px (first=(480.1722,1257.819) last=(481.1322,1255.9247)) -- prompt's assumed x0==x_n-1,y0==y_n-1 invariant does NOT hold for this annotation"
99f7359c-5aed-42db-9b6c-2a5e34da9432,annotation,"segmentation ring first/last point gap = 2.59px (first=(1185.9494,1701.1732) last=(1186.6194,1698.6732)) -- prompt's assumed x0==x_n-1,y0==y_n-1 invariant does NOT hold for this annotation"
ce5b3627-fa20-41ab-807a-7eb254c5dd97,annotation,"segmentation ring first/last point gap = 1.41px (first=(624.0,486.0) last=(623.0,487.0)) -- prompt's assumed x0==x_n-1,y0==y_n-1 invariant does NOT hold for this annotation"
e4d0e0f3-500b-4092-bc79-dba51e3c667e,annotation,"segmentation ring first/last point gap = 1.60px (first=(1223.3534,1704.5297) last=(1223.7634,1702.9797)) -- prompt's assumed x0==x_n-1,y0==y_n-1 invariant does NOT hold for this annotation"
da8c347f-6da4-435b-aed5-9f31bea4b806,annotation,"segmentation ring first/last point gap = 1.72px (first=(496.4579,1061.771) last=(498.0,1061.0)) -- prompt's assumed x0==x_n-1,y0==y_n-1 invariant does NOT hold for this annotation"
5fa52521-d4f8-4436-976b-1f4347cfe3f9,annotation,"segmentation ring first/last point gap = 1.60px (first=(1621.3127,1600.2005) last=(1620.9027,1601.7505)) -- prompt's assumed x0==x_n-1,y0==y_n-1 invariant does NOT hold for this annotation"
1b424cae-24a7-4fd6-8aaa-8b74369b53b3,annotation,"segmentation ring first/last point gap = 1.31px (first=(1054.0,1350.0) last=(1055.306,1350.0)) -- prompt's assumed x0==x_n-1,y0==y_n-1 invariant does NOT hold for this annotation"
194fe467-3a6b-432d-b2d4-31a9c18e10a5,annotation,"segmentation ring first/last point gap = 5.01px (first=(1637.0,745.0) last=(1632.0576,745.8237)) -- prompt's assumed x0==x_n-1,y0==y_n-1 invariant does NOT hold for this annotation"
3b6fb89c-26a9-4d1f-b8a5-29c88efdf708,annotation,"segmentation ring first/last point gap = 2.83px (first=(1707.0,1359.0) last=(1705.0,1361.0)) -- prompt's assumed x0==x_n-1,y0==y_n-1 invariant does NOT hold for this annotation"
cc468ef7-1684-4780-afc8-a8eecad11948,annotation,"segmentation ring first/last point gap = 2.59px (first=(500.643,1300.987) last=(501.313,1298.487)) -- prompt's assumed x0==x_n-1,y0==y_n-1 invariant does NOT hold for this annotation"
b1c916d7-dce1-46bf-9757-900afc3d8942,annotation,"segmentation ring first/last point gap = 2.59px (first=(1666.5724,789.8168) last=(1667.2424,787.3168)) -- prompt's assumed x0==x_n-1,y0==y_n-1 invariant does NOT hold for this annotation"
a716870c-891d-4f73-92dd-d8bd3cd34e84,annotation,"segmentation ring first/last point gap = 2.59px (first=(1717.5792,1347.5998) last=(1716.9092,1350.0998)) -- prompt's assumed x0==x_n-1,y0==y_n-1 invariant does NOT hold for this annotation"
b358f2dd-aec8-410f-86da-798423b0e012,annotation,"segmentation ring first/last point gap = 4.18px (first=(1297.2145,1021.0917) last=(1298.2945,1017.0517)) -- prompt's assumed x0==x_n-1,y0==y_n-1 invariant does NOT hold for this annotation"
e966fd69-333b-476f-9829-e5931acc587c,annotation,"segmentation ring first/last point gap = 2.59px (first=(1056.9967,1344.4424) last=(1057.6667,1341.9424)) -- prompt's assumed x0==x_n-1,y0==y_n-1 invariant does NOT hold for this annotation"
64bed268-2963-484f-aa87-5ca0e7318ae4,annotation,"segmentation ring first/last point gap = 2.47px (first=(510.2615,606.8768) last=(510.1077,609.3372)) -- prompt's assumed x0==x_n-1,y0==y_n-1 invariant does NOT hold for this annotation"
eb701a6b-777b-431c-a26b-d4e77a2892b7,annotation,"segmentation ring first/last point gap = 1.60px (first=(1115.0547,1557.9369) last=(1114.6447,1559.4869)) -- prompt's assumed x0==x_n-1,y0==y_n-1 invariant does NOT hold for this annotation"
80107924-09b8-4427-9af9-583d4364dc3b,annotation,"segmentation ring first/last point gap = 2.59px (first=(794.1896,695.754) last=(793.5196,698.254)) -- prompt's assumed x0==x_n-1,y0==y_n-1 invariant does NOT hold for this annotation"
6ec3098e-6510-42a0-9ed4-25a07a574a02,annotation,"segmentation ring first/last point gap = 1.39px (first=(1072.109,723.6638) last=(1071.7502,725.0024)) -- prompt's assumed x0==x_n-1,y0==y_n-1 invariant does NOT hold for this annotation"
b8fe0fe8-df4c-4d07-a19f-b0bafa89f5a6,annotation,"segmentation ring first/last point gap = 2.59px (first=(1692.8034,1045.5886) last=(1692.1334,1048.0886)) -- prompt's assumed x0==x_n-1,y0==y_n-1 invariant does NOT hold for this annotation"
9eb54503-6aa4-4eba-bfd7-05858f100aba,annotation,"segmentation ring first/last point gap = 2.83px (first=(1329.0,1004.0) last=(1327.0,1006.0)) -- prompt's assumed x0==x_n-1,y0==y_n-1 invariant does NOT hold for this annotation"
43716d34-fba2-4f2e-a08f-bc8060efa648,annotation,"segmentation ring first/last point gap = 3.92px (first=(985.0,1273.0) last=(982.2303,1275.7697)) -- prompt's assumed x0==x_n-1,y0==y_n-1 invariant does NOT hold for this annotation"
ee4640b1-048f-4791-b76e-4d4f0bf19f73,annotation,"segmentation ring first/last point gap = 2.59px (first=(1504.1487,1615.102) last=(1503.4787,1617.602)) -- prompt's assumed x0==x_n-1,y0==y_n-1 invariant does NOT hold for this annotation"
8c3ca5f8-e353-4f39-b8ab-a0885c1c415c,annotation,"segmentation ring first/last point gap = 1.56px (first=(493.6269,1254.3325) last=(493.2234,1255.838)) -- prompt's assumed x0==x_n-1,y0==y_n-1 invariant does NOT hold for this annotation"
fc245ca2-cae7-4094-9710-a87075db2ba5,annotation,"segmentation ring first/last point gap = 1.60px (first=(1082.0771,1342.1535) last=(1081.6671,1343.7035)) -- prompt's assumed x0==x_n-1,y0==y_n-1 invariant does NOT hold for this annotation"
a7fe0b59-a827-499c-885c-b4b8c55587ab,annotation,"segmentation ring first/last point gap = 1.29px (first=(1611.3992,809.5544) last=(1611.0692,810.8044)) -- prompt's assumed x0==x_n-1,y0==y_n-1 invariant does NOT hold for this annotation"
c1b17a74-a2eb-4327-b129-34b5d11e42b2,annotation,"segmentation ring first/last point gap = 1.26px (first=(1432.7375,1383.013) last=(1432.415,1384.2344)) -- prompt's assumed x0==x_n-1,y0==y_n-1 invariant does NOT hold for this annotation"
d33af129-0c56-4487-b091-8cc3f00252a9,annotation,"segmentation ring first/last point gap = 1.55px (first=(883.0853,1420.8187) last=(883.4853,1419.3187)) -- prompt's assumed x0==x_n-1,y0==y_n-1 invariant does NOT hold for this annotation"
a7e173c4-0536-44c5-8153-fefe0e60eaf9,annotation,"segmentation ring first/last point gap = 1.44px (first=(595.2976,1374.2532) last=(595.6703,1372.8653)) -- prompt's assumed x0==x_n-1,y0==y_n-1 invariant does NOT hold for this annotation"
5f4e9350-be89-4ab3-b714-f816f26a4ce3,annotation,"segmentation ring first/last point gap = 3.36px (first=(591.6732,1268.7253) last=(590.8032,1271.9753)) -- prompt's assumed x0==x_n-1,y0==y_n-1 invariant does NOT hold for this annotation"
a226be99-ef9b-46d9-ad6b-9676d9457c28,annotation,"segmentation ring first/last point gap = 3.36px (first=(521.4625,1134.9842) last=(522.3325,1131.7342)) -- prompt's assumed x0==x_n-1,y0==y_n-1 invariant does NOT hold for this annotation"
22e005c5-af59-45f4-b997-cc0bff8fe567,annotation,"segmentation ring first/last point gap = 1.60px (first=(579.1915,1394.147) last=(578.7815,1395.697)) -- prompt's assumed x0==x_n-1,y0==y_n-1 invariant does NOT hold for this annotation"
fd3fd98a-4a64-43f8-ac11-b58f433dc062,annotation,"segmentation ring first/last point gap = 1.60px (first=(520.8054,1136.9119) last=(520.3954,1138.4619)) -- prompt's assumed x0==x_n-1,y0==y_n-1 invariant does NOT hold for this annotation"
17626f62-2cec-4b48-8467-53dfb9912342,annotation,"segmentation ring first/last point gap = 1.60px (first=(1125.6939,827.0911) last=(1125.2839,828.6411)) -- prompt's assumed x0==x_n-1,y0==y_n-1 invariant does NOT hold for this annotation"
15fd7c89-9bc5-47f8-b4a3-1d73ab542169,annotation,"segmentation ring first/last point gap = 1.53px (first=(720.9113,1406.3291) last=(721.3078,1404.8498)) -- prompt's assumed x0==x_n-1,y0==y_n-1 invariant does NOT hold for this annotation"
ce7f5294-7fa6-4298-bbc9-36dde11c6894,annotation,"segmentation ring first/last point gap = 2.24px (first=(923.0,1026.0) last=(922.0,1028.0)) -- prompt's assumed x0==x_n-1,y0==y_n-1 invariant does NOT hold for this annotation"
e6af99fb-55dc-475e-823b-0a8481ff7cdb,annotation,"segmentation ring first/last point gap = 2.59px (first=(977.3749,865.1095) last=(978.0449,862.6095)) -- prompt's assumed x0==x_n-1,y0==y_n-1 invariant does NOT hold for this annotation"
cff841e8-f8da-4cca-9bea-5562ea6c10ba,annotation,"segmentation ring first/last point gap = 1.55px (first=(1112.5492,823.7438) last=(1112.9492,822.2438)) -- prompt's assumed x0==x_n-1,y0==y_n-1 invariant does NOT hold for this annotation"
c9dba1f0-af17-49ee-b404-c810320455db,annotation,"segmentation ring first/last point gap = 3.21px (first=(1306.0,1613.9708) last=(1303.7319,1616.2389)) -- prompt's assumed x0==x_n-1,y0==y_n-1 invariant does NOT hold for this annotation"
4fe61014-f0a9-4c47-bfa2-617a9b9fb92a,annotation,"segmentation ring first/last point gap = 2.24px (first=(708.0,1407.0) last=(707.0,1409.0)) -- prompt's assumed x0==x_n-1,y0==y_n-1 invariant does NOT hold for this annotation"
9d493a31-d58e-4602-9359-100f508719fc,annotation,"segmentation ring first/last point gap = 3.61px (first=(612.0,738.0) last=(610.0,741.0)) -- prompt's assumed x0==x_n-1,y0==y_n-1 invariant does NOT hold for this annotation"
0cb04e29-429b-434a-a321-c8a337de3da3,annotation,"segmentation ring first/last point gap = 5.00px (first=(925.0,1030.0) last=(921.0,1033.0)) -- prompt's assumed x0==x_n-1,y0==y_n-1 invariant does NOT hold for this annotation"
a88636e0-e004-4fe4-808d-8c56b65349a0,annotation,"segmentation ring first/last point gap = 1.41px (first=(703.0,1410.0) last=(702.0,1411.0)) -- prompt's assumed x0==x_n-1,y0==y_n-1 invariant does NOT hold for this annotation"
5b5e3897-a6db-4f97-9067-6534ff457bf8,annotation,"segmentation ring first/last point gap = 2.59px (first=(1302.6768,1601.7279) last=(1302.0068,1604.2279)) -- prompt's assumed x0==x_n-1,y0==y_n-1 invariant does NOT hold for this annotation"
ce3ca435-9012-40fc-8c8e-8e50f562c479,annotation,"segmentation ring first/last point gap = 1.60px (first=(743.9052,1417.9248) last=(743.4952,1419.4748)) -- prompt's assumed x0==x_n-1,y0==y_n-1 invariant does NOT hold for this annotation"
8ee70f86-d668-4326-8db2-40ea79503fd4,annotation,"segmentation ring first/last point gap = 1.62px (first=(626.6375,1227.3685) last=(625.9473,1228.8372)) -- prompt's assumed x0==x_n-1,y0==y_n-1 invariant does NOT hold for this annotation"
602c0336-4dac-4d99-8567-85bb4deb8878,annotation,"segmentation ring first/last point gap = 1.60px (first=(872.6369,1250.5969) last=(873.0258,1249.0415)) -- prompt's assumed x0==x_n-1,y0==y_n-1 invariant does NOT hold for this annotation"
52c2c298-34a9-44ed-8686-bb620dcb983a,annotation,"segmentation ring first/last point gap = 5.66px (first=(305.0,1132.0) last=(301.0,1136.0)) -- prompt's assumed x0==x_n-1,y0==y_n-1 invariant does NOT hold for this annotation"
6a51b43d-b444-4504-bcfc-0f7a8af6bf69,annotation,"segmentation ring first/last point gap = 3.21px (first=(1446.0,1062.0) last=(1443.2502,1063.6499)) -- prompt's assumed x0==x_n-1,y0==y_n-1 invariant does NOT hold for this annotation"
9dc65137-a086-4300-89c1-c0fb37b97b3a,annotation,"segmentation ring first/last point gap = 1.41px (first=(583.0,862.0) last=(584.0,861.0)) -- prompt's assumed x0==x_n-1,y0==y_n-1 invariant does NOT hold for this annotation"
7cc5c5a4-45a4-416d-b578-7b6d9c0cceac,annotation,"segmentation ring first/last point gap = 2.24px (first=(1555.0,826.0) last=(1553.0,827.0)) -- prompt's assumed x0==x_n-1,y0==y_n-1 invariant does NOT hold for this annotation"
56175379-1648-4a5a-83a2-8dadad4adeca,annotation,"segmentation ring first/last point gap = 2.00px (first=(1485.0,1651.0) last=(1483.0,1651.0)) -- prompt's assumed x0==x_n-1,y0==y_n-1 invariant does NOT hold for this annotation"
138f949a-7be6-4a37-8707-eaaf27f2e0df,annotation,"segmentation ring first/last point gap = 1.60px (first=(615.5129,1220.7216) last=(615.1029,1222.2716)) -- prompt's assumed x0==x_n-1,y0==y_n-1 invariant does NOT hold for this annotation"
ef5e536d-fd15-4e2c-9106-e6526e660047,annotation,"segmentation ring first/last point gap = 3.61px (first=(321.0,833.0) last=(319.0,836.0)) -- prompt's assumed x0==x_n-1,y0==y_n-1 invariant does NOT hold for this annotation"
640b3ab5-eaeb-4c0a-8780-93b0abfb0221,annotation,"segmentation ring first/last point gap = 4.47px (first=(693.0,1096.0) last=(691.0,1100.0)) -- prompt's assumed x0==x_n-1,y0==y_n-1 invariant does NOT hold for this annotation"
c2f13c96-cb22-4133-a984-366730c6d5a9,annotation,"segmentation ring first/last point gap = 2.14px (first=(310.9591,1128.0818) last=(310.0,1130.0)) -- prompt's assumed x0==x_n-1,y0==y_n-1 invariant does NOT hold for this annotation"
2a7a7022-8c12-467c-9e4f-a29859ce8d03,annotation,"segmentation ring first/last point gap = 2.68px (first=(1406.2489,1087.8188) last=(1404.6926,1089.9975)) -- prompt's assumed x0==x_n-1,y0==y_n-1 invariant does NOT hold for this annotation"
38444e41-9af8-4cbe-bb32-464f7137422b,annotation,"segmentation ring first/last point gap = 2.24px (first=(1487.0,1653.0) last=(1488.0,1651.0)) -- prompt's assumed x0==x_n-1,y0==y_n-1 invariant does NOT hold for this annotation"
b4f269df-32b4-4b38-b9d1-b05c6169c600,annotation,"segmentation ring first/last point gap = 1.60px (first=(1441.9291,1059.6068) last=(1441.5112,1061.1545)) -- prompt's assumed x0==x_n-1,y0==y_n-1 invariant does NOT hold for this annotation"
3469291f-6041-4ec8-8fcf-fe0c28c88149,annotation,"segmentation ring first/last point gap = 1.55px (first=(696.4632,1096.5136) last=(696.8632,1095.0136)) -- prompt's assumed x0==x_n-1,y0==y_n-1 invariant does NOT hold for this annotation"
9df7de00-1f17-461e-b9bd-a64ed6d61bf6,annotation,"segmentation ring first/last point gap = 1.60px (first=(303.7036,1132.6274) last=(303.2936,1134.1774)) -- prompt's assumed x0==x_n-1,y0==y_n-1 invariant does NOT hold for this annotation"
365a45bf-bc92-4996-bacf-c23ca7325571,annotation,"segmentation ring first/last point gap = 1.69px (first=(324.739,840.1592) last=(324.3022,841.7933)) -- prompt's assumed x0==x_n-1,y0==y_n-1 invariant does NOT hold for this annotation"
eba9aa74-9891-41fc-99a2-db4ca079e2b8,annotation,"segmentation ring first/last point gap = 1.60px (first=(1545.1222,832.1711) last=(1545.5322,830.6211)) -- prompt's assumed x0==x_n-1,y0==y_n-1 invariant does NOT hold for this annotation"
62c8103a-16e1-4eb6-a97e-599e8da023c1,annotation,"segmentation ring first/last point gap = 1.60px (first=(1442.0275,1059.546) last=(1441.6175,1061.096)) -- prompt's assumed x0==x_n-1,y0==y_n-1 invariant does NOT hold for this annotation"
6daee010-a876-44c1-bc70-590ce01c3f2c,annotation,"segmentation ring first/last point gap = 1.60px (first=(1664.9149,1157.8474) last=(1665.3249,1156.2974)) -- prompt's assumed x0==x_n-1,y0==y_n-1 invariant does NOT hold for this annotation"
a5f3fbaa-b731-4074-9f88-1f85c09cff49,annotation,"segmentation ring first/last point gap = 1.60px (first=(355.5529,1415.96) last=(355.1429,1417.51)) -- prompt's assumed x0==x_n-1,y0==y_n-1 invariant does NOT hold for this annotation"
59398546-b3c0-4b7f-92dc-d21af50e4356,annotation,"segmentation ring first/last point gap = 1.60px (first=(569.3756,1285.4203) last=(568.9656,1286.9703)) -- prompt's assumed x0==x_n-1,y0==y_n-1 invariant does NOT hold for this annotation"
92c00e8c-d2a6-4cb4-99e4-9c794059a4f1,annotation,"segmentation ring first/last point gap = 1.60px (first=(410.5929,1369.253) last=(411.0029,1367.703)) -- prompt's assumed x0==x_n-1,y0==y_n-1 invariant does NOT hold for this annotation"
5443dd49-04c3-459e-b883-02ec58a08898,annotation,"segmentation ring first/last point gap = 8.10px (first=(557.1543,1253.2763) last=(553.533,1260.5188)) -- prompt's assumed x0==x_n-1,y0==y_n-1 invariant does NOT hold for this annotation"
67811a0c-8729-4e28-8d28-06713f1eeac3,annotation,"segmentation ring first/last point gap = 1.60px (first=(1767.6692,1291.581) last=(1768.0792,1290.031)) -- prompt's assumed x0==x_n-1,y0==y_n-1 invariant does NOT hold for this annotation"
8e38bc08-ec8b-4865-87b2-62679ae51490,annotation,"segmentation ring first/last point gap = 1.60px (first=(1376.4255,1371.2377) last=(1376.8355,1369.6877)) -- prompt's assumed x0==x_n-1,y0==y_n-1 invariant does NOT hold for this annotation"
a6cefe30-ebe0-444f-9e98-6a1a0d9c3453,annotation,"segmentation ring first/last point gap = 1.60px (first=(804.898,940.9261) last=(805.308,939.3761)) -- prompt's assumed x0==x_n-1,y0==y_n-1 invariant does NOT hold for this annotation"
ea256240-2041-48fd-8343-a7230d154d2f,annotation,"segmentation ring first/last point gap = 1.60px (first=(839.4202,1212.3721) last=(839.8302,1210.8221)) -- prompt's assumed x0==x_n-1,y0==y_n-1 invariant does NOT hold for this annotation"
8471a52e-f5ab-4747-beb4-29c478bd73eb,annotation,"segmentation ring first/last point gap = 5.00px (first=(956.0,450.0) last=(953.0,454.0)) -- prompt's assumed x0==x_n-1,y0==y_n-1 invariant does NOT hold for this annotation"
c8ac5ce4-6cb6-4095-abf2-7f6372e3c102,annotation,"segmentation ring first/last point gap = 1.60px (first=(1690.287,1204.2904) last=(1689.877,1205.8404)) -- prompt's assumed x0==x_n-1,y0==y_n-1 invariant does NOT hold for this annotation"
fa77baeb-916d-4aa3-b502-e431829abe29,annotation,"segmentation ring first/last point gap = 2.59px (first=(1176.2074,587.511) last=(1175.5374,590.011)) -- prompt's assumed x0==x_n-1,y0==y_n-1 invariant does NOT hold for this annotation"
aca6c831-3712-437d-9202-a0da1c7e8834,annotation,"segmentation ring first/last point gap = 1.60px (first=(436.8293,1409.4772) last=(436.4193,1411.0272)) -- prompt's assumed x0==x_n-1,y0==y_n-1 invariant does NOT hold for this annotation"
8de0199b-6fa4-4eec-933f-a2710da18d96,annotation,"segmentation ring first/last point gap = 1.60px (first=(1401.6092,1069.9948) last=(1402.0192,1068.4448)) -- prompt's assumed x0==x_n-1,y0==y_n-1 invariant does NOT hold for this annotation"
4f3193b7-8b3a-4791-b1ae-f0313e130de4,annotation,"segmentation ring first/last point gap = 1.55px (first=(852.6968,1041.2644) last=(853.0968,1039.7644)) -- prompt's assumed x0==x_n-1,y0==y_n-1 invariant does NOT hold for this annotation"
eb3c57df-3aa1-4002-9469-c68b4bd7b827,annotation,"segmentation ring first/last point gap = 1.60px (first=(1656.8189,900.0387) last=(1657.2289,898.4887)) -- prompt's assumed x0==x_n-1,y0==y_n-1 invariant does NOT hold for this annotation"
ebf72fff-4731-4c1e-9c72-9234dcf90adb,annotation,"segmentation ring first/last point gap = 1.60px (first=(1690.8447,1206.777) last=(1691.2547,1205.227)) -- prompt's assumed x0==x_n-1,y0==y_n-1 invariant does NOT hold for this annotation"
84aea16b-f752-4601-b8e0-f40906b5e642,annotation,"segmentation ring first/last point gap = 4.47px (first=(1164.0,598.0) last=(1166.0,594.0)) -- prompt's assumed x0==x_n-1,y0==y_n-1 invariant does NOT hold for this annotation"
d5872856-7975-493b-a744-37ed10902db4,annotation,"segmentation ring first/last point gap = 2.59px (first=(1656.4822,902.7911) last=(1657.1522,900.2911)) -- prompt's assumed x0==x_n-1,y0==y_n-1 invariant does NOT hold for this annotation"
8112e3ee-bfb3-4a30-8a95-018ba11ca569,annotation,"segmentation ring first/last point gap = 2.83px (first=(1175.0,877.0) last=(1177.0,875.0)) -- prompt's assumed x0==x_n-1,y0==y_n-1 invariant does NOT hold for this annotation"
b0b5ce75-1462-40ac-9e5f-369f24d703bd,annotation,"segmentation ring first/last point gap = 1.60px (first=(1400.5401,1141.3548) last=(1400.9501,1139.8048)) -- prompt's assumed x0==x_n-1,y0==y_n-1 invariant does NOT hold for this annotation"
3d293d3b-55ca-4d45-a98d-ed732a51192c,annotation,"segmentation ring first/last point gap = 2.59px (first=(526.0733,858.4226) last=(525.4033,860.9226)) -- prompt's assumed x0==x_n-1,y0==y_n-1 invariant does NOT hold for this annotation"
28ec2dbb-065a-4ad5-8f41-1cde80d50cdf,annotation,"segmentation ring first/last point gap = 1.60px (first=(1646.3006,1175.8842) last=(1645.8906,1177.4342)) -- prompt's assumed x0==x_n-1,y0==y_n-1 invariant does NOT hold for this annotation"
6aa98216-bc35-42c4-9cfe-d1892073deef,annotation,"segmentation ring first/last point gap = 1.60px (first=(1675.5355,1267.5334) last=(1675.1255,1269.0834)) -- prompt's assumed x0==x_n-1,y0==y_n-1 invariant does NOT hold for this annotation"
c99aca2b-8b9a-47fe-a170-2266084b69ca,annotation,"segmentation ring first/last point gap = 1.60px (first=(1475.4587,1569.0516) last=(1475.0487,1570.6016)) -- prompt's assumed x0==x_n-1,y0==y_n-1 invariant does NOT hold for this annotation"
6c63a678-7770-4a49-a8a1-ddd27566b5a8,annotation,"segmentation ring first/last point gap = 1.60px (first=(1490.6603,1042.4703) last=(1490.2503,1044.0203)) -- prompt's assumed x0==x_n-1,y0==y_n-1 invariant does NOT hold for this annotation"
3ae80368-c8f5-4c10-a2be-9c9cf8b02665,annotation,"segmentation ring first/last point gap = 1.04px (first=(1750.6072,887.8202) last=(1750.8772,886.8202)) -- prompt's assumed x0==x_n-1,y0==y_n-1 invariant does NOT hold for this annotation"
283e0a47-7e00-4874-a632-4ec0564969a4,annotation,"segmentation ring first/last point gap = 9.00px (first=(985.0,1193.0) last=(976.0,1193.0)) -- prompt's assumed x0==x_n-1,y0==y_n-1 invariant does NOT hold for this annotation"
00bbd465-ba7f-4084-b9b4-7f99a57976b4,annotation,"segmentation ring first/last point gap = 3.61px (first=(1398.0,1141.0) last=(1401.0,1139.0)) -- prompt's assumed x0==x_n-1,y0==y_n-1 invariant does NOT hold for this annotation"
69fa0d6e-9050-4a57-a6b5-3c72f6677bee,annotation,"segmentation ring first/last point gap = 2.24px (first=(465.0,780.0) last=(464.0,782.0)) -- prompt's assumed x0==x_n-1,y0==y_n-1 invariant does NOT hold for this annotation"
189d78d7-b1d2-4171-83d4-8725d0cb7ca5,annotation,"segmentation ring first/last point gap = 2.83px (first=(800.0,748.0) last=(802.0,746.0)) -- prompt's assumed x0==x_n-1,y0==y_n-1 invariant does NOT hold for this annotation"
7f4dfdde-d6b5-496e-9b7b-60b515baaf8a,annotation,"segmentation ring first/last point gap = 2.58px (first=(857.6258,667.4969) last=(857.0,670.0)) -- prompt's assumed x0==x_n-1,y0==y_n-1 invariant does NOT hold for this annotation"
58a44c8a-854f-4de5-b84a-896ddf6c0a55,annotation,"segmentation ring first/last point gap = 2.23px (first=(767.2623,727.9425) last=(769.4676,727.6372)) -- prompt's assumed x0==x_n-1,y0==y_n-1 invariant does NOT hold for this annotation"
5cce7da4-a1a4-4f69-a2b0-4b5b2e1f6fd6,annotation,"segmentation ring first/last point gap = 1.04px (first=(1813.8414,812.0973) last=(1814.1114,811.0973)) -- prompt's assumed x0==x_n-1,y0==y_n-1 invariant does NOT hold for this annotation"
8cad3abd-b0e7-4573-a0c5-b0f329b27032,annotation,"segmentation ring first/last point gap = 2.24px (first=(1801.8923,801.4091) last=(1801.3117,803.5756)) -- prompt's assumed x0==x_n-1,y0==y_n-1 invariant does NOT hold for this annotation"
ae805e86-2492-4438-a63d-e11a31c6ac9d,annotation,"segmentation ring first/last point gap = 1.51px (first=(1104.7748,1781.4169) last=(1104.385,1782.8732)) -- prompt's assumed x0==x_n-1,y0==y_n-1 invariant does NOT hold for this annotation"
b9c52754-6353-48b3-a203-4ea9ae681463,annotation,"segmentation ring first/last point gap = 4.51px (first=(1191.9801,695.8539) last=(1191.8068,700.3603)) -- prompt's assumed x0==x_n-1,y0==y_n-1 invariant does NOT hold for this annotation"
7b4f8106-1974-49e9-9aef-7ba7bc651958,annotation,"segmentation ring first/last point gap = 1.60px (first=(1569.6974,942.782) last=(1570.1074,941.232)) -- prompt's assumed x0==x_n-1,y0==y_n-1 invariant does NOT hold for this annotation"
786318c8-52f7-49b3-bf1b-fdcceae65c0b,annotation,"segmentation ring first/last point gap = 1.91px (first=(1319.6888,574.5812) last=(1318.7288,576.2312)) -- prompt's assumed x0==x_n-1,y0==y_n-1 invariant does NOT hold for this annotation"
6bee4267-2998-449b-9387-218e35b7236c,annotation,"segmentation ring first/last point gap = 1.60px (first=(1698.6482,1285.8078) last=(1699.0582,1284.2578)) -- prompt's assumed x0==x_n-1,y0==y_n-1 invariant does NOT hold for this annotation"
9fc4f826-4d87-425c-bb73-d0b6f0c49a03,annotation,"segmentation ring first/last point gap = 2.59px (first=(458.4425,685.3301) last=(459.1125,682.8301)) -- prompt's assumed x0==x_n-1,y0==y_n-1 invariant does NOT hold for this annotation"
e03bf2bf-8ffa-488d-a3aa-cb7175c26a17,annotation,"segmentation ring first/last point gap = 2.59px (first=(1172.9775,691.899) last=(1173.6475,689.399)) -- prompt's assumed x0==x_n-1,y0==y_n-1 invariant does NOT hold for this annotation"
83f67c97-5be8-4c1c-93a8-3c13438be074,annotation,"segmentation ring first/last point gap = 1.25px (first=(591.5365,687.7404) last=(591.8395,686.5286)) -- prompt's assumed x0==x_n-1,y0==y_n-1 invariant does NOT hold for this annotation"
b025d2b6-fb04-422e-ab02-e20a24371573,annotation,"segmentation ring first/last point gap = 2.59px (first=(734.2504,1481.3154) last=(733.5804,1483.8154)) -- prompt's assumed x0==x_n-1,y0==y_n-1 invariant does NOT hold for this annotation"
69ec3455-b647-4a20-bba3-21996ad8c20c,annotation,"segmentation ring first/last point gap = 2.59px (first=(845.9471,506.0789) last=(846.6171,503.5789)) -- prompt's assumed x0==x_n-1,y0==y_n-1 invariant does NOT hold for this annotation"
86d38ba9-647a-4c0d-bb86-cc4f9876e04b,annotation,"segmentation ring first/last point gap = 4.18px (first=(1730.4692,999.5471) last=(1729.3892,1003.5871)) -- prompt's assumed x0==x_n-1,y0==y_n-1 invariant does NOT hold for this annotation"
e6975335-b2cd-423a-a052-1515e6242c00,annotation,"segmentation ring first/last point gap = 2.59px (first=(1127.2162,1546.8017) last=(1127.8862,1544.3017)) -- prompt's assumed x0==x_n-1,y0==y_n-1 invariant does NOT hold for this annotation"
8569c156-4430-44ca-9501-c262fae4b6c6,annotation,"segmentation ring first/last point gap = 3.00px (first=(1247.3418,712.1266) last=(1245.0,714.0)) -- prompt's assumed x0==x_n-1,y0==y_n-1 invariant does NOT hold for this annotation"
b43b1476-496c-461f-b946-c9ce40556ee3,annotation,"segmentation ring first/last point gap = 5.66px (first=(1071.0,1549.0) last=(1067.0,1553.0)) -- prompt's assumed x0==x_n-1,y0==y_n-1 invariant does NOT hold for this annotation"
5dfb2e2a-075b-4f35-9815-3e60f54610ce,annotation,"segmentation ring first/last point gap = 10.73px (first=(1342.0,1410.0) last=(1341.1074,1420.6905)) -- prompt's assumed x0==x_n-1,y0==y_n-1 invariant does NOT hold for this annotation"
4b79b027-1739-4cb8-b709-3df964a0e692,annotation,"segmentation ring first/last point gap = 1.27px (first=(1068.594,1548.556) last=(1068.2664,1549.7783)) -- prompt's assumed x0==x_n-1,y0==y_n-1 invariant does NOT hold for this annotation"
6a6a1a58-69db-462c-8e82-93c21a5216a5,annotation,"segmentation ring first/last point gap = 2.21px (first=(1134.7539,691.3964) last=(1135.3247,689.2664)) -- prompt's assumed x0==x_n-1,y0==y_n-1 invariant does NOT hold for this annotation"
84601e0e-b61d-487f-a3de-1ad48dfab5db,annotation,"segmentation ring first/last point gap = 5.66px (first=(1240.0,714.0) last=(1244.0,710.0)) -- prompt's assumed x0==x_n-1,y0==y_n-1 invariant does NOT hold for this annotation"
eb7ad20e-93e6-48ef-b6a0-6d2f5eee7bc7,annotation,"segmentation ring first/last point gap = 1.60px (first=(569.8378,358.5003) last=(569.4278,360.0503)) -- prompt's assumed x0==x_n-1,y0==y_n-1 invariant does NOT hold for this annotation"
9730098c-7d78-491c-be53-e354a142381a,annotation,"segmentation ring first/last point gap = 1.50px (first=(1217.0285,1515.9682) last=(1217.4178,1514.5155)) -- prompt's assumed x0==x_n-1,y0==y_n-1 invariant does NOT hold for this annotation"
d2b939b4-ad54-40fd-b2d4-c56374c61fdf,annotation,"segmentation ring first/last point gap = 1.60px (first=(1742.6797,1385.6852) last=(1742.2697,1387.2352)) -- prompt's assumed x0==x_n-1,y0==y_n-1 invariant does NOT hold for this annotation"
09f32931-6ca5-4da1-8b85-ea9484a1df08,annotation,"segmentation ring first/last point gap = 2.59px (first=(1402.6119,1038.3694) last=(1401.9419,1040.8694)) -- prompt's assumed x0==x_n-1,y0==y_n-1 invariant does NOT hold for this annotation"
0e61e6eb-7ec5-46f0-964c-3af7047d78e8,annotation,"segmentation ring first/last point gap = 2.59px (first=(513.1002,1051.7187) last=(512.4302,1054.2187)) -- prompt's assumed x0==x_n-1,y0==y_n-1 invariant does NOT hold for this annotation"
fd6dd272-7c09-4d6e-a344-e48928c764fc,annotation,"segmentation ring first/last point gap = 2.13px (first=(1714.2406,1180.5298) last=(1713.6888,1182.5886)) -- prompt's assumed x0==x_n-1,y0==y_n-1 invariant does NOT hold for this annotation"
82b934e8-e4de-4d77-a408-f8f7bc0ff0c8,annotation,"segmentation ring first/last point gap = 2.27px (first=(327.968,653.1521) last=(327.3815,655.3408)) -- prompt's assumed x0==x_n-1,y0==y_n-1 invariant does NOT hold for this annotation"
52f2b1b7-2374-4fff-8363-ed19aa8f6953,annotation,"segmentation ring first/last point gap = 1.60px (first=(583.1092,1486.0576) last=(582.6992,1487.6076)) -- prompt's assumed x0==x_n-1,y0==y_n-1 invariant does NOT hold for this annotation"
8089468b-75c5-4acd-a53b-056a9c553578,annotation,"segmentation ring first/last point gap = 1.53px (first=(414.0,876.0) last=(412.9186,877.0814)) -- prompt's assumed x0==x_n-1,y0==y_n-1 invariant does NOT hold for this annotation"
35496fdc-519e-40a5-bbb5-c2e779350eef,annotation,"segmentation ring first/last point gap = 2.53px (first=(542.795,881.9552) last=(543.2197,879.4635)) -- prompt's assumed x0==x_n-1,y0==y_n-1 invariant does NOT hold for this annotation"
9e9f8fd1-d26c-4281-9bd8-ec11b0e6ab89,annotation,"segmentation ring first/last point gap = 1.60px (first=(294.6916,1237.8057) last=(294.2816,1239.3557)) -- prompt's assumed x0==x_n-1,y0==y_n-1 invariant does NOT hold for this annotation"
1fe2ea99-ae20-4f05-add9-53fe86842d3c,annotation,"segmentation ring first/last point gap = 1.60px (first=(1679.6457,1334.2973) last=(1679.2357,1335.8473)) -- prompt's assumed x0==x_n-1,y0==y_n-1 invariant does NOT hold for this annotation"
4fef7e0d-9b09-4c56-a105-df8269c47da8,annotation,"segmentation ring first/last point gap = 2.59px (first=(671.8328,971.9359) last=(672.5028,969.4359)) -- prompt's assumed x0==x_n-1,y0==y_n-1 invariant does NOT hold for this annotation"
c32af11e-6df5-42b1-b288-8dfb4cc657b4,annotation,"segmentation ring first/last point gap = 1.60px (first=(1050.4149,1043.3976) last=(1050.8249,1041.8476)) -- prompt's assumed x0==x_n-1,y0==y_n-1 invariant does NOT hold for this annotation"
5a9ef453-dd89-48bf-aea1-6af12536be92,annotation,"segmentation ring first/last point gap = 2.59px (first=(699.9057,881.8248) last=(700.5757,879.3248)) -- prompt's assumed x0==x_n-1,y0==y_n-1 invariant does NOT hold for this annotation"
69eb6a9b-1502-4599-91c0-c3360c651b1d,annotation,"segmentation ring first/last point gap = 1.60px (first=(1008.5106,1561.4748) last=(1008.9206,1559.9248)) -- prompt's assumed x0==x_n-1,y0==y_n-1 invariant does NOT hold for this annotation"
bec440aa-9721-46ae-8e28-30df6b0c3ca1,annotation,"segmentation ring first/last point gap = 2.55px (first=(988.0893,605.0142) last=(987.4297,607.4757)) -- prompt's assumed x0==x_n-1,y0==y_n-1 invariant does NOT hold for this annotation"
10020c21-3154-4625-8f81-91b3e9e46a53,annotation,"segmentation ring first/last point gap = 1.43px (first=(1111.5987,635.9207) last=(1111.2294,637.2989)) -- prompt's assumed x0==x_n-1,y0==y_n-1 invariant does NOT hold for this annotation"
16dce084-35c5-4542-8269-f20ee0ebec46,annotation,"segmentation ring first/last point gap = 1.64px (first=(1343.6127,844.8257) last=(1344.0376,843.2404)) -- prompt's assumed x0==x_n-1,y0==y_n-1 invariant does NOT hold for this annotation"
77966cc4-3179-43af-b1d5-8a3700fa9f65,annotation,"segmentation ring first/last point gap = 2.22px (first=(1649.1567,769.7929) last=(1648.5832,771.9328)) -- prompt's assumed x0==x_n-1,y0==y_n-1 invariant does NOT hold for this annotation"
e7b647bc-8ad9-4f93-a74f-ba73c72ba6f2,annotation,"segmentation ring first/last point gap = 2.59px (first=(1321.3287,1455.0606) last=(1320.6587,1457.5606)) -- prompt's assumed x0==x_n-1,y0==y_n-1 invariant does NOT hold for this annotation"
72245646-77c2-4d35-9a97-8cec8ccc723e,annotation,"segmentation ring first/last point gap = 2.59px (first=(1268.8756,543.6777) last=(1269.5456,541.1777)) -- prompt's assumed x0==x_n-1,y0==y_n-1 invariant does NOT hold for this annotation"
cfca1da1-f367-470e-b141-24584c4e1b6d,annotation,"segmentation ring first/last point gap = 1.60px (first=(1318.0868,804.2207) last=(1318.4968,802.6707)) -- prompt's assumed x0==x_n-1,y0==y_n-1 invariant does NOT hold for this annotation"
e813b600-2478-48dd-b657-e89767532036,annotation,"segmentation ring first/last point gap = 1.60px (first=(1453.6918,531.4653) last=(1453.2818,533.0153)) -- prompt's assumed x0==x_n-1,y0==y_n-1 invariant does NOT hold for this annotation"
921ed7bd-9903-4ebd-b0cb-f8a1c8708c60,annotation,"segmentation ring first/last point gap = 4.12px (first=(1311.9464,1411.8939) last=(1310.6047,1415.7915)) -- prompt's assumed x0==x_n-1,y0==y_n-1 invariant does NOT hold for this annotation"
4baf7efe-031c-497a-aa72-b676a9a142e8,annotation,"segmentation ring first/last point gap = 1.60px (first=(719.7108,1049.1812) last=(720.1208,1047.6312)) -- prompt's assumed x0==x_n-1,y0==y_n-1 invariant does NOT hold for this annotation"
aadb8536-b315-430c-b94d-b67c60a284ac,annotation,"segmentation ring first/last point gap = 6.52px (first=(1548.344,1039.4157) last=(1546.6676,1045.7136)) -- prompt's assumed x0==x_n-1,y0==y_n-1 invariant does NOT hold for this annotation"
5aee03ba-bb2d-464a-a648-c6e33cb66cda,annotation,"segmentation ring first/last point gap = 4.18px (first=(1220.3893,1605.206) last=(1221.4693,1601.166)) -- prompt's assumed x0==x_n-1,y0==y_n-1 invariant does NOT hold for this annotation"
ea98ac6f-3283-4081-920a-1bfc777d53ac,annotation,"segmentation ring first/last point gap = 1.60px (first=(867.4402,1130.9031) last=(867.8502,1129.3531)) -- prompt's assumed x0==x_n-1,y0==y_n-1 invariant does NOT hold for this annotation"
d464e509-7981-4f51-bc4d-bef3a971513b,annotation,"segmentation ring first/last point gap = 1.60px (first=(349.3524,681.3928) last=(349.7624,679.8428)) -- prompt's assumed x0==x_n-1,y0==y_n-1 invariant does NOT hold for this annotation"
9110b2de-0f19-4a24-b98d-cd7dd7e75097,annotation,"segmentation ring first/last point gap = 1.60px (first=(1654.934,939.0794) last=(1655.344,937.5294)) -- prompt's assumed x0==x_n-1,y0==y_n-1 invariant does NOT hold for this annotation"
940df86e-29e4-478f-b25b-3a6f8a5992a6,annotation,"segmentation ring first/last point gap = 2.59px (first=(281.4359,1269.5188) last=(282.1059,1267.0188)) -- prompt's assumed x0==x_n-1,y0==y_n-1 invariant does NOT hold for this annotation"
0ff01225-8b40-486b-8399-4be52b370fdb,annotation,"segmentation ring first/last point gap = 5.66px (first=(668.0,1298.0) last=(672.0,1294.0)) -- prompt's assumed x0==x_n-1,y0==y_n-1 invariant does NOT hold for this annotation"
e878488e-371e-43f0-968b-9d17ae71327a,annotation,"segmentation ring first/last point gap = 5.00px (first=(1378.0,1452.0) last=(1373.0,1452.0)) -- prompt's assumed x0==x_n-1,y0==y_n-1 invariant does NOT hold for this annotation"
ddc0fb01-d03b-4753-908a-b398a3af47fc,annotation,"segmentation ring first/last point gap = 1.10px (first=(1743.0683,1202.3033) last=(1742.7783,1203.3633)) -- prompt's assumed x0==x_n-1,y0==y_n-1 invariant does NOT hold for this annotation"
5d7eb240-a366-4ec5-9a08-07f998d825e1,annotation,"segmentation ring first/last point gap = 1.77px (first=(542.2198,1623.6974) last=(541.7598,1625.4074)) -- prompt's assumed x0==x_n-1,y0==y_n-1 invariant does NOT hold for this annotation"
574b9543-70f6-45b1-866b-b760ff9d573f,annotation,"segmentation ring first/last point gap = 1.10px (first=(915.6155,439.805) last=(915.3255,440.865)) -- prompt's assumed x0==x_n-1,y0==y_n-1 invariant does NOT hold for this annotation"
d26fb31a-1890-42d2-b53f-c94c8c338698,annotation,"segmentation ring first/last point gap = 1.60px (first=(1646.1292,558.2865) last=(1646.5392,556.7365)) -- prompt's assumed x0==x_n-1,y0==y_n-1 invariant does NOT hold for this annotation"
9685054b-55ae-4853-b4a5-4cfa9b09b8ed,annotation,"segmentation ring first/last point gap = 1.14px (first=(1732.0946,903.8706) last=(1731.8027,904.9738)) -- prompt's assumed x0==x_n-1,y0==y_n-1 invariant does NOT hold for this annotation"
a4ae9ea7-15b8-4e8a-a860-ef53cd967fb2,annotation,"segmentation ring first/last point gap = 1.41px (first=(402.0,810.0) last=(403.0,809.0)) -- prompt's assumed x0==x_n-1,y0==y_n-1 invariant does NOT hold for this annotation"
6e9f9b58-74b7-4a41-b760-ed06dbd51b5b,annotation,"segmentation ring first/last point gap = 5.24px (first=(1215.8909,1297.2386) last=(1216.0,1292.0)) -- prompt's assumed x0==x_n-1,y0==y_n-1 invariant does NOT hold for this annotation"
99308614-9cb5-475c-b4d8-f02e911e82e8,annotation,"segmentation ring first/last point gap = 1.60px (first=(938.3542,1295.7133) last=(938.7642,1294.1633)) -- prompt's assumed x0==x_n-1,y0==y_n-1 invariant does NOT hold for this annotation"
dc734a83-739b-4d2d-a4e4-a5727d61da2a,annotation,"segmentation ring first/last point gap = 1.60px (first=(751.4075,789.3864) last=(751.8175,787.8364)) -- prompt's assumed x0==x_n-1,y0==y_n-1 invariant does NOT hold for this annotation"
05ef1e77-aa9f-411a-a076-ac1fdcf631b9,annotation,"segmentation ring first/last point gap = 10.51px (first=(1021.3106,1386.3803) last=(1017.1578,1396.0387)) -- prompt's assumed x0==x_n-1,y0==y_n-1 invariant does NOT hold for this annotation"
ce35d93d-786b-4a8f-85bd-214a1695da02,annotation,"segmentation ring first/last point gap = 2.24px (first=(460.0,995.0) last=(458.0,996.0)) -- prompt's assumed x0==x_n-1,y0==y_n-1 invariant does NOT hold for this annotation"
4133ebac-9ab9-4682-8150-e6ec89f388a6,annotation,"segmentation ring first/last point gap = 4.47px (first=(389.0,1089.0) last=(385.0,1091.0)) -- prompt's assumed x0==x_n-1,y0==y_n-1 invariant does NOT hold for this annotation"
4a947c14-ea1d-469b-bd60-a8bfedf273fa,annotation,"segmentation ring first/last point gap = 1.17px (first=(1701.0,1340.1255) last=(1699.8665,1339.8217)) -- prompt's assumed x0==x_n-1,y0==y_n-1 invariant does NOT hold for this annotation"
2e12285b-6e85-4f0d-b499-cf86368cd07e,annotation,"segmentation ring first/last point gap = 3.61px (first=(1412.0,720.0) last=(1409.0,722.0)) -- prompt's assumed x0==x_n-1,y0==y_n-1 invariant does NOT hold for this annotation"
42a35f2b-55d1-4b48-bdf2-a7741cd06dab,annotation,"segmentation ring first/last point gap = 1.41px (first=(633.0,1434.0) last=(632.0,1435.0)) -- prompt's assumed x0==x_n-1,y0==y_n-1 invariant does NOT hold for this annotation"
a07f7c33-a711-47f2-9519-b6caf03bb5b1,annotation,"segmentation ring first/last point gap = 2.24px (first=(1487.0,1338.0) last=(1486.0,1340.0)) -- prompt's assumed x0==x_n-1,y0==y_n-1 invariant does NOT hold for this annotation"
77c8b283-d060-4688-9f82-74f4e929023f,annotation,"segmentation ring first/last point gap = 3.00px (first=(1486.0,1338.0) last=(1483.0,1338.0)) -- prompt's assumed x0==x_n-1,y0==y_n-1 invariant does NOT hold for this annotation"
a0122df5-bd21-4c18-bb1e-62e0f3da3edd,annotation,"segmentation ring first/last point gap = 1.48px (first=(1699.0772,1336.0772) last=(1698.6999,1337.5035)) -- prompt's assumed x0==x_n-1,y0==y_n-1 invariant does NOT hold for this annotation"
b3307e6f-638b-406e-b25a-5c8a78c4801b,annotation,"segmentation ring first/last point gap = 14.00px (first=(461.0,996.0) last=(447.0,996.0)) -- prompt's assumed x0==x_n-1,y0==y_n-1 invariant does NOT hold for this annotation"
e21887c3-4c98-4662-a0c2-569a5acb0aec,annotation,"segmentation ring first/last point gap = 2.24px (first=(389.0,1088.0) last=(387.0,1089.0)) -- prompt's assumed x0==x_n-1,y0==y_n-1 invariant does NOT hold for this annotation"
c2d64af4-ec1a-4421-a231-fed5cf8d8ebe,annotation,"segmentation ring first/last point gap = 3.16px (first=(1115.0,615.0) last=(1112.0,616.0)) -- prompt's assumed x0==x_n-1,y0==y_n-1 invariant does NOT hold for this annotation"
5d9e353b-8e4d-4fda-ae92-314e5deed493,annotation,"segmentation ring first/last point gap = 1.41px (first=(1693.0,1305.0) last=(1692.0,1306.0)) -- prompt's assumed x0==x_n-1,y0==y_n-1 invariant does NOT hold for this annotation"
bca9762c-8506-44e9-98db-94bcb481355e,annotation,"segmentation ring first/last point gap = 1.04px (first=(380.8122,1147.7673) last=(380.5422,1148.7673)) -- prompt's assumed x0==x_n-1,y0==y_n-1 invariant does NOT hold for this annotation"
5511327b-51d6-4ff3-bbbf-9ca712df89b0,annotation,"segmentation ring first/last point gap = 2.59px (first=(746.5698,1538.6749) last=(745.8998,1541.1749)) -- prompt's assumed x0==x_n-1,y0==y_n-1 invariant does NOT hold for this annotation"
b2805a6c-ef97-44f9-b1cc-f9737c8fb16a,annotation,"segmentation ring first/last point gap = 1.04px (first=(686.9147,1125.1733) last=(687.1847,1124.1733)) -- prompt's assumed x0==x_n-1,y0==y_n-1 invariant does NOT hold for this annotation"
e20404e8-4b47-4e91-922d-9138c1a32d37,annotation,"segmentation ring first/last point gap = 1.04px (first=(501.1227,1249.8013) last=(501.3927,1248.8013)) -- prompt's assumed x0==x_n-1,y0==y_n-1 invariant does NOT hold for this annotation"
ce9bf2b3-3b2d-43da-b562-4f7794e87600,annotation,"segmentation ring first/last point gap = 1.04px (first=(1478.1706,1139.5937) last=(1477.9006,1140.5937)) -- prompt's assumed x0==x_n-1,y0==y_n-1 invariant does NOT hold for this annotation"
3e0e4767-1239-4e13-9587-8868d3a75b2f,annotation,"segmentation ring first/last point gap = 2.00px (first=(1414.0,627.0) last=(1414.0,629.0)) -- prompt's assumed x0==x_n-1,y0==y_n-1 invariant does NOT hold for this annotation"
cbaa3424-e7cf-4664-a521-57fe082b0b9a,annotation,"segmentation ring first/last point gap = 4.00px (first=(1294.0,639.0) last=(1294.0,635.0)) -- prompt's assumed x0==x_n-1,y0==y_n-1 invariant does NOT hold for this annotation"
52f4f954-063f-4919-be84-f8a18b5697a4,annotation,"segmentation ring first/last point gap = 15.65px (first=(653.0,634.0) last=(639.0,627.0)) -- prompt's assumed x0==x_n-1,y0==y_n-1 invariant does NOT hold for this annotation"
563d56a9-7014-4f71-9fb1-9e46ab7394a5,annotation,"segmentation ring first/last point gap = 5.10px (first=(1110.0,616.0) last=(1115.0,617.0)) -- prompt's assumed x0==x_n-1,y0==y_n-1 invariant does NOT hold for this annotation"
6a909af9-c96d-45d2-8893-59c7b96d2e72,annotation,"segmentation ring first/last point gap = 5.00px (first=(695.0,1322.0) last=(692.0,1326.0)) -- prompt's assumed x0==x_n-1,y0==y_n-1 invariant does NOT hold for this annotation"
989c8592-5630-4198-a8ab-e0760707b052,annotation,"segmentation ring first/last point gap = 1.41px (first=(1481.0,1172.0) last=(1482.0,1171.0)) -- prompt's assumed x0==x_n-1,y0==y_n-1 invariant does NOT hold for this annotation"
ec775df4-5318-4b4b-a6a9-4e90783360b3,annotation,"segmentation ring first/last point gap = 1.41px (first=(1692.0,1302.0) last=(1691.0,1303.0)) -- prompt's assumed x0==x_n-1,y0==y_n-1 invariant does NOT hold for this annotation"
ccf489e7-8546-4d02-83e5-3a75c7e3479c,annotation,"segmentation ring first/last point gap = 1.41px (first=(1660.0,1243.0) last=(1659.0,1244.0)) -- prompt's assumed x0==x_n-1,y0==y_n-1 invariant does NOT hold for this annotation"
a5159fbc-6113-4b76-82ed-68a43e67dab7,annotation,"segmentation ring first/last point gap = 1.34px (first=(686.0,1126.0) last=(685.0956,1126.9949)) -- prompt's assumed x0==x_n-1,y0==y_n-1 invariant does NOT hold for this annotation"
6a477a3a-885f-4cba-8af1-07f77fecc00a,annotation,"segmentation ring first/last point gap = 4.00px (first=(1131.0,859.0) last=(1135.0,859.0)) -- prompt's assumed x0==x_n-1,y0==y_n-1 invariant does NOT hold for this annotation"
9f493afb-3011-4e9e-9a71-2d479a25124a,annotation,"segmentation ring first/last point gap = 4.47px (first=(496.0,1251.0) last=(500.0,1249.0)) -- prompt's assumed x0==x_n-1,y0==y_n-1 invariant does NOT hold for this annotation"
c3a37bc0-8738-45d2-8739-ab10cf42c45a,annotation,"segmentation ring first/last point gap = 1.41px (first=(361.0,1109.0) last=(362.0,1110.0)) -- prompt's assumed x0==x_n-1,y0==y_n-1 invariant does NOT hold for this annotation"
122a6f44-3097-4caa-8314-4bd014961bc4,annotation,"segmentation ring first/last point gap = 3.61px (first=(422.0,1468.0) last=(420.0,1471.0)) -- prompt's assumed x0==x_n-1,y0==y_n-1 invariant does NOT hold for this annotation"
673707e8-2bf9-45fe-a046-4a71b2611968,annotation,"segmentation ring first/last point gap = 1.47px (first=(752.6806,1541.5209) last=(752.3617,1542.9557)) -- prompt's assumed x0==x_n-1,y0==y_n-1 invariant does NOT hold for this annotation"
3d47a95f-56eb-4bcd-b62b-ec6b22a1ec3d,annotation,"segmentation ring first/last point gap = 2.00px (first=(1687.0,1483.0) last=(1685.0,1483.0)) -- prompt's assumed x0==x_n-1,y0==y_n-1 invariant does NOT hold for this annotation"
f010ec94-25c2-4f22-9927-8f45dd0f7c1a,annotation,"segmentation ring first/last point gap = 1.41px (first=(305.0,1279.0) last=(306.0,1278.0)) -- prompt's assumed x0==x_n-1,y0==y_n-1 invariant does NOT hold for this annotation"
66c75492-e223-4b11-ab8a-608525973f6a,annotation,"segmentation ring first/last point gap = 4.24px (first=(801.0,1075.0) last=(798.0,1078.0)) -- prompt's assumed x0==x_n-1,y0==y_n-1 invariant does NOT hold for this annotation"
fb6d9a7b-aca9-47d9-bc5c-9ab5e87571e8,annotation,"segmentation ring first/last point gap = 1.60px (first=(1623.8522,1271.0254) last=(1623.4422,1272.5754)) -- prompt's assumed x0==x_n-1,y0==y_n-1 invariant does NOT hold for this annotation"
f1f69b53-ba58-43c9-9346-32743f9aa558,annotation,"segmentation ring first/last point gap = 4.18px (first=(1624.0797,406.7319) last=(1622.9997,410.7719)) -- prompt's assumed x0==x_n-1,y0==y_n-1 invariant does NOT hold for this annotation"
3befa1c9-9930-4d6e-923c-00f236e3554c,annotation,"segmentation ring first/last point gap = 4.18px (first=(335.5853,1186.7238) last=(334.5053,1190.7638)) -- prompt's assumed x0==x_n-1,y0==y_n-1 invariant does NOT hold for this annotation"
6b4b5674-4241-4d66-a470-dd95bf62e4d5,annotation,"segmentation ring first/last point gap = 4.18px (first=(491.4565,836.4624) last=(492.5365,832.4224)) -- prompt's assumed x0==x_n-1,y0==y_n-1 invariant does NOT hold for this annotation"
e4b48981-97a7-4401-bda0-a32d83c0a126,annotation,"segmentation ring first/last point gap = 2.23px (first=(425.0251,932.0666) last=(422.8662,932.6423)) -- prompt's assumed x0==x_n-1,y0==y_n-1 invariant does NOT hold for this annotation"
e0d3cf37-8b49-48ba-8d3f-dd2ab81c71c6,annotation,"segmentation ring first/last point gap = 1.41px (first=(952.0,1512.0) last=(953.0,1511.0)) -- prompt's assumed x0==x_n-1,y0==y_n-1 invariant does NOT hold for this annotation"
6824a73c-1d11-48b9-842e-560e58aaeb75,annotation,"segmentation ring first/last point gap = 1.60px (first=(797.8738,1597.7623) last=(797.4638,1599.3123)) -- prompt's assumed x0==x_n-1,y0==y_n-1 invariant does NOT hold for this annotation"
487b01ad-5485-400d-92e9-569db7839110,annotation,"segmentation ring first/last point gap = 4.24px (first=(1713.0,1158.0) last=(1716.0,1161.0)) -- prompt's assumed x0==x_n-1,y0==y_n-1 invariant does NOT hold for this annotation"
0d3193be-807c-4738-aa60-608b2487f31b,annotation,"segmentation ring first/last point gap = 2.24px (first=(950.0,943.0) last=(948.0,944.0)) -- prompt's assumed x0==x_n-1,y0==y_n-1 invariant does NOT hold for this annotation"
41e66326-be5a-47ab-96a4-7c51d0b2ee36,annotation,"segmentation ring first/last point gap = 2.83px (first=(1603.0,1277.0) last=(1601.0,1279.0)) -- prompt's assumed x0==x_n-1,y0==y_n-1 invariant does NOT hold for this annotation"
5472d00b-6ff4-48b7-8fbc-e4f0ca088f7c,annotation,"segmentation ring first/last point gap = 1.55px (first=(745.0093,1000.8993) last=(745.4093,999.3993)) -- prompt's assumed x0==x_n-1,y0==y_n-1 invariant does NOT hold for this annotation"
2d5cc34c-e9e1-4da9-aaf0-8bd1898017fa,annotation,"segmentation ring first/last point gap = 2.59px (first=(945.2272,1517.0782) last=(945.8972,1514.5782)) -- prompt's assumed x0==x_n-1,y0==y_n-1 invariant does NOT hold for this annotation"
85b17eb4-c672-4512-b6fa-c2d2d34e3782,annotation,"segmentation ring first/last point gap = 5.10px (first=(949.0,944.0) last=(944.0,945.0)) -- prompt's assumed x0==x_n-1,y0==y_n-1 invariant does NOT hold for this annotation"
f500c388-be74-49b3-82ab-54c3ba4af1c2,annotation,"segmentation ring first/last point gap = 1.60px (first=(1481.1072,606.0363) last=(1480.6972,607.5863)) -- prompt's assumed x0==x_n-1,y0==y_n-1 invariant does NOT hold for this annotation"
e8e1e5ee-b55c-41c9-aeef-ef8eca367d8a,annotation,"segmentation ring first/last point gap = 2.24px (first=(1644.0,918.0) last=(1645.0,916.0)) -- prompt's assumed x0==x_n-1,y0==y_n-1 invariant does NOT hold for this annotation"
47a7a650-780d-40e4-a8a4-0983ece59936,annotation,"segmentation ring first/last point gap = 3.37px (first=(1451.6196,1213.3804) last=(1454.0,1211.0)) -- prompt's assumed x0==x_n-1,y0==y_n-1 invariant does NOT hold for this annotation"
d9c478b7-fa96-41a2-88af-0712b904a240,annotation,"segmentation ring first/last point gap = 5.00px (first=(789.0,762.0) last=(793.0,759.0)) -- prompt's assumed x0==x_n-1,y0==y_n-1 invariant does NOT hold for this annotation"
70bbd389-fd9e-4034-8ccb-bd69a399f8ab,annotation,"segmentation ring first/last point gap = 1.41px (first=(1237.0,620.0) last=(1236.0,621.0)) -- prompt's assumed x0==x_n-1,y0==y_n-1 invariant does NOT hold for this annotation"
bb9a5475-1e23-4de7-8386-2c918b70c653,annotation,"segmentation ring first/last point gap = 1.10px (first=(500.0,546.0) last=(499.0194,546.4903)) -- prompt's assumed x0==x_n-1,y0==y_n-1 invariant does NOT hold for this annotation"
b61238f9-ab4d-4109-8bff-359ceb846a45,annotation,"segmentation ring first/last point gap = 1.60px (first=(1085.2327,1368.0494) last=(1085.6427,1366.4994)) -- prompt's assumed x0==x_n-1,y0==y_n-1 invariant does NOT hold for this annotation"
5cc87a66-aeca-41fa-82ed-539235518aeb,annotation,"segmentation ring first/last point gap = 9.22px (first=(1046.0,559.0) last=(1053.0,553.0)) -- prompt's assumed x0==x_n-1,y0==y_n-1 invariant does NOT hold for this annotation"
5b386695-9322-444a-889a-054ae1427aa6,annotation,"segmentation ring first/last point gap = 1.60px (first=(1540.8315,1168.2038) last=(1540.4215,1169.7538)) -- prompt's assumed x0==x_n-1,y0==y_n-1 invariant does NOT hold for this annotation"
bba7548e-90e5-4743-93b4-aae5d6ce3f48,annotation,"segmentation ring first/last point gap = 1.41px (first=(786.0,752.0) last=(785.0,753.0)) -- prompt's assumed x0==x_n-1,y0==y_n-1 invariant does NOT hold for this annotation"
d7640e1f-0b93-415f-b36e-c73fca6bd47b,annotation,"segmentation ring first/last point gap = 1.25px (first=(1562.6108,1363.7141) last=(1562.9408,1362.5041)) -- prompt's assumed x0==x_n-1,y0==y_n-1 invariant does NOT hold for this annotation"
cef4ed6b-14df-468f-960f-6b99d471b23c,annotation,"segmentation ring first/last point gap = 1.60px (first=(1584.945,1290.1219) last=(1584.535,1291.6719)) -- prompt's assumed x0==x_n-1,y0==y_n-1 invariant does NOT hold for this annotation"
4768f2ad-d48d-4593-9f1e-1af3511c200d,annotation,"segmentation ring first/last point gap = 1.60px (first=(1005.8926,837.2351) last=(1005.4826,838.7851)) -- prompt's assumed x0==x_n-1,y0==y_n-1 invariant does NOT hold for this annotation"
d3cf184c-35e8-45c1-86c3-1ae84d3f4258,annotation,"segmentation ring first/last point gap = 1.86px (first=(1725.0,1197.0) last=(1723.6869,1198.3131)) -- prompt's assumed x0==x_n-1,y0==y_n-1 invariant does NOT hold for this annotation"
a8a47b6e-1b85-4c1f-96b3-eed2616db7b3,annotation,"segmentation ring first/last point gap = 4.88px (first=(960.6596,660.5679) last=(958.6152,664.9984)) -- prompt's assumed x0==x_n-1,y0==y_n-1 invariant does NOT hold for this annotation"
011340fc-0ead-4111-8ce6-40da41be06cf,annotation,"segmentation ring first/last point gap = 1.29px (first=(1594.0707,792.0902) last=(1593.7407,793.3402)) -- prompt's assumed x0==x_n-1,y0==y_n-1 invariant does NOT hold for this annotation"
f595a841-e34c-4a7a-9146-a3cdc94b51c9,annotation,"segmentation ring first/last point gap = 1.60px (first=(1658.6419,1269.954) last=(1658.2319,1271.504)) -- prompt's assumed x0==x_n-1,y0==y_n-1 invariant does NOT hold for this annotation"
cd5e5e7f-a1ae-4c91-a283-df38aa8268b9,annotation,"segmentation ring first/last point gap = 1.60px (first=(399.8388,835.4382) last=(400.2488,833.8882)) -- prompt's assumed x0==x_n-1,y0==y_n-1 invariant does NOT hold for this annotation"
50fb9870-fd76-434e-a8ba-abda9651f815,annotation,"segmentation ring first/last point gap = 1.60px (first=(1612.6285,1328.6643) last=(1613.0385,1327.1143)) -- prompt's assumed x0==x_n-1,y0==y_n-1 invariant does NOT hold for this annotation"
c96ed44e-918b-42f7-a2fa-c48bb038f36b,annotation,"segmentation ring first/last point gap = 1.60px (first=(493.3841,1244.8038) last=(493.7941,1243.2538)) -- prompt's assumed x0==x_n-1,y0==y_n-1 invariant does NOT hold for this annotation"
a15b68b1-b1f2-4d84-86c6-1aaa779efece,annotation,"segmentation ring first/last point gap = 1.60px (first=(323.3511,1286.4828) last=(322.9411,1288.0328)) -- prompt's assumed x0==x_n-1,y0==y_n-1 invariant does NOT hold for this annotation"
d726145a-1ffc-4944-b347-78aaf8bcc35c,annotation,"segmentation ring first/last point gap = 1.60px (first=(1635.4293,734.3045) last=(1635.8393,732.7545)) -- prompt's assumed x0==x_n-1,y0==y_n-1 invariant does NOT hold for this annotation"
df214907-475b-48ec-92aa-b67d2af2d7fb,annotation,"segmentation ring first/last point gap = 1.41px (first=(1024.0,1408.0) last=(1025.0,1407.0)) -- prompt's assumed x0==x_n-1,y0==y_n-1 invariant does NOT hold for this annotation"
ddc4bbef-7a75-4525-bf76-3c3bf3bee974,annotation,"segmentation ring first/last point gap = 1.60px (first=(791.9203,1325.5203) last=(791.5103,1327.0703)) -- prompt's assumed x0==x_n-1,y0==y_n-1 invariant does NOT hold for this annotation"
81422190-f46d-41fc-b5e3-f2c2a7dfb750,annotation,"segmentation ring first/last point gap = 1.86px (first=(1392.0,648.5678) last=(1391.0169,650.1509)) -- prompt's assumed x0==x_n-1,y0==y_n-1 invariant does NOT hold for this annotation"
ceb8d2bc-782c-4070-adb9-b7ed61796970,annotation,"segmentation ring first/last point gap = 2.59px (first=(502.7824,521.1438) last=(503.4524,518.6438)) -- prompt's assumed x0==x_n-1,y0==y_n-1 invariant does NOT hold for this annotation"
25e68b1f-caa6-41a4-b65a-e9ba1451263c,annotation,"segmentation ring first/last point gap = 2.59px (first=(1386.0059,1648.576) last=(1385.3359,1651.076)) -- prompt's assumed x0==x_n-1,y0==y_n-1 invariant does NOT hold for this annotation"
9282f0c1-7d02-4f71-adae-92b6c8ceab03,annotation,"segmentation ring first/last point gap = 2.59px (first=(707.1412,1063.2497) last=(706.4712,1065.7497)) -- prompt's assumed x0==x_n-1,y0==y_n-1 invariant does NOT hold for this annotation"
c4d00020-d489-4322-b7f4-317cffb25174,annotation,"segmentation ring first/last point gap = 1.60px (first=(1689.6164,849.8782) last=(1690.0264,848.3282)) -- prompt's assumed x0==x_n-1,y0==y_n-1 invariant does NOT hold for this annotation"
928e83ec-81cc-4c31-bd57-878f4969a8cd,annotation,"segmentation ring first/last point gap = 2.00px (first=(1377.0,904.0) last=(1375.0,904.0)) -- prompt's assumed x0==x_n-1,y0==y_n-1 invariant does NOT hold for this annotation"
4115cce8-99ff-4e23-8069-b0bb7dc3c493,annotation,"segmentation ring first/last point gap = 7.07px (first=(1384.0,1585.0) last=(1379.0,1590.0)) -- prompt's assumed x0==x_n-1,y0==y_n-1 invariant does NOT hold for this annotation"
348535f5-9d54-4b59-a192-0e0bd9ac806d,annotation,"segmentation ring first/last point gap = 1.60px (first=(1384.9468,1579.8733) last=(1384.5368,1581.4233)) -- prompt's assumed x0==x_n-1,y0==y_n-1 invariant does NOT hold for this annotation"
9d085719-0596-410d-88bd-36e9ccaf042d,annotation,"segmentation ring first/last point gap = 2.24px (first=(1377.0,904.0) last=(1378.0,902.0)) -- prompt's assumed x0==x_n-1,y0==y_n-1 invariant does NOT hold for this annotation"
6a2f159c-0488-4190-a785-ecea475a1dbd,annotation,"segmentation ring first/last point gap = 1.60px (first=(1659.3002,1391.0076) last=(1658.8902,1392.5576)) -- prompt's assumed x0==x_n-1,y0==y_n-1 invariant does NOT hold for this annotation"
67ae4290-be4a-42f5-964c-9cce903998f3,annotation,"segmentation ring first/last point gap = 2.07px (first=(466.8847,557.9977) last=(466.3447,559.9977)) -- prompt's assumed x0==x_n-1,y0==y_n-1 invariant does NOT hold for this annotation"
e58d7f1c-ae12-4ec8-8261-283417464654,annotation,"segmentation ring first/last point gap = 1.41px (first=(1440.0,1177.0) last=(1439.0,1178.0)) -- prompt's assumed x0==x_n-1,y0==y_n-1 invariant does NOT hold for this annotation"
7e66c3b5-c352-4612-8340-b7ad45c2f4d2,annotation,"segmentation ring first/last point gap = 1.13px (first=(659.541,1078.6051) last=(659.8337,1077.513)) -- prompt's assumed x0==x_n-1,y0==y_n-1 invariant does NOT hold for this annotation"
f9ab0982-62f2-41cf-bf87-915bfa1be930,annotation,"segmentation ring first/last point gap = 1.60px (first=(595.2451,1345.1612) last=(594.8351,1346.7112)) -- prompt's assumed x0==x_n-1,y0==y_n-1 invariant does NOT hold for this annotation"
e20a7615-f567-4506-b719-e0ff296c481b,annotation,"segmentation ring first/last point gap = 3.36px (first=(1404.2825,1278.5341) last=(1405.1525,1275.2841)) -- prompt's assumed x0==x_n-1,y0==y_n-1 invariant does NOT hold for this annotation"
257be393-871f-4fc7-aaaa-a470c7c9d090,annotation,"segmentation ring first/last point gap = 1.29px (first=(1070.5709,1346.1766) last=(1070.9009,1344.9266)) -- prompt's assumed x0==x_n-1,y0==y_n-1 invariant does NOT hold for this annotation"
a17021f7-5960-4caa-a867-0c215425e747,annotation,"segmentation ring first/last point gap = 1.30px (first=(581.0,881.0) last=(580.0809,881.9191)) -- prompt's assumed x0==x_n-1,y0==y_n-1 invariant does NOT hold for this annotation"
5dd2d7b2-5038-48ac-8bd1-aed1d8e7747e,annotation,"segmentation ring first/last point gap = 5.44px (first=(661.9156,1080.4845) last=(660.5056,1085.7345)) -- prompt's assumed x0==x_n-1,y0==y_n-1 invariant does NOT hold for this annotation"
b63eac80-ebfa-443c-ae85-02a0aef07583,annotation,"segmentation ring first/last point gap = 1.20px (first=(1440.8395,1175.7216) last=(1442.0,1176.0286)) -- prompt's assumed x0==x_n-1,y0==y_n-1 invariant does NOT hold for this annotation"
9caa0990-8f1a-4ddc-a7a6-709c9d89cab7,annotation,"segmentation ring first/last point gap = 5.44px (first=(581.3238,1353.9686) last=(579.9138,1359.2186)) -- prompt's assumed x0==x_n-1,y0==y_n-1 invariant does NOT hold for this annotation"
69afee62-24ca-4f9d-98c9-cab62b007596,annotation,"segmentation ring first/last point gap = 1.41px (first=(1403.0,1280.0) last=(1402.0,1281.0)) -- prompt's assumed x0==x_n-1,y0==y_n-1 invariant does NOT hold for this annotation"
80b062f9-66f6-47ef-988a-e4072ab3e8c6,annotation,"segmentation ring first/last point gap = 7.07px (first=(1500.0,1305.0) last=(1495.0,1310.0)) -- prompt's assumed x0==x_n-1,y0==y_n-1 invariant does NOT hold for this annotation"
34e0ee7a-d0fa-46d4-8055-3ed9a32f1075,annotation,"segmentation ring first/last point gap = 2.59px (first=(592.8513,1342.3352) last=(592.1813,1344.8352)) -- prompt's assumed x0==x_n-1,y0==y_n-1 invariant does NOT hold for this annotation"
0b1db13d-8cd2-4bd6-9a37-1b0fb73334a9,annotation,"segmentation ring first/last point gap = 1.60px (first=(1454.5733,1187.0867) last=(1454.1633,1188.6367)) -- prompt's assumed x0==x_n-1,y0==y_n-1 invariant does NOT hold for this annotation"
db5a0377-208c-40ea-b709-d20fc84c4ab3,annotation,"segmentation ring first/last point gap = 3.09px (first=(1403.4029,1277.746) last=(1401.8626,1280.426)) -- prompt's assumed x0==x_n-1,y0==y_n-1 invariant does NOT hold for this annotation"
d798ff67-57d3-41b7-ac1e-5fac3b949ca3,annotation,"segmentation ring first/last point gap = 1.87px (first=(488.7342,758.0926) last=(490.5423,757.6105)) -- prompt's assumed x0==x_n-1,y0==y_n-1 invariant does NOT hold for this annotation"
881be940-85a6-4436-9120-c864443c00dd,annotation,"segmentation ring first/last point gap = 3.02px (first=(581.7865,882.477) last=(579.8357,884.7795)) -- prompt's assumed x0==x_n-1,y0==y_n-1 invariant does NOT hold for this annotation"
21930dd1-2e45-4da6-b10e-7690077384b6,annotation,"segmentation ring first/last point gap = 1.60px (first=(1491.5326,1269.7692) last=(1491.1226,1271.3192)) -- prompt's assumed x0==x_n-1,y0==y_n-1 invariant does NOT hold for this annotation"
bebfe302-5a60-4d03-86f0-1e165a4ea080,annotation,"segmentation ring first/last point gap = 2.59px (first=(1638.3348,1016.3348) last=(1637.6648,1018.8348)) -- prompt's assumed x0==x_n-1,y0==y_n-1 invariant does NOT hold for this annotation"
f03453be-8c8d-47ff-8fad-adc3e6a5785c,annotation,"segmentation ring first/last point gap = 2.59px (first=(762.2736,1088.8706) last=(761.6036,1091.3706)) -- prompt's assumed x0==x_n-1,y0==y_n-1 invariant does NOT hold for this annotation"
907399c8-9360-4203-9b80-93ac64c0853e,annotation,"segmentation ring first/last point gap = 2.59px (first=(1555.7571,1276.7596) last=(1556.4271,1274.2596)) -- prompt's assumed x0==x_n-1,y0==y_n-1 invariant does NOT hold for this annotation"
89e46749-9eee-4c6b-9302-549b347b942b,annotation,"segmentation ring first/last point gap = 2.59px (first=(697.2294,1371.4628) last=(697.8994,1368.9628)) -- prompt's assumed x0==x_n-1,y0==y_n-1 invariant does NOT hold for this annotation"
4cd7901f-d57b-402a-81c4-4c6cb0546b70,annotation,"segmentation ring first/last point gap = 2.59px (first=(1185.9512,1378.8205) last=(1186.6212,1376.3205)) -- prompt's assumed x0==x_n-1,y0==y_n-1 invariant does NOT hold for this annotation"
c204af0f-85f8-4158-8c69-0895f2b1a0f7,annotation,"segmentation ring first/last point gap = 2.59px (first=(1312.2082,1192.2371) last=(1311.5382,1194.7371)) -- prompt's assumed x0==x_n-1,y0==y_n-1 invariant does NOT hold for this annotation"
b833aebc-790d-4fc6-a1b0-4508ab0b452c,annotation,"segmentation ring first/last point gap = 4.18px (first=(692.3367,1365.5108) last=(691.2567,1369.5508)) -- prompt's assumed x0==x_n-1,y0==y_n-1 invariant does NOT hold for this annotation"
18b4d1ba-b05c-400c-870e-e36057d85a98,annotation,"segmentation ring first/last point gap = 4.47px (first=(1499.0,1075.0) last=(1497.0,1079.0)) -- prompt's assumed x0==x_n-1,y0==y_n-1 invariant does NOT hold for this annotation"
a60b02ef-e880-4738-8150-b498a27323db,annotation,"segmentation ring first/last point gap = 1.41px (first=(1638.0,986.0) last=(1637.0,987.0)) -- prompt's assumed x0==x_n-1,y0==y_n-1 invariant does NOT hold for this annotation"
fe6314f0-a841-4438-bf9e-839f424b337c,annotation,"segmentation ring first/last point gap = 2.00px (first=(1655.8774,899.3742) last=(1653.8774,899.3742)) -- prompt's assumed x0==x_n-1,y0==y_n-1 invariant does NOT hold for this annotation"
f2245684-457e-428d-95fd-d8d56879d90d,annotation,"segmentation ring first/last point gap = 1.48px (first=(1523.5651,1370.5457) last=(1523.9455,1369.1191)) -- prompt's assumed x0==x_n-1,y0==y_n-1 invariant does NOT hold for this annotation"
f04fa0db-060a-4300-9756-9f1d72251bc9,annotation,"segmentation ring first/last point gap = 1.27px (first=(1628.3815,1380.4971) last=(1628.709,1379.2691)) -- prompt's assumed x0==x_n-1,y0==y_n-1 invariant does NOT hold for this annotation"
46c552a8-2cbc-41c9-a040-9c0d17acec25,annotation,"segmentation ring first/last point gap = 1.04px (first=(1554.8531,1274.4192) last=(1554.5831,1275.4192)) -- prompt's assumed x0==x_n-1,y0==y_n-1 invariant does NOT hold for this annotation"
4d762e5f-f5ad-4679-8ab8-bb793e786e40,annotation,"segmentation ring first/last point gap = 1.55px (first=(1307.9565,1026.5242) last=(1308.3565,1025.0242)) -- prompt's assumed x0==x_n-1,y0==y_n-1 invariant does NOT hold for this annotation"
ad71247c-b975-49da-9306-d3abc00bb532,annotation,"segmentation ring first/last point gap = 2.38px (first=(1263.6807,792.8518) last=(1264.2971,790.5518)) -- prompt's assumed x0==x_n-1,y0==y_n-1 invariant does NOT hold for this annotation"
6f121d49-392e-4407-8c75-d90e5da8579a,annotation,"segmentation ring first/last point gap = 2.59px (first=(1743.0098,755.2364) last=(1742.3398,757.7364)) -- prompt's assumed x0==x_n-1,y0==y_n-1 invariant does NOT hold for this annotation"
b43544a8-2925-49ce-9f2c-dee3ef7a304a,annotation,"segmentation ring first/last point gap = 2.59px (first=(385.5318,851.06) last=(386.2018,848.56)) -- prompt's assumed x0==x_n-1,y0==y_n-1 invariant does NOT hold for this annotation"
64291e34-265d-4325-a077-4bc874a830d9,annotation,"segmentation ring first/last point gap = 3.19px (first=(974.0,1309.0) last=(972.0873,1311.5502)) -- prompt's assumed x0==x_n-1,y0==y_n-1 invariant does NOT hold for this annotation"
18c5cb33-0866-480e-afb0-1bb7a2e762e6,annotation,"segmentation ring first/last point gap = 1.29px (first=(960.9462,817.1462) last=(960.6162,818.3962)) -- prompt's assumed x0==x_n-1,y0==y_n-1 invariant does NOT hold for this annotation"
4b1f0688-7cc4-402c-92eb-e0d5229573ff,annotation,"segmentation ring first/last point gap = 1.60px (first=(959.1602,815.0593) last=(958.7502,816.6093)) -- prompt's assumed x0==x_n-1,y0==y_n-1 invariant does NOT hold for this annotation"
1a9031dc-9c39-4ad1-be3d-0362610d1c3c,annotation,"segmentation ring first/last point gap = 1.60px (first=(491.6923,421.0015) last=(491.2823,422.5515)) -- prompt's assumed x0==x_n-1,y0==y_n-1 invariant does NOT hold for this annotation"
3649aa38-24ab-4221-a8b3-c455099c54a7,annotation,"segmentation ring first/last point gap = 3.61px (first=(1044.0,1384.0) last=(1042.0,1387.0)) -- prompt's assumed x0==x_n-1,y0==y_n-1 invariant does NOT hold for this annotation"
cdd75013-eb61-4fc0-a01f-242bfc351c60,annotation,"segmentation ring first/last point gap = 1.60px (first=(1105.3885,1261.3838) last=(1105.7985,1259.8338)) -- prompt's assumed x0==x_n-1,y0==y_n-1 invariant does NOT hold for this annotation"
a9764dc4-0aeb-42be-8396-167522df11d8,annotation,"segmentation ring first/last point gap = 2.59px (first=(1730.3582,1277.8043) last=(1729.6882,1280.3043)) -- prompt's assumed x0==x_n-1,y0==y_n-1 invariant does NOT hold for this annotation"
2d55b262-11aa-45b2-a099-f9ca27510619,annotation,"segmentation ring first/last point gap = 3.69px (first=(545.3166,1208.5234) last=(544.9096,1212.186)) -- prompt's assumed x0==x_n-1,y0==y_n-1 invariant does NOT hold for this annotation"
2dcd2382-71de-4bc9-8958-efb3d807d202,annotation,"segmentation ring first/last point gap = 5.66px (first=(409.0,941.0) last=(405.0,945.0)) -- prompt's assumed x0==x_n-1,y0==y_n-1 invariant does NOT hold for this annotation"
f31497ac-dd69-432c-bb37-724492eca8eb,annotation,"segmentation ring first/last point gap = 1.17px (first=(1185.1896,1406.0578) last=(1184.36,1406.8874)) -- prompt's assumed x0==x_n-1,y0==y_n-1 invariant does NOT hold for this annotation"
67f1b78c-0aec-4af1-a2c1-132cd36a6e76,annotation,"segmentation ring first/last point gap = 2.59px (first=(603.5408,1422.2398) last=(602.8708,1424.7398)) -- prompt's assumed x0==x_n-1,y0==y_n-1 invariant does NOT hold for this annotation"
8a3cd82c-03d9-40e4-98d6-9e419e8d8315,annotation,"segmentation ring first/last point gap = 1.60px (first=(1106.0693,590.693) last=(1105.6593,592.243)) -- prompt's assumed x0==x_n-1,y0==y_n-1 invariant does NOT hold for this annotation"
9f62f8d8-ba81-4a9c-80a0-49b697fa16cb,annotation,"segmentation ring first/last point gap = 4.47px (first=(486.0,1341.0) last=(484.0,1345.0)) -- prompt's assumed x0==x_n-1,y0==y_n-1 invariant does NOT hold for this annotation"
42c7f8b1-9145-45ed-a04e-9361c630444f,annotation,"segmentation ring first/last point gap = 2.39px (first=(636.5371,1405.6114) last=(634.23,1404.9961)) -- prompt's assumed x0==x_n-1,y0==y_n-1 invariant does NOT hold for this annotation"
233c7f4b-bae6-4a10-bc83-6861fe98c90f,annotation,"segmentation ring first/last point gap = 6.40px (first=(483.0,1347.0) last=(487.0,1342.0)) -- prompt's assumed x0==x_n-1,y0==y_n-1 invariant does NOT hold for this annotation"
b7d2c372-0aa4-4232-a281-48acaf6733ec,annotation,"segmentation ring first/last point gap = 4.24px (first=(495.0,1135.0) last=(498.0,1132.0)) -- prompt's assumed x0==x_n-1,y0==y_n-1 invariant does NOT hold for this annotation"
c55f4ad5-af05-465c-b899-7949373d98d0,annotation,"segmentation ring first/last point gap = 1.04px (first=(741.0134,1246.8559) last=(740.7434,1247.8559)) -- prompt's assumed x0==x_n-1,y0==y_n-1 invariant does NOT hold for this annotation"
f4e41d2d-f3dd-4651-a887-9ad5c865f30e,annotation,"segmentation ring first/last point gap = 1.02px (first=(560.9677,1138.8226) last=(560.7034,1139.809)) -- prompt's assumed x0==x_n-1,y0==y_n-1 invariant does NOT hold for this annotation"
9c161b22-309e-4f00-a341-b5d4e8857f84,annotation,"segmentation ring first/last point gap = 1.04px (first=(1586.5158,1334.8317) last=(1586.2458,1335.8317)) -- prompt's assumed x0==x_n-1,y0==y_n-1 invariant does NOT hold for this annotation"
cadaf7af-99c2-4a00-a92c-cbb078296c46,annotation,"segmentation ring first/last point gap = 1.04px (first=(1421.986,804.8552) last=(1422.256,803.8552)) -- prompt's assumed x0==x_n-1,y0==y_n-1 invariant does NOT hold for this annotation"
46e8ebee-f9c5-4abc-8d4f-1421a1bcc7f4,annotation,"segmentation ring first/last point gap = 2.53px (first=(1452.0,721.0) last=(1450.2087,722.7913)) -- prompt's assumed x0==x_n-1,y0==y_n-1 invariant does NOT hold for this annotation"
91e24ffc-5659-4955-a003-9ceca58b3c05,annotation,"segmentation ring first/last point gap = 1.55px (first=(1797.4832,1212.9461) last=(1797.8832,1211.4461)) -- prompt's assumed x0==x_n-1,y0==y_n-1 invariant does NOT hold for this annotation"
0e5d8622-72cd-483c-b183-ea5bbaf6d9c9,annotation,"segmentation ring first/last point gap = 4.14px (first=(1031.6512,1418.2036) last=(1032.7212,1414.2036)) -- prompt's assumed x0==x_n-1,y0==y_n-1 invariant does NOT hold for this annotation"
c2d467b0-4f41-4f7c-96b7-e156c6acb11e,annotation,"segmentation ring first/last point gap = 1.41px (first=(884.0,489.0) last=(883.0,490.0)) -- prompt's assumed x0==x_n-1,y0==y_n-1 invariant does NOT hold for this annotation"
66f309f0-0c7e-4f2b-970f-78e28c88e3b8,annotation,"segmentation ring first/last point gap = 3.61px (first=(561.0,1138.0) last=(559.0,1141.0)) -- prompt's assumed x0==x_n-1,y0==y_n-1 invariant does NOT hold for this annotation"
683881d9-8e15-46b9-9bd6-d31385b98bb6,annotation,"segmentation ring first/last point gap = 1.41px (first=(763.0,423.0) last=(762.0,424.0)) -- prompt's assumed x0==x_n-1,y0==y_n-1 invariant does NOT hold for this annotation"
e48b8273-0446-43e9-b659-9aa8894e57ff,annotation,"segmentation ring first/last point gap = 1.12px (first=(1404.1337,1034.4794) last=(1404.9263,1033.6869)) -- prompt's assumed x0==x_n-1,y0==y_n-1 invariant does NOT hold for this annotation"
c69d7860-7cd9-4c7c-8257-84271e301785,annotation,"segmentation ring first/last point gap = 1.41px (first=(1404.0,1048.0) last=(1405.0,1047.0)) -- prompt's assumed x0==x_n-1,y0==y_n-1 invariant does NOT hold for this annotation"
03b26238-4137-4b3b-9582-d31c708c2332,annotation,"segmentation ring first/last point gap = 1.60px (first=(1765.3517,1308.9925) last=(1764.9417,1310.5425)) -- prompt's assumed x0==x_n-1,y0==y_n-1 invariant does NOT hold for this annotation"
b83640ee-fe5c-45d3-839d-7b1969523fa3,annotation,"segmentation ring first/last point gap = 2.59px (first=(1560.9204,984.8346) last=(1561.5904,982.3346)) -- prompt's assumed x0==x_n-1,y0==y_n-1 invariant does NOT hold for this annotation"
51bf0033-7d60-4bb0-b434-19ee61d23ab8,annotation,"segmentation ring first/last point gap = 1.60px (first=(924.1379,1209.5314) last=(923.7279,1211.0814)) -- prompt's assumed x0==x_n-1,y0==y_n-1 invariant does NOT hold for this annotation"
efe178f6-02d0-48ba-a152-81d0f5593fb5,annotation,"segmentation ring first/last point gap = 3.53px (first=(969.6625,625.607) last=(970.5186,622.1825)) -- prompt's assumed x0==x_n-1,y0==y_n-1 invariant does NOT hold for this annotation"
1f63f92d-b066-405a-924a-2340215d8f3c,annotation,"segmentation ring first/last point gap = 2.59px (first=(937.7119,1422.171) last=(938.3819,1419.671)) -- prompt's assumed x0==x_n-1,y0==y_n-1 invariant does NOT hold for this annotation"
b9fd540b-4692-494a-96c1-d2c2d6834513,annotation,"segmentation ring first/last point gap = 2.59px (first=(1310.1942,404.361) last=(1310.8642,401.861)) -- prompt's assumed x0==x_n-1,y0==y_n-1 invariant does NOT hold for this annotation"
12a73c79-55ae-4c8e-8c84-07ac3f31a1ae,annotation,"segmentation ring first/last point gap = 1.60px (first=(1787.9173,921.8998) last=(1787.5073,923.4498)) -- prompt's assumed x0==x_n-1,y0==y_n-1 invariant does NOT hold for this annotation"
1972cdda-e1fb-4b6f-b0cc-5ed69ef9c2a1,annotation,"segmentation ring first/last point gap = 2.59px (first=(1020.7686,1056.1963) last=(1020.0986,1058.6963)) -- prompt's assumed x0==x_n-1,y0==y_n-1 invariant does NOT hold for this annotation"
6f48d6cb-11bc-4a6f-abb0-e86fa6dd7725,annotation,"segmentation ring first/last point gap = 4.47px (first=(1339.6278,1324.3722) last=(1337.6278,1328.3722)) -- prompt's assumed x0==x_n-1,y0==y_n-1 invariant does NOT hold for this annotation"
66bf0eca-a043-447d-b466-956f09d134b6,annotation,"segmentation ring first/last point gap = 1.60px (first=(464.2103,1416.6584) last=(464.6203,1415.1084)) -- prompt's assumed x0==x_n-1,y0==y_n-1 invariant does NOT hold for this annotation"
79a1c329-c8cb-4708-af72-566a0eeb7a91,annotation,"segmentation ring first/last point gap = 1.60px (first=(885.6396,707.9298) last=(885.2296,709.4798)) -- prompt's assumed x0==x_n-1,y0==y_n-1 invariant does NOT hold for this annotation"
a8d70500-f86b-46a4-b17d-b509ae3f7f6a,annotation,"segmentation ring first/last point gap = 1.60px (first=(817.4118,913.7327) last=(817.0018,915.2827)) -- prompt's assumed x0==x_n-1,y0==y_n-1 invariant does NOT hold for this annotation"
6c73903a-b986-4bd6-b23e-51cd7539424f,annotation,"segmentation ring first/last point gap = 1.60px (first=(1075.4644,1289.1496) last=(1075.8744,1287.5996)) -- prompt's assumed x0==x_n-1,y0==y_n-1 invariant does NOT hold for this annotation"
1f421621-1628-420e-8dbb-7880bff3938b,annotation,"segmentation ring first/last point gap = 1.60px (first=(542.0583,1555.5385) last=(541.6483,1557.0885)) -- prompt's assumed x0==x_n-1,y0==y_n-1 invariant does NOT hold for this annotation"
a61690f4-843a-4613-a8a3-0838c7b70341,annotation,"segmentation ring first/last point gap = 1.24px (first=(1280.4537,1146.0684) last=(1280.697,1144.852)) -- prompt's assumed x0==x_n-1,y0==y_n-1 invariant does NOT hold for this annotation"
a5ec7bd5-23fe-4104-9671-a526db0e981d,annotation,"segmentation ring first/last point gap = 8.33px (first=(1703.8429,908.0416) last=(1707.1849,900.4138)) -- prompt's assumed x0==x_n-1,y0==y_n-1 invariant does NOT hold for this annotation"
9b060eb6-2a0a-428c-8399-048f153ed587,annotation,"segmentation ring first/last point gap = 10.05px (first=(990.0,1013.0) last=(991.0,1003.0)) -- prompt's assumed x0==x_n-1,y0==y_n-1 invariant does NOT hold for this annotation"
a98fd652-daa6-4181-849c-0262215d5f81,annotation,"segmentation ring first/last point gap = 1.10px (first=(1006.1079,657.8563) last=(1005.8179,658.9163)) -- prompt's assumed x0==x_n-1,y0==y_n-1 invariant does NOT hold for this annotation"
fb5cd0e8-c028-4862-a4fe-17e903716cff,annotation,"segmentation ring first/last point gap = 1.10px (first=(1642.9836,1491.7318) last=(1642.6936,1492.7918)) -- prompt's assumed x0==x_n-1,y0==y_n-1 invariant does NOT hold for this annotation"
4dbcd5b8-f606-4f96-9550-0031dd3bcafd,annotation,"segmentation ring first/last point gap = 2.83px (first=(1648.0,1440.0) last=(1650.0,1438.0)) -- prompt's assumed x0==x_n-1,y0==y_n-1 invariant does NOT hold for this annotation"
68307ffd-9b21-4955-b99a-e10c87d66229,annotation,"segmentation ring first/last point gap = 3.40px (first=(1287.0,1333.0) last=(1286.175,1336.2999)) -- prompt's assumed x0==x_n-1,y0==y_n-1 invariant does NOT hold for this annotation"
8b46db9b-f313-409c-bb92-e2977c131d6c,annotation,"segmentation ring first/last point gap = 2.24px (first=(1663.0,1047.0) last=(1664.0,1045.0)) -- prompt's assumed x0==x_n-1,y0==y_n-1 invariant does NOT hold for this annotation"
358fd394-a175-45f7-b698-ff76d122cb1f,annotation,"segmentation ring first/last point gap = 3.61px (first=(1386.0,905.0) last=(1388.0,902.0)) -- prompt's assumed x0==x_n-1,y0==y_n-1 invariant does NOT hold for this annotation"
3b59ef95-9f44-49c4-85bc-86e1babb242a,annotation,"segmentation ring first/last point gap = 2.07px (first=(1140.4806,1553.1204) last=(1141.0206,1551.1204)) -- prompt's assumed x0==x_n-1,y0==y_n-1 invariant does NOT hold for this annotation"
8ab6e206-949a-4a75-9fe6-161ee35414e6,annotation,"segmentation ring first/last point gap = 1.60px (first=(1140.39,1546.5908) last=(1139.98,1548.1408)) -- prompt's assumed x0==x_n-1,y0==y_n-1 invariant does NOT hold for this annotation"
ea3c4ded-7e72-439a-a441-48159acbadd8,annotation,"segmentation ring first/last point gap = 12.04px (first=(1285.0,1336.0) last=(1276.0,1344.0)) -- prompt's assumed x0==x_n-1,y0==y_n-1 invariant does NOT hold for this annotation"
26734aa2-075c-47af-8c7c-60173205f132,annotation,"segmentation ring first/last point gap = 1.60px (first=(1382.6916,901.0931) last=(1382.2816,902.6431)) -- prompt's assumed x0==x_n-1,y0==y_n-1 invariant does NOT hold for this annotation"
8ae9297b-ec20-401e-9f62-b96739ecfe30,annotation,"segmentation ring first/last point gap = 1.60px (first=(799.3747,1462.2716) last=(798.9647,1463.8216)) -- prompt's assumed x0==x_n-1,y0==y_n-1 invariant does NOT hold for this annotation"
00c4d83e-8e02-4129-9e46-75e1771d2f38,annotation,"segmentation ring first/last point gap = 1.60px (first=(1518.1384,1068.8909) last=(1518.5484,1067.3409)) -- prompt's assumed x0==x_n-1,y0==y_n-1 invariant does NOT hold for this annotation"
8fb3cc41-61eb-465c-ac80-85071619dcd8,annotation,"segmentation ring first/last point gap = 1.60px (first=(1653.5805,1429.8018) last=(1653.1705,1431.3518)) -- prompt's assumed x0==x_n-1,y0==y_n-1 invariant does NOT hold for this annotation"
d05408d8-5325-4bb0-9657-db101491c761,annotation,"segmentation ring first/last point gap = 1.55px (first=(1657.3087,1045.7417) last=(1656.9087,1047.2417)) -- prompt's assumed x0==x_n-1,y0==y_n-1 invariant does NOT hold for this annotation"
1b56a319-14e9-47a5-9c0e-b2f0d3be56c7,annotation,"segmentation ring first/last point gap = 1.75px (first=(292.0,1051.0) last=(290.4989,1051.9007)) -- prompt's assumed x0==x_n-1,y0==y_n-1 invariant does NOT hold for this annotation"
e7d79007-20d0-400d-a7b2-950594701439,annotation,"segmentation ring first/last point gap = 1.60px (first=(1592.1404,608.1094) last=(1591.7304,609.6594)) -- prompt's assumed x0==x_n-1,y0==y_n-1 invariant does NOT hold for this annotation"
d7a4db70-f352-4abf-bf85-cb2eb9e88ab0,annotation,"segmentation ring first/last point gap = 1.60px (first=(1288.0602,354.5537) last=(1288.4702,353.0037)) -- prompt's assumed x0==x_n-1,y0==y_n-1 invariant does NOT hold for this annotation"
b2132363-17c6-471b-ad61-07574bc15aff,annotation,"segmentation ring first/last point gap = 2.59px (first=(905.4828,370.9902) last=(904.8128,373.4902)) -- prompt's assumed x0==x_n-1,y0==y_n-1 invariant does NOT hold for this annotation"
8be1ea13-ea08-4b03-a145-c769761ff1ef,annotation,"segmentation ring first/last point gap = 1.60px (first=(647.3599,666.2039) last=(646.9499,667.7539)) -- prompt's assumed x0==x_n-1,y0==y_n-1 invariant does NOT hold for this annotation"
53ecd1ca-5f82-413c-b228-3d700929c301,annotation,"segmentation ring first/last point gap = 2.61px (first=(1321.9956,779.4026) last=(1323.8422,777.5559)) -- prompt's assumed x0==x_n-1,y0==y_n-1 invariant does NOT hold for this annotation"
1c5b4ccf-a4a8-4379-af8b-ffbde2314784,annotation,"segmentation ring first/last point gap = 4.47px (first=(323.0,883.0) last=(321.0,887.0)) -- prompt's assumed x0==x_n-1,y0==y_n-1 invariant does NOT hold for this annotation"
ddd80b7b-f7c1-4c14-b7bc-334aa7bee786,annotation,"segmentation ring first/last point gap = 1.60px (first=(961.5163,1653.3768) last=(961.1063,1654.9268)) -- prompt's assumed x0==x_n-1,y0==y_n-1 invariant does NOT hold for this annotation"
615432f5-9bc6-4f28-9edb-999f380e0e1c,annotation,"segmentation ring first/last point gap = 1.41px (first=(1121.0,1332.0) last=(1120.0,1333.0)) -- prompt's assumed x0==x_n-1,y0==y_n-1 invariant does NOT hold for this annotation"
9722ae46-85ca-4f93-8a9a-58725044a541,annotation,"segmentation ring first/last point gap = 2.83px (first=(551.0,880.0) last=(549.0,882.0)) -- prompt's assumed x0==x_n-1,y0==y_n-1 invariant does NOT hold for this annotation"
8a92487c-ea15-4269-96e9-3c4906ab9b60,annotation,"segmentation ring first/last point gap = 3.00px (first=(601.0,589.0) last=(604.0,589.0)) -- prompt's assumed x0==x_n-1,y0==y_n-1 invariant does NOT hold for this annotation"
a505d428-0a1c-4cf3-881c-173abfcac61f,annotation,"segmentation ring first/last point gap = 2.24px (first=(1189.0,899.0) last=(1190.0,897.0)) -- prompt's assumed x0==x_n-1,y0==y_n-1 invariant does NOT hold for this annotation"
6a88e44f-683a-492b-9874-a2b9c4c38784,annotation,"segmentation ring first/last point gap = 1.12px (first=(637.0,1602.0) last=(636.2061,1602.7939)) -- prompt's assumed x0==x_n-1,y0==y_n-1 invariant does NOT hold for this annotation"
83ea53a0-cb71-4fbb-a5c3-5ae357a458eb,annotation,"segmentation ring first/last point gap = 5.66px (first=(636.0,1487.0) last=(632.0,1491.0)) -- prompt's assumed x0==x_n-1,y0==y_n-1 invariant does NOT hold for this annotation"
c08affa1-8b35-4ae3-9c86-df69721ae376,annotation,"segmentation ring first/last point gap = 2.24px (first=(1426.0,1536.0) last=(1427.0,1534.0)) -- prompt's assumed x0==x_n-1,y0==y_n-1 invariant does NOT hold for this annotation"
6fd3ab95-065b-4673-8e46-8383bb1083cb,annotation,"segmentation ring first/last point gap = 7.07px (first=(1817.0,1054.0) last=(1816.0,1061.0)) -- prompt's assumed x0==x_n-1,y0==y_n-1 invariant does NOT hold for this annotation"
34eed774-746d-4b88-91a9-f043955c45da,annotation,"segmentation ring first/last point gap = 3.16px (first=(685.0,919.0) last=(686.0,916.0)) -- prompt's assumed x0==x_n-1,y0==y_n-1 invariant does NOT hold for this annotation"
7157e26c-e36b-4b3e-bfd1-4c3e94c4a288,annotation,"segmentation ring first/last point gap = 2.24px (first=(1197.0,1053.0) last=(1198.0,1051.0)) -- prompt's assumed x0==x_n-1,y0==y_n-1 invariant does NOT hold for this annotation"
3fa56db6-80d2-48fd-9d2e-b07f84766e74,annotation,"segmentation ring first/last point gap = 2.08px (first=(1421.296,365.1521) last=(1419.2468,365.4943)) -- prompt's assumed x0==x_n-1,y0==y_n-1 invariant does NOT hold for this annotation"
12e50ae1-cfab-4dca-8813-d507659336af,annotation,"segmentation ring first/last point gap = 1.55px (first=(1561.5805,789.4847) last=(1561.1805,790.9847)) -- prompt's assumed x0==x_n-1,y0==y_n-1 invariant does NOT hold for this annotation"
54e3661f-c323-414f-882d-12cfaee24928,annotation,"segmentation ring first/last point gap = 2.24px (first=(1018.0,1493.0) last=(1020.0,1492.0)) -- prompt's assumed x0==x_n-1,y0==y_n-1 invariant does NOT hold for this annotation"
d2da7168-8eea-432f-b59a-bdcc4f664a8e,annotation,"segmentation ring first/last point gap = 1.32px (first=(1527.488,573.3817) last=(1527.8291,572.1089)) -- prompt's assumed x0==x_n-1,y0==y_n-1 invariant does NOT hold for this annotation"
6b4e05fb-1347-4015-9729-1ed49d694bb0,annotation,"segmentation ring first/last point gap = 2.83px (first=(1094.0,469.0) last=(1096.0,467.0)) -- prompt's assumed x0==x_n-1,y0==y_n-1 invariant does NOT hold for this annotation"
5d31e65f-20a9-4c6b-9719-fab23629ef41,annotation,"segmentation ring first/last point gap = 1.41px (first=(1074.0,243.0) last=(1075.0,242.0)) -- prompt's assumed x0==x_n-1,y0==y_n-1 invariant does NOT hold for this annotation"
66bfacbd-0d62-47a5-acbe-6d168f455964,annotation,"segmentation ring first/last point gap = 1.41px (first=(496.0,792.0) last=(495.0,793.0)) -- prompt's assumed x0==x_n-1,y0==y_n-1 invariant does NOT hold for this annotation"
e0549628-c61f-41a4-bb11-ec57ffd04867,annotation,"segmentation ring first/last point gap = 6.40px (first=(1641.0,1423.0) last=(1637.0,1428.0)) -- prompt's assumed x0==x_n-1,y0==y_n-1 invariant does NOT hold for this annotation"
fb89fd54-8f18-4284-918c-900a7e0cf07e,annotation,"segmentation ring first/last point gap = 3.07px (first=(1525.9676,575.3571) last=(1526.4021,572.3153)) -- prompt's assumed x0==x_n-1,y0==y_n-1 invariant does NOT hold for this annotation"
ace7daca-8f1d-4eb3-b9c8-05acc791d688,annotation,"segmentation ring first/last point gap = 2.59px (first=(1739.172,1206.9747) last=(1739.842,1204.4747)) -- prompt's assumed x0==x_n-1,y0==y_n-1 invariant does NOT hold for this annotation"
505c3db6-7284-43b9-844f-86ec69851a16,annotation,"segmentation ring first/last point gap = 2.00px (first=(460.0,699.0) last=(462.0,699.0)) -- prompt's assumed x0==x_n-1,y0==y_n-1 invariant does NOT hold for this annotation"
4b28e452-89f7-48c9-8b5e-429811b2de75,annotation,"segmentation ring first/last point gap = 2.59px (first=(1371.7918,1442.6358) last=(1372.4618,1440.1358)) -- prompt's assumed x0==x_n-1,y0==y_n-1 invariant does NOT hold for this annotation"
25028e5e-2b8b-412f-9b83-a6cd3c36e59f,annotation,"segmentation ring first/last point gap = 1.60px (first=(1610.498,1347.2516) last=(1610.088,1348.8016)) -- prompt's assumed x0==x_n-1,y0==y_n-1 invariant does NOT hold for this annotation"
fcdbd3f9-3613-4982-aafb-288e44f70f0a,annotation,"segmentation ring first/last point gap = 2.45px (first=(1269.6496,726.7016) last=(1269.0164,729.0644)) -- prompt's assumed x0==x_n-1,y0==y_n-1 invariant does NOT hold for this annotation"
6dcca70a-601c-4b3c-a38e-eaa0357de7ea,annotation,"segmentation ring first/last point gap = 4.18px (first=(1875.3866,1034.2758) last=(1876.4666,1030.2358)) -- prompt's assumed x0==x_n-1,y0==y_n-1 invariant does NOT hold for this annotation"
7cadb457-f21e-440a-b7ab-a780f2e84dba,annotation,"segmentation ring first/last point gap = 1.60px (first=(1231.3438,697.1265) last=(1231.7538,695.5765)) -- prompt's assumed x0==x_n-1,y0==y_n-1 invariant does NOT hold for this annotation"
73e398ca-2413-4bbf-a10b-d3dfdaadf885,annotation,"segmentation ring first/last point gap = 4.47px (first=(1642.0,1263.0) last=(1640.0,1267.0)) -- prompt's assumed x0==x_n-1,y0==y_n-1 invariant does NOT hold for this annotation"
6c4087ac-ee9b-4b90-87f7-d43a1335bb79,annotation,"segmentation ring first/last point gap = 2.59px (first=(1404.0483,1407.4322) last=(1403.3783,1409.9322)) -- prompt's assumed x0==x_n-1,y0==y_n-1 invariant does NOT hold for this annotation"
98f59028-432c-4604-9735-6dc8fdd9e0ac,annotation,"segmentation ring first/last point gap = 2.00px (first=(1171.0,1406.0) last=(1173.0,1406.0)) -- prompt's assumed x0==x_n-1,y0==y_n-1 invariant does NOT hold for this annotation"
ad99a9b4-4bde-45f4-ae3f-987275ba8c63,annotation,"segmentation ring first/last point gap = 5.00px (first=(332.0,1123.0) last=(336.0,1120.0)) -- prompt's assumed x0==x_n-1,y0==y_n-1 invariant does NOT hold for this annotation"
cf0403b8-e899-478b-a491-deea3477ecfa,annotation,"segmentation ring first/last point gap = 1.41px (first=(1882.0,1034.0) last=(1881.0,1035.0)) -- prompt's assumed x0==x_n-1,y0==y_n-1 invariant does NOT hold for this annotation"
440e17f0-f4e8-4343-b2ea-5f4a2d4dd5ff,annotation,"segmentation ring first/last point gap = 3.61px (first=(1638.0,1267.0) last=(1640.0,1264.0)) -- prompt's assumed x0==x_n-1,y0==y_n-1 invariant does NOT hold for this annotation"
c0449474-8108-4f38-910c-70f4050eff0e,annotation,"segmentation ring first/last point gap = 1.41px (first=(1403.0,1403.0) last=(1404.0,1402.0)) -- prompt's assumed x0==x_n-1,y0==y_n-1 invariant does NOT hold for this annotation"
59f3546f-4030-48b0-bced-8a5bd5bb7581,annotation,"segmentation ring first/last point gap = 2.83px (first=(1179.0,1411.0) last=(1181.0,1413.0)) -- prompt's assumed x0==x_n-1,y0==y_n-1 invariant does NOT hold for this annotation"
a3d09a09-f643-4cda-8ef7-28091624545e,annotation,"segmentation ring first/last point gap = 4.47px (first=(1265.0,732.0) last=(1269.0,730.0)) -- prompt's assumed x0==x_n-1,y0==y_n-1 invariant does NOT hold for this annotation"
93691ff1-3f9b-4c34-8fea-50b1173fd214,annotation,"segmentation ring first/last point gap = 2.24px (first=(1630.0,1425.0) last=(1629.0,1427.0)) -- prompt's assumed x0==x_n-1,y0==y_n-1 invariant does NOT hold for this annotation"
b04b4334-c107-44cb-aeac-f1815b668ec7,annotation,"segmentation ring first/last point gap = 2.49px (first=(1063.0,1532.0) last=(1061.2413,1533.7587)) -- prompt's assumed x0==x_n-1,y0==y_n-1 invariant does NOT hold for this annotation"
83b2e28b-270d-46d5-87eb-bc4e71fe4ea2,annotation,"segmentation ring first/last point gap = 2.00px (first=(452.0,583.0) last=(450.0,583.0)) -- prompt's assumed x0==x_n-1,y0==y_n-1 invariant does NOT hold for this annotation"
261594d6-10b5-4ad0-a43c-c3527d744241,annotation,"segmentation ring first/last point gap = 4.71px (first=(1422.0,452.0) last=(1419.0554,455.6807)) -- prompt's assumed x0==x_n-1,y0==y_n-1 invariant does NOT hold for this annotation"
1c765024-f222-46a4-bd1a-abe17bd88f6d,annotation,"segmentation ring first/last point gap = 3.36px (first=(382.4555,1151.8573) last=(383.3255,1148.6073)) -- prompt's assumed x0==x_n-1,y0==y_n-1 invariant does NOT hold for this annotation"
5f227bda-5b04-4207-b612-76b3cb8c5477,annotation,"segmentation ring first/last point gap = 6.76px (first=(623.334,1359.3455) last=(619.0196,1364.5476)) -- prompt's assumed x0==x_n-1,y0==y_n-1 invariant does NOT hold for this annotation"
960d3344-38ae-4379-a8a3-f26d70ab0032,annotation,"segmentation ring first/last point gap = 1.77px (first=(659.5691,1480.0975) last=(660.0291,1478.3875)) -- prompt's assumed x0==x_n-1,y0==y_n-1 invariant does NOT hold for this annotation"
b3d5316b-5e4a-4b75-8f81-62a744f69547,annotation,"segmentation ring first/last point gap = 2.59px (first=(524.6856,1248.7013) last=(525.3556,1246.2013)) -- prompt's assumed x0==x_n-1,y0==y_n-1 invariant does NOT hold for this annotation"
61273fd6-166e-4d3b-8f0d-b306d6ecb2d1,annotation,"segmentation ring first/last point gap = 4.04px (first=(987.8781,1291.4484) last=(988.8217,1287.5221)) -- prompt's assumed x0==x_n-1,y0==y_n-1 invariant does NOT hold for this annotation"
cfe59d52-97db-4719-a338-d9c2c3ce96f3,annotation,"segmentation ring first/last point gap = 1.60px (first=(654.1062,1305.3099) last=(654.5162,1303.7599)) -- prompt's assumed x0==x_n-1,y0==y_n-1 invariant does NOT hold for this annotation"
f96e7264-696d-403c-948c-45fddf25dc45,annotation,"segmentation ring first/last point gap = 1.60px (first=(962.7653,1523.3626) last=(962.3553,1524.9126)) -- prompt's assumed x0==x_n-1,y0==y_n-1 invariant does NOT hold for this annotation"
26282562-5c04-43fa-adb6-8ea48490beb8,annotation,"segmentation ring first/last point gap = 1.34px (first=(1745.0636,1383.5056) last=(1744.7173,1384.801)) -- prompt's assumed x0==x_n-1,y0==y_n-1 invariant does NOT hold for this annotation"
f245364d-d227-4833-9dee-26bc59da0c6a,annotation,"segmentation ring first/last point gap = 2.28px (first=(1541.408,1132.7396) last=(1540.0819,1134.5972)) -- prompt's assumed x0==x_n-1,y0==y_n-1 invariant does NOT hold for this annotation"
88a6350f-9849-4f45-9465-b9422cc42129,annotation,"segmentation ring first/last point gap = 2.59px (first=(1427.368,1111.2938) last=(1426.698,1113.7938)) -- prompt's assumed x0==x_n-1,y0==y_n-1 invariant does NOT hold for this annotation"
972a92b8-ee9c-4f5b-ac30-e83dfc0146d1,annotation,"segmentation ring first/last point gap = 1.67px (first=(412.7819,926.6575) last=(411.6015,927.8375)) -- prompt's assumed x0==x_n-1,y0==y_n-1 invariant does NOT hold for this annotation"
d7c76a3b-ba69-4477-a8af-764d2c7a2be5,annotation,"segmentation ring first/last point gap = 2.10px (first=(942.9902,474.6058) last=(943.5341,472.5763)) -- prompt's assumed x0==x_n-1,y0==y_n-1 invariant does NOT hold for this annotation"
16f9fa9c-b6e8-4582-997b-2e3984e0f8b3,annotation,"segmentation ring first/last point gap = 4.18px (first=(489.6242,753.6303) last=(488.5442,757.6703)) -- prompt's assumed x0==x_n-1,y0==y_n-1 invariant does NOT hold for this annotation"
8999775f-047b-4ec4-8340-30771591338b,annotation,"segmentation ring first/last point gap = 2.59px (first=(1751.4609,550.1961) last=(1752.1309,547.6961)) -- prompt's assumed x0==x_n-1,y0==y_n-1 invariant does NOT hold for this annotation"
c9943127-771c-401e-9d1b-ce7ac3d7a434,annotation,"segmentation ring first/last point gap = 2.59px (first=(776.7345,1485.597) last=(776.0645,1488.097)) -- prompt's assumed x0==x_n-1,y0==y_n-1 invariant does NOT hold for this annotation"
3228b4f9-f747-4226-9f66-18c44c37fde7,annotation,"segmentation ring first/last point gap = 1.60px (first=(1157.0167,997.2819) last=(1156.6067,998.8319)) -- prompt's assumed x0==x_n-1,y0==y_n-1 invariant does NOT hold for this annotation"
a832b235-3e59-440c-b091-7dcd2c598252,annotation,"segmentation ring first/last point gap = 2.59px (first=(381.4015,719.2257) last=(382.0715,716.7257)) -- prompt's assumed x0==x_n-1,y0==y_n-1 invariant does NOT hold for this annotation"
aeca42d1-6db1-486c-b609-4a6df8228ece,annotation,"segmentation ring first/last point gap = 1.60px (first=(595.3254,946.908) last=(595.7354,945.358)) -- prompt's assumed x0==x_n-1,y0==y_n-1 invariant does NOT hold for this annotation"
aa2e36b8-2c81-4952-bddd-87d1ef5ffdd8,annotation,"segmentation ring first/last point gap = 2.59px (first=(816.507,1552.1993) last=(815.837,1554.6993)) -- prompt's assumed x0==x_n-1,y0==y_n-1 invariant does NOT hold for this annotation"
2fbec55f-6190-4f95-a866-557a4c3b55d7,annotation,"segmentation ring first/last point gap = 2.63px (first=(539.3075,505.2382) last=(537.0993,506.6655)) -- prompt's assumed x0==x_n-1,y0==y_n-1 invariant does NOT hold for this annotation"
564daec8-231e-4c22-8867-5b041917d444,annotation,"segmentation ring first/last point gap = 4.01px (first=(1154.2883,1521.2068) last=(1154.6284,1525.2058)) -- prompt's assumed x0==x_n-1,y0==y_n-1 invariant does NOT hold for this annotation"
9f4eb09b-2451-4d46-8920-37d3540730c8,annotation,"segmentation ring first/last point gap = 4.18px (first=(1068.696,1593.1574) last=(1069.776,1589.1174)) -- prompt's assumed x0==x_n-1,y0==y_n-1 invariant does NOT hold for this annotation"
232347b3-332a-4294-a8e1-785e9a62e2f6,annotation,"segmentation ring first/last point gap = 2.59px (first=(402.0331,857.3178) last=(401.3631,859.8178)) -- prompt's assumed x0==x_n-1,y0==y_n-1 invariant does NOT hold for this annotation"
161bd1d3-bf56-4670-a881-89029104471b,annotation,"segmentation ring first/last point gap = 2.59px (first=(464.165,1509.2843) last=(463.495,1511.7843)) -- prompt's assumed x0==x_n-1,y0==y_n-1 invariant does NOT hold for this annotation"
42d558ce-27b7-4b3b-b149-fc6518e0d926,annotation,"segmentation ring first/last point gap = 2.59px (first=(1507.234,944.7044) last=(1507.904,942.2044)) -- prompt's assumed x0==x_n-1,y0==y_n-1 invariant does NOT hold for this annotation"
f895d5ab-2322-4031-831a-619bf7bad15f,annotation,"segmentation ring first/last point gap = 2.59px (first=(819.3528,530.0797) last=(820.0228,527.5797)) -- prompt's assumed x0==x_n-1,y0==y_n-1 invariant does NOT hold for this annotation"
792d9374-7961-4e01-a8d9-8abd9e198a84,annotation,"segmentation ring first/last point gap = 1.60px (first=(574.9558,834.1194) last=(575.3658,832.5694)) -- prompt's assumed x0==x_n-1,y0==y_n-1 invariant does NOT hold for this annotation"
945b3716-2259-44b3-830d-457a35068b3a,annotation,"segmentation ring first/last point gap = 1.60px (first=(585.0284,819.2911) last=(584.6184,820.8411)) -- prompt's assumed x0==x_n-1,y0==y_n-1 invariant does NOT hold for this annotation"
73d15bda-c188-4bdd-b2a4-0389c0807e5b,annotation,"segmentation ring first/last point gap = 1.60px (first=(892.9758,514.2178) last=(893.3858,512.6678)) -- prompt's assumed x0==x_n-1,y0==y_n-1 invariant does NOT hold for this annotation"
d24c6e6a-4896-4807-be24-e1b0e0961491,annotation,"segmentation ring first/last point gap = 1.60px (first=(438.4699,1030.0124) last=(438.0599,1031.5624)) -- prompt's assumed x0==x_n-1,y0==y_n-1 invariant does NOT hold for this annotation"
ff0b6764-7bac-4a1d-ae7f-442785f271ef,annotation,"segmentation ring first/last point gap = 1.60px (first=(1551.0138,749.7113) last=(1550.6038,751.2613)) -- prompt's assumed x0==x_n-1,y0==y_n-1 invariant does NOT hold for this annotation"
4a96156d-e5bb-4fb2-8576-0b458036b44f,annotation,"segmentation ring first/last point gap = 2.59px (first=(821.9818,1457.5307) last=(821.3118,1460.0307)) -- prompt's assumed x0==x_n-1,y0==y_n-1 invariant does NOT hold for this annotation"
268d1a18-c5bf-4c01-95a0-5f87205027dc,annotation,"segmentation ring first/last point gap = 2.59px (first=(1159.8989,1398.7792) last=(1159.2289,1401.2792)) -- prompt's assumed x0==x_n-1,y0==y_n-1 invariant does NOT hold for this annotation"
ebef26e9-fa51-4483-903e-2083e4cbc8f9,annotation,"segmentation ring first/last point gap = 1.60px (first=(1821.6227,840.2389) last=(1822.0327,838.6889)) -- prompt's assumed x0==x_n-1,y0==y_n-1 invariant does NOT hold for this annotation"
f2c806db-b2eb-4efd-b099-ed84873ef8c1,annotation,"segmentation ring first/last point gap = 1.60px (first=(1456.6789,1569.2773) last=(1457.0889,1567.7273)) -- prompt's assumed x0==x_n-1,y0==y_n-1 invariant does NOT hold for this annotation"
84f2ce02-7729-4a43-86ef-694c1f0ab995,annotation,"segmentation ring first/last point gap = 1.60px (first=(1533.2946,924.3517) last=(1532.8846,925.9017)) -- prompt's assumed x0==x_n-1,y0==y_n-1 invariant does NOT hold for this annotation"
9259c713-4a31-47df-b331-377c8540dfb7,annotation,"segmentation ring first/last point gap = 1.60px (first=(965.7059,1634.0426) last=(966.1159,1632.4926)) -- prompt's assumed x0==x_n-1,y0==y_n-1 invariant does NOT hold for this annotation"
525d8a5f-6ae2-45a6-9205-8b061f6a2daa,annotation,"segmentation ring first/last point gap = 1.09px (first=(1172.4125,1252.8721) last=(1172.1336,1253.9266)) -- prompt's assumed x0==x_n-1,y0==y_n-1 invariant does NOT hold for this annotation"
5ef59bd2-acb6-4ac5-adf7-c1fd5facd93e,annotation,"segmentation ring first/last point gap = 1.60px (first=(532.6985,1077.3659) last=(532.2885,1078.9159)) -- prompt's assumed x0==x_n-1,y0==y_n-1 invariant does NOT hold for this annotation"
9b999ce1-1af7-4bd9-a1b6-bf5a9839ea0e,annotation,"segmentation ring first/last point gap = 1.04px (first=(1560.2416,749.8065) last=(1559.9716,750.8065)) -- prompt's assumed x0==x_n-1,y0==y_n-1 invariant does NOT hold for this annotation"
5c0ca79d-4707-441f-87db-99e172980c96,annotation,"segmentation ring first/last point gap = 1.04px (first=(738.7811,1099.3346) last=(738.5111,1100.3346)) -- prompt's assumed x0==x_n-1,y0==y_n-1 invariant does NOT hold for this annotation"
d6b29baa-44ca-44e6-89f6-ad6d1d56f14e,annotation,"segmentation ring first/last point gap = 1.04px (first=(1568.2033,1425.6025) last=(1568.4733,1424.6025)) -- prompt's assumed x0==x_n-1,y0==y_n-1 invariant does NOT hold for this annotation"
38779ced-e42d-419b-b62d-8cae4fc11964,annotation,"segmentation ring first/last point gap = 1.60px (first=(961.9331,1636.4344) last=(962.3431,1634.8844)) -- prompt's assumed x0==x_n-1,y0==y_n-1 invariant does NOT hold for this annotation"
68f5692f-1ab3-478f-9fd6-20282c0dc74d,annotation,"segmentation ring first/last point gap = 2.59px (first=(1455.0926,1571.254) last=(1455.7626,1568.754)) -- prompt's assumed x0==x_n-1,y0==y_n-1 invariant does NOT hold for this annotation"
634d42fa-5164-413d-99fd-ca239f7c4128,annotation,"segmentation ring first/last point gap = 1.60px (first=(798.3952,1471.5796) last=(797.9852,1473.1296)) -- prompt's assumed x0==x_n-1,y0==y_n-1 invariant does NOT hold for this annotation"
fb3e068f-ca62-4454-9770-8bf2a843259e,annotation,"segmentation ring first/last point gap = 1.60px (first=(996.8942,1360.3353) last=(997.3042,1358.7853)) -- prompt's assumed x0==x_n-1,y0==y_n-1 invariant does NOT hold for this annotation"
0ed420f7-8052-47dc-aae8-b671e71b1c0e,annotation,"segmentation ring first/last point gap = 1.04px (first=(858.504,945.8562) last=(858.234,946.8562)) -- prompt's assumed x0==x_n-1,y0==y_n-1 invariant does NOT hold for this annotation"
e505b1f4-2b22-4a02-abea-69ee07954dac,annotation,"segmentation ring first/last point gap = 4.14px (first=(690.2628,1064.4964) last=(689.1928,1068.4964)) -- prompt's assumed x0==x_n-1,y0==y_n-1 invariant does NOT hold for this annotation"
535151bf-af06-4a34-b568-50dac4b4b810,annotation,"segmentation ring first/last point gap = 4.14px (first=(632.7564,1213.9953) last=(633.8264,1209.9953)) -- prompt's assumed x0==x_n-1,y0==y_n-1 invariant does NOT hold for this annotation"
e87acc73-9212-47b6-9710-73bb42c9b6c9,annotation,"segmentation ring first/last point gap = 1.66px (first=(1692.859,768.0012) last=(1694.0307,766.8295)) -- prompt's assumed x0==x_n-1,y0==y_n-1 invariant does NOT hold for this annotation"
b8bfbe50-f211-4a40-9cf8-14750dddd1ad,annotation,"segmentation ring first/last point gap = 1.41px (first=(1016.0,900.0) last=(1015.0,901.0)) -- prompt's assumed x0==x_n-1,y0==y_n-1 invariant does NOT hold for this annotation"
ac88ab52-8ed6-4200-9bc5-7514ef0e7f0e,annotation,"segmentation ring first/last point gap = 1.41px (first=(1697.0,985.0) last=(1698.0,984.0)) -- prompt's assumed x0==x_n-1,y0==y_n-1 invariant does NOT hold for this annotation"
b0ebef0e-beee-4442-b0c1-25e44ae1d314,annotation,"segmentation ring first/last point gap = 2.59px (first=(1145.6787,1822.4087) last=(1145.0087,1824.9087)) -- prompt's assumed x0==x_n-1,y0==y_n-1 invariant does NOT hold for this annotation"
31dbcaee-9ae6-47ec-bab3-213b587c3c90,annotation,"segmentation ring first/last point gap = 2.59px (first=(1292.2782,1573.8883) last=(1291.6082,1576.3883)) -- prompt's assumed x0==x_n-1,y0==y_n-1 invariant does NOT hold for this annotation"
f24a1e51-d0f7-4a81-991d-65782606b8e2,annotation,"segmentation ring first/last point gap = 1.60px (first=(324.5149,769.888) last=(324.1049,771.438)) -- prompt's assumed x0==x_n-1,y0==y_n-1 invariant does NOT hold for this annotation"
c20ce907-287d-4ee2-968a-7f606cf6eb64,annotation,"segmentation ring first/last point gap = 1.60px (first=(930.9625,701.9756) last=(930.5525,703.5256)) -- prompt's assumed x0==x_n-1,y0==y_n-1 invariant does NOT hold for this annotation"
b6d0d927-1fa5-4765-9047-b5ea43657af8,annotation,"segmentation ring first/last point gap = 2.62px (first=(1630.4341,1507.3024) last=(1628.5818,1509.1548)) -- prompt's assumed x0==x_n-1,y0==y_n-1 invariant does NOT hold for this annotation"
daf4bed9-370c-400a-bfa4-44bac3d239f7,annotation,"segmentation ring first/last point gap = 2.00px (first=(448.0,1397.0) last=(450.0,1397.0)) -- prompt's assumed x0==x_n-1,y0==y_n-1 invariant does NOT hold for this annotation"
f9aa7cda-efc9-4cb1-a46d-67a379cc0742,annotation,"segmentation ring first/last point gap = 2.39px (first=(1266.4505,1405.1951) last=(1265.0984,1407.1648)) -- prompt's assumed x0==x_n-1,y0==y_n-1 invariant does NOT hold for this annotation"
1846ef1a-5cc8-4584-bd51-792017f55040,annotation,"segmentation ring first/last point gap = 1.60px (first=(1172.0397,1384.4214) last=(1172.4497,1382.8714)) -- prompt's assumed x0==x_n-1,y0==y_n-1 invariant does NOT hold for this annotation"
24ede072-ef94-4566-8a73-08af569ad615,annotation,"segmentation ring first/last point gap = 2.05px (first=(839.5296,1460.2711) last=(839.0,1462.2473)) -- prompt's assumed x0==x_n-1,y0==y_n-1 invariant does NOT hold for this annotation"
55a1e6dd-9a56-430f-a6e5-31de125bc8c0,annotation,"segmentation ring first/last point gap = 4.56px (first=(932.0,700.0) last=(934.3455,696.0909)) -- prompt's assumed x0==x_n-1,y0==y_n-1 invariant does NOT hold for this annotation"
40bc9ca3-e667-45cf-8426-925424d3fd39,annotation,"segmentation ring first/last point gap = 2.00px (first=(452.0,1395.0) last=(450.0,1395.0)) -- prompt's assumed x0==x_n-1,y0==y_n-1 invariant does NOT hold for this annotation"
69946d31-eef5-435e-aae4-d8f91510060d,annotation,"segmentation ring first/last point gap = 1.59px (first=(1178.7733,1385.58) last=(1178.3674,1387.1144)) -- prompt's assumed x0==x_n-1,y0==y_n-1 invariant does NOT hold for this annotation"
8f144295-0819-4dbd-9c3a-42643e99e5f9,annotation,"segmentation ring first/last point gap = 1.60px (first=(1705.0369,636.383) last=(1705.4469,634.833)) -- prompt's assumed x0==x_n-1,y0==y_n-1 invariant does NOT hold for this annotation"
5977b297-eec3-4706-9c94-79c824494203,annotation,"segmentation ring first/last point gap = 2.59px (first=(839.1341,680.5201) last=(839.8041,678.0201)) -- prompt's assumed x0==x_n-1,y0==y_n-1 invariant does NOT hold for this annotation"
d834d0ec-97b7-468a-9c17-5906d73eb4de,annotation,"segmentation ring first/last point gap = 2.59px (first=(449.3652,1298.811) last=(448.6952,1301.311)) -- prompt's assumed x0==x_n-1,y0==y_n-1 invariant does NOT hold for this annotation"
60d05876-5a0d-4fb3-9bc7-df4a5e3d6225,annotation,"segmentation ring first/last point gap = 4.18px (first=(1248.9359,314.8308) last=(1247.8559,318.8708)) -- prompt's assumed x0==x_n-1,y0==y_n-1 invariant does NOT hold for this annotation"
342af8b7-edc3-4853-8c9c-8d5193295a90,annotation,"segmentation ring first/last point gap = 2.59px (first=(428.4676,1387.2933) last=(429.1376,1384.7933)) -- prompt's assumed x0==x_n-1,y0==y_n-1 invariant does NOT hold for this annotation"
a1f5716e-06e9-42fd-a66b-752e61ac0089,annotation,"segmentation ring first/last point gap = 2.59px (first=(1543.6724,830.0454) last=(1544.3424,827.5454)) -- prompt's assumed x0==x_n-1,y0==y_n-1 invariant does NOT hold for this annotation"
33bd8515-d6f7-4367-b443-82aa2d338801,annotation,"segmentation ring first/last point gap = 2.59px (first=(1069.7681,382.3051) last=(1070.4381,379.8051)) -- prompt's assumed x0==x_n-1,y0==y_n-1 invariant does NOT hold for this annotation"
770e9fcc-532b-452c-a602-eeaccb36268e,annotation,"segmentation ring first/last point gap = 2.59px (first=(857.2965,674.3132) last=(857.9665,671.8132)) -- prompt's assumed x0==x_n-1,y0==y_n-1 invariant does NOT hold for this annotation"
3182977b-2f16-4a8e-905d-373a14b9797b,annotation,"segmentation ring first/last point gap = 1.60px (first=(442.5081,1304.6809) last=(442.9181,1303.1309)) -- prompt's assumed x0==x_n-1,y0==y_n-1 invariant does NOT hold for this annotation"
f1e296d7-d9e4-49a6-b7cc-651dcbe61ccb,annotation,"segmentation ring first/last point gap = 2.59px (first=(1267.2457,691.7317) last=(1266.5757,694.2317)) -- prompt's assumed x0==x_n-1,y0==y_n-1 invariant does NOT hold for this annotation"
276fb90c-8f61-4631-857a-f6bbaec06ff3,annotation,"segmentation ring first/last point gap = 1.60px (first=(1545.1774,827.3259) last=(1544.7674,828.8759)) -- prompt's assumed x0==x_n-1,y0==y_n-1 invariant does NOT hold for this annotation"
b13feeb0-b584-43cc-bcbd-e53c868f20a0,annotation,"segmentation ring first/last point gap = 7.81px (first=(449.0,1299.0) last=(443.0,1304.0)) -- prompt's assumed x0==x_n-1,y0==y_n-1 invariant does NOT hold for this annotation"
8e569a4b-09a1-4582-bed3-a45857ec0f54,annotation,"segmentation ring first/last point gap = 6.77px (first=(1068.1018,380.6286) last=(1069.8518,374.0886)) -- prompt's assumed x0==x_n-1,y0==y_n-1 invariant does NOT hold for this annotation"
5ec450c3-652d-4967-acef-2ee3f85bacb3,annotation,"segmentation ring first/last point gap = 2.59px (first=(1065.1426,1626.1768) last=(1065.8126,1623.6768)) -- prompt's assumed x0==x_n-1,y0==y_n-1 invariant does NOT hold for this annotation"
1104cdf3-4d95-4a8b-b6cc-09c8ae43e970,annotation,"segmentation ring first/last point gap = 4.12px (first=(778.0,801.0) last=(777.0,805.0)) -- prompt's assumed x0==x_n-1,y0==y_n-1 invariant does NOT hold for this annotation"
7ded7b16-ef87-424f-82fa-24f33b50ecc7,annotation,"segmentation ring first/last point gap = 4.25px (first=(1596.5366,768.8459) last=(1594.9595,772.7889)) -- prompt's assumed x0==x_n-1,y0==y_n-1 invariant does NOT hold for this annotation"
45d7c374-7a39-493b-9b58-a8e9c5a1f411,annotation,"segmentation ring first/last point gap = 1.29px (first=(450.1756,1129.4671) last=(449.8456,1130.7171)) -- prompt's assumed x0==x_n-1,y0==y_n-1 invariant does NOT hold for this annotation"
c952a2c3-de19-402d-bcc5-ac36662e88be,annotation,"segmentation ring first/last point gap = 1.29px (first=(414.4052,814.4103) last=(414.0752,815.6603)) -- prompt's assumed x0==x_n-1,y0==y_n-1 invariant does NOT hold for this annotation"
bfc33b1c-421c-419c-b392-c3a95eec7ff8,annotation,"segmentation ring first/last point gap = 1.29px (first=(572.9553,1212.4745) last=(572.6253,1213.7245)) -- prompt's assumed x0==x_n-1,y0==y_n-1 invariant does NOT hold for this annotation"
27029a9b-3b80-4504-892e-0c175da97343,annotation,"segmentation ring first/last point gap = 1.60px (first=(932.5571,1004.4171) last=(932.1471,1005.9671)) -- prompt's assumed x0==x_n-1,y0==y_n-1 invariant does NOT hold for this annotation"
45603d4f-f825-4ebc-9182-fc5473d24b7c,annotation,"segmentation ring first/last point gap = 1.60px (first=(1691.0843,1279.5555) last=(1690.6743,1281.1055)) -- prompt's assumed x0==x_n-1,y0==y_n-1 invariant does NOT hold for this annotation"
bac9760a-52b3-48b7-8e7a-03e434da96f5,annotation,"segmentation ring first/last point gap = 1.60px (first=(1686.4665,1300.1233) last=(1686.8765,1298.5733)) -- prompt's assumed x0==x_n-1,y0==y_n-1 invariant does NOT hold for this annotation"
3fb12302-d47e-4bef-9085-d25c1a8bf27b,annotation,"segmentation ring first/last point gap = 1.60px (first=(519.5033,1235.829) last=(519.0933,1237.379)) -- prompt's assumed x0==x_n-1,y0==y_n-1 invariant does NOT hold for this annotation"
3202451d-c0d2-4cbb-88f0-d94191232f2d,annotation,"segmentation ring first/last point gap = 1.60px (first=(933.3991,1005.6115) last=(932.9891,1007.1615)) -- prompt's assumed x0==x_n-1,y0==y_n-1 invariant does NOT hold for this annotation"
f14c68fd-c32f-451d-b732-0c2279b9dfe1,annotation,"segmentation ring first/last point gap = 1.60px (first=(1393.7321,1040.6561) last=(1393.3221,1042.2061)) -- prompt's assumed x0==x_n-1,y0==y_n-1 invariant does NOT hold for this annotation"
3c08d4f7-0c6f-4ae0-a21b-28d981294e3f,annotation,"segmentation ring first/last point gap = 1.60px (first=(436.2234,1099.8852) last=(435.8134,1101.4352)) -- prompt's assumed x0==x_n-1,y0==y_n-1 invariant does NOT hold for this annotation"
97567151-85d6-4c85-8fd3-8da26d5e866e,annotation,"segmentation ring first/last point gap = 1.60px (first=(898.7285,1259.6208) last=(898.3185,1261.1708)) -- prompt's assumed x0==x_n-1,y0==y_n-1 invariant does NOT hold for this annotation"
2b9fe8aa-57ce-491d-8d49-ef3c7d5f9773,annotation,"segmentation ring first/last point gap = 1.60px (first=(1524.0812,801.7832) last=(1523.6712,803.3332)) -- prompt's assumed x0==x_n-1,y0==y_n-1 invariant does NOT hold for this annotation"
4047e5fd-78d2-4b58-af8a-a0d63768991c,annotation,"segmentation ring first/last point gap = 1.60px (first=(611.7678,757.3907) last=(611.3578,758.9407)) -- prompt's assumed x0==x_n-1,y0==y_n-1 invariant does NOT hold for this annotation"
c1400d68-1aad-4822-ad98-2406eaa508f7,annotation,"segmentation ring first/last point gap = 1.41px (first=(1219.0,730.0) last=(1218.0,731.0)) -- prompt's assumed x0==x_n-1,y0==y_n-1 invariant does NOT hold for this annotation"
973779a2-83cb-41e6-92da-a000544e045a,annotation,"segmentation ring first/last point gap = 1.55px (first=(947.3329,1049.4373) last=(947.7329,1047.9373)) -- prompt's assumed x0==x_n-1,y0==y_n-1 invariant does NOT hold for this annotation"
75d4fbb6-876a-43c4-a59a-17cbfd2c13e3,annotation,"segmentation ring first/last point gap = 6.71px (first=(1543.0,872.0) last=(1540.0,878.0)) -- prompt's assumed x0==x_n-1,y0==y_n-1 invariant does NOT hold for this annotation"
5a4081e4-1f7f-4ec2-b27d-257e32194afe,annotation,"segmentation ring first/last point gap = 1.69px (first=(610.0,760.0) last=(611.1985,758.8015)) -- prompt's assumed x0==x_n-1,y0==y_n-1 invariant does NOT hold for this annotation"
76aa3c33-3adf-40b4-97da-86762153c36b,annotation,"segmentation ring first/last point gap = 1.60px (first=(1732.3924,1063.3907) last=(1732.8024,1061.8407)) -- prompt's assumed x0==x_n-1,y0==y_n-1 invariant does NOT hold for this annotation"
417c5e59-f122-49e0-a24d-5764122f9b6e,annotation,"segmentation ring first/last point gap = 1.04px (first=(1530.3465,793.2768) last=(1530.6165,792.2768)) -- prompt's assumed x0==x_n-1,y0==y_n-1 invariant does NOT hold for this annotation"
4aa356f3-9a0c-44d6-952b-717bf6668dfc,annotation,"segmentation ring first/last point gap = 3.61px (first=(1294.0,762.0) last=(1292.0,765.0)) -- prompt's assumed x0==x_n-1,y0==y_n-1 invariant does NOT hold for this annotation"
33ec6072-6c4b-474d-8156-47de8547d3ec,annotation,"segmentation ring first/last point gap = 1.38px (first=(1273.0,1101.0) last=(1274.3785,1100.9316)) -- prompt's assumed x0==x_n-1,y0==y_n-1 invariant does NOT hold for this annotation"
1ad99d93-01a2-4717-8f94-a938a22080eb,annotation,"segmentation ring first/last point gap = 1.41px (first=(465.0,1328.0) last=(464.0,1329.0)) -- prompt's assumed x0==x_n-1,y0==y_n-1 invariant does NOT hold for this annotation"
838c58f2-5017-47da-841e-3ca74798dc3f,annotation,"segmentation ring first/last point gap = 4.14px (first=(1332.0972,419.3283) last=(1333.1672,415.3283)) -- prompt's assumed x0==x_n-1,y0==y_n-1 invariant does NOT hold for this annotation"
4aa18fd0-8ef4-4f89-8b68-d17a81d69db2,annotation,"segmentation ring first/last point gap = 3.00px (first=(611.0,761.0) last=(614.0,761.0)) -- prompt's assumed x0==x_n-1,y0==y_n-1 invariant does NOT hold for this annotation"
0c35cbc4-3c40-4c5e-8642-6807eee6c0c0,annotation,"segmentation ring first/last point gap = 8.06px (first=(1217.0,730.0) last=(1210.0,726.0)) -- prompt's assumed x0==x_n-1,y0==y_n-1 invariant does NOT hold for this annotation"
62dae570-582c-43bd-aeee-1f6b66115b3a,annotation,"segmentation ring first/last point gap = 1.60px (first=(1550.8332,848.5718) last=(1550.4232,850.1218)) -- prompt's assumed x0==x_n-1,y0==y_n-1 invariant does NOT hold for this annotation"
bcafd2ef-5938-4b61-8578-f39de70f2c83,annotation,"segmentation ring first/last point gap = 3.61px (first=(1290.0,760.0) last=(1288.0,763.0)) -- prompt's assumed x0==x_n-1,y0==y_n-1 invariant does NOT hold for this annotation"
fe5a7b5c-fa6e-4d6c-add3-7911d135f139,annotation,"segmentation ring first/last point gap = 4.14px (first=(1338.7625,415.286) last=(1339.8325,411.286)) -- prompt's assumed x0==x_n-1,y0==y_n-1 invariant does NOT hold for this annotation"
16971bd2-041d-4313-ae71-abb7aca3cecb,annotation,"segmentation ring first/last point gap = 4.47px (first=(1522.0,1265.0) last=(1520.0,1269.0)) -- prompt's assumed x0==x_n-1,y0==y_n-1 invariant does NOT hold for this annotation"
fd52e4a5-f339-4faa-807b-470298f933bf,annotation,"segmentation ring first/last point gap = 3.61px (first=(925.0,712.0) last=(923.0,715.0)) -- prompt's assumed x0==x_n-1,y0==y_n-1 invariant does NOT hold for this annotation"
eb0c2ad5-a7a2-4501-898c-8912e9637268,annotation,"segmentation ring first/last point gap = 2.83px (first=(818.0,452.0) last=(816.0,454.0)) -- prompt's assumed x0==x_n-1,y0==y_n-1 invariant does NOT hold for this annotation"
63d7b441-6398-4479-b06e-7b1588be11ee,annotation,"segmentation ring first/last point gap = 1.41px (first=(1526.0,482.0) last=(1525.0,483.0)) -- prompt's assumed x0==x_n-1,y0==y_n-1 invariant does NOT hold for this annotation"
72666129-63cb-44d0-a500-e143eaf96f90,annotation,"segmentation ring first/last point gap = 3.61px (first=(1809.0,792.0) last=(1806.0,794.0)) -- prompt's assumed x0==x_n-1,y0==y_n-1 invariant does NOT hold for this annotation"
df89e68e-53b1-4ce4-9ba5-ea8509fb455e,annotation,"segmentation ring first/last point gap = 6.71px (first=(1690.0,1479.0) last=(1684.0,1482.0)) -- prompt's assumed x0==x_n-1,y0==y_n-1 invariant does NOT hold for this annotation"
624bc42e-6aff-45ca-b162-2f71bce25f01,annotation,"segmentation ring first/last point gap = 2.24px (first=(590.0,495.0) last=(589.0,497.0)) -- prompt's assumed x0==x_n-1,y0==y_n-1 invariant does NOT hold for this annotation"
f8168fee-efbf-4641-8624-653ea06a10ee,annotation,"segmentation ring first/last point gap = 4.12px (first=(1518.0,1275.0) last=(1519.0,1271.0)) -- prompt's assumed x0==x_n-1,y0==y_n-1 invariant does NOT hold for this annotation"
941fe74d-c91b-4464-adce-1abf3d237e3c,annotation,"segmentation ring first/last point gap = 1.60px (first=(1028.9771,1422.9264) last=(1028.5671,1424.4764)) -- prompt's assumed x0==x_n-1,y0==y_n-1 invariant does NOT hold for this annotation"
7d3dba0d-496c-4bff-9fbe-9bc953b9c280,annotation,"segmentation ring first/last point gap = 1.60px (first=(1805.108,796.9507) last=(1805.518,795.4007)) -- prompt's assumed x0==x_n-1,y0==y_n-1 invariant does NOT hold for this annotation"
8c5339c0-c186-4c29-9839-d8880fc0182b,annotation,"segmentation ring first/last point gap = 2.07px (first=(1480.8196,1777.71) last=(1481.3596,1775.71)) -- prompt's assumed x0==x_n-1,y0==y_n-1 invariant does NOT hold for this annotation"
0c79398b-9720-4930-a524-50f96c45b00a,annotation,"segmentation ring first/last point gap = 1.29px (first=(1538.0893,479.8719) last=(1537.7593,481.1219)) -- prompt's assumed x0==x_n-1,y0==y_n-1 invariant does NOT hold for this annotation"
c1770a84-dad2-4634-83db-bff9b8ffbfa5,annotation,"segmentation ring first/last point gap = 1.60px (first=(612.469,686.9363) last=(612.059,688.4863)) -- prompt's assumed x0==x_n-1,y0==y_n-1 invariant does NOT hold for this annotation"
9d29af50-7369-42dd-878a-80a4dc8ab2d1,annotation,"segmentation ring first/last point gap = 2.24px (first=(1703.0,1037.0) last=(1702.0,1039.0)) -- prompt's assumed x0==x_n-1,y0==y_n-1 invariant does NOT hold for this annotation"
66d7db9e-7a1a-4a27-86a8-7a9d7fdbea69,annotation,"segmentation ring first/last point gap = 2.24px (first=(911.0,1002.0) last=(913.0,1001.0)) -- prompt's assumed x0==x_n-1,y0==y_n-1 invariant does NOT hold for this annotation"
ae88824e-eb4c-485a-b9b4-c168a208a972,annotation,"segmentation ring first/last point gap = 4.48px (first=(1239.8309,999.1691) last=(1243.0,996.0)) -- prompt's assumed x0==x_n-1,y0==y_n-1 invariant does NOT hold for this annotation"
ca532bc7-5108-4922-94fd-2f3dda311112,annotation,"segmentation ring first/last point gap = 1.41px (first=(1288.0,888.0) last=(1289.0,887.0)) -- prompt's assumed x0==x_n-1,y0==y_n-1 invariant does NOT hold for this annotation"
a7d9d637-3329-47f4-9c7e-f3c1b0a9b55e,annotation,"segmentation ring first/last point gap = 3.00px (first=(1253.0,803.0) last=(1250.0,803.0)) -- prompt's assumed x0==x_n-1,y0==y_n-1 invariant does NOT hold for this annotation"
37b299e2-b292-4530-82ce-c8e10fd983ee,annotation,"segmentation ring first/last point gap = 2.59px (first=(775.6879,832.7942) last=(775.0179,835.2942)) -- prompt's assumed x0==x_n-1,y0==y_n-1 invariant does NOT hold for this annotation"
2db869c8-e682-4bbd-87a6-6d4f4e59c5f1,annotation,"segmentation ring first/last point gap = 1.41px (first=(1423.0,485.0) last=(1424.0,486.0)) -- prompt's assumed x0==x_n-1,y0==y_n-1 invariant does NOT hold for this annotation"
189489cf-15ca-4275-950d-58ce774a96a8,annotation,"segmentation ring first/last point gap = 2.83px (first=(1704.0,1039.0) last=(1702.0,1041.0)) -- prompt's assumed x0==x_n-1,y0==y_n-1 invariant does NOT hold for this annotation"
42c8a033-e505-4617-be7d-23e3641e4aaf,annotation,"segmentation ring first/last point gap = 2.07px (first=(909.7276,1003.8631) last=(910.2676,1001.8631)) -- prompt's assumed x0==x_n-1,y0==y_n-1 invariant does NOT hold for this annotation"
6e50c675-88ce-4fdc-acc9-0933a0752a84,annotation,"segmentation ring first/last point gap = 2.83px (first=(1142.0,1123.0) last=(1144.0,1121.0)) -- prompt's assumed x0==x_n-1,y0==y_n-1 invariant does NOT hold for this annotation"
bdf5192e-9a3d-485c-af76-59e9a8f1ab15,annotation,"segmentation ring first/last point gap = 1.60px (first=(1291.9038,887.0577) last=(1292.3138,885.5077)) -- prompt's assumed x0==x_n-1,y0==y_n-1 invariant does NOT hold for this annotation"
67f45de0-5193-4990-b200-2e2f7f5058f3,annotation,"segmentation ring first/last point gap = 3.00px (first=(1245.0,995.0) last=(1243.0796,997.3044)) -- prompt's assumed x0==x_n-1,y0==y_n-1 invariant does NOT hold for this annotation"
2bc65bb1-a3b8-478a-a41e-264ec92d56e6,annotation,"segmentation ring first/last point gap = 1.41px (first=(1500.0,1351.0) last=(1501.0,1350.0)) -- prompt's assumed x0==x_n-1,y0==y_n-1 invariant does NOT hold for this annotation"
57894a50-f00c-45c7-a972-10e322d44fff,annotation,"segmentation ring first/last point gap = 1.63px (first=(1208.038,1600.5444) last=(1208.1856,1598.9207)) -- prompt's assumed x0==x_n-1,y0==y_n-1 invariant does NOT hold for this annotation"
21f7d846-117f-447a-b482-73acf2d320a9,annotation,"segmentation ring first/last point gap = 2.62px (first=(1751.1699,859.1974) last=(1748.6427,858.5209)) -- prompt's assumed x0==x_n-1,y0==y_n-1 invariant does NOT hold for this annotation"
c0e09743-2221-4770-9268-e8c6d42e01fa,annotation,"segmentation ring first/last point gap = 1.41px (first=(1601.0,911.0) last=(1600.0,912.0)) -- prompt's assumed x0==x_n-1,y0==y_n-1 invariant does NOT hold for this annotation"
086a245b-ddb5-4e3d-8c45-c2984f7d29c6,annotation,"segmentation ring first/last point gap = 6.40px (first=(400.0,784.0) last=(395.0,788.0)) -- prompt's assumed x0==x_n-1,y0==y_n-1 invariant does NOT hold for this annotation"
6c6f40b8-2cbe-439a-8b03-952cd613cd78,annotation,"segmentation ring first/last point gap = 2.24px (first=(1650.0,1291.0) last=(1649.0,1293.0)) -- prompt's assumed x0==x_n-1,y0==y_n-1 invariant does NOT hold for this annotation"
5cf945e7-c734-4bea-ba44-a0a9cbf7596d,annotation,"segmentation ring first/last point gap = 1.41px (first=(1599.0,909.0) last=(1600.0,908.0)) -- prompt's assumed x0==x_n-1,y0==y_n-1 invariant does NOT hold for this annotation"
3bccea9d-0b4b-4447-b1b4-226b4167e4e2,annotation,"segmentation ring first/last point gap = 1.60px (first=(785.7757,1272.0365) last=(785.3657,1273.5865)) -- prompt's assumed x0==x_n-1,y0==y_n-1 invariant does NOT hold for this annotation"
16f9a668-3328-4181-bb9a-b3dfc69b7a06,annotation,"segmentation ring first/last point gap = 7.07px (first=(744.0,1190.0) last=(737.0,1191.0)) -- prompt's assumed x0==x_n-1,y0==y_n-1 invariant does NOT hold for this annotation"
ba3e2607-2f12-41cd-8783-4864d842d7ae,annotation,"segmentation ring first/last point gap = 1.11px (first=(1300.0,1000.6304) last=(1298.9274,1000.3466)) -- prompt's assumed x0==x_n-1,y0==y_n-1 invariant does NOT hold for this annotation"
8964af50-4b81-463a-960a-7512f56f834c,annotation,"segmentation ring first/last point gap = 4.47px (first=(963.0,857.0) last=(967.0,859.0)) -- prompt's assumed x0==x_n-1,y0==y_n-1 invariant does NOT hold for this annotation"
f4dcb082-0790-4af0-93d7-7eaf298b1a05,annotation,"segmentation ring first/last point gap = 6.40px (first=(1652.0,1289.0) last=(1648.0,1294.0)) -- prompt's assumed x0==x_n-1,y0==y_n-1 invariant does NOT hold for this annotation"
2257dcd2-0cad-49da-a479-ee6ceded5ec3,annotation,"segmentation ring first/last point gap = 4.52px (first=(1705.0,1308.0) last=(1700.4823,1308.0)) -- prompt's assumed x0==x_n-1,y0==y_n-1 invariant does NOT hold for this annotation"
ac250cac-95cc-4489-9f2a-2d1dee38690d,annotation,"segmentation ring first/last point gap = 8.76px (first=(696.1963,1443.8037) last=(690.0,1450.0)) -- prompt's assumed x0==x_n-1,y0==y_n-1 invariant does NOT hold for this annotation"
c5bf6a08-5c2c-4a02-805a-63ea3c0bc3ec,annotation,"segmentation ring first/last point gap = 2.59px (first=(1238.3759,1311.0991) last=(1239.0459,1308.5991)) -- prompt's assumed x0==x_n-1,y0==y_n-1 invariant does NOT hold for this annotation"
e7f81ab3-db32-434b-a0b5-da5193784f2c,annotation,"segmentation ring first/last point gap = 1.60px (first=(1624.3508,1339.9035) last=(1624.7608,1338.3535)) -- prompt's assumed x0==x_n-1,y0==y_n-1 invariant does NOT hold for this annotation"
f43c5e88-9da0-4c0f-9498-e5effb0d0de9,annotation,"segmentation ring first/last point gap = 1.60px (first=(1599.7433,1414.2854) last=(1600.1533,1412.7354)) -- prompt's assumed x0==x_n-1,y0==y_n-1 invariant does NOT hold for this annotation"
b9344a51-bf85-4ba5-b977-3a04236ca36a,annotation,"segmentation ring first/last point gap = 2.83px (first=(811.0,824.0) last=(813.0,822.0)) -- prompt's assumed x0==x_n-1,y0==y_n-1 invariant does NOT hold for this annotation"
38f5b98f-9576-4845-8027-2a5dad841d34,annotation,"segmentation ring first/last point gap = 1.50px (first=(1065.671,553.6579) last=(1065.0,555.0)) -- prompt's assumed x0==x_n-1,y0==y_n-1 invariant does NOT hold for this annotation"
45323781-1cbd-4d29-b0ca-29c5f7c29d8d,annotation,"segmentation ring first/last point gap = 4.47px (first=(367.0,1327.0) last=(365.0,1331.0)) -- prompt's assumed x0==x_n-1,y0==y_n-1 invariant does NOT hold for this annotation"
5f7afcdb-c5fc-4822-9830-0a697e6b5196,annotation,"segmentation ring first/last point gap = 2.83px (first=(399.0,688.0) last=(397.0,690.0)) -- prompt's assumed x0==x_n-1,y0==y_n-1 invariant does NOT hold for this annotation"
5f45f981-6025-45de-9cbe-b16b54c764e7,annotation,"segmentation ring first/last point gap = 2.24px (first=(1076.0,1198.0) last=(1075.0,1200.0)) -- prompt's assumed x0==x_n-1,y0==y_n-1 invariant does NOT hold for this annotation"
b755ad1e-fe7c-47bc-b053-25a58faa8992,annotation,"segmentation ring first/last point gap = 1.60px (first=(1840.9493,809.7397) last=(1841.3593,808.1897)) -- prompt's assumed x0==x_n-1,y0==y_n-1 invariant does NOT hold for this annotation"
27c0f706-8d1a-42a5-8fcc-347d38d63f14,annotation,"segmentation ring first/last point gap = 6.49px (first=(1744.8418,1371.2922) last=(1740.7867,1376.359)) -- prompt's assumed x0==x_n-1,y0==y_n-1 invariant does NOT hold for this annotation"
29a1da3d-a9be-4699-be1c-84523c91e1e2,annotation,"segmentation ring first/last point gap = 2.59px (first=(457.2524,776.827) last=(457.9224,774.327)) -- prompt's assumed x0==x_n-1,y0==y_n-1 invariant does NOT hold for this annotation"
20ab4a53-1bd3-4ffd-8961-229b19ab90f1,annotation,"segmentation ring first/last point gap = 2.59px (first=(384.5161,1082.5683) last=(385.1861,1080.0683)) -- prompt's assumed x0==x_n-1,y0==y_n-1 invariant does NOT hold for this annotation"
0c3d582d-f8c3-4bba-bcd7-beedadc6a2bd,annotation,"segmentation ring first/last point gap = 1.60px (first=(1220.0394,768.8325) last=(1219.6294,770.3825)) -- prompt's assumed x0==x_n-1,y0==y_n-1 invariant does NOT hold for this annotation"
dc5e80c3-903f-40de-bc8b-c5042b81b348,annotation,"segmentation ring first/last point gap = 2.21px (first=(592.9863,1124.4553) last=(592.4931,1126.6136)) -- prompt's assumed x0==x_n-1,y0==y_n-1 invariant does NOT hold for this annotation"
0c6cf5d1-01f1-4861-a3c9-950d6d238f3f,annotation,"segmentation ring first/last point gap = 2.83px (first=(1391.0,714.0) last=(1389.0,716.0)) -- prompt's assumed x0==x_n-1,y0==y_n-1 invariant does NOT hold for this annotation"
8ccc24c6-8a5d-46b4-b82c-39d89af03001,annotation,"segmentation ring first/last point gap = 2.94px (first=(886.4935,1271.9545) last=(885.7345,1274.7909)) -- prompt's assumed x0==x_n-1,y0==y_n-1 invariant does NOT hold for this annotation"
9bd5d23d-65ef-4015-b7ea-13e7a34486c9,annotation,"segmentation ring first/last point gap = 3.81px (first=(562.6795,483.9119) last=(561.6958,487.5915)) -- prompt's assumed x0==x_n-1,y0==y_n-1 invariant does NOT hold for this annotation"
5e7f755a-c575-49b0-b7d0-3409f2b1ad53,annotation,"segmentation ring first/last point gap = 9.22px (first=(1379.0,1427.0) last=(1373.0,1434.0)) -- prompt's assumed x0==x_n-1,y0==y_n-1 invariant does NOT hold for this annotation"
d8f06e75-b53c-4a24-8c7e-7498fdef4087,annotation,"segmentation ring first/last point gap = 2.24px (first=(1310.0,801.0) last=(1311.0,799.0)) -- prompt's assumed x0==x_n-1,y0==y_n-1 invariant does NOT hold for this annotation"
0d294826-3ade-4ea7-91a9-b76a12677fe6,annotation,"segmentation ring first/last point gap = 1.56px (first=(1677.0,817.0) last=(1677.6971,815.6058)) -- prompt's assumed x0==x_n-1,y0==y_n-1 invariant does NOT hold for this annotation"
8540a036-b2cb-45e2-8b02-309e5da9eb7d,annotation,"segmentation ring first/last point gap = 5.66px (first=(1635.0,1274.0) last=(1631.0,1278.0)) -- prompt's assumed x0==x_n-1,y0==y_n-1 invariant does NOT hold for this annotation"
db747251-cc9f-4ef6-829a-2ba8347c6eba,annotation,"segmentation ring first/last point gap = 4.24px (first=(1138.0,1640.0) last=(1135.0,1643.0)) -- prompt's assumed x0==x_n-1,y0==y_n-1 invariant does NOT hold for this annotation"
eb577003-a45c-4105-ac3e-e27138be4204,annotation,"segmentation ring first/last point gap = 4.00px (first=(643.0,1455.0) last=(647.0,1455.0)) -- prompt's assumed x0==x_n-1,y0==y_n-1 invariant does NOT hold for this annotation"
a137d7d9-965d-4671-bc7b-9c805e86de02,annotation,"segmentation ring first/last point gap = 1.41px (first=(1165.0,1242.0) last=(1164.0,1243.0)) -- prompt's assumed x0==x_n-1,y0==y_n-1 invariant does NOT hold for this annotation"
768cec46-47c4-439c-a9a7-8d414640301a,annotation,"segmentation ring first/last point gap = 4.47px (first=(1674.0,819.0) last=(1676.0,815.0)) -- prompt's assumed x0==x_n-1,y0==y_n-1 invariant does NOT hold for this annotation"
26d9ac11-a3fc-4fa9-9c9c-ecc1b13eb7c3,annotation,"segmentation ring first/last point gap = 1.04px (first=(1376.0758,1432.6655) last=(1375.8058,1433.6655)) -- prompt's assumed x0==x_n-1,y0==y_n-1 invariant does NOT hold for this annotation"
be4e59d8-4954-4036-a0c6-aed497f1a257,annotation,"segmentation ring first/last point gap = 1.60px (first=(1379.7624,871.2511) last=(1380.1724,869.7011)) -- prompt's assumed x0==x_n-1,y0==y_n-1 invariant does NOT hold for this annotation"
e9f284d2-d0c6-41e8-8d9d-e42f419366d9,annotation,"segmentation ring first/last point gap = 4.00px (first=(642.0,1455.0) last=(646.0,1455.0)) -- prompt's assumed x0==x_n-1,y0==y_n-1 invariant does NOT hold for this annotation"
5d1b11c7-4c23-49c9-8654-fa4b8ad1e40c,annotation,"segmentation ring first/last point gap = 1.41px (first=(1137.0,1643.0) last=(1136.0,1644.0)) -- prompt's assumed x0==x_n-1,y0==y_n-1 invariant does NOT hold for this annotation"
3982bfaa-c271-48e9-aae6-e136c11bcb7f,annotation,"segmentation ring first/last point gap = 1.41px (first=(512.0,701.0) last=(511.0,702.0)) -- prompt's assumed x0==x_n-1,y0==y_n-1 invariant does NOT hold for this annotation"
5c6931aa-5a00-4547-858d-4dd66cf2d936,annotation,"segmentation ring first/last point gap = 4.02px (first=(549.1312,1381.2057) last=(550.174,1377.3232)) -- prompt's assumed x0==x_n-1,y0==y_n-1 invariant does NOT hold for this annotation"
1e2db5e0-2017-4062-9f8f-83e8c706e745,annotation,"segmentation ring first/last point gap = 1.60px (first=(837.7666,796.0333) last=(838.1766,794.4833)) -- prompt's assumed x0==x_n-1,y0==y_n-1 invariant does NOT hold for this annotation"
298e9246-2e46-4769-95ab-2b39d31c36e5,annotation,"segmentation ring first/last point gap = 2.59px (first=(732.9248,414.0135) last=(733.5948,411.5135)) -- prompt's assumed x0==x_n-1,y0==y_n-1 invariant does NOT hold for this annotation"
7a3ec96f-78ff-4570-9876-a2c40836bf93,annotation,"segmentation ring first/last point gap = 1.41px (first=(1725.0,1364.0) last=(1726.0,1363.0)) -- prompt's assumed x0==x_n-1,y0==y_n-1 invariant does NOT hold for this annotation"
53d09349-f7a4-45de-9a8d-4f14c34fe651,annotation,"segmentation ring first/last point gap = 1.16px (first=(1814.9105,767.0108) last=(1815.0751,765.8586)) -- prompt's assumed x0==x_n-1,y0==y_n-1 invariant does NOT hold for this annotation"
69c6fd8a-d4fc-492e-a540-4f537efe40e7,annotation,"segmentation ring first/last point gap = 5.00px (first=(1441.0,805.0) last=(1444.0,801.0)) -- prompt's assumed x0==x_n-1,y0==y_n-1 invariant does NOT hold for this annotation"
86c6cf00-141d-458e-9a1b-d1f83d0f2eed,annotation,"segmentation ring first/last point gap = 5.00px (first=(1047.0,1189.0) last=(1044.0,1193.0)) -- prompt's assumed x0==x_n-1,y0==y_n-1 invariant does NOT hold for this annotation"
b07b59ed-b4cc-4417-b9e3-08a400ac572f,annotation,"segmentation ring first/last point gap = 2.16px (first=(726.6851,591.6519) last=(725.0,593.0)) -- prompt's assumed x0==x_n-1,y0==y_n-1 invariant does NOT hold for this annotation"
59d18b2f-00e5-4cb6-8b18-401afb7d142f,annotation,"segmentation ring first/last point gap = 3.00px (first=(643.0,645.0) last=(640.0,645.0)) -- prompt's assumed x0==x_n-1,y0==y_n-1 invariant does NOT hold for this annotation"
2a222731-c7ab-4b62-afdb-a52f97a139ea,annotation,"segmentation ring first/last point gap = 3.92px (first=(427.0605,771.0664) last=(425.6685,774.7266)) -- prompt's assumed x0==x_n-1,y0==y_n-1 invariant does NOT hold for this annotation"
b9c8416f-4915-4f14-aa77-548954a2777d,annotation,"segmentation ring first/last point gap = 1.60px (first=(359.9741,1087.2895) last=(358.8441,1088.4195)) -- prompt's assumed x0==x_n-1,y0==y_n-1 invariant does NOT hold for this annotation"
960fe339-e7c1-41d2-ba1c-af0cded6179a,annotation,"segmentation ring first/last point gap = 1.60px (first=(1191.5734,775.0613) last=(1191.1634,776.6113)) -- prompt's assumed x0==x_n-1,y0==y_n-1 invariant does NOT hold for this annotation"
bddb1ba2-14e4-44a4-bf2d-aca38259331b,annotation,"segmentation ring first/last point gap = 2.83px (first=(1046.0,1190.0) last=(1044.0,1192.0)) -- prompt's assumed x0==x_n-1,y0==y_n-1 invariant does NOT hold for this annotation"
e034acd3-465f-4418-97ec-6c15605a415a,annotation,"segmentation ring first/last point gap = 1.60px (first=(1722.0996,1356.204) last=(1721.6896,1357.754)) -- prompt's assumed x0==x_n-1,y0==y_n-1 invariant does NOT hold for this annotation"
18078bd1-a889-4bb3-bd62-cd48e6c77f30,annotation,"segmentation ring first/last point gap = 2.59px (first=(1824.2163,721.3452) last=(1823.5463,723.8452)) -- prompt's assumed x0==x_n-1,y0==y_n-1 invariant does NOT hold for this annotation"
8fa0d7a5-57a1-4fc0-a4dd-96758b7d5edb,annotation,"segmentation ring first/last point gap = 1.60px (first=(357.6791,1085.4776) last=(357.2691,1087.0276)) -- prompt's assumed x0==x_n-1,y0==y_n-1 invariant does NOT hold for this annotation"
88bbd4a8-e0ea-45b3-8ae0-6a02b847a0ce,annotation,"segmentation ring first/last point gap = 1.60px (first=(649.5807,648.204) last=(649.9907,646.654)) -- prompt's assumed x0==x_n-1,y0==y_n-1 invariant does NOT hold for this annotation"
9b66550d-c78a-4e49-93f0-26c96b480497,annotation,"segmentation ring first/last point gap = 2.59px (first=(566.5725,745.879) last=(565.9025,748.379)) -- prompt's assumed x0==x_n-1,y0==y_n-1 invariant does NOT hold for this annotation"
6417a08c-f392-4cd0-8a1d-dbc2646e3d15,annotation,"segmentation ring first/last point gap = 2.00px (first=(1100.0,973.0) last=(1102.0,973.0)) -- prompt's assumed x0==x_n-1,y0==y_n-1 invariant does NOT hold for this annotation"
05408e0c-a4c3-4d3a-9c2d-d2c63e8cd877,annotation,"segmentation ring first/last point gap = 10.00px (first=(827.0,1315.0) last=(821.0,1323.0)) -- prompt's assumed x0==x_n-1,y0==y_n-1 invariant does NOT hold for this annotation"
5bc7d99f-aaee-49f8-b8ff-c727d7ba2662,annotation,"segmentation ring first/last point gap = 1.41px (first=(1104.0,973.0) last=(1103.0,974.0)) -- prompt's assumed x0==x_n-1,y0==y_n-1 invariant does NOT hold for this annotation"
d22b5b93-3e87-4529-a366-c75e2a668faf,annotation,"segmentation ring first/last point gap = 4.24px (first=(1107.0,986.0) last=(1110.0,983.0)) -- prompt's assumed x0==x_n-1,y0==y_n-1 invariant does NOT hold for this annotation"
3cc46b43-e8ca-4883-976c-4a142e106277,annotation,"segmentation ring first/last point gap = 1.30px (first=(825.6053,1313.613) last=(826.5223,1312.6959)) -- prompt's assumed x0==x_n-1,y0==y_n-1 invariant does NOT hold for this annotation"
1e98ded0-fd7f-42d6-8a68-3708fe253466,annotation,"segmentation ring first/last point gap = 1.60px (first=(1854.2885,891.5186) last=(1853.8785,893.0686)) -- prompt's assumed x0==x_n-1,y0==y_n-1 invariant does NOT hold for this annotation"
83a8109a-90d6-4d92-9bcc-18fd0be48c63,annotation,"segmentation ring first/last point gap = 1.60px (first=(513.4327,976.8825) last=(513.8427,975.3325)) -- prompt's assumed x0==x_n-1,y0==y_n-1 invariant does NOT hold for this annotation"
624ba9e2-5bfd-4a89-98e3-9347342d2a00,annotation,"segmentation ring first/last point gap = 1.60px (first=(1319.3802,748.4952) last=(1319.7902,746.9452)) -- prompt's assumed x0==x_n-1,y0==y_n-1 invariant does NOT hold for this annotation"
f3f33c1e-879d-4b7b-8587-aa9cce7554c7,annotation,"segmentation ring first/last point gap = 1.60px (first=(1161.6765,1441.3324) last=(1162.0865,1439.7824)) -- prompt's assumed x0==x_n-1,y0==y_n-1 invariant does NOT hold for this annotation"
a764a965-e405-4e5b-974f-1704cf4882d3,annotation,"segmentation ring first/last point gap = 1.60px (first=(1874.5823,1187.1163) last=(1874.1723,1188.6663)) -- prompt's assumed x0==x_n-1,y0==y_n-1 invariant does NOT hold for this annotation"
3c56e3d5-08fa-411a-bdd8-4535478d3e29,annotation,"segmentation ring first/last point gap = 1.60px (first=(308.5911,1343.057) last=(309.0011,1341.507)) -- prompt's assumed x0==x_n-1,y0==y_n-1 invariant does NOT hold for this annotation"
d9907159-5b6b-403c-93b4-5e2269c79108,annotation,"segmentation ring first/last point gap = 5.00px (first=(1162.0,1442.0) last=(1158.0,1445.0)) -- prompt's assumed x0==x_n-1,y0==y_n-1 invariant does NOT hold for this annotation"
0b4e9f93-4d82-42c2-a377-f6b7a37c6956,annotation,"segmentation ring first/last point gap = 5.66px (first=(624.0,1303.0) last=(620.0,1307.0)) -- prompt's assumed x0==x_n-1,y0==y_n-1 invariant does NOT hold for this annotation"
d2a7636d-0950-4466-87a1-11f54329df3f,annotation,"segmentation ring first/last point gap = 1.69px (first=(471.1982,1039.8018) last=(470.0,1041.0)) -- prompt's assumed x0==x_n-1,y0==y_n-1 invariant does NOT hold for this annotation"
894e6efc-d5de-4abc-a2eb-dfb57094b5a2,annotation,"segmentation ring first/last point gap = 1.41px (first=(1869.0,1113.0) last=(1868.0,1114.0)) -- prompt's assumed x0==x_n-1,y0==y_n-1 invariant does NOT hold for this annotation"
903b7545-1a3c-4b0c-815f-b86bc3d23124,annotation,"segmentation ring first/last point gap = 2.59px (first=(421.8721,1257.1585) last=(421.2021,1259.6585)) -- prompt's assumed x0==x_n-1,y0==y_n-1 invariant does NOT hold for this annotation"
60529697-7dc7-4fa7-ac7d-4b15f7e221ae,annotation,"segmentation ring first/last point gap = 4.18px (first=(1027.9255,1620.0027) last=(1026.8455,1624.0427)) -- prompt's assumed x0==x_n-1,y0==y_n-1 invariant does NOT hold for this annotation"
2d71dae0-afad-47d7-890c-905933e42cb6,annotation,"segmentation ring first/last point gap = 2.59px (first=(1636.2363,690.2826) last=(1636.9063,687.7826)) -- prompt's assumed x0==x_n-1,y0==y_n-1 invariant does NOT hold for this annotation"
7406055f-4e62-4146-be11-cc3520ca088b,annotation,"segmentation ring first/last point gap = 3.35px (first=(722.1738,1366.2401) last=(725.4398,1365.5164)) -- prompt's assumed x0==x_n-1,y0==y_n-1 invariant does NOT hold for this annotation"
745adae0-c46e-46ce-adec-16366745d021,annotation,"segmentation ring first/last point gap = 1.77px (first=(1023.7683,1378.0) last=(1022.0,1378.0)) -- prompt's assumed x0==x_n-1,y0==y_n-1 invariant does NOT hold for this annotation"
15071460-8fe9-40a3-817a-d4f7954535ea,annotation,"segmentation ring first/last point gap = 1.60px (first=(1278.1167,375.6259) last=(1277.7067,377.1759)) -- prompt's assumed x0==x_n-1,y0==y_n-1 invariant does NOT hold for this annotation"
ca90143f-dd93-45cd-857a-39dd945dbc56,annotation,"segmentation ring first/last point gap = 1.60px (first=(1253.3962,628.9033) last=(1252.9862,630.4533)) -- prompt's assumed x0==x_n-1,y0==y_n-1 invariant does NOT hold for this annotation"
d4dd3671-f095-4459-b2d8-a8a5f36fcd3b,annotation,"segmentation ring first/last point gap = 1.21px (first=(1026.3528,1383.8397) last=(1025.8131,1384.9191)) -- prompt's assumed x0==x_n-1,y0==y_n-1 invariant does NOT hold for this annotation"
01ce0f1c-3d3d-465e-bec4-3099f64427c6,annotation,"segmentation ring first/last point gap = 1.60px (first=(894.7372,1061.6149) last=(895.1472,1060.0649)) -- prompt's assumed x0==x_n-1,y0==y_n-1 invariant does NOT hold for this annotation"
e8ddf8af-00c3-411c-8369-bd4ef41d762f,annotation,"segmentation ring first/last point gap = 1.60px (first=(599.7684,649.0285) last=(599.3584,650.5785)) -- prompt's assumed x0==x_n-1,y0==y_n-1 invariant does NOT hold for this annotation"
1940c2e2-cf4a-42cc-9389-0e5e7d4bfa0b,annotation,"segmentation ring first/last point gap = 3.00px (first=(482.0,838.0) last=(479.0,838.0)) -- prompt's assumed x0==x_n-1,y0==y_n-1 invariant does NOT hold for this annotation"
d652db9f-efe7-4533-85af-bb0b83ec2d0e,annotation,"segmentation ring first/last point gap = 1.41px (first=(516.0,1300.0) last=(517.0,1299.0)) -- prompt's assumed x0==x_n-1,y0==y_n-1 invariant does NOT hold for this annotation"
2a9aa5fe-7dfd-42ba-935f-cc25b33c5c82,annotation,"segmentation ring first/last point gap = 4.12px (first=(903.0,618.0) last=(899.0,617.0)) -- prompt's assumed x0==x_n-1,y0==y_n-1 invariant does NOT hold for this annotation"
8c54e2a8-ef12-4b52-961e-bb607311e18b,annotation,"segmentation ring first/last point gap = 1.41px (first=(914.0,1146.0) last=(913.0,1147.0)) -- prompt's assumed x0==x_n-1,y0==y_n-1 invariant does NOT hold for this annotation"
7b57e4b0-495f-4115-bf6d-52a5ca50e7cf,annotation,"segmentation ring first/last point gap = 3.00px (first=(1489.0,882.0) last=(1486.0,882.0)) -- prompt's assumed x0==x_n-1,y0==y_n-1 invariant does NOT hold for this annotation"
cea10f20-22cd-44e7-b17c-a6b88cfe08fb,annotation,"segmentation ring first/last point gap = 3.61px (first=(872.0,885.0) last=(869.0,887.0)) -- prompt's assumed x0==x_n-1,y0==y_n-1 invariant does NOT hold for this annotation"
5668f4fd-6872-45f3-92a8-6d24ef8b1a74,annotation,"segmentation ring first/last point gap = 1.31px (first=(1716.1679,590.4877) last=(1714.8795,590.2729)) -- prompt's assumed x0==x_n-1,y0==y_n-1 invariant does NOT hold for this annotation"
3cbfc5a5-d6ea-49a5-bcc2-a483f48e4b7d,annotation,"segmentation ring first/last point gap = 1.41px (first=(1858.0,931.0) last=(1857.0,932.0)) -- prompt's assumed x0==x_n-1,y0==y_n-1 invariant does NOT hold for this annotation"
1f631411-805b-44a6-99ce-3984901b58f9,annotation,"segmentation ring first/last point gap = 1.17px (first=(329.2995,882.9313) last=(329.1069,884.0873)) -- prompt's assumed x0==x_n-1,y0==y_n-1 invariant does NOT hold for this annotation"
a823d15e-cae9-47c3-8aba-46b1005ccf3a,annotation,"segmentation ring first/last point gap = 1.60px (first=(383.894,1255.1026) last=(383.484,1256.6526)) -- prompt's assumed x0==x_n-1,y0==y_n-1 invariant does NOT hold for this annotation"
f9ddac37-1b9a-4423-966a-de546ae46c70,annotation,"segmentation ring first/last point gap = 1.10px (first=(589.5,826.037) last=(589.21,827.097)) -- prompt's assumed x0==x_n-1,y0==y_n-1 invariant does NOT hold for this annotation"
7ed73088-f2e5-405f-91b7-8dd68df33c59,annotation,"segmentation ring first/last point gap = 1.77px (first=(945.1967,684.8249) last=(945.6567,683.1149)) -- prompt's assumed x0==x_n-1,y0==y_n-1 invariant does NOT hold for this annotation"
3ab9086b-529a-4191-86b3-b786390fa419,annotation,"segmentation ring first/last point gap = 1.77px (first=(311.7397,1093.8301) last=(311.2797,1095.5401)) -- prompt's assumed x0==x_n-1,y0==y_n-1 invariant does NOT hold for this annotation"
c318bec6-6232-49ff-95f7-6aa17041d130,annotation,"segmentation ring first/last point gap = 1.77px (first=(874.0611,615.3303) last=(874.5211,613.6203)) -- prompt's assumed x0==x_n-1,y0==y_n-1 invariant does NOT hold for this annotation"
aca73bc8-ef4d-45bf-be5e-18ae9eb62b79,annotation,"segmentation ring first/last point gap = 1.10px (first=(333.4236,918.527) last=(333.1336,919.587)) -- prompt's assumed x0==x_n-1,y0==y_n-1 invariant does NOT hold for this annotation"
e4ec2102-a25a-418f-befd-e3952045080b,annotation,"segmentation ring first/last point gap = 1.10px (first=(348.5861,1255.6907) last=(348.8761,1254.6307)) -- prompt's assumed x0==x_n-1,y0==y_n-1 invariant does NOT hold for this annotation"
edc552ff-39e2-4609-8f62-351c969276f9,annotation,"segmentation ring first/last point gap = 1.60px (first=(1515.2341,1422.421) last=(1514.8241,1423.971)) -- prompt's assumed x0==x_n-1,y0==y_n-1 invariant does NOT hold for this annotation"
7ed215f2-1670-43dc-b9fb-dc74b3fa6d09,annotation,"segmentation ring first/last point gap = 1.60px (first=(1635.1537,1162.672) last=(1634.7437,1164.222)) -- prompt's assumed x0==x_n-1,y0==y_n-1 invariant does NOT hold for this annotation"
1d8cf6b0-69ff-4390-a0a6-d502a58ec6f2,annotation,"segmentation ring first/last point gap = 1.60px (first=(1472.9282,808.5271) last=(1472.5182,810.0771)) -- prompt's assumed x0==x_n-1,y0==y_n-1 invariant does NOT hold for this annotation"
5f41664f-58c9-4df4-956c-3454d45c54f6,annotation,"segmentation ring first/last point gap = 2.51px (first=(682.3549,1292.8237) last=(684.7414,1292.0568)) -- prompt's assumed x0==x_n-1,y0==y_n-1 invariant does NOT hold for this annotation"
78173c24-21b3-4357-be97-4dd740560f33,annotation,"segmentation ring first/last point gap = 2.88px (first=(1612.5817,1130.338) last=(1611.2473,1132.8875)) -- prompt's assumed x0==x_n-1,y0==y_n-1 invariant does NOT hold for this annotation"
a15899c1-9ee5-43ea-a873-c6eae9861d97,annotation,"segmentation ring first/last point gap = 1.60px (first=(346.2187,1070.0172) last=(345.8087,1071.5672)) -- prompt's assumed x0==x_n-1,y0==y_n-1 invariant does NOT hold for this annotation"
9538b2de-e74c-41ef-bd2f-e9f1439ce166,annotation,"segmentation ring first/last point gap = 2.59px (first=(304.0173,865.1721) last=(304.6873,862.6721)) -- prompt's assumed x0==x_n-1,y0==y_n-1 invariant does NOT hold for this annotation"
976538c6-6e7a-40f9-a921-ef2fddc18287,annotation,"segmentation ring first/last point gap = 1.60px (first=(896.8785,1660.5227) last=(896.4685,1662.0727)) -- prompt's assumed x0==x_n-1,y0==y_n-1 invariant does NOT hold for this annotation"
4a925c0d-166b-4a3a-9bcb-13edbd989891,annotation,"segmentation ring first/last point gap = 2.59px (first=(1246.7344,1446.7492) last=(1247.4044,1444.2492)) -- prompt's assumed x0==x_n-1,y0==y_n-1 invariant does NOT hold for this annotation"
401b47b7-48a4-4d90-8787-4cb05be1c3e8,annotation,"segmentation ring first/last point gap = 1.60px (first=(713.3845,1503.7633) last=(713.7945,1502.2133)) -- prompt's assumed x0==x_n-1,y0==y_n-1 invariant does NOT hold for this annotation"
a674cc1a-1e52-498d-a07e-2febf1729485,annotation,"segmentation ring first/last point gap = 2.59px (first=(515.7129,1598.4195) last=(516.3829,1595.9195)) -- prompt's assumed x0==x_n-1,y0==y_n-1 invariant does NOT hold for this annotation"
c5c76618-d839-45be-8836-10de458bd010,annotation,"segmentation ring first/last point gap = 2.59px (first=(445.2907,1203.8575) last=(445.9607,1201.3575)) -- prompt's assumed x0==x_n-1,y0==y_n-1 invariant does NOT hold for this annotation"
2779b0b3-4100-4257-9c78-09ae2d8c00a4,annotation,"segmentation ring first/last point gap = 2.59px (first=(475.0082,857.2452) last=(475.6782,854.7452)) -- prompt's assumed x0==x_n-1,y0==y_n-1 invariant does NOT hold for this annotation"
3cd62585-d416-4151-948f-81622e3947ba,annotation,"segmentation ring first/last point gap = 1.60px (first=(252.3619,1074.5517) last=(251.9519,1076.1017)) -- prompt's assumed x0==x_n-1,y0==y_n-1 invariant does NOT hold for this annotation"
4a6b3ee5-bf92-4a2a-b108-b98b1238b704,annotation,"segmentation ring first/last point gap = 1.60px (first=(1350.1076,1499.545) last=(1350.5176,1497.995)) -- prompt's assumed x0==x_n-1,y0==y_n-1 invariant does NOT hold for this annotation"
c21cc7fc-b92d-4486-91ec-69c06f1393c3,annotation,"segmentation ring first/last point gap = 4.18px (first=(1744.7641,1443.7715) last=(1745.8441,1439.7315)) -- prompt's assumed x0==x_n-1,y0==y_n-1 invariant does NOT hold for this annotation"
a1c2b797-68ab-499c-96d1-735b381d0935,annotation,"segmentation ring first/last point gap = 2.59px (first=(1086.7058,1772.5902) last=(1087.3758,1770.0902)) -- prompt's assumed x0==x_n-1,y0==y_n-1 invariant does NOT hold for this annotation"
d64a410b-ef6c-4dd4-9af2-f5222d0892eb,annotation,"segmentation ring first/last point gap = 4.18px (first=(1721.7924,541.1673) last=(1722.8724,537.1273)) -- prompt's assumed x0==x_n-1,y0==y_n-1 invariant does NOT hold for this annotation"
47c06c5b-d250-40e6-9ba6-f2b74b5453f5,annotation,"segmentation ring first/last point gap = 1.60px (first=(1431.1593,1748.3874) last=(1431.5693,1746.8374)) -- prompt's assumed x0==x_n-1,y0==y_n-1 invariant does NOT hold for this annotation"
8a11552b-65a3-46d3-80c5-4da0e4d25bf3,annotation,"segmentation ring first/last point gap = 2.59px (first=(739.8308,1357.3613) last=(740.5008,1354.8613)) -- prompt's assumed x0==x_n-1,y0==y_n-1 invariant does NOT hold for this annotation"
a30d1530-1f58-4952-ae5b-84791631493d,annotation,"segmentation ring first/last point gap = 2.59px (first=(484.0777,839.4174) last=(483.4077,841.9174)) -- prompt's assumed x0==x_n-1,y0==y_n-1 invariant does NOT hold for this annotation"
21e85b69-639f-4a41-b736-2b5828ff17e8,annotation,"segmentation ring first/last point gap = 2.59px (first=(1795.2163,865.3804) last=(1794.5463,867.8804)) -- prompt's assumed x0==x_n-1,y0==y_n-1 invariant does NOT hold for this annotation"
269dd679-7c1b-4786-9883-ad954a23baf6,annotation,"segmentation ring first/last point gap = 1.19px (first=(936.8077,1431.7465) last=(937.115,1430.5998)) -- prompt's assumed x0==x_n-1,y0==y_n-1 invariant does NOT hold for this annotation"
eb3d521e-4e99-4e65-a9e0-003c8d0e109a,annotation,"segmentation ring first/last point gap = 2.59px (first=(918.9372,1312.1163) last=(918.2672,1314.6163)) -- prompt's assumed x0==x_n-1,y0==y_n-1 invariant does NOT hold for this annotation"
2c1c0b3d-bc67-4d3d-b3e4-e905325ccdae,annotation,"segmentation ring first/last point gap = 2.59px (first=(1142.9411,448.8497) last=(1142.2711,451.3497)) -- prompt's assumed x0==x_n-1,y0==y_n-1 invariant does NOT hold for this annotation"
6f967843-fa69-465f-9e50-203f10c570ad,annotation,"segmentation ring first/last point gap = 2.59px (first=(1842.5506,689.955) last=(1843.2206,687.455)) -- prompt's assumed x0==x_n-1,y0==y_n-1 invariant does NOT hold for this annotation"
9f66be19-7f4e-4c66-a691-f68884f99bc9,annotation,"segmentation ring first/last point gap = 2.59px (first=(1532.4662,770.9641) last=(1533.1362,768.4641)) -- prompt's assumed x0==x_n-1,y0==y_n-1 invariant does NOT hold for this annotation"
0ca30927-708a-4059-ad16-5cf231ed6897,annotation,"segmentation ring first/last point gap = 2.59px (first=(526.4623,728.0841) last=(527.1323,725.5841)) -- prompt's assumed x0==x_n-1,y0==y_n-1 invariant does NOT hold for this annotation"
1cffba67-ca5e-4cc2-86ef-0c9d06686194,annotation,"segmentation ring first/last point gap = 2.59px (first=(1669.8181,407.1125) last=(1669.1481,409.6125)) -- prompt's assumed x0==x_n-1,y0==y_n-1 invariant does NOT hold for this annotation"
6b1ee364-4481-4d57-816d-d6bb171575ad,annotation,"segmentation ring first/last point gap = 1.10px (first=(1229.4615,725.9822) last=(1229.176,727.0476)) -- prompt's assumed x0==x_n-1,y0==y_n-1 invariant does NOT hold for this annotation"
8a78b52c-8a37-4f23-9810-e1efc41e7e05,annotation,"segmentation ring first/last point gap = 2.59px (first=(1482.906,636.1086) last=(1482.236,638.6086)) -- prompt's assumed x0==x_n-1,y0==y_n-1 invariant does NOT hold for this annotation"
e8888bfd-f464-4e10-b510-ccd22acf3316,annotation,"segmentation ring first/last point gap = 1.70px (first=(1592.2391,1340.7761) last=(1591.7983,1342.421)) -- prompt's assumed x0==x_n-1,y0==y_n-1 invariant does NOT hold for this annotation"
c12d9624-fe02-4f3e-b375-633521b54d8d,annotation,"segmentation ring first/last point gap = 21.62px (first=(1146.5117,452.5117) last=(1124.8943,452.5117)) -- prompt's assumed x0==x_n-1,y0==y_n-1 invariant does NOT hold for this annotation"
0605127d-0e41-4e3c-83d9-0968a866cafe,annotation,"segmentation ring first/last point gap = 1.33px (first=(487.1256,845.2917) last=(486.8653,846.593)) -- prompt's assumed x0==x_n-1,y0==y_n-1 invariant does NOT hold for this annotation"
72527983-9464-4042-abf7-897f0819a578,annotation,"segmentation ring first/last point gap = 2.59px (first=(1786.8376,878.9117) last=(1787.5076,876.4117)) -- prompt's assumed x0==x_n-1,y0==y_n-1 invariant does NOT hold for this annotation"
880f1ef9-2bda-47ab-874f-cd35bfcddbb5,annotation,"segmentation ring first/last point gap = 1.60px (first=(521.7413,727.9931) last=(521.3313,729.5431)) -- prompt's assumed x0==x_n-1,y0==y_n-1 invariant does NOT hold for this annotation"
5c4b10c0-2a80-455c-abe6-f9d55107a49d,annotation,"segmentation ring first/last point gap = 2.59px (first=(1532.2851,773.0348) last=(1532.9551,770.5348)) -- prompt's assumed x0==x_n-1,y0==y_n-1 invariant does NOT hold for this annotation"
123986b1-a9a9-4bb4-a957-d1d617e12321,annotation,"segmentation ring first/last point gap = 1.60px (first=(1475.1532,639.6736) last=(1475.5632,638.1236)) -- prompt's assumed x0==x_n-1,y0==y_n-1 invariant does NOT hold for this annotation"
733a0fdb-97e5-4d3a-9c15-90e5a08c2669,annotation,"segmentation ring first/last point gap = 2.59px (first=(913.2586,1320.4902) last=(912.5886,1322.9902)) -- prompt's assumed x0==x_n-1,y0==y_n-1 invariant does NOT hold for this annotation"
831a5172-192e-44a8-b2f5-48b8386c20b6,annotation,"segmentation ring first/last point gap = 4.18px (first=(1430.086,1754.8667) last=(1431.166,1750.8267)) -- prompt's assumed x0==x_n-1,y0==y_n-1 invariant does NOT hold for this annotation"
8bc84a80-57a1-4768-b2a4-5c7855f3beda,annotation,"segmentation ring first/last point gap = 1.60px (first=(980.2837,619.0545) last=(979.8737,620.6045)) -- prompt's assumed x0==x_n-1,y0==y_n-1 invariant does NOT hold for this annotation"
f8a84bb1-34a3-4e77-82d5-b32630dc4ed5,annotation,"segmentation ring first/last point gap = 4.47px (first=(820.0,677.0) last=(818.0,681.0)) -- prompt's assumed x0==x_n-1,y0==y_n-1 invariant does NOT hold for this annotation"
97d22cb9-2dde-46c4-afba-d8f6a7e0219d,annotation,"segmentation ring first/last point gap = 4.24px (first=(1110.0,653.0) last=(1113.0,650.0)) -- prompt's assumed x0==x_n-1,y0==y_n-1 invariant does NOT hold for this annotation"
02c4507e-6d89-4315-a394-0987055b4931,annotation,"segmentation ring first/last point gap = 1.41px (first=(1591.0,579.0) last=(1592.0,578.0)) -- prompt's assumed x0==x_n-1,y0==y_n-1 invariant does NOT hold for this annotation"
7b5c3273-4b1a-47f4-aabb-9dc0b6117df9,annotation,"segmentation ring first/last point gap = 2.59px (first=(788.6756,919.4999) last=(789.3456,916.9999)) -- prompt's assumed x0==x_n-1,y0==y_n-1 invariant does NOT hold for this annotation"
ce605d73-b519-4c8d-a895-3d4c716f98e4,annotation,"segmentation ring first/last point gap = 5.66px (first=(920.0,1259.0) last=(916.0,1263.0)) -- prompt's assumed x0==x_n-1,y0==y_n-1 invariant does NOT hold for this annotation"
75027d83-4c96-4a2e-be0d-2d2bd40d356f,annotation,"segmentation ring first/last point gap = 1.41px (first=(284.0,980.0) last=(283.0,981.0)) -- prompt's assumed x0==x_n-1,y0==y_n-1 invariant does NOT hold for this annotation"
d712f275-73df-4a20-80f6-dee4814800d8,annotation,"segmentation ring first/last point gap = 5.00px (first=(373.0,1288.0) last=(369.0,1291.0)) -- prompt's assumed x0==x_n-1,y0==y_n-1 invariant does NOT hold for this annotation"
2085afa7-ebbc-4d42-a831-77901e6e7b30,annotation,"segmentation ring first/last point gap = 4.12px (first=(822.0,705.0) last=(818.0,706.0)) -- prompt's assumed x0==x_n-1,y0==y_n-1 invariant does NOT hold for this annotation"
0c091cc0-2619-43a2-bf69-f92c642924c5,annotation,"segmentation ring first/last point gap = 2.45px (first=(1262.5522,716.9707) last=(1262.1487,719.392)) -- prompt's assumed x0==x_n-1,y0==y_n-1 invariant does NOT hold for this annotation"
fcbcbcdc-27f4-4049-af32-4ba390bcb0a8,annotation,"segmentation ring first/last point gap = 1.41px (first=(789.0,928.0) last=(788.0,929.0)) -- prompt's assumed x0==x_n-1,y0==y_n-1 invariant does NOT hold for this annotation"
89f7a039-ef83-4759-b1df-085cc751f8bc,annotation,"segmentation ring first/last point gap = 1.62px (first=(790.6483,914.4899) last=(789.5022,915.636)) -- prompt's assumed x0==x_n-1,y0==y_n-1 invariant does NOT hold for this annotation"
45237a6d-afba-41c8-824d-5679872f8bf9,annotation,"segmentation ring first/last point gap = 1.60px (first=(379.3991,604.2254) last=(378.9891,605.7754)) -- prompt's assumed x0==x_n-1,y0==y_n-1 invariant does NOT hold for this annotation"
d50c3320-9258-4398-ae54-b16fc7b1c8f2,annotation,"segmentation ring first/last point gap = 6.77px (first=(276.6884,871.5255) last=(278.4384,864.9855)) -- prompt's assumed x0==x_n-1,y0==y_n-1 invariant does NOT hold for this annotation"
991dcbba-2252-4a1f-b2cb-d15716ec34a9,annotation,"segmentation ring first/last point gap = 3.50px (first=(1737.533,1437.1039) last=(1738.0276,1433.6419)) -- prompt's assumed x0==x_n-1,y0==y_n-1 invariant does NOT hold for this annotation"
752b94cd-51f0-41c2-b028-c0d223dcd607,annotation,"segmentation ring first/last point gap = 2.59px (first=(1593.0016,581.1671) last=(1592.3316,583.6671)) -- prompt's assumed x0==x_n-1,y0==y_n-1 invariant does NOT hold for this annotation"
34398fd9-19a1-4bac-a2f6-300e38afccbe,annotation,"segmentation ring first/last point gap = 1.60px (first=(1576.0375,694.0458) last=(1576.4475,692.4958)) -- prompt's assumed x0==x_n-1,y0==y_n-1 invariant does NOT hold for this annotation"
7cc8474b-a0c8-4ba1-a2b4-2617edbc0ae9,annotation,"segmentation ring first/last point gap = 2.59px (first=(1731.7891,745.6365) last=(1732.4591,743.1365)) -- prompt's assumed x0==x_n-1,y0==y_n-1 invariant does NOT hold for this annotation"
822ac76c-425f-46ff-b369-073ca1e42314,annotation,"segmentation ring first/last point gap = 2.59px (first=(370.3961,1386.7293) last=(369.7261,1389.2293)) -- prompt's assumed x0==x_n-1,y0==y_n-1 invariant does NOT hold for this annotation"
9ec50e51-485f-4be1-9c50-6fc8b38a5056,annotation,"segmentation ring first/last point gap = 4.91px (first=(1296.6143,791.1475) last=(1292.7995,794.2431)) -- prompt's assumed x0==x_n-1,y0==y_n-1 invariant does NOT hold for this annotation"
cb01202c-62e5-4154-b99e-53358031f8ca,annotation,"segmentation ring first/last point gap = 2.43px (first=(1326.2499,1400.434) last=(1326.8385,1398.0795)) -- prompt's assumed x0==x_n-1,y0==y_n-1 invariant does NOT hold for this annotation"
7607bc04-4ba6-4d82-86bb-afde21c17db6,annotation,"segmentation ring first/last point gap = 2.59px (first=(1480.8665,663.9667) last=(1480.1965,666.4667)) -- prompt's assumed x0==x_n-1,y0==y_n-1 invariant does NOT hold for this annotation"
cc54bd42-a60f-4c4a-a84e-ef47f3d0caa2,annotation,"segmentation ring first/last point gap = 2.59px (first=(771.195,1247.3208) last=(771.865,1244.8208)) -- prompt's assumed x0==x_n-1,y0==y_n-1 invariant does NOT hold for this annotation"
b5e3fe6e-b9cb-407b-a9f5-d04c098ce537,annotation,"segmentation ring first/last point gap = 2.59px (first=(579.6726,591.7411) last=(579.0026,594.2411)) -- prompt's assumed x0==x_n-1,y0==y_n-1 invariant does NOT hold for this annotation"
1e80b25f-2a2b-4fea-847b-cee18c3983e7,annotation,"segmentation ring first/last point gap = 1.60px (first=(1501.0182,474.1174) last=(1500.6082,475.6674)) -- prompt's assumed x0==x_n-1,y0==y_n-1 invariant does NOT hold for this annotation"
ee2019ee-e7b8-42e4-93d8-e8ad1a323524,annotation,"segmentation ring first/last point gap = 2.59px (first=(1025.2657,1133.0756) last=(1025.9357,1130.5756)) -- prompt's assumed x0==x_n-1,y0==y_n-1 invariant does NOT hold for this annotation"
e83423fc-66e7-45a9-9492-4c85b145befd,annotation,"segmentation ring first/last point gap = 2.59px (first=(1116.4923,699.9671) last=(1115.8223,702.4671)) -- prompt's assumed x0==x_n-1,y0==y_n-1 invariant does NOT hold for this annotation"
3ef855b5-a85a-4a0b-8aed-7148411db59c,annotation,"segmentation ring first/last point gap = 3.61px (first=(784.0,1475.0) last=(786.0,1472.0)) -- prompt's assumed x0==x_n-1,y0==y_n-1 invariant does NOT hold for this annotation"
9c15fec1-d5ed-4306-a0f4-4be34ae9f812,annotation,"segmentation ring first/last point gap = 2.00px (first=(417.0,807.0) last=(415.0,807.0)) -- prompt's assumed x0==x_n-1,y0==y_n-1 invariant does NOT hold for this annotation"
1b2d037c-19f5-48b9-9dd7-9adf47b7d2b7,annotation,"segmentation ring first/last point gap = 2.24px (first=(913.0,1332.0) last=(914.0,1330.0)) -- prompt's assumed x0==x_n-1,y0==y_n-1 invariant does NOT hold for this annotation"
20a77f13-57fa-4467-aace-ef2fc2b3568d,annotation,"segmentation ring first/last point gap = 2.24px (first=(545.0,565.0) last=(543.0,566.0)) -- prompt's assumed x0==x_n-1,y0==y_n-1 invariant does NOT hold for this annotation"
4451b2a1-8282-433b-bbfd-e43e1e59d2ac,annotation,"segmentation ring first/last point gap = 1.41px (first=(810.0,740.0) last=(811.0,741.0)) -- prompt's assumed x0==x_n-1,y0==y_n-1 invariant does NOT hold for this annotation"
6eb5a34a-2015-4c22-be4f-f81363e235ef,annotation,"segmentation ring first/last point gap = 1.57px (first=(1623.0,891.0) last=(1621.4752,891.3812)) -- prompt's assumed x0==x_n-1,y0==y_n-1 invariant does NOT hold for this annotation"
dea77967-a4d6-40e7-a5b0-27396f2dbe6a,annotation,"segmentation ring first/last point gap = 1.60px (first=(1200.3127,1354.7256) last=(1199.9027,1356.2756)) -- prompt's assumed x0==x_n-1,y0==y_n-1 invariant does NOT hold for this annotation"
f2d353af-0b01-455a-9714-34ffb5f88acf,annotation,"segmentation ring first/last point gap = 2.59px (first=(1598.1261,785.1363) last=(1597.4561,787.6363)) -- prompt's assumed x0==x_n-1,y0==y_n-1 invariant does NOT hold for this annotation"
cb8b0a73-ce93-4242-8847-4c94fc92ff4c,annotation,"segmentation ring first/last point gap = 1.60px (first=(770.2423,869.2363) last=(769.8323,870.7863)) -- prompt's assumed x0==x_n-1,y0==y_n-1 invariant does NOT hold for this annotation"
ede2905d-03c5-41c0-a48f-ab7586caaca2,annotation,"segmentation ring first/last point gap = 1.41px (first=(1199.0,868.0) last=(1200.0,867.0)) -- prompt's assumed x0==x_n-1,y0==y_n-1 invariant does NOT hold for this annotation"
4a0d9513-1f76-4660-9e20-57f3ba4258df,annotation,"segmentation ring first/last point gap = 5.00px (first=(729.0,1046.0) last=(726.0,1050.0)) -- prompt's assumed x0==x_n-1,y0==y_n-1 invariant does NOT hold for this annotation"
3ab1eab1-ecbe-4866-bc8e-9f731cc8c323,annotation,"segmentation ring first/last point gap = 1.42px (first=(1199.2117,1357.1824) last=(1200.0,1356.0)) -- prompt's assumed x0==x_n-1,y0==y_n-1 invariant does NOT hold for this annotation"
0ce06bf4-b9a9-4f8a-988e-ffe59f96b22c,annotation,"segmentation ring first/last point gap = 2.83px (first=(1200.0,865.0) last=(1198.0,867.0)) -- prompt's assumed x0==x_n-1,y0==y_n-1 invariant does NOT hold for this annotation"
a4eac4f2-0da3-443b-a697-11c2abaa8ffd,annotation,"segmentation ring first/last point gap = 2.24px (first=(301.0,908.0) last=(302.0,906.0)) -- prompt's assumed x0==x_n-1,y0==y_n-1 invariant does NOT hold for this annotation"
ef9051cb-6280-4d36-bab7-b527c67560e4,annotation,"segmentation ring first/last point gap = 2.59px (first=(1576.5381,1461.5393) last=(1577.2081,1459.0393)) -- prompt's assumed x0==x_n-1,y0==y_n-1 invariant does NOT hold for this annotation"
fd62c222-70e4-4ee5-86fa-03c2df742a95,annotation,"segmentation ring first/last point gap = 2.59px (first=(1347.6104,1354.4247) last=(1348.2804,1351.9247)) -- prompt's assumed x0==x_n-1,y0==y_n-1 invariant does NOT hold for this annotation"
0a669a5f-2dc1-4cef-8a66-3644c9a8c5c5,annotation,"segmentation ring first/last point gap = 1.60px (first=(1173.3661,786.9868) last=(1173.7761,785.4368)) -- prompt's assumed x0==x_n-1,y0==y_n-1 invariant does NOT hold for this annotation"
d3af9641-5280-4006-8086-e3bf94382cac,annotation,"segmentation ring first/last point gap = 1.60px (first=(1418.2948,717.9926) last=(1417.8848,719.5426)) -- prompt's assumed x0==x_n-1,y0==y_n-1 invariant does NOT hold for this annotation"
7418ed33-6010-4d99-ae5f-c01a34be8f73,annotation,"segmentation ring first/last point gap = 2.07px (first=(1315.1263,599.8434) last=(1315.6663,597.8434)) -- prompt's assumed x0==x_n-1,y0==y_n-1 invariant does NOT hold for this annotation"
f18a5bb7-fa59-4b8f-9072-a0fede53b80c,annotation,"segmentation ring first/last point gap = 2.59px (first=(1649.6552,1420.5818) last=(1650.3252,1418.0818)) -- prompt's assumed x0==x_n-1,y0==y_n-1 invariant does NOT hold for this annotation"
12ec2db4-4b31-4a17-83cb-a4efd167335d,annotation,"segmentation ring first/last point gap = 2.59px (first=(270.4527,1120.1813) last=(269.7827,1122.6813)) -- prompt's assumed x0==x_n-1,y0==y_n-1 invariant does NOT hold for this annotation"
e43d030d-26ed-4f57-9e91-e04a78f75bf4,annotation,"segmentation ring first/last point gap = 3.61px (first=(1274.0,1298.0) last=(1271.0,1300.0)) -- prompt's assumed x0==x_n-1,y0==y_n-1 invariant does NOT hold for this annotation"
e345f0a1-e17a-4902-98c2-9fa094f490e0,annotation,"segmentation ring first/last point gap = 1.25px (first=(1295.8652,1776.479) last=(1296.1952,1775.269)) -- prompt's assumed x0==x_n-1,y0==y_n-1 invariant does NOT hold for this annotation"
63db8e35-3dc8-48b6-84f0-6fa95eae6743,annotation,"segmentation ring first/last point gap = 6.40px (first=(1669.0,1103.0) last=(1668.544,1109.384)) -- prompt's assumed x0==x_n-1,y0==y_n-1 invariant does NOT hold for this annotation"
23189a66-0fdd-46f8-84bc-66d143d49353,annotation,"segmentation ring first/last point gap = 4.47px (first=(1365.0,872.0) last=(1367.0,868.0)) -- prompt's assumed x0==x_n-1,y0==y_n-1 invariant does NOT hold for this annotation"
f8ac2898-3436-4605-92df-2a1bc6d2a23f,annotation,"segmentation ring first/last point gap = 2.00px (first=(1703.0,920.0) last=(1705.0,920.0)) -- prompt's assumed x0==x_n-1,y0==y_n-1 invariant does NOT hold for this annotation"
09d195e9-8c06-439d-ad70-ff4579c534a0,annotation,"segmentation ring first/last point gap = 1.41px (first=(899.0,1184.0) last=(898.0,1185.0)) -- prompt's assumed x0==x_n-1,y0==y_n-1 invariant does NOT hold for this annotation"
4cf42201-2b9d-40f3-89bc-052380da07f5,annotation,"segmentation ring first/last point gap = 1.60px (first=(724.7705,846.6835) last=(724.3605,848.2335)) -- prompt's assumed x0==x_n-1,y0==y_n-1 invariant does NOT hold for this annotation"
b4e49ff2-e478-4e9b-9851-4fbce3b256b8,annotation,"segmentation ring first/last point gap = 3.16px (first=(1540.0,1036.0) last=(1539.0,1039.0)) -- prompt's assumed x0==x_n-1,y0==y_n-1 invariant does NOT hold for this annotation"
5541ca39-72da-4559-bdb3-6e85a680f93d,annotation,"segmentation ring first/last point gap = 5.66px (first=(1514.0,1288.0) last=(1510.0,1292.0)) -- prompt's assumed x0==x_n-1,y0==y_n-1 invariant does NOT hold for this annotation"
6a02d77b-1488-4734-a0ee-6aeb6d2bece2,annotation,"segmentation ring first/last point gap = 1.60px (first=(1131.9721,924.5165) last=(1131.5621,926.0665)) -- prompt's assumed x0==x_n-1,y0==y_n-1 invariant does NOT hold for this annotation"
fda379e7-0943-4f5f-9c8e-c9aa3703e334,annotation,"segmentation ring first/last point gap = 1.30px (first=(1515.3955,1288.1727) last=(1514.5692,1289.1826)) -- prompt's assumed x0==x_n-1,y0==y_n-1 invariant does NOT hold for this annotation"
451d5b48-56e8-4589-9634-bfbbfd7b8d95,annotation,"segmentation ring first/last point gap = 2.59px (first=(710.3336,832.215) last=(711.0036,829.715)) -- prompt's assumed x0==x_n-1,y0==y_n-1 invariant does NOT hold for this annotation"
5b256c2e-d95f-4378-9cf3-6891836063cb,annotation,"segmentation ring first/last point gap = 1.60px (first=(651.4095,779.6068) last=(651.8195,778.0568)) -- prompt's assumed x0==x_n-1,y0==y_n-1 invariant does NOT hold for this annotation"
83dbd780-359a-48d1-9603-d04f384d4e3c,annotation,"segmentation ring first/last point gap = 1.60px (first=(307.6048,865.7341) last=(308.0148,864.1841)) -- prompt's assumed x0==x_n-1,y0==y_n-1 invariant does NOT hold for this annotation"
387c1a70-539d-4b08-b280-4abdc40e5985,annotation,"segmentation ring first/last point gap = 6.77px (first=(1731.8998,1476.7575) last=(1733.6498,1470.2175)) -- prompt's assumed x0==x_n-1,y0==y_n-1 invariant does NOT hold for this annotation"
4a3b7f92-b804-4358-ba2c-0c5457246160,annotation,"segmentation ring first/last point gap = 2.24px (first=(914.0,1191.0) last=(913.0,1193.0)) -- prompt's assumed x0==x_n-1,y0==y_n-1 invariant does NOT hold for this annotation"
d4320f58-effe-4b2b-b596-1b82e0fa2685,annotation,"segmentation ring first/last point gap = 6.65px (first=(1357.0,865.0) last=(1363.5777,864.0)) -- prompt's assumed x0==x_n-1,y0==y_n-1 invariant does NOT hold for this annotation"
b65c717c-3d38-4b88-9935-48e460fab036,annotation,"segmentation ring first/last point gap = 1.41px (first=(1704.0,922.0) last=(1705.0,921.0)) -- prompt's assumed x0==x_n-1,y0==y_n-1 invariant does NOT hold for this annotation"
37f53f52-50c3-4761-9df5-3813eb3cf656,annotation,"segmentation ring first/last point gap = 1.32px (first=(728.5618,883.3931) last=(728.2197,884.6727)) -- prompt's assumed x0==x_n-1,y0==y_n-1 invariant does NOT hold for this annotation"
a5428d71-1286-44f4-b942-9bd2b8d75c53,annotation,"segmentation ring first/last point gap = 1.81px (first=(1563.8548,1445.9871) last=(1564.3239,1444.2367)) -- prompt's assumed x0==x_n-1,y0==y_n-1 invariant does NOT hold for this annotation"
56e975fc-b67a-4607-8011-59f1c82ae529,annotation,"segmentation ring first/last point gap = 2.60px (first=(897.0,627.0) last=(895.9753,629.391)) -- prompt's assumed x0==x_n-1,y0==y_n-1 invariant does NOT hold for this annotation"
64480df9-5563-44f1-a260-f60e1819a9de,annotation,"segmentation ring first/last point gap = 7.81px (first=(1435.0,652.0) last=(1441.0,647.0)) -- prompt's assumed x0==x_n-1,y0==y_n-1 invariant does NOT hold for this annotation"
a7c900c1-a160-45e6-a95f-342621776fc3,annotation,"segmentation ring first/last point gap = 1.41px (first=(1487.0,513.0) last=(1486.0,514.0)) -- prompt's assumed x0==x_n-1,y0==y_n-1 invariant does NOT hold for this annotation"
622465fa-a540-4a2a-81cb-afc8669e4cd8,annotation,"segmentation ring first/last point gap = 1.41px (first=(1060.0,1755.0) last=(1061.0,1754.0)) -- prompt's assumed x0==x_n-1,y0==y_n-1 invariant does NOT hold for this annotation"
99b06176-5f15-470b-a583-750eb9dba2c8,annotation,"segmentation ring first/last point gap = 4.47px (first=(637.0,755.0) last=(635.0,759.0)) -- prompt's assumed x0==x_n-1,y0==y_n-1 invariant does NOT hold for this annotation"
d55952cf-3060-4c6b-8eac-49c44183674a,annotation,"segmentation ring first/last point gap = 2.59px (first=(1461.8733,632.7522) last=(1461.2033,635.2522)) -- prompt's assumed x0==x_n-1,y0==y_n-1 invariant does NOT hold for this annotation"
02586725-8e4e-493a-a5e1-e0b51eeb6ec7,annotation,"segmentation ring first/last point gap = 1.60px (first=(905.5751,374.76) last=(905.1651,376.31)) -- prompt's assumed x0==x_n-1,y0==y_n-1 invariant does NOT hold for this annotation"
5fb4a86e-168a-4193-b553-bb5ddb9d960d,annotation,"segmentation ring first/last point gap = 1.60px (first=(434.5927,685.0193) last=(435.0027,683.4693)) -- prompt's assumed x0==x_n-1,y0==y_n-1 invariant does NOT hold for this annotation"
f880ab08-ce7c-4e87-890b-2f336d9c58b6,annotation,"segmentation ring first/last point gap = 1.75px (first=(1209.1797,1380.0515) last=(1208.7558,1381.7469)) -- prompt's assumed x0==x_n-1,y0==y_n-1 invariant does NOT hold for this annotation"
7525ef33-07fb-412a-b920-0cce62c3e55d,annotation,"segmentation ring first/last point gap = 1.41px (first=(933.0,1551.0) last=(932.0,1552.0)) -- prompt's assumed x0==x_n-1,y0==y_n-1 invariant does NOT hold for this annotation"
ac127b05-de0f-4056-a08e-f59c49f087a3,annotation,"segmentation ring first/last point gap = 1.16px (first=(933.5343,1558.5571) last=(933.2348,1559.6747)) -- prompt's assumed x0==x_n-1,y0==y_n-1 invariant does NOT hold for this annotation"
ee7c61e0-c1e4-4ba5-aee6-1ef67ac6fe88,annotation,"segmentation ring first/last point gap = 4.47px (first=(1430.0,1452.0) last=(1432.0,1448.0)) -- prompt's assumed x0==x_n-1,y0==y_n-1 invariant does NOT hold for this annotation"
0072f31e-3767-45fb-98f6-b9b88691ecef,annotation,"segmentation ring first/last point gap = 1.41px (first=(1817.0,1294.0) last=(1816.0,1295.0)) -- prompt's assumed x0==x_n-1,y0==y_n-1 invariant does NOT hold for this annotation"
a578fd76-50db-4345-b912-9661712cf19f,annotation,"segmentation ring first/last point gap = 1.89px (first=(591.4942,752.8404) last=(591.833,750.9767)) -- prompt's assumed x0==x_n-1,y0==y_n-1 invariant does NOT hold for this annotation"
80aa70b8-4fd7-44cc-853c-3fe972966f1d,annotation,"segmentation ring first/last point gap = 2.59px (first=(1642.0765,1024.5652) last=(1641.4065,1027.0652)) -- prompt's assumed x0==x_n-1,y0==y_n-1 invariant does NOT hold for this annotation"
b5ef60c0-05be-45d3-84d6-7902db232d0c,annotation,"segmentation ring first/last point gap = 2.59px (first=(1010.5342,375.7491) last=(1011.2042,373.2491)) -- prompt's assumed x0==x_n-1,y0==y_n-1 invariant does NOT hold for this annotation"
7f73b2c6-8c84-411a-b200-f5c108603547,annotation,"segmentation ring first/last point gap = 1.60px (first=(923.0442,960.1914) last=(923.4542,958.6414)) -- prompt's assumed x0==x_n-1,y0==y_n-1 invariant does NOT hold for this annotation"
89efb36c-ee0a-420d-ace4-acc806c2ee52,annotation,"segmentation ring first/last point gap = 1.60px (first=(1277.291,1220.5541) last=(1277.701,1219.0041)) -- prompt's assumed x0==x_n-1,y0==y_n-1 invariant does NOT hold for this annotation"
46386fad-5cdd-4c65-91a3-8c5bff35a3c7,annotation,"segmentation ring first/last point gap = 13.45px (first=(709.0,1542.0) last=(719.0,1533.0)) -- prompt's assumed x0==x_n-1,y0==y_n-1 invariant does NOT hold for this annotation"
ce20ac92-a4af-4218-befe-844ce46beb02,annotation,"segmentation ring first/last point gap = 1.60px (first=(1093.1911,1362.7621) last=(1092.7811,1364.3121)) -- prompt's assumed x0==x_n-1,y0==y_n-1 invariant does NOT hold for this annotation"
2a75626d-9ff9-4417-b30d-190fa880fea1,annotation,"segmentation ring first/last point gap = 1.41px (first=(940.0,741.0) last=(939.0,742.0)) -- prompt's assumed x0==x_n-1,y0==y_n-1 invariant does NOT hold for this annotation"
6f3c057a-2ec8-40e2-888d-2d40548dea5c,annotation,"segmentation ring first/last point gap = 2.59px (first=(1125.1262,637.5999) last=(1125.7962,635.0999)) -- prompt's assumed x0==x_n-1,y0==y_n-1 invariant does NOT hold for this annotation"
86fc21d5-3d14-43bf-bb87-4fa3f3dcaae9,annotation,"segmentation ring first/last point gap = 6.71px (first=(1549.0,1234.0) last=(1543.0,1237.0)) -- prompt's assumed x0==x_n-1,y0==y_n-1 invariant does NOT hold for this annotation"
fbb9ab98-9220-473a-b7dc-d8ad9771492c,annotation,"segmentation ring first/last point gap = 1.60px (first=(935.5135,746.2688) last=(935.1035,747.8188)) -- prompt's assumed x0==x_n-1,y0==y_n-1 invariant does NOT hold for this annotation"
ad8491dc-2802-4308-a7c0-5ba1c126ae12,annotation,"segmentation ring first/last point gap = 1.60px (first=(1118.9533,629.3497) last=(1118.5433,630.8997)) -- prompt's assumed x0==x_n-1,y0==y_n-1 invariant does NOT hold for this annotation"
c104ca61-24eb-4af8-9fc6-a9f6be2cde1d,annotation,"segmentation ring first/last point gap = 2.07px (first=(1551.9096,1235.1386) last=(1552.4496,1233.1386)) -- prompt's assumed x0==x_n-1,y0==y_n-1 invariant does NOT hold for this annotation"
3674dbfc-e5f5-46d6-a15b-7c724698eb9b,annotation,"segmentation ring first/last point gap = 2.59px (first=(1109.5017,1364.3917) last=(1108.8317,1366.8917)) -- prompt's assumed x0==x_n-1,y0==y_n-1 invariant does NOT hold for this annotation"
3e55431b-498b-4525-87db-1b457df37660,annotation,"segmentation ring first/last point gap = 1.60px (first=(861.1742,695.7401) last=(860.7642,697.2901)) -- prompt's assumed x0==x_n-1,y0==y_n-1 invariant does NOT hold for this annotation"
c2d4fbbf-2258-4e8c-8442-0147e487c5b1,annotation,"segmentation ring first/last point gap = 1.60px (first=(1493.6986,1200.4393) last=(1493.2886,1201.9893)) -- prompt's assumed x0==x_n-1,y0==y_n-1 invariant does NOT hold for this annotation"
eac7cbcf-05b4-4d20-a104-f02bbed94482,annotation,"segmentation ring first/last point gap = 1.60px (first=(939.2322,1497.4894) last=(938.8222,1499.0394)) -- prompt's assumed x0==x_n-1,y0==y_n-1 invariant does NOT hold for this annotation"
494fc8d5-4bd5-426c-9dcf-8fc99ccc0675,annotation,"segmentation ring first/last point gap = 1.60px (first=(495.3229,616.5197) last=(494.9129,618.0697)) -- prompt's assumed x0==x_n-1,y0==y_n-1 invariant does NOT hold for this annotation"
f6bd2abf-c244-4bab-bf03-c6858b513f66,annotation,"segmentation ring first/last point gap = 1.60px (first=(317.8083,899.5947) last=(318.2183,898.0447)) -- prompt's assumed x0==x_n-1,y0==y_n-1 invariant does NOT hold for this annotation"
d1684663-9f43-45ff-b5b4-53b6223e500d,annotation,"segmentation ring first/last point gap = 1.60px (first=(673.203,493.9895) last=(672.793,495.5395)) -- prompt's assumed x0==x_n-1,y0==y_n-1 invariant does NOT hold for this annotation"
22687459-1f51-4af5-a808-39a82c7f8739,annotation,"segmentation ring first/last point gap = 1.60px (first=(585.6895,904.0022) last=(586.0995,902.4522)) -- prompt's assumed x0==x_n-1,y0==y_n-1 invariant does NOT hold for this annotation"
5b69a97a-cbaf-463c-888b-463feac42773,annotation,"segmentation ring first/last point gap = 1.29px (first=(1021.0503,337.8578) last=(1021.3803,336.6078)) -- prompt's assumed x0==x_n-1,y0==y_n-1 invariant does NOT hold for this annotation"
8705963f-ec20-45d2-a8e6-54c584ae4d75,annotation,"segmentation ring first/last point gap = 1.29px (first=(1500.0534,997.4448) last=(1499.7234,998.6948)) -- prompt's assumed x0==x_n-1,y0==y_n-1 invariant does NOT hold for this annotation"
3b98213b-2e0e-4f0a-ba1f-373566d6d398,annotation,"segmentation ring first/last point gap = 1.04px (first=(871.1551,1441.9726) last=(871.4251,1440.9726)) -- prompt's assumed x0==x_n-1,y0==y_n-1 invariant does NOT hold for this annotation"
234fc33c-3c2b-49e5-bc11-90003fc1d3b2,annotation,"segmentation ring first/last point gap = 1.04px (first=(1298.419,1023.5135) last=(1298.149,1024.5135)) -- prompt's assumed x0==x_n-1,y0==y_n-1 invariant does NOT hold for this annotation"
355c57df-ed05-4128-98ba-413adc6a7b1e,annotation,"segmentation ring first/last point gap = 2.59px (first=(1709.9832,958.952) last=(1710.6532,956.452)) -- prompt's assumed x0==x_n-1,y0==y_n-1 invariant does NOT hold for this annotation"
d53ef168-efcb-45c5-a901-6b40c67e4c27,annotation,"segmentation ring first/last point gap = 1.60px (first=(1587.1676,854.5536) last=(1587.5776,853.0036)) -- prompt's assumed x0==x_n-1,y0==y_n-1 invariant does NOT hold for this annotation"
8b26a1cd-fb1f-4eb6-8688-b8c1557ecdf3,annotation,"segmentation ring first/last point gap = 1.60px (first=(1784.0414,856.213) last=(1783.6314,857.763)) -- prompt's assumed x0==x_n-1,y0==y_n-1 invariant does NOT hold for this annotation"
bfac9a86-fff0-4eef-908f-a8c6bec1ed66,annotation,"segmentation ring first/last point gap = 2.24px (first=(388.0,631.0) last=(387.0,633.0)) -- prompt's assumed x0==x_n-1,y0==y_n-1 invariant does NOT hold for this annotation"
917897f2-8f18-48fb-a126-c74d4305569e,annotation,"segmentation ring first/last point gap = 1.60px (first=(1017.9206,344.6752) last=(1017.5106,346.2252)) -- prompt's assumed x0==x_n-1,y0==y_n-1 invariant does NOT hold for this annotation"
0ac837ad-7676-4bd2-8126-653c198e4821,annotation,"segmentation ring first/last point gap = 3.36px (first=(338.0783,884.7059) last=(338.9483,881.4559)) -- prompt's assumed x0==x_n-1,y0==y_n-1 invariant does NOT hold for this annotation"
3b8e456c-37cc-4987-b3c6-096a4629d905,annotation,"segmentation ring first/last point gap = 7.07px (first=(1481.0,1311.0) last=(1476.0,1316.0)) -- prompt's assumed x0==x_n-1,y0==y_n-1 invariant does NOT hold for this annotation"
3915b401-a1ad-4e18-8215-23dc18e52f34,annotation,"segmentation ring first/last point gap = 3.61px (first=(1288.7915,1297.7082) last=(1286.7915,1300.7082)) -- prompt's assumed x0==x_n-1,y0==y_n-1 invariant does NOT hold for this annotation"
4bdc0c53-e44a-4743-a7e8-53fa7b582a40,annotation,"segmentation ring first/last point gap = 2.24px (first=(413.0,934.0) last=(412.0,936.0)) -- prompt's assumed x0==x_n-1,y0==y_n-1 invariant does NOT hold for this annotation"
947b8ad4-e6d4-425a-8008-43d82ca8be55,annotation,"segmentation ring first/last point gap = 2.59px (first=(1393.928,760.6826) last=(1393.258,763.1826)) -- prompt's assumed x0==x_n-1,y0==y_n-1 invariant does NOT hold for this annotation"
2d34e380-1a7e-400f-9bf1-4a442acf850e,annotation,"segmentation ring first/last point gap = 3.61px (first=(453.0,1212.0) last=(451.0,1215.0)) -- prompt's assumed x0==x_n-1,y0==y_n-1 invariant does NOT hold for this annotation"
5639053e-b9cf-4a8a-b814-962ad7f99a40,annotation,"segmentation ring first/last point gap = 1.41px (first=(1276.0,1308.0) last=(1275.0,1309.0)) -- prompt's assumed x0==x_n-1,y0==y_n-1 invariant does NOT hold for this annotation"
95e6f5af-246b-4645-aad7-c53e88a79511,annotation,"segmentation ring first/last point gap = 5.00px (first=(1487.0,1306.0) last=(1484.0,1310.0)) -- prompt's assumed x0==x_n-1,y0==y_n-1 invariant does NOT hold for this annotation"
79620524-833e-4650-a13f-d60bd83e9d6f,annotation,"segmentation ring first/last point gap = 2.24px (first=(934.0,1354.0) last=(935.0,1352.0)) -- prompt's assumed x0==x_n-1,y0==y_n-1 invariant does NOT hold for this annotation"
75258eed-8724-44b3-bf8c-e06bc08a31fe,annotation,"segmentation ring first/last point gap = 3.00px (first=(689.0,643.0) last=(686.0,643.0)) -- prompt's assumed x0==x_n-1,y0==y_n-1 invariant does NOT hold for this annotation"
a6d40d33-c322-4ad8-ba84-cc9360df1bcd,annotation,"segmentation ring first/last point gap = 1.20px (first=(689.3479,860.4646) last=(689.0564,861.6307)) -- prompt's assumed x0==x_n-1,y0==y_n-1 invariant does NOT hold for this annotation"
65680b49-2a09-4568-a19f-81cad2abd9a4,annotation,"segmentation ring first/last point gap = 3.09px (first=(1030.5617,1224.7023) last=(1027.8817,1226.2423)) -- prompt's assumed x0==x_n-1,y0==y_n-1 invariant does NOT hold for this annotation"
77e5ed4c-3b98-4a08-8345-bd8de2822e54,annotation,"segmentation ring first/last point gap = 1.78px (first=(1670.0,1188.0) last=(1669.2031,1189.5939)) -- prompt's assumed x0==x_n-1,y0==y_n-1 invariant does NOT hold for this annotation"
2e670d40-10cd-48f9-aa83-de05922af8f8,annotation,"segmentation ring first/last point gap = 4.24px (first=(1027.0,1615.0) last=(1024.0,1618.0)) -- prompt's assumed x0==x_n-1,y0==y_n-1 invariant does NOT hold for this annotation"
e77534b7-1651-4a23-ad29-382422edb083,annotation,"segmentation ring first/last point gap = 1.41px (first=(699.0,1303.0) last=(700.0,1302.0)) -- prompt's assumed x0==x_n-1,y0==y_n-1 invariant does NOT hold for this annotation"
622c5886-6ea8-4ac6-ac38-1c152db77938,annotation,"segmentation ring first/last point gap = 2.59px (first=(413.1261,697.3181) last=(412.4561,699.8181)) -- prompt's assumed x0==x_n-1,y0==y_n-1 invariant does NOT hold for this annotation"
6fedac5b-8e47-4761-8972-e673d9204059,annotation,"segmentation ring first/last point gap = 1.92px (first=(447.0534,1483.7926) last=(447.9782,1482.1087)) -- prompt's assumed x0==x_n-1,y0==y_n-1 invariant does NOT hold for this annotation"
969a81cf-0cf0-4862-a14c-eef560325404,annotation,"segmentation ring first/last point gap = 2.00px (first=(1057.0,1229.0) last=(1055.0,1229.0)) -- prompt's assumed x0==x_n-1,y0==y_n-1 invariant does NOT hold for this annotation"
25ab21b0-bec2-4d82-869a-9caa3e3948fb,annotation,"segmentation ring first/last point gap = 1.29px (first=(689.0173,854.4413) last=(688.6873,855.6913)) -- prompt's assumed x0==x_n-1,y0==y_n-1 invariant does NOT hold for this annotation"
af886878-ba5d-47e1-80ef-1b89c3bd1ee7,annotation,"segmentation ring first/last point gap = 3.00px (first=(1669.0,1186.0) last=(1669.0,1189.0)) -- prompt's assumed x0==x_n-1,y0==y_n-1 invariant does NOT hold for this annotation"
2382680c-a3ed-4c40-8ceb-bdb9fd3bd7d5,annotation,"segmentation ring first/last point gap = 2.91px (first=(1041.6544,1601.8366) last=(1040.901,1604.6512)) -- prompt's assumed x0==x_n-1,y0==y_n-1 invariant does NOT hold for this annotation"
3364735f-4d86-4034-9727-c1edac6dd0a7,annotation,"segmentation ring first/last point gap = 1.41px (first=(416.0,703.0) last=(415.0,704.0)) -- prompt's assumed x0==x_n-1,y0==y_n-1 invariant does NOT hold for this annotation"
7a1007d4-431e-4f0b-9e0d-8cfb740bcb65,annotation,"segmentation ring first/last point gap = 2.00px (first=(384.0,972.0) last=(382.0,972.0)) -- prompt's assumed x0==x_n-1,y0==y_n-1 invariant does NOT hold for this annotation"
e0273e29-1069-454a-ad4d-69472a81adab,annotation,"segmentation ring first/last point gap = 1.60px (first=(806.7185,561.0) last=(807.1285,559.45)) -- prompt's assumed x0==x_n-1,y0==y_n-1 invariant does NOT hold for this annotation"
3f67ad93-48b3-418d-90f9-03a4e23b593e,annotation,"segmentation ring first/last point gap = 5.00px (first=(1114.0,762.0) last=(1110.0,765.0)) -- prompt's assumed x0==x_n-1,y0==y_n-1 invariant does NOT hold for this annotation"
aada5565-e059-4c04-8236-3ee7ffa8fed5,annotation,"segmentation ring first/last point gap = 8.06px (first=(1322.0,1016.0) last=(1323.0,1008.0)) -- prompt's assumed x0==x_n-1,y0==y_n-1 invariant does NOT hold for this annotation"
6ed09547-0618-42f8-8845-148e6ca6c1b7,annotation,"segmentation ring first/last point gap = 4.00px (first=(1621.0,1257.0) last=(1625.0,1257.0)) -- prompt's assumed x0==x_n-1,y0==y_n-1 invariant does NOT hold for this annotation"
5b416caf-e435-481e-b73f-db87598d57ce,annotation,"segmentation ring first/last point gap = 1.60px (first=(1366.7404,1485.6421) last=(1367.1504,1484.0921)) -- prompt's assumed x0==x_n-1,y0==y_n-1 invariant does NOT hold for this annotation"
5cbd88e1-3b7f-4efb-998b-2ee02cc1b616,annotation,"segmentation ring first/last point gap = 1.37px (first=(662.1801,866.0) last=(660.8111,866.0)) -- prompt's assumed x0==x_n-1,y0==y_n-1 invariant does NOT hold for this annotation"
2a18471b-fbde-4416-8d3f-5c5cdbd5ae75,annotation,"segmentation ring first/last point gap = 2.24px (first=(1557.0,882.0) last=(1555.0,883.0)) -- prompt's assumed x0==x_n-1,y0==y_n-1 invariant does NOT hold for this annotation"
36ca960a-71fb-4c97-8436-df362dd7f634,annotation,"segmentation ring first/last point gap = 1.25px (first=(870.1186,1254.8814) last=(871.0,1254.0)) -- prompt's assumed x0==x_n-1,y0==y_n-1 invariant does NOT hold for this annotation"
da00b8aa-3920-4486-81d5-1de5f53de7dc,annotation,"segmentation ring first/last point gap = 1.41px (first=(890.0,770.0) last=(891.0,769.0)) -- prompt's assumed x0==x_n-1,y0==y_n-1 invariant does NOT hold for this annotation"
9fae93e0-7cfb-4241-9410-7a923e995725,annotation,"segmentation ring first/last point gap = 10.30px (first=(510.0,942.0) last=(505.0,951.0)) -- prompt's assumed x0==x_n-1,y0==y_n-1 invariant does NOT hold for this annotation"
656651ca-116a-40eb-86cc-a7aac2a5a8a8,annotation,"segmentation ring first/last point gap = 2.83px (first=(660.0,868.0) last=(662.0,866.0)) -- prompt's assumed x0==x_n-1,y0==y_n-1 invariant does NOT hold for this annotation"
8434c201-f1d8-4789-8fcf-e4d2284a2399,annotation,"segmentation ring first/last point gap = 4.10px (first=(1119.0,762.0) last=(1115.797,764.5624)) -- prompt's assumed x0==x_n-1,y0==y_n-1 invariant does NOT hold for this annotation"
a39eb6d5-96d2-45dd-b4b1-457bac072403,annotation,"segmentation ring first/last point gap = 1.11px (first=(1323.4944,1011.0113) last=(1323.0,1012.0)) -- prompt's assumed x0==x_n-1,y0==y_n-1 invariant does NOT hold for this annotation"
a63f9531-35ad-4ddb-aafb-8b224574f0ac,annotation,"segmentation ring first/last point gap = 1.60px (first=(1140.9751,894.3733) last=(1141.3851,892.8233)) -- prompt's assumed x0==x_n-1,y0==y_n-1 invariant does NOT hold for this annotation"
6b7e0571-4a45-410f-a685-067e3a319147,annotation,"segmentation ring first/last point gap = 1.68px (first=(1146.0527,1780.3857) last=(1147.5087,1779.5386)) -- prompt's assumed x0==x_n-1,y0==y_n-1 invariant does NOT hold for this annotation"
863a9bf8-e82d-4291-b644-bfd9cf1d5673,annotation,"segmentation ring first/last point gap = 1.17px (first=(371.6521,944.1485) last=(371.352,945.283)) -- prompt's assumed x0==x_n-1,y0==y_n-1 invariant does NOT hold for this annotation"
4be24c8e-929d-4372-87c0-656937163b74,annotation,"segmentation ring first/last point gap = 2.59px (first=(1133.4941,383.6977) last=(1132.8241,386.1977)) -- prompt's assumed x0==x_n-1,y0==y_n-1 invariant does NOT hold for this annotation"
1c646a9e-d8d9-4e25-8e10-5f38d48d6c56,annotation,"segmentation ring first/last point gap = 6.82px (first=(1389.5061,1216.3591) last=(1387.7224,1222.9373)) -- prompt's assumed x0==x_n-1,y0==y_n-1 invariant does NOT hold for this annotation"
ee3a8065-fee1-486b-83a6-3dc13b4440be,annotation,"segmentation ring first/last point gap = 1.70px (first=(1481.8349,1341.5715) last=(1482.0454,1339.8873)) -- prompt's assumed x0==x_n-1,y0==y_n-1 invariant does NOT hold for this annotation"
abe5d904-8e5e-4787-af2a-c214f19722ff,annotation,"segmentation ring first/last point gap = 1.60px (first=(579.7762,631.5747) last=(579.3662,633.1247)) -- prompt's assumed x0==x_n-1,y0==y_n-1 invariant does NOT hold for this annotation"
c868690a-4f1f-4a43-8bc0-20576d1a2a78,annotation,"segmentation ring first/last point gap = 2.59px (first=(1626.0091,1273.3944) last=(1626.6791,1270.8944)) -- prompt's assumed x0==x_n-1,y0==y_n-1 invariant does NOT hold for this annotation"
2fe8c5c2-0202-4add-9ef2-d28e2eb762dd,annotation,"segmentation ring first/last point gap = 1.60px (first=(1017.8096,1278.6821) last=(1017.3996,1280.2321)) -- prompt's assumed x0==x_n-1,y0==y_n-1 invariant does NOT hold for this annotation"
80e16b33-910d-4224-8c24-fe151dba3133,annotation,"segmentation ring first/last point gap = 2.59px (first=(703.0044,912.8163) last=(703.6744,910.3163)) -- prompt's assumed x0==x_n-1,y0==y_n-1 invariant does NOT hold for this annotation"
3615bd83-6159-4da3-9d27-d28b2b01cf7e,annotation,"segmentation ring first/last point gap = 1.60px (first=(768.4885,1502.4873) last=(768.8985,1500.9373)) -- prompt's assumed x0==x_n-1,y0==y_n-1 invariant does NOT hold for this annotation"
b12cbeba-47bf-4ff1-9fd0-89ad2660fd6b,annotation,"segmentation ring first/last point gap = 2.59px (first=(1598.5686,614.3032) last=(1597.8986,616.8032)) -- prompt's assumed x0==x_n-1,y0==y_n-1 invariant does NOT hold for this annotation"
8eea400c-b46d-4657-9220-4fd671e0fbbd,annotation,"segmentation ring first/last point gap = 1.60px (first=(831.6778,1421.9621) last=(831.2678,1423.5121)) -- prompt's assumed x0==x_n-1,y0==y_n-1 invariant does NOT hold for this annotation"
970d9af7-f1c5-4c4a-961a-0a34f92f292e,annotation,"segmentation ring first/last point gap = 2.59px (first=(1358.129,901.7624) last=(1358.799,899.2624)) -- prompt's assumed x0==x_n-1,y0==y_n-1 invariant does NOT hold for this annotation"
872eb5d5-1ae1-4f9f-956e-ef237db97a14,annotation,"segmentation ring first/last point gap = 1.60px (first=(317.6798,1154.044) last=(318.0898,1152.494)) -- prompt's assumed x0==x_n-1,y0==y_n-1 invariant does NOT hold for this annotation"
a6706de4-f831-40f0-9e18-31faf965d32c,annotation,"segmentation ring first/last point gap = 1.60px (first=(476.3611,1390.6203) last=(476.7711,1389.0703)) -- prompt's assumed x0==x_n-1,y0==y_n-1 invariant does NOT hold for this annotation"
3ad9c011-2191-43f2-9f43-51e33c827504,annotation,"segmentation ring first/last point gap = 5.00px (first=(946.0,1380.0) last=(949.0,1376.0)) -- prompt's assumed x0==x_n-1,y0==y_n-1 invariant does NOT hold for this annotation"
e2d4245c-bc25-40ac-913b-6448a4da5083,annotation,"segmentation ring first/last point gap = 8.25px (first=(463.0,1383.0) last=(455.0,1385.0)) -- prompt's assumed x0==x_n-1,y0==y_n-1 invariant does NOT hold for this annotation"
f0706f71-54dc-466f-9f4e-e0af90b5b9fe,annotation,"segmentation ring first/last point gap = 1.60px (first=(461.6431,1035.5327) last=(461.2331,1037.0827)) -- prompt's assumed x0==x_n-1,y0==y_n-1 invariant does NOT hold for this annotation"
a8aa3a95-2193-4717-81de-c5269a864855,annotation,"segmentation ring first/last point gap = 1.60px (first=(1836.8998,1037.7487) last=(1837.3098,1036.1987)) -- prompt's assumed x0==x_n-1,y0==y_n-1 invariant does NOT hold for this annotation"
d9d90ec6-2c1c-4ac3-add5-3acfade2f0a5,annotation,"segmentation ring first/last point gap = 1.60px (first=(485.967,1254.2465) last=(485.557,1255.7965)) -- prompt's assumed x0==x_n-1,y0==y_n-1 invariant does NOT hold for this annotation"
80ba5530-6886-4e70-ae69-32ef09bd24a3,annotation,"segmentation ring first/last point gap = 2.59px (first=(1886.6699,1189.647) last=(1887.3399,1187.147)) -- prompt's assumed x0==x_n-1,y0==y_n-1 invariant does NOT hold for this annotation"
bfc808b7-cf78-4d9f-b717-7ba8f65e54ec,annotation,"segmentation ring first/last point gap = 2.14px (first=(461.0416,1382.9168) last=(462.0,1381.0)) -- prompt's assumed x0==x_n-1,y0==y_n-1 invariant does NOT hold for this annotation"
853c5aac-4189-4e57-88f5-d574ccc3165b,annotation,"segmentation ring first/last point gap = 1.62px (first=(949.5134,1375.4599) last=(949.0,1377.0)) -- prompt's assumed x0==x_n-1,y0==y_n-1 invariant does NOT hold for this annotation"
d7845ed2-51ab-4279-9400-7e5253c76510,annotation,"segmentation ring first/last point gap = 1.41px (first=(1893.0,1183.0) last=(1892.0,1184.0)) -- prompt's assumed x0==x_n-1,y0==y_n-1 invariant does NOT hold for this annotation"
38d9ca0d-73fa-47fd-b9bf-88e6c705ccfd,annotation,"segmentation ring first/last point gap = 1.42px (first=(947.365,1377.27) last=(948.0,1376.0)) -- prompt's assumed x0==x_n-1,y0==y_n-1 invariant does NOT hold for this annotation"
e25b4b62-8474-4891-8764-41388d97bd73,annotation,"segmentation ring first/last point gap = 1.60px (first=(987.6891,1603.5188) last=(987.2791,1605.0688)) -- prompt's assumed x0==x_n-1,y0==y_n-1 invariant does NOT hold for this annotation"
8d0fbd1e-832d-419f-bf09-2a216c505dc8,annotation,"segmentation ring first/last point gap = 1.41px (first=(568.0,960.0) last=(567.0,961.0)) -- prompt's assumed x0==x_n-1,y0==y_n-1 invariant does NOT hold for this annotation"
6ada1ae4-ce7b-46c6-babd-4bebf05dfc6e,annotation,"segmentation ring first/last point gap = 5.00px (first=(536.0,943.0) last=(541.0,943.0)) -- prompt's assumed x0==x_n-1,y0==y_n-1 invariant does NOT hold for this annotation"
a12f817d-ab83-4d15-9c11-f9e6b7018f7f,annotation,"segmentation ring first/last point gap = 1.41px (first=(965.0,840.0) last=(966.0,839.0)) -- prompt's assumed x0==x_n-1,y0==y_n-1 invariant does NOT hold for this annotation"
ab39c6f3-9a02-474c-b34d-c18735b9ec83,annotation,"segmentation ring first/last point gap = 2.55px (first=(603.835,1410.479) last=(604.1161,1407.9495)) -- prompt's assumed x0==x_n-1,y0==y_n-1 invariant does NOT hold for this annotation"
a7f7dd60-f63e-4688-9086-fe410981643e,annotation,"segmentation ring first/last point gap = 6.77px (first=(1036.1986,598.9253) last=(1037.9486,592.3853)) -- prompt's assumed x0==x_n-1,y0==y_n-1 invariant does NOT hold for this annotation"
17818457-4501-4e12-9bb9-565c96d8a605,annotation,"segmentation ring first/last point gap = 4.97px (first=(956.0982,387.7886) last=(952.5821,391.3047)) -- prompt's assumed x0==x_n-1,y0==y_n-1 invariant does NOT hold for this annotation"
e593a185-63d1-49dc-a41c-d475a689ae73,annotation,"segmentation ring first/last point gap = 2.61px (first=(1314.0723,1705.9218) last=(1316.6793,1706.0304)) -- prompt's assumed x0==x_n-1,y0==y_n-1 invariant does NOT hold for this annotation"
efe5cd16-18ec-4e6b-be89-f550632e1c3b,annotation,"segmentation ring first/last point gap = 1.46px (first=(944.7528,1425.821) last=(945.1304,1424.4119)) -- prompt's assumed x0==x_n-1,y0==y_n-1 invariant does NOT hold for this annotation"
a158e29b-af96-444c-a3c3-035511e087c3,annotation,"segmentation ring first/last point gap = 3.63px (first=(1126.4628,603.3402) last=(1122.8278,603.3402)) -- prompt's assumed x0==x_n-1,y0==y_n-1 invariant does NOT hold for this annotation"
795f6a45-c3e2-436b-9c40-5ddffe6fdc15,annotation,"segmentation ring first/last point gap = 1.60px (first=(1841.1468,1305.1363) last=(1841.5568,1303.5863)) -- prompt's assumed x0==x_n-1,y0==y_n-1 invariant does NOT hold for this annotation"
d3396dd2-db9e-4f0a-8787-925c0d685e6f,annotation,"segmentation ring first/last point gap = 1.60px (first=(1700.3829,1471.8025) last=(1699.9729,1473.3525)) -- prompt's assumed x0==x_n-1,y0==y_n-1 invariant does NOT hold for this annotation"
642ce198-92cb-4fe8-89d4-e83ea9841d3b,annotation,"segmentation ring first/last point gap = 2.59px (first=(1708.2651,1289.0303) last=(1708.9351,1286.5303)) -- prompt's assumed x0==x_n-1,y0==y_n-1 invariant does NOT hold for this annotation"
ce60572c-bacd-49c8-aa53-85af66347fa0,annotation,"segmentation ring first/last point gap = 1.29px (first=(1816.3772,1314.2307) last=(1816.7072,1312.9807)) -- prompt's assumed x0==x_n-1,y0==y_n-1 invariant does NOT hold for this annotation"
a2eb6bb0-1a49-4c3b-8e8f-5f1f7d87ed82,annotation,"segmentation ring first/last point gap = 1.29px (first=(729.417,1430.2568) last=(729.087,1431.5068)) -- prompt's assumed x0==x_n-1,y0==y_n-1 invariant does NOT hold for this annotation"
e4028fa1-43ef-4484-a411-7ec20674b8d9,annotation,"segmentation ring first/last point gap = 3.88px (first=(448.645,892.5943) last=(446.1853,895.5979)) -- prompt's assumed x0==x_n-1,y0==y_n-1 invariant does NOT hold for this annotation"
1b35dae4-f00c-4907-ac96-11a90b8a449e,annotation,"segmentation ring first/last point gap = 2.72px (first=(1127.2935,597.403) last=(1129.2172,595.4793)) -- prompt's assumed x0==x_n-1,y0==y_n-1 invariant does NOT hold for this annotation"
a4a57537-2905-46ad-9166-1b65da27d2af,annotation,"segmentation ring first/last point gap = 1.77px (first=(1577.3207,771.1375) last=(1576.8607,772.8475)) -- prompt's assumed x0==x_n-1,y0==y_n-1 invariant does NOT hold for this annotation"
c3c52801-fd78-4152-be4c-4531714bc82b,annotation,"segmentation ring first/last point gap = 2.59px (first=(965.3015,578.0595) last=(965.9715,575.5595)) -- prompt's assumed x0==x_n-1,y0==y_n-1 invariant does NOT hold for this annotation"
1203150e-ee0c-43da-bd11-3613b4757cd2,annotation,"segmentation ring first/last point gap = 5.82px (first=(845.6641,1250.2774) last=(846.9607,1244.6032)) -- prompt's assumed x0==x_n-1,y0==y_n-1 invariant does NOT hold for this annotation"
524cc33e-4f0e-46ba-8c47-de0b909ecdd5,annotation,"segmentation ring first/last point gap = 5.50px (first=(568.9719,1530.8276) last=(565.5433,1535.1251)) -- prompt's assumed x0==x_n-1,y0==y_n-1 invariant does NOT hold for this annotation"
1bb0c889-4759-4a96-b129-81e3204d7ed4,annotation,"segmentation ring first/last point gap = 1.35px (first=(1260.66,1533.4662) last=(1260.359,1534.7834)) -- prompt's assumed x0==x_n-1,y0==y_n-1 invariant does NOT hold for this annotation"
362fab8e-0929-42da-960f-6361bbe4d489,annotation,"segmentation ring first/last point gap = 1.70px (first=(795.3085,1295.304) last=(795.167,1297.0014)) -- prompt's assumed x0==x_n-1,y0==y_n-1 invariant does NOT hold for this annotation"
199c84d4-b552-4ede-a379-d0b6dac34653,annotation,"segmentation ring first/last point gap = 2.59px (first=(1016.7079,771.4233) last=(1017.3779,768.9233)) -- prompt's assumed x0==x_n-1,y0==y_n-1 invariant does NOT hold for this annotation"
e62f7e8b-fae7-4a68-8976-f44bdbf81541,annotation,"segmentation ring first/last point gap = 2.59px (first=(1442.5287,733.3165) last=(1443.1987,730.8165)) -- prompt's assumed x0==x_n-1,y0==y_n-1 invariant does NOT hold for this annotation"
b9fc4a03-b526-4907-9686-e106e4e90620,annotation,"segmentation ring first/last point gap = 2.59px (first=(1303.6441,1513.7835) last=(1304.3141,1511.2835)) -- prompt's assumed x0==x_n-1,y0==y_n-1 invariant does NOT hold for this annotation"
b2285de3-2b77-4b8b-8ca6-69a0ab97d85b,annotation,"segmentation ring first/last point gap = 2.59px (first=(795.9299,1298.6375) last=(795.2599,1301.1375)) -- prompt's assumed x0==x_n-1,y0==y_n-1 invariant does NOT hold for this annotation"
c65a1ad9-043f-4f90-bdca-a33eb95dd510,annotation,"segmentation ring first/last point gap = 2.59px (first=(1444.2396,763.7529) last=(1444.9096,761.2529)) -- prompt's assumed x0==x_n-1,y0==y_n-1 invariant does NOT hold for this annotation"
7956cf73-1930-42ee-aa38-2846aa3ece08,annotation,"segmentation ring first/last point gap = 2.59px (first=(571.54,1326.7805) last=(570.87,1329.2805)) -- prompt's assumed x0==x_n-1,y0==y_n-1 invariant does NOT hold for this annotation"
7d399388-f61a-425c-9bd0-f07e27027719,annotation,"segmentation ring first/last point gap = 4.18px (first=(1315.2354,1509.4036) last=(1316.3154,1505.3636)) -- prompt's assumed x0==x_n-1,y0==y_n-1 invariant does NOT hold for this annotation"
423ee908-d7d8-4c7d-8c7a-e582fca968bd,annotation,"segmentation ring first/last point gap = 1.96px (first=(1836.6682,1218.819) last=(1836.3915,1220.7557)) -- prompt's assumed x0==x_n-1,y0==y_n-1 invariant does NOT hold for this annotation"
0ff95f70-b61c-4515-9bf9-8d0972242d32,annotation,"segmentation ring first/last point gap = 2.59px (first=(1014.4668,769.3371) last=(1015.1368,766.8371)) -- prompt's assumed x0==x_n-1,y0==y_n-1 invariant does NOT hold for this annotation"
b8ddcad3-4341-4c71-b003-0cc1c5b40a9a,annotation,"segmentation ring first/last point gap = 1.91px (first=(1665.0548,1386.4498) last=(1666.0148,1384.7998)) -- prompt's assumed x0==x_n-1,y0==y_n-1 invariant does NOT hold for this annotation"
5df16760-4490-4bf9-82cd-35f1c54da0c4,annotation,"segmentation ring first/last point gap = 1.60px (first=(1009.1933,1247.9172) last=(1008.7833,1249.4672)) -- prompt's assumed x0==x_n-1,y0==y_n-1 invariant does NOT hold for this annotation"
218f7a21-5086-4b95-956a-f5636bada76b,annotation,"segmentation ring first/last point gap = 1.60px (first=(884.2795,827.6512) last=(884.6895,826.1012)) -- prompt's assumed x0==x_n-1,y0==y_n-1 invariant does NOT hold for this annotation"
47c34825-9018-4deb-aa48-8184c9269b13,annotation,"segmentation ring first/last point gap = 3.00px (first=(794.0,1288.0) last=(791.0,1288.0)) -- prompt's assumed x0==x_n-1,y0==y_n-1 invariant does NOT hold for this annotation"
81162959-3e96-4a69-bdbc-91333c1dd845,annotation,"segmentation ring first/last point gap = 3.36px (first=(1431.2922,1323.8544) last=(1432.1622,1320.6044)) -- prompt's assumed x0==x_n-1,y0==y_n-1 invariant does NOT hold for this annotation"
f25160bd-bc4e-41a3-b5ec-30cc4d2d4a5d,annotation,"segmentation ring first/last point gap = 1.89px (first=(1181.3387,675.4569) last=(1180.8505,677.2785)) -- prompt's assumed x0==x_n-1,y0==y_n-1 invariant does NOT hold for this annotation"
04490080-80ee-46ef-bc3c-67ac396c0e45,annotation,"segmentation ring first/last point gap = 7.07px (first=(1456.0,1331.0) last=(1451.0,1336.0)) -- prompt's assumed x0==x_n-1,y0==y_n-1 invariant does NOT hold for this annotation"
2b695828-ef52-4b36-82b9-69f62870d064,annotation,"segmentation ring first/last point gap = 1.60px (first=(1198.8438,680.2033) last=(1198.4338,681.7533)) -- prompt's assumed x0==x_n-1,y0==y_n-1 invariant does NOT hold for this annotation"
1f8dca7f-cb37-4e63-bf32-ff531544bb97,annotation,"segmentation ring first/last point gap = 1.41px (first=(1439.0,1319.0) last=(1438.0,1320.0)) -- prompt's assumed x0==x_n-1,y0==y_n-1 invariant does NOT hold for this annotation"
cb610b2a-cc63-4208-a7be-a94ff5c5489c,annotation,"segmentation ring first/last point gap = 8.00px (first=(1185.0,681.0) last=(1177.0,681.0)) -- prompt's assumed x0==x_n-1,y0==y_n-1 invariant does NOT hold for this annotation"
101cedd0-c83f-49bb-8ca8-b876cd359962,annotation,"segmentation ring first/last point gap = 13.27px (first=(1163.422,1470.5664) last=(1163.172,1483.8324)) -- prompt's assumed x0==x_n-1,y0==y_n-1 invariant does NOT hold for this annotation"
0f898b68-7c39-4e58-ad41-6914d6b1367b,annotation,"segmentation ring first/last point gap = 1.60px (first=(799.4923,1322.092) last=(799.0823,1323.642)) -- prompt's assumed x0==x_n-1,y0==y_n-1 invariant does NOT hold for this annotation"
6e900f42-9b9e-4a00-b216-b0c15bf02ae7,annotation,"segmentation ring first/last point gap = 5.66px (first=(1363.0,1206.0) last=(1367.0,1202.0)) -- prompt's assumed x0==x_n-1,y0==y_n-1 invariant does NOT hold for this annotation"
4da078c1-1a17-492c-886c-91c81456ce36,annotation,"segmentation ring first/last point gap = 8.00px (first=(1237.0,935.0) last=(1229.0,935.0)) -- prompt's assumed x0==x_n-1,y0==y_n-1 invariant does NOT hold for this annotation"
f0d9e151-0490-4bbc-b9e2-a5cb3b29ae35,annotation,"segmentation ring first/last point gap = 1.60px (first=(1367.3612,1203.4518) last=(1366.9512,1205.0018)) -- prompt's assumed x0==x_n-1,y0==y_n-1 invariant does NOT hold for this annotation"
9ac2dd82-79b7-4b9c-8f01-63668c922c2e,annotation,"segmentation ring first/last point gap = 1.81px (first=(1236.0,932.0) last=(1235.191,933.618)) -- prompt's assumed x0==x_n-1,y0==y_n-1 invariant does NOT hold for this annotation"
7633df37-66f2-4333-820a-271c68e0cf7b,annotation,"segmentation ring first/last point gap = 2.83px (first=(952.0,1359.0) last=(954.0,1357.0)) -- prompt's assumed x0==x_n-1,y0==y_n-1 invariant does NOT hold for this annotation"
780fa1e6-ab8f-4933-a8be-a7949bda412b,annotation,"segmentation ring first/last point gap = 1.60px (first=(963.1602,1358.4793) last=(962.7502,1360.0293)) -- prompt's assumed x0==x_n-1,y0==y_n-1 invariant does NOT hold for this annotation"
13be38f4-1a36-4a77-a24d-29c488fac88b,annotation,"segmentation ring first/last point gap = 4.89px (first=(1617.0,1596.0) last=(1613.0855,1598.9359)) -- prompt's assumed x0==x_n-1,y0==y_n-1 invariant does NOT hold for this annotation"
f3f44688-2cf6-4fc8-826c-d848efcb7707,annotation,"segmentation ring first/last point gap = 1.55px (first=(724.0822,534.1041) last=(723.6822,535.6041)) -- prompt's assumed x0==x_n-1,y0==y_n-1 invariant does NOT hold for this annotation"
386c6f3d-29c3-4046-a2b1-eaa3cb19f394,annotation,"segmentation ring first/last point gap = 1.55px (first=(464.8991,1491.8963) last=(464.4991,1493.3963)) -- prompt's assumed x0==x_n-1,y0==y_n-1 invariant does NOT hold for this annotation"
e3ca4b65-4d92-4a00-bc87-ba709c7df5df,annotation,"segmentation ring first/last point gap = 2.00px (first=(708.0,1329.0) last=(710.0,1329.0)) -- prompt's assumed x0==x_n-1,y0==y_n-1 invariant does NOT hold for this annotation"
91b12dd0-e871-4cf7-99f6-c2c4b4af0657,annotation,"segmentation ring first/last point gap = 4.14px (first=(1413.4914,1066.462) last=(1414.5614,1062.462)) -- prompt's assumed x0==x_n-1,y0==y_n-1 invariant does NOT hold for this annotation"
c46355cc-acbb-4f5e-93bb-f669b868f024,annotation,"segmentation ring first/last point gap = 5.39px (first=(1629.0,1329.0) last=(1624.0,1331.0)) -- prompt's assumed x0==x_n-1,y0==y_n-1 invariant does NOT hold for this annotation"
21afde95-cedf-4507-9a5b-857ce1eeb2ed,annotation,"segmentation ring first/last point gap = 1.23px (first=(593.8714,887.1286) last=(593.0,888.0)) -- prompt's assumed x0==x_n-1,y0==y_n-1 invariant does NOT hold for this annotation"
a2e2ec1b-e3d9-4ff2-b974-02e124296f4e,annotation,"segmentation ring first/last point gap = 1.41px (first=(1548.0,1023.0) last=(1547.0,1024.0)) -- prompt's assumed x0==x_n-1,y0==y_n-1 invariant does NOT hold for this annotation"
af3ca124-e1d4-4416-b5a8-56f8ef6bb992,annotation,"segmentation ring first/last point gap = 2.44px (first=(739.5262,503.0922) last=(738.0,505.0)) -- prompt's assumed x0==x_n-1,y0==y_n-1 invariant does NOT hold for this annotation"
56ff891f-12a3-43bd-a22d-21343d2bd6c2,annotation,"segmentation ring first/last point gap = 1.93px (first=(1777.0,1418.0) last=(1776.1366,1419.7269)) -- prompt's assumed x0==x_n-1,y0==y_n-1 invariant does NOT hold for this annotation"
4a972366-5049-4671-83bd-5616bd31678b,annotation,"segmentation ring first/last point gap = 1.41px (first=(771.0,873.0) last=(772.0,872.0)) -- prompt's assumed x0==x_n-1,y0==y_n-1 invariant does NOT hold for this annotation"
0ebd8325-806a-4752-a3e4-85f1ffd4ac17,annotation,"segmentation ring first/last point gap = 4.12px (first=(593.0,886.0) last=(592.0,890.0)) -- prompt's assumed x0==x_n-1,y0==y_n-1 invariant does NOT hold for this annotation"
b19fa8e3-66f5-4ad3-aa22-b3d4e0db49f7,annotation,"segmentation ring first/last point gap = 4.47px (first=(1673.0,689.0) last=(1669.0,691.0)) -- prompt's assumed x0==x_n-1,y0==y_n-1 invariant does NOT hold for this annotation"
31af8b32-70f8-49bd-8f47-50ec253e9732,annotation,"segmentation ring first/last point gap = 1.60px (first=(672.1604,698.2892) last=(671.7504,699.8392)) -- prompt's assumed x0==x_n-1,y0==y_n-1 invariant does NOT hold for this annotation"
aa1ad786-4df5-4ad3-9d06-deed9001e6ea,annotation,"segmentation ring first/last point gap = 2.59px (first=(817.1058,1666.9904) last=(816.4358,1669.4904)) -- prompt's assumed x0==x_n-1,y0==y_n-1 invariant does NOT hold for this annotation"
9ddd38dc-4620-4ab0-b805-072772f46f2f,annotation,"segmentation ring first/last point gap = 1.60px (first=(676.0827,702.7538) last=(675.6727,704.3038)) -- prompt's assumed x0==x_n-1,y0==y_n-1 invariant does NOT hold for this annotation"
1a0316b0-92df-4194-98da-11b9ee94bd51,annotation,"segmentation ring first/last point gap = 2.59px (first=(818.0739,1668.3438) last=(818.7439,1665.8438)) -- prompt's assumed x0==x_n-1,y0==y_n-1 invariant does NOT hold for this annotation"
414941e7-4a1a-4467-9751-969fc4d9a1ea,annotation,"segmentation ring first/last point gap = 3.52px (first=(669.1744,698.4958) last=(670.0842,695.0922)) -- prompt's assumed x0==x_n-1,y0==y_n-1 invariant does NOT hold for this annotation"
82ef320b-b145-44f7-8ae7-3b1cd01ac367,annotation,"segmentation ring first/last point gap = 5.00px (first=(1101.0,851.0) last=(1098.0,855.0)) -- prompt's assumed x0==x_n-1,y0==y_n-1 invariant does NOT hold for this annotation"
0fe19aee-1cc8-4ef5-9d6a-926a593c3643,annotation,"segmentation ring first/last point gap = 2.59px (first=(741.4581,1492.9328) last=(742.1281,1490.4328)) -- prompt's assumed x0==x_n-1,y0==y_n-1 invariant does NOT hold for this annotation"
4c881c5b-a679-4e52-ae3c-927f171e6301,annotation,"segmentation ring first/last point gap = 2.59px (first=(1336.6908,1207.3969) last=(1337.3608,1204.8969)) -- prompt's assumed x0==x_n-1,y0==y_n-1 invariant does NOT hold for this annotation"
cdbcd3c2-0ed1-4d49-9385-e41892981f29,annotation,"segmentation ring first/last point gap = 1.29px (first=(888.1367,1246.5974) last=(887.8067,1247.8474)) -- prompt's assumed x0==x_n-1,y0==y_n-1 invariant does NOT hold for this annotation"
2a0c8f4d-158d-46b7-aad5-f5638179bc8e,annotation,"segmentation ring first/last point gap = 1.36px (first=(706.9592,1293.2532) last=(706.6113,1294.5686)) -- prompt's assumed x0==x_n-1,y0==y_n-1 invariant does NOT hold for this annotation"
7adad7ed-d299-4342-9e76-6cc1b2e6628d,annotation,"segmentation ring first/last point gap = 2.70px (first=(594.0324,1518.6626) last=(595.9419,1516.7531)) -- prompt's assumed x0==x_n-1,y0==y_n-1 invariant does NOT hold for this annotation"
434813e8-938f-47be-898c-249b2e668e25,annotation,"segmentation ring first/last point gap = 1.60px (first=(443.0229,826.9501) last=(443.4329,825.4001)) -- prompt's assumed x0==x_n-1,y0==y_n-1 invariant does NOT hold for this annotation"
c43769e9-44a9-42df-a469-1aa5b703b7e2,annotation,"segmentation ring first/last point gap = 1.33px (first=(1474.1319,1179.0252) last=(1474.8173,1177.8829)) -- prompt's assumed x0==x_n-1,y0==y_n-1 invariant does NOT hold for this annotation"
155d0c90-bf27-45ad-8ea9-c45592a4fc72,annotation,"segmentation ring first/last point gap = 2.03px (first=(529.4758,1264.526) last=(530.002,1262.5625)) -- prompt's assumed x0==x_n-1,y0==y_n-1 invariant does NOT hold for this annotation"
a96ca3bd-2a14-4307-b3fd-a0ad0ddf7f5b,annotation,"segmentation ring first/last point gap = 4.88px (first=(703.3264,1355.9777) last=(703.9314,1351.1371)) -- prompt's assumed x0==x_n-1,y0==y_n-1 invariant does NOT hold for this annotation"
b510900d-b4e0-4956-8c07-db1ae194726f,annotation,"segmentation ring first/last point gap = 1.60px (first=(918.8039,1472.4783) last=(918.3939,1474.0283)) -- prompt's assumed x0==x_n-1,y0==y_n-1 invariant does NOT hold for this annotation"
9e7f8c5f-24dc-494d-966a-8fc74cfe6148,annotation,"segmentation ring first/last point gap = 1.41px (first=(769.0,431.0) last=(768.0,432.0)) -- prompt's assumed x0==x_n-1,y0==y_n-1 invariant does NOT hold for this annotation"
2644c7f5-a591-49c3-a68a-bb5be025c68c,annotation,"segmentation ring first/last point gap = 1.60px (first=(1663.1773,1507.268) last=(1662.7673,1508.818)) -- prompt's assumed x0==x_n-1,y0==y_n-1 invariant does NOT hold for this annotation"
98f99ee8-d2e2-44bf-9b82-45bdaa1cf76e,annotation,"segmentation ring first/last point gap = 5.78px (first=(789.1899,1682.912) last=(787.7037,1688.4959)) -- prompt's assumed x0==x_n-1,y0==y_n-1 invariant does NOT hold for this annotation"
2e264a6e-03fe-45a2-97d1-bde4d80ab2cb,annotation,"segmentation ring first/last point gap = 1.60px (first=(1385.656,1221.7693) last=(1385.246,1223.3193)) -- prompt's assumed x0==x_n-1,y0==y_n-1 invariant does NOT hold for this annotation"
9020fb17-4efc-4d68-910f-f116c3c73fa2,annotation,"segmentation ring first/last point gap = 1.97px (first=(1496.2151,1262.9566) last=(1496.7241,1261.0574)) -- prompt's assumed x0==x_n-1,y0==y_n-1 invariant does NOT hold for this annotation"
b75a9c42-9579-4913-9242-0e296394e5d6,annotation,"segmentation ring first/last point gap = 2.59px (first=(346.8335,900.0214) last=(347.5035,897.5214)) -- prompt's assumed x0==x_n-1,y0==y_n-1 invariant does NOT hold for this annotation"
433690c4-e193-437d-81bc-81582e43a64a,annotation,"segmentation ring first/last point gap = 2.59px (first=(1038.2412,779.5167) last=(1037.5712,782.0167)) -- prompt's assumed x0==x_n-1,y0==y_n-1 invariant does NOT hold for this annotation"
09716c80-c8a9-4e30-a433-9dfa30b4942b,annotation,"segmentation ring first/last point gap = 2.59px (first=(1263.7825,1317.6022) last=(1264.4525,1315.1022)) -- prompt's assumed x0==x_n-1,y0==y_n-1 invariant does NOT hold for this annotation"
66436e2f-6868-4a71-84a4-3d998f6a2163,annotation,"segmentation ring first/last point gap = 2.59px (first=(818.8615,1435.3663) last=(819.5315,1432.8663)) -- prompt's assumed x0==x_n-1,y0==y_n-1 invariant does NOT hold for this annotation"
c050d33d-483b-4188-a945-25aef92ee61b,annotation,"segmentation ring first/last point gap = 2.59px (first=(348.9185,760.621) last=(349.5885,758.121)) -- prompt's assumed x0==x_n-1,y0==y_n-1 invariant does NOT hold for this annotation"
f0d1aea6-193b-4c8c-b94b-c8aa0e54482f,annotation,"segmentation ring first/last point gap = 2.59px (first=(449.2111,675.0471) last=(449.8811,672.5471)) -- prompt's assumed x0==x_n-1,y0==y_n-1 invariant does NOT hold for this annotation"
ef6caa51-81e3-4eb7-aab8-60bbdddb558c,annotation,"segmentation ring first/last point gap = 2.59px (first=(1846.7405,1246.0467) last=(1847.4105,1243.5467)) -- prompt's assumed x0==x_n-1,y0==y_n-1 invariant does NOT hold for this annotation"
b7fc13a0-68c9-41e0-8983-a5391decadfb,annotation,"segmentation ring first/last point gap = 4.18px (first=(1543.8396,1514.2408) last=(1544.9196,1510.2008)) -- prompt's assumed x0==x_n-1,y0==y_n-1 invariant does NOT hold for this annotation"
d935b36d-3f0d-4bc3-b780-37e309c495a6,annotation,"segmentation ring first/last point gap = 4.18px (first=(1732.7497,645.5652) last=(1733.8297,641.5252)) -- prompt's assumed x0==x_n-1,y0==y_n-1 invariant does NOT hold for this annotation"
edb88af6-ed22-4f1b-a29a-ce2aae8d9331,annotation,"segmentation ring first/last point gap = 2.59px (first=(1074.2727,1676.026) last=(1073.6027,1678.526)) -- prompt's assumed x0==x_n-1,y0==y_n-1 invariant does NOT hold for this annotation"
cc9d19f7-0d41-42d6-afea-5ed391f3686c,annotation,"segmentation ring first/last point gap = 3.92px (first=(359.109,803.2156) last=(360.1245,799.4344)) -- prompt's assumed x0==x_n-1,y0==y_n-1 invariant does NOT hold for this annotation"
d5d47bd9-8ad0-4d83-b338-64711575ecb6,annotation,"segmentation ring first/last point gap = 2.42px (first=(1447.7398,797.5204) last=(1446.6595,799.6809)) -- prompt's assumed x0==x_n-1,y0==y_n-1 invariant does NOT hold for this annotation"
bb8c4f44-fe7d-498e-97d4-05fe4e03e786,annotation,"segmentation ring first/last point gap = 1.29px (first=(1079.7262,1660.1047) last=(1079.3962,1661.3547)) -- prompt's assumed x0==x_n-1,y0==y_n-1 invariant does NOT hold for this annotation"
a39f9b53-892d-4138-b2c2-2dd0ae40efda,annotation,"segmentation ring first/last point gap = 2.24px (first=(1730.0,644.0) last=(1729.0,646.0)) -- prompt's assumed x0==x_n-1,y0==y_n-1 invariant does NOT hold for this annotation"
fbd2ec88-0322-4634-a8b1-d6664305caf3,annotation,"segmentation ring first/last point gap = 2.83px (first=(1463.0,816.0) last=(1461.0,818.0)) -- prompt's assumed x0==x_n-1,y0==y_n-1 invariant does NOT hold for this annotation"
8ab457bb-89d4-4a89-ab10-18768744401e,annotation,"segmentation ring first/last point gap = 1.41px (first=(1480.0,908.0) last=(1479.0,909.0)) -- prompt's assumed x0==x_n-1,y0==y_n-1 invariant does NOT hold for this annotation"
e88b9c2a-8ab1-4598-a9cf-9ca3101ecbd9,annotation,"segmentation ring first/last point gap = 2.24px (first=(1158.0,735.0) last=(1157.0,737.0)) -- prompt's assumed x0==x_n-1,y0==y_n-1 invariant does NOT hold for this annotation"
d0a477c9-c05d-4910-b397-4fc16d4b0ad8,annotation,"segmentation ring first/last point gap = 1.57px (first=(1537.2208,1547.9167) last=(1537.7158,1546.4316)) -- prompt's assumed x0==x_n-1,y0==y_n-1 invariant does NOT hold for this annotation"
e5797c92-d01a-4685-8afd-00871f377337,annotation,"segmentation ring first/last point gap = 3.00px (first=(1728.0,646.0) last=(1725.0,646.0)) -- prompt's assumed x0==x_n-1,y0==y_n-1 invariant does NOT hold for this annotation"
addce9e3-217a-40f8-b3df-6ecbdeed7281,annotation,"segmentation ring first/last point gap = 2.83px (first=(1759.0,774.0) last=(1757.0,776.0)) -- prompt's assumed x0==x_n-1,y0==y_n-1 invariant does NOT hold for this annotation"
cf84c8b3-6bea-44dc-8d59-c81270db1037,annotation,"segmentation ring first/last point gap = 1.19px (first=(1314.2389,1295.9174) last=(1313.9497,1297.0741)) -- prompt's assumed x0==x_n-1,y0==y_n-1 invariant does NOT hold for this annotation"
20f29d8f-155f-46db-8de9-472465704c58,annotation,"segmentation ring first/last point gap = 4.20px (first=(1227.719,1434.6248) last=(1231.0,1432.0)) -- prompt's assumed x0==x_n-1,y0==y_n-1 invariant does NOT hold for this annotation"
ede3dcb6-1ed4-418a-8dff-0b77f6a3edbe,annotation,"segmentation ring first/last point gap = 1.04px (first=(1073.0529,1239.5823) last=(1072.7829,1240.5823)) -- prompt's assumed x0==x_n-1,y0==y_n-1 invariant does NOT hold for this annotation"
454ce868-bb25-4d2c-83ec-602176283eaf,annotation,"segmentation ring first/last point gap = 1.29px (first=(1808.3755,986.071) last=(1808.7055,984.821)) -- prompt's assumed x0==x_n-1,y0==y_n-1 invariant does NOT hold for this annotation"
116480db-4e80-43b9-9487-ae1932d7585d,annotation,"segmentation ring first/last point gap = 1.29px (first=(530.8981,1540.2739) last=(531.2281,1539.0239)) -- prompt's assumed x0==x_n-1,y0==y_n-1 invariant does NOT hold for this annotation"
f47532db-d558-473a-b10a-09e402e30fa6,annotation,"segmentation ring first/last point gap = 1.60px (first=(1574.7568,418.746) last=(1574.3468,420.296)) -- prompt's assumed x0==x_n-1,y0==y_n-1 invariant does NOT hold for this annotation"
e8b23f95-4bdc-44d7-81b5-2636410e64a8,annotation,"segmentation ring first/last point gap = 1.10px (first=(780.6573,1146.6873) last=(780.3673,1147.7473)) -- prompt's assumed x0==x_n-1,y0==y_n-1 invariant does NOT hold for this annotation"
1ca17a71-9349-4a09-9f5f-194ce0b891dd,annotation,"segmentation ring first/last point gap = 2.83px (first=(912.0,1086.0) last=(914.0,1084.0)) -- prompt's assumed x0==x_n-1,y0==y_n-1 invariant does NOT hold for this annotation"
ad65c6d9-729f-4f54-8b86-556cd466ba92,annotation,"segmentation ring first/last point gap = 1.10px (first=(1493.4613,1523.6148) last=(1493.7513,1522.5548)) -- prompt's assumed x0==x_n-1,y0==y_n-1 invariant does NOT hold for this annotation"
31f00139-d772-4b83-896f-33180cf1199f,annotation,"segmentation ring first/last point gap = 1.10px (first=(1485.8131,1000.2936) last=(1485.5231,1001.3536)) -- prompt's assumed x0==x_n-1,y0==y_n-1 invariant does NOT hold for this annotation"
ef3bf548-6767-4f68-9605-240bff862a4c,annotation,"segmentation ring first/last point gap = 1.10px (first=(1580.7917,1141.542) last=(1580.5017,1142.602)) -- prompt's assumed x0==x_n-1,y0==y_n-1 invariant does NOT hold for this annotation"
1c2e5084-8d78-4199-b4a9-8cde90df064b,annotation,"segmentation ring first/last point gap = 1.10px (first=(722.1333,1466.4875) last=(722.4233,1465.4275)) -- prompt's assumed x0==x_n-1,y0==y_n-1 invariant does NOT hold for this annotation"
4ac79e2a-3ab6-41d8-8c48-1af9ad0828bc,annotation,"segmentation ring first/last point gap = 1.10px (first=(752.7156,1367.6384) last=(752.4256,1368.6984)) -- prompt's assumed x0==x_n-1,y0==y_n-1 invariant does NOT hold for this annotation"
767a1a1a-f3bf-4cea-9c7e-46f817c991b7,annotation,"segmentation ring first/last point gap = 1.01px (first=(904.1139,1289.7595) last=(903.8473,1290.7339)) -- prompt's assumed x0==x_n-1,y0==y_n-1 invariant does NOT hold for this annotation"
33735735-5914-48db-a142-8cda4aee2b75,annotation,"segmentation ring first/last point gap = 2.11px (first=(297.7893,1241.9381) last=(298.8493,1240.1081)) -- prompt's assumed x0==x_n-1,y0==y_n-1 invariant does NOT hold for this annotation"
b476b23c-3503-4b1f-8ec6-a97799843bc4,annotation,"segmentation ring first/last point gap = 1.60px (first=(1372.9317,775.2281) last=(1372.5217,776.7781)) -- prompt's assumed x0==x_n-1,y0==y_n-1 invariant does NOT hold for this annotation"
e7d9ada5-c783-4448-8e59-2bc187a9b6f7,annotation,"segmentation ring first/last point gap = 1.60px (first=(1269.3481,1323.961) last=(1268.9381,1325.511)) -- prompt's assumed x0==x_n-1,y0==y_n-1 invariant does NOT hold for this annotation"
720ae25f-9098-4729-8d62-6fe24eed3e21,annotation,"segmentation ring first/last point gap = 1.60px (first=(1009.7753,1255.1432) last=(1010.1853,1253.5932)) -- prompt's assumed x0==x_n-1,y0==y_n-1 invariant does NOT hold for this annotation"
acf988ca-039d-4b5a-a3fe-78153ba67cc3,annotation,"segmentation ring first/last point gap = 2.59px (first=(1238.3327,508.347) last=(1239.0027,505.847)) -- prompt's assumed x0==x_n-1,y0==y_n-1 invariant does NOT hold for this annotation"
81314391-f7f9-4339-a4d1-4828f9e57ef3,annotation,"segmentation ring first/last point gap = 2.59px (first=(826.1324,921.2518) last=(826.8024,918.7518)) -- prompt's assumed x0==x_n-1,y0==y_n-1 invariant does NOT hold for this annotation"
d7818e41-1222-4853-8aef-f23f8997d744,annotation,"segmentation ring first/last point gap = 2.24px (first=(1311.0,694.0) last=(1309.0,695.0)) -- prompt's assumed x0==x_n-1,y0==y_n-1 invariant does NOT hold for this annotation"
52f73266-84d6-4c82-ae03-1de1ab4ec87c,annotation,"segmentation ring first/last point gap = 1.60px (first=(960.981,949.0017) last=(961.391,947.4517)) -- prompt's assumed x0==x_n-1,y0==y_n-1 invariant does NOT hold for this annotation"
3af805ae-cdd6-4e2c-ba6c-9d2de7940740,annotation,"segmentation ring first/last point gap = 6.71px (first=(667.0,1282.0) last=(664.0,1288.0)) -- prompt's assumed x0==x_n-1,y0==y_n-1 invariant does NOT hold for this annotation"
94b9e319-b3be-40ff-ba76-bed2c85553f8,annotation,"segmentation ring first/last point gap = 1.41px (first=(832.0,1211.0) last=(831.0,1212.0)) -- prompt's assumed x0==x_n-1,y0==y_n-1 invariant does NOT hold for this annotation"
ad9d199c-b8fc-4b46-bd17-b5cd60885682,annotation,"segmentation ring first/last point gap = 2.83px (first=(1321.0,695.0) last=(1319.0,697.0)) -- prompt's assumed x0==x_n-1,y0==y_n-1 invariant does NOT hold for this annotation"
279e2e49-621d-41b0-a1ce-3a5649f5f9c3,annotation,"segmentation ring first/last point gap = 1.60px (first=(666.3885,1279.0171) last=(665.9785,1280.5671)) -- prompt's assumed x0==x_n-1,y0==y_n-1 invariant does NOT hold for this annotation"
8c299704-4536-4169-9483-8d0c5c38afbc,annotation,"segmentation ring first/last point gap = 1.55px (first=(1311.9044,1307.0073) last=(1313.0,1305.9117)) -- prompt's assumed x0==x_n-1,y0==y_n-1 invariant does NOT hold for this annotation"
511544e2-1124-4494-aea2-1d915d99e305,annotation,"segmentation ring first/last point gap = 3.16px (first=(720.0,1217.0) last=(721.0,1214.0)) -- prompt's assumed x0==x_n-1,y0==y_n-1 invariant does NOT hold for this annotation"
da67b846-9649-417e-981f-23383281f073,annotation,"segmentation ring first/last point gap = 1.47px (first=(1618.2051,1469.137) last=(1619.6204,1468.7577)) -- prompt's assumed x0==x_n-1,y0==y_n-1 invariant does NOT hold for this annotation"
f1e960e5-cea2-4ea0-be12-c066fcad6d61,annotation,"segmentation ring first/last point gap = 1.41px (first=(1561.0,932.0) last=(1560.0,933.0)) -- prompt's assumed x0==x_n-1,y0==y_n-1 invariant does NOT hold for this annotation"
bbce6de1-fa85-42e5-9ab0-d8d8c1c845d1,annotation,"segmentation ring first/last point gap = 1.41px (first=(1862.0,1044.0) last=(1863.0,1043.0)) -- prompt's assumed x0==x_n-1,y0==y_n-1 invariant does NOT hold for this annotation"
9eb5fdd9-e72f-41be-b48e-c619af4767c7,annotation,"segmentation ring first/last point gap = 3.61px (first=(905.0,885.0) last=(902.0,887.0)) -- prompt's assumed x0==x_n-1,y0==y_n-1 invariant does NOT hold for this annotation"
a4d2dab4-c27a-4935-b902-f9b67ad32ac7,annotation,"segmentation ring first/last point gap = 2.24px (first=(715.0,1214.0) last=(713.0,1215.0)) -- prompt's assumed x0==x_n-1,y0==y_n-1 invariant does NOT hold for this annotation"
47061893-fc0f-4da9-9fdf-78fe9df6de47,annotation,"segmentation ring first/last point gap = 2.15px (first=(1317.1938,867.2267) last=(1319.0387,868.3336)) -- prompt's assumed x0==x_n-1,y0==y_n-1 invariant does NOT hold for this annotation"
f0605f17-1b05-4976-b010-d033a2a24892,annotation,"segmentation ring first/last point gap = 1.23px (first=(1689.0,825.0) last=(1688.452,826.0961)) -- prompt's assumed x0==x_n-1,y0==y_n-1 invariant does NOT hold for this annotation"
9afbe683-58b0-4b15-9c95-103ea4cb1f03,annotation,"segmentation ring first/last point gap = 1.60px (first=(1522.3389,1563.5997) last=(1522.7489,1562.0497)) -- prompt's assumed x0==x_n-1,y0==y_n-1 invariant does NOT hold for this annotation"
88daab83-8767-4612-a557-6acb8388c0a4,annotation,"segmentation ring first/last point gap = 1.60px (first=(1334.0771,1401.0712) last=(1334.4871,1399.5212)) -- prompt's assumed x0==x_n-1,y0==y_n-1 invariant does NOT hold for this annotation"
b059b09d-79f4-4b54-a698-25d2e8237e61,annotation,"segmentation ring first/last point gap = 1.60px (first=(611.2401,1202.7927) last=(610.8301,1204.3427)) -- prompt's assumed x0==x_n-1,y0==y_n-1 invariant does NOT hold for this annotation"
f3408894-f21b-4e43-adda-d1ebadf09bf9,annotation,"segmentation ring first/last point gap = 1.41px (first=(773.0,1322.0) last=(772.0,1323.0)) -- prompt's assumed x0==x_n-1,y0==y_n-1 invariant does NOT hold for this annotation"
12b4bff0-eda9-4579-8905-4d1afe5f53bd,annotation,"segmentation ring first/last point gap = 1.41px (first=(883.0,1297.0) last=(882.0,1298.0)) -- prompt's assumed x0==x_n-1,y0==y_n-1 invariant does NOT hold for this annotation"
a65ce0f7-e019-4c3c-9c8a-f4ce371e64ec,annotation,"segmentation ring first/last point gap = 8.60px (first=(608.0,1205.0) last=(603.0,1212.0)) -- prompt's assumed x0==x_n-1,y0==y_n-1 invariant does NOT hold for this annotation"
a58a7be8-b36c-45e6-a4cb-ab0cc9a88306,annotation,"segmentation ring first/last point gap = 1.41px (first=(824.0,704.0) last=(823.0,705.0)) -- prompt's assumed x0==x_n-1,y0==y_n-1 invariant does NOT hold for this annotation"
2e422c5a-b5a5-44c3-b57e-badf58179101,annotation,"segmentation ring first/last point gap = 3.61px (first=(806.0,645.0) last=(808.0,642.0)) -- prompt's assumed x0==x_n-1,y0==y_n-1 invariant does NOT hold for this annotation"
0f704c9c-edea-457f-9766-3bf30e6a4168,annotation,"segmentation ring first/last point gap = 1.10px (first=(528.8447,1466.2769) last=(529.1347,1465.2169)) -- prompt's assumed x0==x_n-1,y0==y_n-1 invariant does NOT hold for this annotation"
22e4aa49-295d-4c89-96fc-b364603f2743,annotation,"segmentation ring first/last point gap = 1.77px (first=(1474.9218,931.5132) last=(1475.3818,929.8032)) -- prompt's assumed x0==x_n-1,y0==y_n-1 invariant does NOT hold for this annotation"
df231529-abfa-46ba-b889-9b579b039544,annotation,"segmentation ring first/last point gap = 1.05px (first=(1539.3305,1374.3324) last=(1539.1254,1375.358)) -- prompt's assumed x0==x_n-1,y0==y_n-1 invariant does NOT hold for this annotation"
9c2779a5-19f6-4941-823b-7fa94d199300,annotation,"segmentation ring first/last point gap = 4.65px (first=(1149.9926,330.7052) last=(1148.7926,335.1952)) -- prompt's assumed x0==x_n-1,y0==y_n-1 invariant does NOT hold for this annotation"
3c674080-a782-45f9-abe9-8c5641b6a468,annotation,"segmentation ring first/last point gap = 1.41px (first=(1335.0,902.0) last=(1334.0,903.0)) -- prompt's assumed x0==x_n-1,y0==y_n-1 invariant does NOT hold for this annotation"
07768b01-7695-4c70-ab41-90109b0e656d,annotation,"segmentation ring first/last point gap = 4.24px (first=(1568.0,801.0) last=(1571.0,798.0)) -- prompt's assumed x0==x_n-1,y0==y_n-1 invariant does NOT hold for this annotation"
e08f886a-ba42-474c-a567-49212a0d2077,annotation,"segmentation ring first/last point gap = 5.00px (first=(1187.0,1357.0) last=(1183.0,1360.0)) -- prompt's assumed x0==x_n-1,y0==y_n-1 invariant does NOT hold for this annotation"
49469946-b71d-476e-8497-c972290ec065,annotation,"segmentation ring first/last point gap = 1.41px (first=(502.0,648.0) last=(503.0,647.0)) -- prompt's assumed x0==x_n-1,y0==y_n-1 invariant does NOT hold for this annotation"
b39ad632-d82c-4908-a309-59aab7173695,annotation,"segmentation ring first/last point gap = 1.60px (first=(578.9414,748.1282) last=(579.3514,746.5782)) -- prompt's assumed x0==x_n-1,y0==y_n-1 invariant does NOT hold for this annotation"
809415f3-8a4f-4655-90f5-c639bd132e45,annotation,"segmentation ring first/last point gap = 2.83px (first=(1379.0,823.0) last=(1377.0,825.0)) -- prompt's assumed x0==x_n-1,y0==y_n-1 invariant does NOT hold for this annotation"
320cb409-50cb-4f16-aa84-6fa869a6b4a1,annotation,"segmentation ring first/last point gap = 1.29px (first=(1121.3126,1546.5528) last=(1120.9826,1547.8028)) -- prompt's assumed x0==x_n-1,y0==y_n-1 invariant does NOT hold for this annotation"
7aa63d78-11ea-4be2-90e1-39c22b328d13,annotation,"segmentation ring first/last point gap = 5.44px (first=(562.3737,746.6131) last=(563.7837,741.3631)) -- prompt's assumed x0==x_n-1,y0==y_n-1 invariant does NOT hold for this annotation"
2e7a45e3-39c5-4578-a309-ab0e83c5670e,annotation,"segmentation ring first/last point gap = 1.60px (first=(446.9059,721.1597) last=(446.4959,722.7097)) -- prompt's assumed x0==x_n-1,y0==y_n-1 invariant does NOT hold for this annotation"
e4a40c72-aa7e-4a6c-abc9-b8b912c09fe1,annotation,"segmentation ring first/last point gap = 1.64px (first=(1149.8164,309.8273) last=(1151.3978,309.4035)) -- prompt's assumed x0==x_n-1,y0==y_n-1 invariant does NOT hold for this annotation"
2fc2ec12-d7be-4608-9172-c56b29bf56ac,annotation,"segmentation ring first/last point gap = 1.60px (first=(1428.1006,1150.7883) last=(1427.6906,1152.3383)) -- prompt's assumed x0==x_n-1,y0==y_n-1 invariant does NOT hold for this annotation"
dbe0be3a-7bbc-4d86-9bfb-9be6e96ea57d,annotation,"segmentation ring first/last point gap = 2.24px (first=(1161.0,1216.0) last=(1160.0,1218.0)) -- prompt's assumed x0==x_n-1,y0==y_n-1 invariant does NOT hold for this annotation"
297000a7-b78d-43db-b9ff-a5e4d1014cb0,annotation,"segmentation ring first/last point gap = 2.59px (first=(1125.5431,1465.6203) last=(1126.2131,1463.1203)) -- prompt's assumed x0==x_n-1,y0==y_n-1 invariant does NOT hold for this annotation"
700b6ef5-07e4-42da-bb3a-5a5ec4d954ab,annotation,"segmentation ring first/last point gap = 1.30px (first=(720.644,1484.0576) last=(720.3075,1485.3163)) -- prompt's assumed x0==x_n-1,y0==y_n-1 invariant does NOT hold for this annotation"
67575036-8d51-4ff1-99ea-d3d8b702f107,annotation,"segmentation ring first/last point gap = 3.80px (first=(1706.8484,702.9881) last=(1708.6729,699.6566)) -- prompt's assumed x0==x_n-1,y0==y_n-1 invariant does NOT hold for this annotation"
291ae29d-e205-41f4-90c7-af4cdac48206,annotation,"segmentation ring first/last point gap = 1.43px (first=(560.0858,558.0429) last=(559.2937,559.2311)) -- prompt's assumed x0==x_n-1,y0==y_n-1 invariant does NOT hold for this annotation"
e7596db1-4c61-4b3c-925c-3a95bca504f8,annotation,"segmentation ring first/last point gap = 1.60px (first=(1506.6437,507.4847) last=(1506.2337,509.0347)) -- prompt's assumed x0==x_n-1,y0==y_n-1 invariant does NOT hold for this annotation"
9790a2cc-ec87-4ded-8197-549561a0a23f,annotation,"segmentation ring first/last point gap = 1.60px (first=(721.727,1495.9149) last=(722.137,1494.3649)) -- prompt's assumed x0==x_n-1,y0==y_n-1 invariant does NOT hold for this annotation"
3d676e9d-f34c-4b93-b6ac-02d1bbf82d15,annotation,"segmentation ring first/last point gap = 5.66px (first=(1081.0,719.0) last=(1077.0,723.0)) -- prompt's assumed x0==x_n-1,y0==y_n-1 invariant does NOT hold for this annotation"
fb74a85c-8b36-4ba1-9226-1df844396bfd,annotation,"segmentation ring first/last point gap = 1.60px (first=(1119.283,945.473) last=(1119.693,943.923)) -- prompt's assumed x0==x_n-1,y0==y_n-1 invariant does NOT hold for this annotation"
8fd1f4d8-705e-45fe-932b-94aa74ac21c3,annotation,"segmentation ring first/last point gap = 2.59px (first=(1100.3358,1274.0013) last=(1101.0058,1271.5013)) -- prompt's assumed x0==x_n-1,y0==y_n-1 invariant does NOT hold for this annotation"
775db200-21bf-446a-8666-ef1708288d6c,annotation,"segmentation ring first/last point gap = 1.41px (first=(571.0,774.0) last=(570.0,775.0)) -- prompt's assumed x0==x_n-1,y0==y_n-1 invariant does NOT hold for this annotation"
1998dfd7-50e0-43c3-8b6b-35fb568124cd,annotation,"segmentation ring first/last point gap = 1.41px (first=(960.0,784.0) last=(961.0,783.0)) -- prompt's assumed x0==x_n-1,y0==y_n-1 invariant does NOT hold for this annotation"
4153bf90-66fb-4d02-a54e-9922bab3406a,annotation,"segmentation ring first/last point gap = 2.24px (first=(944.0,1154.0) last=(943.0,1156.0)) -- prompt's assumed x0==x_n-1,y0==y_n-1 invariant does NOT hold for this annotation"
5639ccaf-0fef-4b25-b593-6b9f3bb2e7f2,annotation,"segmentation ring first/last point gap = 2.07px (first=(1356.9052,731.6084) last=(1357.4452,729.6084)) -- prompt's assumed x0==x_n-1,y0==y_n-1 invariant does NOT hold for this annotation"
0725cdd1-55d0-4f74-bd22-969b80403f41,annotation,"segmentation ring first/last point gap = 2.59px (first=(1028.5389,1429.4913) last=(1027.8689,1431.9913)) -- prompt's assumed x0==x_n-1,y0==y_n-1 invariant does NOT hold for this annotation"
02d8d152-92d1-458c-bf27-142ca43444c7,annotation,"segmentation ring first/last point gap = 2.00px (first=(1157.0,1321.0) last=(1155.0,1321.0)) -- prompt's assumed x0==x_n-1,y0==y_n-1 invariant does NOT hold for this annotation"
01f88d0f-7feb-487a-bab3-8f442cb7ddab,annotation,"segmentation ring first/last point gap = 3.73px (first=(1084.3054,800.4626) last=(1080.6987,801.4277)) -- prompt's assumed x0==x_n-1,y0==y_n-1 invariant does NOT hold for this annotation"
b91bd0cb-3dae-4452-b203-12d048ff967d,annotation,"segmentation ring first/last point gap = 4.47px (first=(773.0,774.0) last=(777.0,772.0)) -- prompt's assumed x0==x_n-1,y0==y_n-1 invariant does NOT hold for this annotation"
7cedd359-dead-4ae0-afbc-1886ffd13a84,annotation,"segmentation ring first/last point gap = 3.67px (first=(662.2007,843.0657) last=(660.0,846.0)) -- prompt's assumed x0==x_n-1,y0==y_n-1 invariant does NOT hold for this annotation"
b18bcc16-11a2-4f48-ab1b-b7a656f3010f,annotation,"segmentation ring first/last point gap = 2.24px (first=(1134.0,586.0) last=(1133.0,588.0)) -- prompt's assumed x0==x_n-1,y0==y_n-1 invariant does NOT hold for this annotation"
1a2125ae-4250-417b-8276-fbf408e0fb86,annotation,"segmentation ring first/last point gap = 1.41px (first=(1693.0,1216.0) last=(1692.0,1217.0)) -- prompt's assumed x0==x_n-1,y0==y_n-1 invariant does NOT hold for this annotation"
22c565e5-d065-450d-8f8d-b5adb6ca8137,annotation,"segmentation ring first/last point gap = 1.60px (first=(1696.9629,1184.8357) last=(1696.5529,1186.3857)) -- prompt's assumed x0==x_n-1,y0==y_n-1 invariant does NOT hold for this annotation"
6ac1d9c8-71ff-4ab0-8e35-44d37238abaa,annotation,"segmentation ring first/last point gap = 2.59px (first=(1620.4527,1452.0757) last=(1619.7827,1454.5757)) -- prompt's assumed x0==x_n-1,y0==y_n-1 invariant does NOT hold for this annotation"
95f2065d-a0fe-403f-8828-9a0a350a467a,annotation,"segmentation ring first/last point gap = 1.78px (first=(1558.0817,1163.114) last=(1556.8261,1164.3696)) -- prompt's assumed x0==x_n-1,y0==y_n-1 invariant does NOT hold for this annotation"
57fd6368-526a-4862-bccc-cc80db5bd25a,annotation,"segmentation ring first/last point gap = 1.29px (first=(1647.5829,946.3482) last=(1647.2529,947.5982)) -- prompt's assumed x0==x_n-1,y0==y_n-1 invariant does NOT hold for this annotation"
124ffab8-41a5-4e64-b953-ff9b2b5ee520,annotation,"segmentation ring first/last point gap = 16.45px (first=(1831.5885,878.3049) last=(1831.1588,894.7477)) -- prompt's assumed x0==x_n-1,y0==y_n-1 invariant does NOT hold for this annotation"
989e5441-5ccf-4224-94ed-e59bdb59b413,annotation,"segmentation ring first/last point gap = 1.41px (first=(1645.0,945.0) last=(1644.0,946.0)) -- prompt's assumed x0==x_n-1,y0==y_n-1 invariant does NOT hold for this annotation"
665cdf56-c505-4ad7-8b49-0e0b8e96dc12,annotation,"segmentation ring first/last point gap = 2.87px (first=(1154.4812,560.7822) last=(1153.7412,563.5522)) -- prompt's assumed x0==x_n-1,y0==y_n-1 invariant does NOT hold for this annotation"
c5e1ca5b-d9d0-4c5e-a276-d437c1c374d8,annotation,"segmentation ring first/last point gap = 1.10px (first=(1698.8788,841.0819) last=(1699.1688,840.0219)) -- prompt's assumed x0==x_n-1,y0==y_n-1 invariant does NOT hold for this annotation"
9fb76c27-1e49-4472-af89-8e0e2721a64d,annotation,"segmentation ring first/last point gap = 1.10px (first=(1780.5095,753.2283) last=(1780.7995,752.1683)) -- prompt's assumed x0==x_n-1,y0==y_n-1 invariant does NOT hold for this annotation"
f78aa7fd-2440-40ee-86fb-1a0543b4915f,annotation,"segmentation ring first/last point gap = 1.75px (first=(1519.5629,742.2294) last=(1519.1071,743.9241)) -- prompt's assumed x0==x_n-1,y0==y_n-1 invariant does NOT hold for this annotation"
e4871f1b-8224-4184-8b2f-3d7ebad22f93,annotation,"segmentation ring first/last point gap = 1.01px (first=(1000.8525,761.2127) last=(1000.5867,762.1845)) -- prompt's assumed x0==x_n-1,y0==y_n-1 invariant does NOT hold for this annotation"
a4f77ac3-d478-4f3c-bdfc-e0e5af1a1225,annotation,"segmentation ring first/last point gap = 1.10px (first=(838.1843,753.2436) last=(838.469,752.1779)) -- prompt's assumed x0==x_n-1,y0==y_n-1 invariant does NOT hold for this annotation"
11068ddf-60c3-42b1-be88-0bcaa365a6b2,annotation,"segmentation ring first/last point gap = 1.10px (first=(1305.3544,969.0602) last=(1305.6444,968.0002)) -- prompt's assumed x0==x_n-1,y0==y_n-1 invariant does NOT hold for this annotation"
c7552a68-8df1-4f12-937c-318e0dc0509f,annotation,"segmentation ring first/last point gap = 1.77px (first=(1494.9958,1336.8288) last=(1494.5358,1338.5388)) -- prompt's assumed x0==x_n-1,y0==y_n-1 invariant does NOT hold for this annotation"
97976bdb-026b-48e7-b4a9-56a8c3a8210f,annotation,"segmentation ring first/last point gap = 1.87px (first=(501.2812,1257.5655) last=(501.7655,1255.7585)) -- prompt's assumed x0==x_n-1,y0==y_n-1 invariant does NOT hold for this annotation"
d809c2f6-f408-4ff0-9dd1-95c7a5672774,annotation,"segmentation ring first/last point gap = 2.59px (first=(948.8494,1653.9889) last=(949.5194,1651.4889)) -- prompt's assumed x0==x_n-1,y0==y_n-1 invariant does NOT hold for this annotation"
d58fe62a-922d-415a-8d11-ff8d656549fc,annotation,"segmentation ring first/last point gap = 4.18px (first=(1245.6127,1583.3059) last=(1244.5327,1587.3459)) -- prompt's assumed x0==x_n-1,y0==y_n-1 invariant does NOT hold for this annotation"
8b6e855e-4a1c-4008-a9bd-09711f9cf87a,annotation,"segmentation ring first/last point gap = 1.60px (first=(1505.8758,1499.731) last=(1505.4658,1501.281)) -- prompt's assumed x0==x_n-1,y0==y_n-1 invariant does NOT hold for this annotation"
9f575a2f-39b1-48c7-bc14-495ade1986af,annotation,"segmentation ring first/last point gap = 4.18px (first=(707.4105,1045.2126) last=(706.3305,1049.2526)) -- prompt's assumed x0==x_n-1,y0==y_n-1 invariant does NOT hold for this annotation"
1e8d93bb-6441-4c21-9eb2-c6bcf28bd231,annotation,"segmentation ring first/last point gap = 1.41px (first=(1245.0,1579.0) last=(1246.0,1578.0)) -- prompt's assumed x0==x_n-1,y0==y_n-1 invariant does NOT hold for this annotation"
2e44af07-96d4-469d-8115-1b6ca9fbf66f,annotation,"segmentation ring first/last point gap = 1.41px (first=(940.0,1664.0) last=(939.0,1665.0)) -- prompt's assumed x0==x_n-1,y0==y_n-1 invariant does NOT hold for this annotation"
4b6b5ebb-34e4-47de-a1bc-a74e09706c09,annotation,"segmentation ring first/last point gap = 1.41px (first=(858.0,1213.0) last=(859.0,1212.0)) -- prompt's assumed x0==x_n-1,y0==y_n-1 invariant does NOT hold for this annotation"
2e74d8be-98df-433b-8f03-7c8cc463fe1a,annotation,"segmentation ring first/last point gap = 1.41px (first=(1510.0,1500.0) last=(1511.0,1499.0)) -- prompt's assumed x0==x_n-1,y0==y_n-1 invariant does NOT hold for this annotation"
8d2a8768-01e0-48a5-94ba-4b60b91cf92b,annotation,"segmentation ring first/last point gap = 1.95px (first=(917.0,865.0) last=(916.1262,866.7477)) -- prompt's assumed x0==x_n-1,y0==y_n-1 invariant does NOT hold for this annotation"
7a108e9b-d4e6-4cdc-a02e-f4a2e0684180,annotation,"segmentation ring first/last point gap = 1.81px (first=(1336.8721,884.4098) last=(1338.0,883.0)) -- prompt's assumed x0==x_n-1,y0==y_n-1 invariant does NOT hold for this annotation"
4e0678a7-81d8-4361-be54-d173aa7711f0,annotation,"segmentation ring first/last point gap = 2.55px (first=(1492.2215,973.3054) last=(1494.6938,973.9235)) -- prompt's assumed x0==x_n-1,y0==y_n-1 invariant does NOT hold for this annotation"
1e7ee3d1-d8f4-4236-91b8-ff85deb44783,annotation,"segmentation ring first/last point gap = 2.24px (first=(830.0,1189.0) last=(828.0,1190.0)) -- prompt's assumed x0==x_n-1,y0==y_n-1 invariant does NOT hold for this annotation"
46e9825e-7b38-4a8a-845c-a6f2465bbe84,annotation,"segmentation ring first/last point gap = 1.41px (first=(1245.0,1579.0) last=(1244.0,1580.0)) -- prompt's assumed x0==x_n-1,y0==y_n-1 invariant does NOT hold for this annotation"
618728b2-6ee1-491b-bf17-06a28e5e098e,annotation,"segmentation ring first/last point gap = 1.42px (first=(551.0046,1296.0169) last=(551.376,1294.6415)) -- prompt's assumed x0==x_n-1,y0==y_n-1 invariant does NOT hold for this annotation"
bffd8380-bcfe-486f-8274-3694e7a1f0b8,annotation,"segmentation ring first/last point gap = 2.59px (first=(940.3443,1665.6836) last=(941.0143,1663.1836)) -- prompt's assumed x0==x_n-1,y0==y_n-1 invariant does NOT hold for this annotation"
01df2a7c-f058-4208-9fe6-a07dffb4b38d,annotation,"segmentation ring first/last point gap = 4.47px (first=(1327.0,1289.0) last=(1323.0,1291.0)) -- prompt's assumed x0==x_n-1,y0==y_n-1 invariant does NOT hold for this annotation"
c08e414b-6115-41d8-b51d-1783e2123b84,annotation,"segmentation ring first/last point gap = 2.30px (first=(1177.0,1156.0) last=(1175.9735,1158.053)) -- prompt's assumed x0==x_n-1,y0==y_n-1 invariant does NOT hold for this annotation"
28bffe1b-48d5-4749-a5a2-819514a7b20f,annotation,"segmentation ring first/last point gap = 5.66px (first=(1451.0,1401.0) last=(1447.0,1405.0)) -- prompt's assumed x0==x_n-1,y0==y_n-1 invariant does NOT hold for this annotation"
a55d0c8b-7b2a-4a47-997f-7f045dc8ffed,annotation,"segmentation ring first/last point gap = 4.18px (first=(1788.5188,1415.6044) last=(1789.5988,1411.5644)) -- prompt's assumed x0==x_n-1,y0==y_n-1 invariant does NOT hold for this annotation"
a6ae570c-3819-4ed1-b76d-c37438dcf270,annotation,"segmentation ring first/last point gap = 1.41px (first=(740.0,1405.0) last=(741.0,1404.0)) -- prompt's assumed x0==x_n-1,y0==y_n-1 invariant does NOT hold for this annotation"
79c4e523-5918-4b2c-9fad-d6ecec93676e,annotation,"segmentation ring first/last point gap = 5.66px (first=(1022.8702,1291.8053) last=(1026.8702,1287.8053)) -- prompt's assumed x0==x_n-1,y0==y_n-1 invariant does NOT hold for this annotation"
f8ab3d41-f509-4e46-86c2-0148bcbc4324,annotation,"segmentation ring first/last point gap = 1.41px (first=(1454.0,1399.0) last=(1453.0,1400.0)) -- prompt's assumed x0==x_n-1,y0==y_n-1 invariant does NOT hold for this annotation"
a767ee72-923b-436d-8025-92745f1beced,annotation,"segmentation ring first/last point gap = 6.94px (first=(367.4812,804.0381) last=(371.1575,798.156)) -- prompt's assumed x0==x_n-1,y0==y_n-1 invariant does NOT hold for this annotation"
00bd00c0-3122-48d0-a913-4c75c3eda7d3,annotation,"segmentation ring first/last point gap = 1.41px (first=(1722.0,1542.0) last=(1721.0,1543.0)) -- prompt's assumed x0==x_n-1,y0==y_n-1 invariant does NOT hold for this annotation"
84f2e8ec-45b8-4b6f-a595-b99b77e7c6ad,annotation,"segmentation ring first/last point gap = 1.41px (first=(367.0,779.0) last=(368.0,778.0)) -- prompt's assumed x0==x_n-1,y0==y_n-1 invariant does NOT hold for this annotation"
feae11f7-541b-4735-af03-2557f1899eef,annotation,"segmentation ring first/last point gap = 1.41px (first=(781.0,1432.0) last=(780.0,1433.0)) -- prompt's assumed x0==x_n-1,y0==y_n-1 invariant does NOT hold for this annotation"
d7703f8e-696a-4236-b03a-040ec59f074c,annotation,"segmentation ring first/last point gap = 1.35px (first=(249.3512,993.0) last=(248.0,993.0)) -- prompt's assumed x0==x_n-1,y0==y_n-1 invariant does NOT hold for this annotation"
06deac76-6899-429c-a972-df774c62dc5d,annotation,"segmentation ring first/last point gap = 2.59px (first=(228.4573,1117.9393) last=(227.7873,1120.4393)) -- prompt's assumed x0==x_n-1,y0==y_n-1 invariant does NOT hold for this annotation"
df6eff39-6c56-4598-b8ee-b33da499aac5,annotation,"segmentation ring first/last point gap = 1.41px (first=(1105.0,1285.0) last=(1106.0,1284.0)) -- prompt's assumed x0==x_n-1,y0==y_n-1 invariant does NOT hold for this annotation"
8159d319-9652-4dda-9b72-caaee259eda7,annotation,"segmentation ring first/last point gap = 1.41px (first=(675.0,825.0) last=(674.0,826.0)) -- prompt's assumed x0==x_n-1,y0==y_n-1 invariant does NOT hold for this annotation"
d8959aff-db15-4b30-a7e2-d9b27da9462a,annotation,"segmentation ring first/last point gap = 15.00px (first=(743.0,737.0) last=(758.0,737.0)) -- prompt's assumed x0==x_n-1,y0==y_n-1 invariant does NOT hold for this annotation"
124b0e64-c2f3-4744-ad39-ab536edf79aa,annotation,"segmentation ring first/last point gap = 5.66px (first=(1236.0,674.0) last=(1240.0,670.0)) -- prompt's assumed x0==x_n-1,y0==y_n-1 invariant does NOT hold for this annotation"
0e51b7ce-2a63-44d9-927f-885bde96a9c8,annotation,"segmentation ring first/last point gap = 3.61px (first=(1517.0,1477.0) last=(1519.0,1474.0)) -- prompt's assumed x0==x_n-1,y0==y_n-1 invariant does NOT hold for this annotation"
a07d0bf2-564f-4a68-986a-86de0ea777cd,annotation,"segmentation ring first/last point gap = 6.71px (first=(1099.0,1327.0) last=(1102.0,1321.0)) -- prompt's assumed x0==x_n-1,y0==y_n-1 invariant does NOT hold for this annotation"
6564852f-7b07-4350-8d6c-c8ac25480b35,annotation,"segmentation ring first/last point gap = 1.60px (first=(1005.1874,885.9992) last=(1004.7774,887.5492)) -- prompt's assumed x0==x_n-1,y0==y_n-1 invariant does NOT hold for this annotation"
c4e813fa-cf59-4fe9-aff3-f09e9cb82cf4,annotation,"segmentation ring first/last point gap = 5.83px (first=(1494.0,886.0) last=(1499.0,889.0)) -- prompt's assumed x0==x_n-1,y0==y_n-1 invariant does NOT hold for this annotation"
11af85b5-b130-4e7c-9fa0-a52f113585ab,annotation,"segmentation ring first/last point gap = 1.60px (first=(468.6144,902.0992) last=(469.0244,900.5492)) -- prompt's assumed x0==x_n-1,y0==y_n-1 invariant does NOT hold for this annotation"
fe638f19-c40f-446d-a190-ef5482aba561,annotation,"segmentation ring first/last point gap = 4.87px (first=(1039.0,826.0) last=(1036.0779,829.8962)) -- prompt's assumed x0==x_n-1,y0==y_n-1 invariant does NOT hold for this annotation"
67d7cb6d-688c-4954-a9ea-402088592cae,annotation,"segmentation ring first/last point gap = 4.12px (first=(613.0,970.0) last=(612.0,974.0)) -- prompt's assumed x0==x_n-1,y0==y_n-1 invariant does NOT hold for this annotation"
251b8246-8ba6-4435-b26a-851459fd77e6,annotation,"segmentation ring first/last point gap = 1.60px (first=(1597.074,824.1198) last=(1597.484,822.5698)) -- prompt's assumed x0==x_n-1,y0==y_n-1 invariant does NOT hold for this annotation"
22cda4a1-1142-4498-9810-8267ee518c0d,annotation,"segmentation ring first/last point gap = 6.83px (first=(1411.5888,1374.3559) last=(1410.9975,1381.1589)) -- prompt's assumed x0==x_n-1,y0==y_n-1 invariant does NOT hold for this annotation"
9827649f-5339-43d2-9bc3-9444c63df648,annotation,"segmentation ring first/last point gap = 1.60px (first=(1371.8535,316.4029) last=(1372.2635,314.8529)) -- prompt's assumed x0==x_n-1,y0==y_n-1 invariant does NOT hold for this annotation"
bc889865-1066-473c-b988-c6c46b506116,annotation,"segmentation ring first/last point gap = 4.18px (first=(1746.0003,619.1338) last=(1747.0803,615.0938)) -- prompt's assumed x0==x_n-1,y0==y_n-1 invariant does NOT hold for this annotation"
bbc6fdcb-7ae1-4d99-8916-addd3b7924a1,annotation,"segmentation ring first/last point gap = 1.10px (first=(596.5876,683.2427) last=(596.8776,682.1827)) -- prompt's assumed x0==x_n-1,y0==y_n-1 invariant does NOT hold for this annotation"
73bf73f3-6787-47f8-9f0c-b53b53dad5ca,annotation,"segmentation ring first/last point gap = 2.59px (first=(1195.2564,421.2413) last=(1194.5864,423.7413)) -- prompt's assumed x0==x_n-1,y0==y_n-1 invariant does NOT hold for this annotation"
b3c7208b-9b88-4632-96b4-a1d6b93d77f6,annotation,"segmentation ring first/last point gap = 1.60px (first=(638.2003,1559.563) last=(638.6103,1558.013)) -- prompt's assumed x0==x_n-1,y0==y_n-1 invariant does NOT hold for this annotation"
f096c15c-e18f-484b-add1-52880a092dc3,annotation,"segmentation ring first/last point gap = 1.60px (first=(1778.7137,1426.1047) last=(1778.3037,1427.6547)) -- prompt's assumed x0==x_n-1,y0==y_n-1 invariant does NOT hold for this annotation"
487fc866-2910-494f-8efd-88dfa32d558a,annotation,"segmentation ring first/last point gap = 1.60px (first=(1339.2957,834.5859) last=(1338.8857,836.1359)) -- prompt's assumed x0==x_n-1,y0==y_n-1 invariant does NOT hold for this annotation"
020abb0a-c63e-4fcc-9282-199ea2108722,annotation,"segmentation ring first/last point gap = 1.04px (first=(1234.2379,1453.054) last=(1233.9679,1454.054)) -- prompt's assumed x0==x_n-1,y0==y_n-1 invariant does NOT hold for this annotation"
187f245d-2617-452c-b139-f60648468d21,annotation,"segmentation ring first/last point gap = 1.04px (first=(1095.3367,1217.0666) last=(1095.0667,1218.0666)) -- prompt's assumed x0==x_n-1,y0==y_n-1 invariant does NOT hold for this annotation"
48e9da7d-4212-48db-85bb-bf7f23f16988,annotation,"segmentation ring first/last point gap = 1.04px (first=(1753.3757,979.9597) last=(1753.1057,980.9597)) -- prompt's assumed x0==x_n-1,y0==y_n-1 invariant does NOT hold for this annotation"
196682ea-b870-491c-b842-ca7095269ce1,annotation,"segmentation ring first/last point gap = 1.04px (first=(1312.1498,817.1648) last=(1311.8798,818.1648)) -- prompt's assumed x0==x_n-1,y0==y_n-1 invariant does NOT hold for this annotation"
c4233470-e652-4074-8381-29c2b3d4e9b5,annotation,"segmentation ring first/last point gap = 1.04px (first=(1373.7023,1315.8601) last=(1373.4323,1316.8601)) -- prompt's assumed x0==x_n-1,y0==y_n-1 invariant does NOT hold for this annotation"
0a2e31a2-183d-414e-850e-2b16feb1d37f,annotation,"segmentation ring first/last point gap = 3.16px (first=(636.0,1555.0) last=(635.0,1558.0)) -- prompt's assumed x0==x_n-1,y0==y_n-1 invariant does NOT hold for this annotation"
e8bbb2da-a366-4dbe-b552-5e4c03e4b305,annotation,"segmentation ring first/last point gap = 1.01px (first=(853.4053,655.3004) last=(853.1463,656.2795)) -- prompt's assumed x0==x_n-1,y0==y_n-1 invariant does NOT hold for this annotation"
5f7a9911-b4f5-4825-a8d0-1c3122ebf301,annotation,"segmentation ring first/last point gap = 3.16px (first=(657.0,531.0) last=(654.0,530.0)) -- prompt's assumed x0==x_n-1,y0==y_n-1 invariant does NOT hold for this annotation"
84820189-5f32-48a3-ac92-3862aac508e4,annotation,"segmentation ring first/last point gap = 6.71px (first=(492.0,810.0) last=(489.0,816.0)) -- prompt's assumed x0==x_n-1,y0==y_n-1 invariant does NOT hold for this annotation"
4d9ec2e5-4e8c-4f81-9d49-f46831681dd9,annotation,"segmentation ring first/last point gap = 1.38px (first=(1582.9724,1415.0276) last=(1582.0,1416.0)) -- prompt's assumed x0==x_n-1,y0==y_n-1 invariant does NOT hold for this annotation"
4972dad7-2cdf-47d0-82e8-b0fedfb74d03,annotation,"segmentation ring first/last point gap = 1.28px (first=(1259.8829,1694.6108) last=(1259.5505,1695.851)) -- prompt's assumed x0==x_n-1,y0==y_n-1 invariant does NOT hold for this annotation"
04238662-64e4-49c8-83f3-b7489e603b5e,annotation,"segmentation ring first/last point gap = 1.60px (first=(975.9388,264.0987) last=(975.5288,265.6487)) -- prompt's assumed x0==x_n-1,y0==y_n-1 invariant does NOT hold for this annotation"
4e8c504b-ba2f-4af4-b565-1746daa87500,annotation,"segmentation ring first/last point gap = 2.24px (first=(1584.3645,468.706) last=(1583.4591,470.7514)) -- prompt's assumed x0==x_n-1,y0==y_n-1 invariant does NOT hold for this annotation"
e8b8384b-fddf-40b0-97c6-2566043c171d,annotation,"segmentation ring first/last point gap = 1.60px (first=(1295.8796,733.2481) last=(1295.4696,734.7981)) -- prompt's assumed x0==x_n-1,y0==y_n-1 invariant does NOT hold for this annotation"
f75b8945-a3e4-4243-a2ab-8dfc6a58bc2c,annotation,"segmentation ring first/last point gap = 1.29px (first=(995.2156,931.846) last=(995.5456,930.596)) -- prompt's assumed x0==x_n-1,y0==y_n-1 invariant does NOT hold for this annotation"
459e085f-fcbe-4a07-af4e-933afc36e40d,annotation,"segmentation ring first/last point gap = 1.55px (first=(610.4651,973.909) last=(610.0651,975.409)) -- prompt's assumed x0==x_n-1,y0==y_n-1 invariant does NOT hold for this annotation"
9bba6ca1-e837-4dd8-853b-f930591d0c73,annotation,"segmentation ring first/last point gap = 1.04px (first=(1344.1457,1741.3737) last=(1344.4157,1740.3737)) -- prompt's assumed x0==x_n-1,y0==y_n-1 invariant does NOT hold for this annotation"
306447f0-83ee-44ee-be09-6c3e92b6a7b9,annotation,"segmentation ring first/last point gap = 2.24px (first=(991.0,1129.0) last=(990.0,1131.0)) -- prompt's assumed x0==x_n-1,y0==y_n-1 invariant does NOT hold for this annotation"
000dcd92-b394-4e01-957d-eabb0840b992,annotation,"segmentation ring first/last point gap = 5.00px (first=(327.0,1095.0) last=(324.0,1099.0)) -- prompt's assumed x0==x_n-1,y0==y_n-1 invariant does NOT hold for this annotation"
6c778c27-0d3d-4d16-bfdb-eccf2f525e05,annotation,"segmentation ring first/last point gap = 3.16px (first=(991.0,1132.0) last=(990.0,1135.0)) -- prompt's assumed x0==x_n-1,y0==y_n-1 invariant does NOT hold for this annotation"
6ce74c3b-4031-470d-8446-7dfe6828a57c,annotation,"segmentation ring first/last point gap = 1.41px (first=(301.0,1103.0) last=(300.0,1104.0)) -- prompt's assumed x0==x_n-1,y0==y_n-1 invariant does NOT hold for this annotation"
1cd4a98f-4649-4d26-a82d-800c21b0faed,annotation,"segmentation ring first/last point gap = 1.60px (first=(545.7197,1206.5884) last=(546.1297,1205.0384)) -- prompt's assumed x0==x_n-1,y0==y_n-1 invariant does NOT hold for this annotation"
c9770848-75ef-4108-8da7-fb7b95d126ba,annotation,"segmentation ring first/last point gap = 11.18px (first=(437.0,784.0) last=(439.0,773.0)) -- prompt's assumed x0==x_n-1,y0==y_n-1 invariant does NOT hold for this annotation"
d0e8ed7d-b84c-4df3-ba59-58c1c1c3a1bf,annotation,"segmentation ring first/last point gap = 16.16px (first=(701.0,611.0) last=(707.0,596.0)) -- prompt's assumed x0==x_n-1,y0==y_n-1 invariant does NOT hold for this annotation"
87cc6710-44cd-46c3-9ac6-91bb17be568f,annotation,"segmentation ring first/last point gap = 6.08px (first=(721.0,1316.0) last=(720.0,1322.0)) -- prompt's assumed x0==x_n-1,y0==y_n-1 invariant does NOT hold for this annotation"
a5dbc1ba-e633-4df8-a291-9cba169ca0c3,annotation,"segmentation ring first/last point gap = 1.16px (first=(1276.1658,1400.081) last=(1276.447,1398.9562)) -- prompt's assumed x0==x_n-1,y0==y_n-1 invariant does NOT hold for this annotation"
03e63a8f-7f75-493a-a439-00afea46efaf,annotation,"segmentation ring first/last point gap = 1.29px (first=(1554.902,1119.7305) last=(1555.232,1118.4805)) -- prompt's assumed x0==x_n-1,y0==y_n-1 invariant does NOT hold for this annotation"
c4abcbea-fd32-44e7-983b-041a4d4536c5,annotation,"segmentation ring first/last point gap = 2.49px (first=(1060.3075,822.0578) last=(1060.9512,819.6531)) -- prompt's assumed x0==x_n-1,y0==y_n-1 invariant does NOT hold for this annotation"
4b5bd5a7-7915-42a4-8b99-f2cf06c536c6,annotation,"segmentation ring first/last point gap = 1.60px (first=(1217.2575,438.612) last=(1216.8475,440.162)) -- prompt's assumed x0==x_n-1,y0==y_n-1 invariant does NOT hold for this annotation"
adea9edf-9b91-4e0c-924d-dee604e689a3,annotation,"segmentation ring first/last point gap = 1.77px (first=(488.9067,1385.0909) last=(488.4775,1386.8076)) -- prompt's assumed x0==x_n-1,y0==y_n-1 invariant does NOT hold for this annotation"
224da576-dfda-4bf2-8842-9b8f838dc27d,annotation,"segmentation ring first/last point gap = 1.60px (first=(1205.4622,440.9717) last=(1205.8722,439.4217)) -- prompt's assumed x0==x_n-1,y0==y_n-1 invariant does NOT hold for this annotation"
07b2c4bf-8de9-4511-8a11-077c66c317f8,annotation,"segmentation ring first/last point gap = 2.56px (first=(660.1867,541.8133) last=(662.0,540.0)) -- prompt's assumed x0==x_n-1,y0==y_n-1 invariant does NOT hold for this annotation"
7e2d32a0-803a-48fe-9d0f-fb12397b7bdb,annotation,"segmentation ring first/last point gap = 1.90px (first=(1059.2045,777.6882) last=(1058.498,779.4545)) -- prompt's assumed x0==x_n-1,y0==y_n-1 invariant does NOT hold for this annotation"
22dd4e1d-86f6-438c-a335-36c90639c07c,annotation,"segmentation ring first/last point gap = 1.41px (first=(748.0,1281.0) last=(749.0,1280.0)) -- prompt's assumed x0==x_n-1,y0==y_n-1 invariant does NOT hold for this annotation"
b4b609d3-0eea-4ca5-8d41-a0cebd48a6be,annotation,"segmentation ring first/last point gap = 4.24px (first=(1470.0,1545.0) last=(1467.0,1548.0)) -- prompt's assumed x0==x_n-1,y0==y_n-1 invariant does NOT hold for this annotation"
4ffeaa21-8de3-4c18-bc15-18f4875a8af1,annotation,"segmentation ring first/last point gap = 6.71px (first=(1491.0,1533.0) last=(1494.0,1527.0)) -- prompt's assumed x0==x_n-1,y0==y_n-1 invariant does NOT hold for this annotation"
0512b6e3-a829-47b1-a7f7-0d02af57e567,annotation,"segmentation ring first/last point gap = 6.40px (first=(468.0,1412.0) last=(472.0,1407.0)) -- prompt's assumed x0==x_n-1,y0==y_n-1 invariant does NOT hold for this annotation"
f4dae473-1b65-46b7-9160-28e47bd52d6b,annotation,"segmentation ring first/last point gap = 4.47px (first=(1822.0,1412.0) last=(1820.0,1416.0)) -- prompt's assumed x0==x_n-1,y0==y_n-1 invariant does NOT hold for this annotation"
4e51c710-80ea-428b-8f02-2dac4c5517b1,annotation,"segmentation ring first/last point gap = 2.24px (first=(1500.0,1509.0) last=(1499.0,1511.0)) -- prompt's assumed x0==x_n-1,y0==y_n-1 invariant does NOT hold for this annotation"
40d57193-e005-4ff3-b31c-ec862e2f0aad,annotation,"segmentation ring first/last point gap = 2.13px (first=(1072.8106,734.9053) last=(1072.4412,736.9982)) -- prompt's assumed x0==x_n-1,y0==y_n-1 invariant does NOT hold for this annotation"
ec5949bf-c291-4ee6-899b-82c0cbbdfdab,annotation,"segmentation ring first/last point gap = 1.41px (first=(642.0,1406.0) last=(641.0,1407.0)) -- prompt's assumed x0==x_n-1,y0==y_n-1 invariant does NOT hold for this annotation"
a9f7e096-aa92-43ff-83c8-425f3103b375,annotation,"segmentation ring first/last point gap = 2.24px (first=(1452.0,1015.0) last=(1453.0,1013.0)) -- prompt's assumed x0==x_n-1,y0==y_n-1 invariant does NOT hold for this annotation"
888a4684-cba3-4363-9c10-2c1ef4b12e9c,annotation,"segmentation ring first/last point gap = 2.59px (first=(1391.2884,1495.3661) last=(1390.6184,1497.8661)) -- prompt's assumed x0==x_n-1,y0==y_n-1 invariant does NOT hold for this annotation"
62fb84d8-6b89-4998-b29c-49f6ef6011f1,annotation,"segmentation ring first/last point gap = 2.90px (first=(1450.8607,1265.3329) last=(1449.9457,1268.086)) -- prompt's assumed x0==x_n-1,y0==y_n-1 invariant does NOT hold for this annotation"
0838839f-cfe9-4a3d-9172-7b17cd991f62,annotation,"segmentation ring first/last point gap = 1.60px (first=(1567.8319,1557.4407) last=(1568.2419,1555.8907)) -- prompt's assumed x0==x_n-1,y0==y_n-1 invariant does NOT hold for this annotation"
a499ef45-f2b5-42b9-9764-ad7bd346c5cc,annotation,"segmentation ring first/last point gap = 1.10px (first=(708.8778,520.1094) last=(708.1035,520.8837)) -- prompt's assumed x0==x_n-1,y0==y_n-1 invariant does NOT hold for this annotation"
58fb43b0-7702-4a68-b25e-8e30cbfbe12d,annotation,"segmentation ring first/last point gap = 1.04px (first=(309.8473,710.9958) last=(310.1173,709.9958)) -- prompt's assumed x0==x_n-1,y0==y_n-1 invariant does NOT hold for this annotation"
5c089da9-3438-4e72-b4b2-5ad3786ce3e8,annotation,"segmentation ring first/last point gap = 1.04px (first=(1306.818,588.5136) last=(1306.548,589.5136)) -- prompt's assumed x0==x_n-1,y0==y_n-1 invariant does NOT hold for this annotation"
07e0969b-fb5d-4904-8df1-f4a99f98138b,annotation,"segmentation ring first/last point gap = 1.41px (first=(1465.0,823.0) last=(1464.0,824.0)) -- prompt's assumed x0==x_n-1,y0==y_n-1 invariant does NOT hold for this annotation"
e1a3c509-d350-4c74-8c3f-5e35961f52e9,annotation,"segmentation ring first/last point gap = 2.24px (first=(1096.0,1385.0) last=(1095.0,1387.0)) -- prompt's assumed x0==x_n-1,y0==y_n-1 invariant does NOT hold for this annotation"
cdcba842-b4ef-401d-a59c-9251f9ab0734,annotation,"segmentation ring first/last point gap = 2.59px (first=(1565.2984,1560.2086) last=(1565.9684,1557.7086)) -- prompt's assumed x0==x_n-1,y0==y_n-1 invariant does NOT hold for this annotation"
11f7380e-d6cf-4fbd-a909-162aefaa6537,annotation,"segmentation ring first/last point gap = 2.24px (first=(1386.0,1495.0) last=(1385.0,1497.0)) -- prompt's assumed x0==x_n-1,y0==y_n-1 invariant does NOT hold for this annotation"
107efaf9-fa3e-4725-b122-be04eff20b3b,annotation,"segmentation ring first/last point gap = 1.41px (first=(720.0,1548.0) last=(719.0,1549.0)) -- prompt's assumed x0==x_n-1,y0==y_n-1 invariant does NOT hold for this annotation"
44bb940d-e5b1-419a-9fa3-102e3a005bd9,annotation,"segmentation ring first/last point gap = 1.19px (first=(472.4252,1554.1078) last=(471.5838,1554.9493)) -- prompt's assumed x0==x_n-1,y0==y_n-1 invariant does NOT hold for this annotation"
8346ac7d-fd46-4254-96d8-9f0ef9933062,annotation,"segmentation ring first/last point gap = 1.03px (first=(707.0,519.0) last=(707.7313,518.2687)) -- prompt's assumed x0==x_n-1,y0==y_n-1 invariant does NOT hold for this annotation"
ef66564b-e85d-4be9-82a0-fab3abe11e72,annotation,"segmentation ring first/last point gap = 2.59px (first=(409.4778,773.7699) last=(408.8078,776.2699)) -- prompt's assumed x0==x_n-1,y0==y_n-1 invariant does NOT hold for this annotation"
2b53b412-8b10-498f-afe2-f77692563e71,annotation,"segmentation ring first/last point gap = 2.03px (first=(316.0,738.4856) last=(314.0353,739.0122)) -- prompt's assumed x0==x_n-1,y0==y_n-1 invariant does NOT hold for this annotation"
d8847fab-435f-42f9-96e3-caceb91d0101,annotation,"segmentation ring first/last point gap = 2.59px (first=(1564.7928,1387.7528) last=(1565.4628,1385.2528)) -- prompt's assumed x0==x_n-1,y0==y_n-1 invariant does NOT hold for this annotation"
635eedcd-5e5e-48d8-a7e0-21209ed956f8,annotation,"segmentation ring first/last point gap = 2.59px (first=(717.742,1547.9783) last=(717.072,1550.4783)) -- prompt's assumed x0==x_n-1,y0==y_n-1 invariant does NOT hold for this annotation"
f7a6303c-4d09-41c0-a352-9d4299a54f9b,annotation,"segmentation ring first/last point gap = 4.18px (first=(1570.9794,1559.7324) last=(1572.0594,1555.6924)) -- prompt's assumed x0==x_n-1,y0==y_n-1 invariant does NOT hold for this annotation"
800e866d-1057-4028-8f8a-118eef85a8ef,annotation,"segmentation ring first/last point gap = 4.18px (first=(1593.2494,1388.8042) last=(1592.1694,1392.8442)) -- prompt's assumed x0==x_n-1,y0==y_n-1 invariant does NOT hold for this annotation"
29bb4d42-42d9-4fd2-91e9-3f0e47b3682f,annotation,"segmentation ring first/last point gap = 4.18px (first=(476.2659,1551.1305) last=(475.1859,1555.1705)) -- prompt's assumed x0==x_n-1,y0==y_n-1 invariant does NOT hold for this annotation"
91019eb3-699a-427a-9a35-41008addf526,annotation,"segmentation ring first/last point gap = 1.03px (first=(405.9851,769.1908) last=(405.7824,770.2045)) -- prompt's assumed x0==x_n-1,y0==y_n-1 invariant does NOT hold for this annotation"
d5a3eb30-4615-4955-8104-5e608bcb942b,annotation,"segmentation ring first/last point gap = 3.10px (first=(654.6808,1278.6023) last=(654.1717,1281.657)) -- prompt's assumed x0==x_n-1,y0==y_n-1 invariant does NOT hold for this annotation"
bbb0ae3c-1e57-4ad9-8885-261bdd600ced,annotation,"segmentation ring first/last point gap = 1.60px (first=(1041.2208,1416.3912) last=(1040.8108,1417.9412)) -- prompt's assumed x0==x_n-1,y0==y_n-1 invariant does NOT hold for this annotation"
0f8e3d1a-3fc8-4133-84a9-211ba41f649d,annotation,"segmentation ring first/last point gap = 1.60px (first=(631.3923,1180.5714) last=(631.8023,1179.0214)) -- prompt's assumed x0==x_n-1,y0==y_n-1 invariant does NOT hold for this annotation"
848ff04d-4d53-492c-ab74-2efc3a220573,annotation,"segmentation ring first/last point gap = 2.59px (first=(1203.5232,1194.8464) last=(1202.8532,1197.3464)) -- prompt's assumed x0==x_n-1,y0==y_n-1 invariant does NOT hold for this annotation"
9a2bc222-21c0-43ec-b0c3-396b0595e1c7,annotation,"segmentation ring first/last point gap = 1.60px (first=(538.3601,581.6103) last=(537.9501,583.1603)) -- prompt's assumed x0==x_n-1,y0==y_n-1 invariant does NOT hold for this annotation"
e0268aa3-a8e6-4d93-81bf-db2c9dd5f367,annotation,"segmentation ring first/last point gap = 1.60px (first=(951.9561,861.7733) last=(951.5461,863.3233)) -- prompt's assumed x0==x_n-1,y0==y_n-1 invariant does NOT hold for this annotation"
e6e99b58-6049-4a57-99ee-af8140956a3a,annotation,"segmentation ring first/last point gap = 1.60px (first=(550.2398,1046.6647) last=(550.6498,1045.1147)) -- prompt's assumed x0==x_n-1,y0==y_n-1 invariant does NOT hold for this annotation"
7ec65160-50e4-4bb3-8bdd-3d4c8a96ccf5,annotation,"segmentation ring first/last point gap = 1.60px (first=(1080.0687,1467.6748) last=(1079.6587,1469.2248)) -- prompt's assumed x0==x_n-1,y0==y_n-1 invariant does NOT hold for this annotation"
f5e7ef7b-fbcb-4f9b-b54e-daed36a3f85e,annotation,"segmentation ring first/last point gap = 1.60px (first=(806.2781,758.8146) last=(806.6881,757.2646)) -- prompt's assumed x0==x_n-1,y0==y_n-1 invariant does NOT hold for this annotation"
ea7963d8-aad4-46c3-aa4a-c392952b8f3b,annotation,"segmentation ring first/last point gap = 1.29px (first=(1812.4105,1190.4801) last=(1812.7405,1189.2301)) -- prompt's assumed x0==x_n-1,y0==y_n-1 invariant does NOT hold for this annotation"
f9851626-cff2-41d0-91f4-c3e8d77c18a9,annotation,"segmentation ring first/last point gap = 1.41px (first=(1366.0,435.0) last=(1367.0,434.0)) -- prompt's assumed x0==x_n-1,y0==y_n-1 invariant does NOT hold for this annotation"
4d1f870a-c4e6-4a7b-9f0a-06937e2a0ab6,annotation,"segmentation ring first/last point gap = 7.95px (first=(1270.2043,1658.5488) last=(1265.087,1664.6342)) -- prompt's assumed x0==x_n-1,y0==y_n-1 invariant does NOT hold for this annotation"
c743ca49-f7b3-4b9b-897a-af454d21cdbd,annotation,"segmentation ring first/last point gap = 3.55px (first=(1412.0412,982.8406) last=(1412.9761,979.4115)) -- prompt's assumed x0==x_n-1,y0==y_n-1 invariant does NOT hold for this annotation"
fc07b280-7bff-4d7e-89ba-6870a421cc4d,annotation,"segmentation ring first/last point gap = 1.21px (first=(1388.2605,854.0789) last=(1387.4047,854.9346)) -- prompt's assumed x0==x_n-1,y0==y_n-1 invariant does NOT hold for this annotation"
940ca27c-7e60-4466-aac2-d8f48e41567d,annotation,"segmentation ring first/last point gap = 5.65px (first=(584.5903,412.1959) last=(586.1752,406.7684)) -- prompt's assumed x0==x_n-1,y0==y_n-1 invariant does NOT hold for this annotation"
f8e08c38-d36a-4d75-aa83-e328a2f4e873,annotation,"segmentation ring first/last point gap = 2.83px (first=(1651.0,675.0) last=(1649.0,677.0)) -- prompt's assumed x0==x_n-1,y0==y_n-1 invariant does NOT hold for this annotation"
97e00bb3-0e31-45e4-8351-509ad55cc305,annotation,"segmentation ring first/last point gap = 1.97px (first=(1749.6599,1227.2835) last=(1751.0515,1225.8919)) -- prompt's assumed x0==x_n-1,y0==y_n-1 invariant does NOT hold for this annotation"
5f6903f3-90a6-4444-bd1b-d62cbcf73224,annotation,"segmentation ring first/last point gap = 1.47px (first=(657.4851,906.2123) last=(656.4423,907.2552)) -- prompt's assumed x0==x_n-1,y0==y_n-1 invariant does NOT hold for this annotation"
8e237a23-3ba1-497e-a4df-054ff53c1e46,annotation,"segmentation ring first/last point gap = 1.29px (first=(412.81,765.9968) last=(413.14,764.7468)) -- prompt's assumed x0==x_n-1,y0==y_n-1 invariant does NOT hold for this annotation"
abf283dc-4c1d-44b9-ba31-f50bbd6fdf5f,annotation,"segmentation ring first/last point gap = 1.06px (first=(427.7039,725.035) last=(427.9738,724.013)) -- prompt's assumed x0==x_n-1,y0==y_n-1 invariant does NOT hold for this annotation"
42ece66f-de51-4118-9d6f-7aee0bfd5348,annotation,"segmentation ring first/last point gap = 1.04px (first=(1719.9618,934.1001) last=(1720.2318,933.1001)) -- prompt's assumed x0==x_n-1,y0==y_n-1 invariant does NOT hold for this annotation"
ec267395-f680-482b-9d13-10003746a437,annotation,"segmentation ring first/last point gap = 1.60px (first=(1341.7405,1035.3115) last=(1341.3305,1036.8615)) -- prompt's assumed x0==x_n-1,y0==y_n-1 invariant does NOT hold for this annotation"
af9c5c5f-42b8-425f-a52d-c8f3147c6520,annotation,"segmentation ring first/last point gap = 1.75px (first=(1560.752,731.0) last=(1559.0,731.0)) -- prompt's assumed x0==x_n-1,y0==y_n-1 invariant does NOT hold for this annotation"
d50b952b-e834-48c3-b85d-658bc78515e1,annotation,"segmentation ring first/last point gap = 3.20px (first=(1028.7358,1322.7298) last=(1026.4726,1324.993)) -- prompt's assumed x0==x_n-1,y0==y_n-1 invariant does NOT hold for this annotation"
a36d99fd-fda1-401b-8465-f0e3bcea5c84,annotation,"segmentation ring first/last point gap = 4.47px (first=(801.0,1457.0) last=(799.0,1461.0)) -- prompt's assumed x0==x_n-1,y0==y_n-1 invariant does NOT hold for this annotation"
2108926a-31d2-4b5c-8c64-5aa237f7bf3f,annotation,"segmentation ring first/last point gap = 3.75px (first=(726.1411,561.5529) last=(725.1897,565.1793)) -- prompt's assumed x0==x_n-1,y0==y_n-1 invariant does NOT hold for this annotation"
b1c4b284-db23-4523-a8f7-a45f6a14c022,annotation,"segmentation ring first/last point gap = 2.09px (first=(1429.0,670.1081) last=(1426.9144,669.969)) -- prompt's assumed x0==x_n-1,y0==y_n-1 invariant does NOT hold for this annotation"
26518b2d-f6cc-4254-b52e-60337f6298d3,annotation,"segmentation ring first/last point gap = 2.59px (first=(887.1343,1717.6896) last=(886.4643,1720.1896)) -- prompt's assumed x0==x_n-1,y0==y_n-1 invariant does NOT hold for this annotation"
428b02ec-6d2d-486a-9fda-0b3aa3af9b68,annotation,"segmentation ring first/last point gap = 2.59px (first=(1771.3208,656.733) last=(1770.6508,659.233)) -- prompt's assumed x0==x_n-1,y0==y_n-1 invariant does NOT hold for this annotation"
e11c7f73-93ec-42c1-872e-80cbbdce4bc7,annotation,"segmentation ring first/last point gap = 2.75px (first=(1107.0044,1055.9623) last=(1104.4949,1057.0933)) -- prompt's assumed x0==x_n-1,y0==y_n-1 invariant does NOT hold for this annotation"
ae7bc1a3-fd37-4952-8740-526b98c15185,annotation,"segmentation ring first/last point gap = 2.62px (first=(312.2661,1090.725) last=(314.2426,1089.0)) -- prompt's assumed x0==x_n-1,y0==y_n-1 invariant does NOT hold for this annotation"
21fe5027-a55b-4b8b-a8cd-cbe5c9194a6f,annotation,"segmentation ring first/last point gap = 2.84px (first=(539.976,1092.9461) last=(538.8884,1095.575)) -- prompt's assumed x0==x_n-1,y0==y_n-1 invariant does NOT hold for this annotation"
5c23e648-1b05-432b-8b72-9531cb8355fb,annotation,"segmentation ring first/last point gap = 3.61px (first=(1078.0,1653.0) last=(1076.0,1656.0)) -- prompt's assumed x0==x_n-1,y0==y_n-1 invariant does NOT hold for this annotation"
8b40156d-1e5c-4949-9012-b1f59db84b24,annotation,"segmentation ring first/last point gap = 2.39px (first=(1616.4385,779.2578) last=(1615.8598,781.5726)) -- prompt's assumed x0==x_n-1,y0==y_n-1 invariant does NOT hold for this annotation"
56cb2088-50ce-4b0c-a539-ffd2a3b974b2,annotation,"segmentation ring first/last point gap = 2.10px (first=(309.8983,708.5592) last=(310.4425,706.5289)) -- prompt's assumed x0==x_n-1,y0==y_n-1 invariant does NOT hold for this annotation"
a05ef6ef-9262-43dc-a8a6-ca7fdab2ccc2,annotation,"segmentation ring first/last point gap = 1.32px (first=(1646.5607,536.5853) last=(1645.2524,536.7946)) -- prompt's assumed x0==x_n-1,y0==y_n-1 invariant does NOT hold for this annotation"
474e0c80-a07f-41bb-902b-9a96166c5e62,annotation,"segmentation ring first/last point gap = 4.18px (first=(1690.1907,965.6477) last=(1689.1107,969.6877)) -- prompt's assumed x0==x_n-1,y0==y_n-1 invariant does NOT hold for this annotation"
2eb6ffc1-0f99-4ee0-8d4c-2d633e6174b3,annotation,"segmentation ring first/last point gap = 1.60px (first=(932.5459,578.521) last=(932.9559,576.971)) -- prompt's assumed x0==x_n-1,y0==y_n-1 invariant does NOT hold for this annotation"
9dca8e71-523e-4d87-9480-af1079a8d6b7,annotation,"segmentation ring first/last point gap = 5.08px (first=(741.3586,713.3613) last=(746.4203,712.8903)) -- prompt's assumed x0==x_n-1,y0==y_n-1 invariant does NOT hold for this annotation"
56813c0d-3182-44e6-95a5-11e893cfe5a7,annotation,"segmentation ring first/last point gap = 1.10px (first=(1049.9892,610.4622) last=(1049.6992,611.5222)) -- prompt's assumed x0==x_n-1,y0==y_n-1 invariant does NOT hold for this annotation"
b33a3799-fecd-4e52-9580-e71d51d98d65,annotation,"segmentation ring first/last point gap = 1.10px (first=(800.0264,747.4668) last=(800.3164,746.4068)) -- prompt's assumed x0==x_n-1,y0==y_n-1 invariant does NOT hold for this annotation"
9fb9548c-9f72-479b-9b9a-6eea0ec44c3b,annotation,"segmentation ring first/last point gap = 1.41px (first=(1092.0,848.0) last=(1093.0,847.0)) -- prompt's assumed x0==x_n-1,y0==y_n-1 invariant does NOT hold for this annotation"
f94ddc53-21a4-4f6d-9159-4fdd4f3f2148,annotation,"segmentation ring first/last point gap = 2.59px (first=(1913.5275,912.9599) last=(1912.8575,915.4599)) -- prompt's assumed x0==x_n-1,y0==y_n-1 invariant does NOT hold for this annotation"
5965e202-1ed4-4bae-8152-f7bb8b6d53d4,annotation,"segmentation ring first/last point gap = 1.41px (first=(1472.0,804.0) last=(1471.0,805.0)) -- prompt's assumed x0==x_n-1,y0==y_n-1 invariant does NOT hold for this annotation"
48b06900-e061-4582-9109-3034aae7a7e7,annotation,"segmentation ring first/last point gap = 2.59px (first=(1835.4267,1251.1852) last=(1834.7567,1253.6852)) -- prompt's assumed x0==x_n-1,y0==y_n-1 invariant does NOT hold for this annotation"
33a11984-8b86-4cab-bcf6-f4039b258d67,annotation,"segmentation ring first/last point gap = 2.59px (first=(1480.9736,1411.1397) last=(1480.3036,1413.6397)) -- prompt's assumed x0==x_n-1,y0==y_n-1 invariant does NOT hold for this annotation"
15128f43-2b2c-4873-a4cf-f9926855a263,annotation,"segmentation ring first/last point gap = 2.59px (first=(1099.1596,1411.2386) last=(1099.8296,1408.7386)) -- prompt's assumed x0==x_n-1,y0==y_n-1 invariant does NOT hold for this annotation"
d83b8175-cf56-4c70-8252-8b5046d92bfb,annotation,"segmentation ring first/last point gap = 2.59px (first=(927.8106,1587.013) last=(928.4806,1584.513)) -- prompt's assumed x0==x_n-1,y0==y_n-1 invariant does NOT hold for this annotation"
01a7540e-9e40-4ad4-8cb3-a3241274eb86,annotation,"segmentation ring first/last point gap = 7.07px (first=(1778.0,1082.0) last=(1777.0,1089.0)) -- prompt's assumed x0==x_n-1,y0==y_n-1 invariant does NOT hold for this annotation"
841c6ec3-aada-46d3-bdc0-fd09fe9434f2,annotation,"segmentation ring first/last point gap = 1.44px (first=(280.2557,985.4414) last=(280.6276,984.0539)) -- prompt's assumed x0==x_n-1,y0==y_n-1 invariant does NOT hold for this annotation"
a544d38f-9088-4d0c-bd40-bdbc005f642e,annotation,"segmentation ring first/last point gap = 2.24px (first=(660.0,421.0) last=(659.0,423.0)) -- prompt's assumed x0==x_n-1,y0==y_n-1 invariant does NOT hold for this annotation"
01a161e5-890b-41dd-8468-26f7cdbb982a,annotation,"segmentation ring first/last point gap = 1.32px (first=(907.7612,920.4898) last=(907.4421,921.766)) -- prompt's assumed x0==x_n-1,y0==y_n-1 invariant does NOT hold for this annotation"
b16f5eaa-d375-40c0-b0d7-fcb7af3ef97c,annotation,"segmentation ring first/last point gap = 6.77px (first=(824.1921,484.3504) last=(825.9421,477.8104)) -- prompt's assumed x0==x_n-1,y0==y_n-1 invariant does NOT hold for this annotation"
4f45c643-4f38-4e98-9191-6d68ca8c605c,annotation,"segmentation ring first/last point gap = 6.77px (first=(869.7241,1744.0724) last=(871.4741,1737.5324)) -- prompt's assumed x0==x_n-1,y0==y_n-1 invariant does NOT hold for this annotation"
8247e6a7-5ddb-4fc2-af2a-5be61d268e61,annotation,"segmentation ring first/last point gap = 2.44px (first=(1303.3397,482.6879) last=(1301.6166,484.411)) -- prompt's assumed x0==x_n-1,y0==y_n-1 invariant does NOT hold for this annotation"
6f9b3d9d-1980-41d5-8f72-47270d40c479,annotation,"segmentation ring first/last point gap = 3.12px (first=(1631.181,1381.168) last=(1630.7937,1384.2666)) -- prompt's assumed x0==x_n-1,y0==y_n-1 invariant does NOT hold for this annotation"
22079666-ffa8-4c49-93c4-3fe4e266c9cd,annotation,"segmentation ring first/last point gap = 6.77px (first=(1705.469,917.8416) last=(1707.219,911.3016)) -- prompt's assumed x0==x_n-1,y0==y_n-1 invariant does NOT hold for this annotation"
2d5d3692-352d-4e63-b8ec-044f9c43794a,annotation,"segmentation ring first/last point gap = 1.41px (first=(845.0,475.0) last=(844.0,476.0)) -- prompt's assumed x0==x_n-1,y0==y_n-1 invariant does NOT hold for this annotation"
a5ce620b-5508-4181-9540-61c1693828d7,annotation,"segmentation ring first/last point gap = 4.18px (first=(913.2685,932.4426) last=(914.3485,928.4026)) -- prompt's assumed x0==x_n-1,y0==y_n-1 invariant does NOT hold for this annotation"
7e705ce2-9cca-4fd8-a3f9-0178b2240546,annotation,"segmentation ring first/last point gap = 2.59px (first=(1307.5106,476.7247) last=(1306.8406,479.2247)) -- prompt's assumed x0==x_n-1,y0==y_n-1 invariant does NOT hold for this annotation"
ee8a757f-b6e1-4694-9c04-6d66c91973a0,annotation,"segmentation ring first/last point gap = 2.59px (first=(1704.7395,913.0141) last=(1704.0695,915.5141)) -- prompt's assumed x0==x_n-1,y0==y_n-1 invariant does NOT hold for this annotation"
71b08281-19e8-4666-96d4-f461c945a34d,annotation,"segmentation ring first/last point gap = 2.59px (first=(934.5061,932.1545) last=(933.8361,934.6545)) -- prompt's assumed x0==x_n-1,y0==y_n-1 invariant does NOT hold for this annotation"
cc06fa8f-24bc-4175-89f4-6a80d934d996,annotation,"segmentation ring first/last point gap = 2.59px (first=(1384.0242,576.8085) last=(1383.3542,579.3085)) -- prompt's assumed x0==x_n-1,y0==y_n-1 invariant does NOT hold for this annotation"
490ea69a-006f-4fad-8f6a-b72fc1d2bf46,annotation,"segmentation ring first/last point gap = 2.59px (first=(1702.5849,914.4814) last=(1703.2549,911.9814)) -- prompt's assumed x0==x_n-1,y0==y_n-1 invariant does NOT hold for this annotation"
0c740c9d-9bb3-4137-81f4-1b929d84686f,annotation,"segmentation ring first/last point gap = 1.41px (first=(1313.0,675.0) last=(1314.0,674.0)) -- prompt's assumed x0==x_n-1,y0==y_n-1 invariant does NOT hold for this annotation"
69c9724c-a911-4447-a392-fadbeebdee28,annotation,"segmentation ring first/last point gap = 3.09px (first=(909.6911,1208.1297) last=(911.2311,1205.4497)) -- prompt's assumed x0==x_n-1,y0==y_n-1 invariant does NOT hold for this annotation"
9dfdf202-621c-48c8-a73b-5609e6e0d3ea,annotation,"segmentation ring first/last point gap = 2.59px (first=(1076.1264,715.1539) last=(1075.4564,717.6539)) -- prompt's assumed x0==x_n-1,y0==y_n-1 invariant does NOT hold for this annotation"
01ea9472-8f1c-4089-bf4d-b4181ebd8f53,annotation,"segmentation ring first/last point gap = 1.41px (first=(1484.0,810.0) last=(1485.0,809.0)) -- prompt's assumed x0==x_n-1,y0==y_n-1 invariant does NOT hold for this annotation"
48a52bee-4f67-4f20-b7a4-d5e7e0c1cbac,annotation,"segmentation ring first/last point gap = 1.35px (first=(966.7733,1443.5761) last=(967.0378,1442.2535)) -- prompt's assumed x0==x_n-1,y0==y_n-1 invariant does NOT hold for this annotation"
fb1b520f-07d3-436d-b0cd-ea679864f190,annotation,"segmentation ring first/last point gap = 2.59px (first=(1051.2266,1036.5706) last=(1051.8966,1034.0706)) -- prompt's assumed x0==x_n-1,y0==y_n-1 invariant does NOT hold for this annotation"
913bbb46-84ba-47c2-b556-791334bceb12,annotation,"segmentation ring first/last point gap = 1.41px (first=(1279.0,1277.0) last=(1278.0,1278.0)) -- prompt's assumed x0==x_n-1,y0==y_n-1 invariant does NOT hold for this annotation"
e12bd1b8-2509-4395-9dcd-1efe80e06841,annotation,"segmentation ring first/last point gap = 1.41px (first=(1512.0,1417.0) last=(1513.0,1416.0)) -- prompt's assumed x0==x_n-1,y0==y_n-1 invariant does NOT hold for this annotation"
71750eaf-7b13-4ea1-8d9e-6fdbedd76d85,annotation,"segmentation ring first/last point gap = 1.58px (first=(1266.204,673.1443) last=(1265.5907,674.601)) -- prompt's assumed x0==x_n-1,y0==y_n-1 invariant does NOT hold for this annotation"
29118c39-522a-42fd-8a7b-545bc3eb6cb1,annotation,"segmentation ring first/last point gap = 2.26px (first=(1518.4817,1417.7479) last=(1520.0766,1416.1531)) -- prompt's assumed x0==x_n-1,y0==y_n-1 invariant does NOT hold for this annotation"
3f6b387b-b18c-4a95-889a-575d37d1ecb9,annotation,"segmentation ring first/last point gap = 4.47px (first=(900.0,1679.0) last=(896.0,1681.0)) -- prompt's assumed x0==x_n-1,y0==y_n-1 invariant does NOT hold for this annotation"
efbaba19-2835-41c4-88fc-6c7038d83ade,annotation,"segmentation ring first/last point gap = 1.25px (first=(1351.8216,1170.4608) last=(1352.1516,1169.2508)) -- prompt's assumed x0==x_n-1,y0==y_n-1 invariant does NOT hold for this annotation"
771004c1-8733-4ce2-a33d-0b54e463cb06,annotation,"segmentation ring first/last point gap = 1.25px (first=(1566.8415,1383.2205) last=(1567.1715,1382.0105)) -- prompt's assumed x0==x_n-1,y0==y_n-1 invariant does NOT hold for this annotation"
6336c7b5-3f59-49e0-b887-ebe66103c7f3,annotation,"segmentation ring first/last point gap = 1.25px (first=(1778.9482,1343.9758) last=(1779.2782,1342.7658)) -- prompt's assumed x0==x_n-1,y0==y_n-1 invariant does NOT hold for this annotation"
699140e8-b47b-48b8-9bbd-3630ef78c067,annotation,"segmentation ring first/last point gap = 1.60px (first=(1238.6323,1178.2093) last=(1238.2223,1179.7593)) -- prompt's assumed x0==x_n-1,y0==y_n-1 invariant does NOT hold for this annotation"
d84ecf7a-05ca-4b73-bd33-b113ba7f1bb8,annotation,"segmentation ring first/last point gap = 1.37px (first=(1644.1656,1322.7911) last=(1643.4577,1323.9631)) -- prompt's assumed x0==x_n-1,y0==y_n-1 invariant does NOT hold for this annotation"
63ca0284-52d3-4ca8-abf5-d9799abbdaf0,annotation,"segmentation ring first/last point gap = 1.60px (first=(1370.1305,1501.4832) last=(1369.7205,1503.0332)) -- prompt's assumed x0==x_n-1,y0==y_n-1 invariant does NOT hold for this annotation"
c944d4ff-0101-4f8a-b713-4a9a96d6f9dc,annotation,"segmentation ring first/last point gap = 1.60px (first=(1704.6499,1188.9024) last=(1704.2399,1190.4524)) -- prompt's assumed x0==x_n-1,y0==y_n-1 invariant does NOT hold for this annotation"
5ba9f756-3d1a-49ce-8962-0adc5caf1eb1,annotation,"segmentation ring first/last point gap = 1.60px (first=(469.5281,1465.1223) last=(469.1181,1466.6723)) -- prompt's assumed x0==x_n-1,y0==y_n-1 invariant does NOT hold for this annotation"
b8eeec2d-c31a-4ac3-9172-2f1aca3f38f0,annotation,"segmentation ring first/last point gap = 1.60px (first=(1506.7937,438.9319) last=(1506.3837,440.4819)) -- prompt's assumed x0==x_n-1,y0==y_n-1 invariant does NOT hold for this annotation"
4e2466e3-2200-42d5-ae7c-46803abdfe67,annotation,"segmentation ring first/last point gap = 2.59px (first=(602.8879,400.2477) last=(602.2179,402.7477)) -- prompt's assumed x0==x_n-1,y0==y_n-1 invariant does NOT hold for this annotation"
54a0a095-f3b9-4164-8018-db90b95f14d3,annotation,"segmentation ring first/last point gap = 1.60px (first=(737.5003,467.9071) last=(737.0903,469.4571)) -- prompt's assumed x0==x_n-1,y0==y_n-1 invariant does NOT hold for this annotation"
b11b730f-fec0-4434-b265-4a916dcfabfe,annotation,"segmentation ring first/last point gap = 1.60px (first=(841.4807,1762.635) last=(841.0707,1764.185)) -- prompt's assumed x0==x_n-1,y0==y_n-1 invariant does NOT hold for this annotation"
a0340987-a674-4828-b799-d61b98b22698,annotation,"segmentation ring first/last point gap = 2.24px (first=(1631.0,863.0) last=(1633.0,862.0)) -- prompt's assumed x0==x_n-1,y0==y_n-1 invariant does NOT hold for this annotation"
9d912bf1-0230-4346-923c-bfca8821347a,annotation,"segmentation ring first/last point gap = 2.83px (first=(1499.0,1083.0) last=(1497.0,1085.0)) -- prompt's assumed x0==x_n-1,y0==y_n-1 invariant does NOT hold for this annotation"
56022fa7-4176-422b-9fdf-ab79b256b070,annotation,"segmentation ring first/last point gap = 1.60px (first=(1630.8077,1225.9136) last=(1630.3977,1227.4636)) -- prompt's assumed x0==x_n-1,y0==y_n-1 invariant does NOT hold for this annotation"
8c7e80ca-db38-48b6-ae5c-732ed820acc7,annotation,"segmentation ring first/last point gap = 5.66px (first=(1601.0,1322.0) last=(1605.0,1318.0)) -- prompt's assumed x0==x_n-1,y0==y_n-1 invariant does NOT hold for this annotation"
5b21611e-a43a-41e1-a695-5567c1ff50fe,annotation,"segmentation ring first/last point gap = 1.60px (first=(551.6152,904.117) last=(551.2052,905.667)) -- prompt's assumed x0==x_n-1,y0==y_n-1 invariant does NOT hold for this annotation"
6a9f6f86-5359-4fbf-8f75-441eb740f0d4,annotation,"segmentation ring first/last point gap = 1.41px (first=(733.0,1047.0) last=(734.0,1046.0)) -- prompt's assumed x0==x_n-1,y0==y_n-1 invariant does NOT hold for this annotation"
d51d8c34-8ba0-4837-b959-76c105c0c549,annotation,"segmentation ring first/last point gap = 1.41px (first=(1200.0,1372.0) last=(1199.0,1373.0)) -- prompt's assumed x0==x_n-1,y0==y_n-1 invariant does NOT hold for this annotation"
4e85c65c-5a7d-4c31-b596-fed287e59a38,annotation,"segmentation ring first/last point gap = 4.47px (first=(717.0,1046.0) last=(713.0,1048.0)) -- prompt's assumed x0==x_n-1,y0==y_n-1 invariant does NOT hold for this annotation"
05c7e8ac-1617-4a11-876f-eb9d426c0a51,annotation,"segmentation ring first/last point gap = 2.24px (first=(1867.0,1024.0) last=(1866.0,1026.0)) -- prompt's assumed x0==x_n-1,y0==y_n-1 invariant does NOT hold for this annotation"
4fda24e6-4462-47b4-93f6-4a92e96b1d11,annotation,"segmentation ring first/last point gap = 2.59px (first=(1264.9004,1387.8519) last=(1264.2304,1390.3519)) -- prompt's assumed x0==x_n-1,y0==y_n-1 invariant does NOT hold for this annotation"
4d1442d1-210f-4c20-bf8c-1a2b81d1f6ce,annotation,"segmentation ring first/last point gap = 2.79px (first=(1081.8074,1266.4821) last=(1079.8344,1268.4551)) -- prompt's assumed x0==x_n-1,y0==y_n-1 invariant does NOT hold for this annotation"
96e3bf5c-9bd3-454a-a691-f43384d625f7,annotation,"segmentation ring first/last point gap = 1.60px (first=(921.9905,1232.078) last=(921.5805,1233.628)) -- prompt's assumed x0==x_n-1,y0==y_n-1 invariant does NOT hold for this annotation"
b1edab14-b4d3-4d5c-a3d6-5257cde4811e,annotation,"segmentation ring first/last point gap = 4.00px (first=(1044.0,700.0) last=(1040.0,700.0)) -- prompt's assumed x0==x_n-1,y0==y_n-1 invariant does NOT hold for this annotation"
24e07ca7-9de4-4396-8111-268e720e7fcf,annotation,"segmentation ring first/last point gap = 1.07px (first=(942.4429,831.2705) last=(942.2667,832.3275)) -- prompt's assumed x0==x_n-1,y0==y_n-1 invariant does NOT hold for this annotation"
c61a7b96-1fa9-4c3d-861d-96060d040972,annotation,"segmentation ring first/last point gap = 2.24px (first=(1283.0,890.0) last=(1285.0,889.0)) -- prompt's assumed x0==x_n-1,y0==y_n-1 invariant does NOT hold for this annotation"
c003bcc3-258f-4513-a94f-95995bfcb1a5,annotation,"segmentation ring first/last point gap = 5.10px (first=(714.0,1205.0) last=(715.0,1200.0)) -- prompt's assumed x0==x_n-1,y0==y_n-1 invariant does NOT hold for this annotation"
4db756e6-1028-42c2-b5a7-d03ef427a75a,annotation,"segmentation ring first/last point gap = 1.60px (first=(1780.7114,769.1684) last=(1780.3014,770.7184)) -- prompt's assumed x0==x_n-1,y0==y_n-1 invariant does NOT hold for this annotation"
2a770d91-a24c-4865-98e2-bf89b55c3f6b,annotation,"segmentation ring first/last point gap = 1.60px (first=(1745.4563,784.5948) last=(1745.8663,783.0448)) -- prompt's assumed x0==x_n-1,y0==y_n-1 invariant does NOT hold for this annotation"
e79dcb1c-04a6-46b2-8959-09b32193e61d,annotation,"segmentation ring first/last point gap = 1.60px (first=(1191.1552,1088.7166) last=(1190.7452,1090.2666)) -- prompt's assumed x0==x_n-1,y0==y_n-1 invariant does NOT hold for this annotation"
64aba184-07f5-4598-b8a9-1595dd28cc6d,annotation,"segmentation ring first/last point gap = 1.36px (first=(465.5013,883.7191) last=(465.1525,885.0376)) -- prompt's assumed x0==x_n-1,y0==y_n-1 invariant does NOT hold for this annotation"
56a85fc9-8f1d-4d29-96c8-db490c9436f3,annotation,"segmentation ring first/last point gap = 2.59px (first=(689.3481,1416.1928) last=(690.0181,1413.6928)) -- prompt's assumed x0==x_n-1,y0==y_n-1 invariant does NOT hold for this annotation"
8c8778ef-7b1e-4ec6-a0b8-00f6261b55c1,annotation,"segmentation ring first/last point gap = 1.60px (first=(902.537,481.7263) last=(902.127,483.2763)) -- prompt's assumed x0==x_n-1,y0==y_n-1 invariant does NOT hold for this annotation"
31d8d97c-9f1a-4adb-81d2-8de0dcc9e197,annotation,"segmentation ring first/last point gap = 1.60px (first=(1281.3992,892.2465) last=(1281.8092,890.6965)) -- prompt's assumed x0==x_n-1,y0==y_n-1 invariant does NOT hold for this annotation"
b5ebec95-3692-47ed-947b-5f13e0388ef1,annotation,"segmentation ring first/last point gap = 2.59px (first=(1701.322,829.4726) last=(1700.652,831.9726)) -- prompt's assumed x0==x_n-1,y0==y_n-1 invariant does NOT hold for this annotation"
b4e80731-5c36-4cf3-8a22-c8a89ddeafcd,annotation,"segmentation ring first/last point gap = 2.59px (first=(1779.2199,885.723) last=(1778.5499,888.223)) -- prompt's assumed x0==x_n-1,y0==y_n-1 invariant does NOT hold for this annotation"
48faf106-fa67-44aa-8d92-a7e86ed5b4a7,annotation,"segmentation ring first/last point gap = 2.59px (first=(1782.2348,764.9172) last=(1781.5648,767.4172)) -- prompt's assumed x0==x_n-1,y0==y_n-1 invariant does NOT hold for this annotation"
51deddba-23a8-48c0-97d3-2c06145e1e8e,annotation,"segmentation ring first/last point gap = 2.59px (first=(1043.2256,697.1437) last=(1043.8956,694.6437)) -- prompt's assumed x0==x_n-1,y0==y_n-1 invariant does NOT hold for this annotation"
7779a2cf-5544-4dfe-8727-d6ad2206ebdc,annotation,"segmentation ring first/last point gap = 1.51px (first=(947.5064,841.4775) last=(947.1403,842.942)) -- prompt's assumed x0==x_n-1,y0==y_n-1 invariant does NOT hold for this annotation"
354e61bb-8d3a-4a51-ac93-484afe617fbd,annotation,"segmentation ring first/last point gap = 1.60px (first=(689.0994,1415.2091) last=(689.5094,1413.6591)) -- prompt's assumed x0==x_n-1,y0==y_n-1 invariant does NOT hold for this annotation"
5f55334b-d5db-40fd-81e9-de97c78d9b4c,annotation,"segmentation ring first/last point gap = 1.41px (first=(446.0,701.0) last=(445.0,702.0)) -- prompt's assumed x0==x_n-1,y0==y_n-1 invariant does NOT hold for this annotation"
0658893c-937d-42ba-a586-86cefcb82345,annotation,"segmentation ring first/last point gap = 1.41px (first=(1053.0,1239.0) last=(1052.0,1240.0)) -- prompt's assumed x0==x_n-1,y0==y_n-1 invariant does NOT hold for this annotation"
b473b9e7-216e-443c-a2e8-08d1d19a456d,annotation,"segmentation ring first/last point gap = 1.41px (first=(1103.0,1228.0) last=(1102.0,1229.0)) -- prompt's assumed x0==x_n-1,y0==y_n-1 invariant does NOT hold for this annotation"
442d34dc-9545-45ff-954e-f640bdc8d819,annotation,"segmentation ring first/last point gap = 1.60px (first=(647.3868,550.0079) last=(647.7968,548.4579)) -- prompt's assumed x0==x_n-1,y0==y_n-1 invariant does NOT hold for this annotation"
d04fee87-37cd-47d3-af3c-646f4c4606b9,annotation,"segmentation ring first/last point gap = 2.59px (first=(726.7765,1319.1402) last=(727.4465,1316.6402)) -- prompt's assumed x0==x_n-1,y0==y_n-1 invariant does NOT hold for this annotation"
98269f97-ea2d-4151-8a18-416dcb13fb33,annotation,"segmentation ring first/last point gap = 1.60px (first=(1496.8311,1145.4624) last=(1497.2411,1143.9124)) -- prompt's assumed x0==x_n-1,y0==y_n-1 invariant does NOT hold for this annotation"
1865308c-a53c-4352-8ab4-239462f2fed9,annotation,"segmentation ring first/last point gap = 1.60px (first=(1543.9748,1324.9938) last=(1544.3848,1323.4438)) -- prompt's assumed x0==x_n-1,y0==y_n-1 invariant does NOT hold for this annotation"
bd7889d1-a1ff-4cd0-aec5-238587178a22,annotation,"segmentation ring first/last point gap = 4.12px (first=(840.0,504.0) last=(844.0,503.0)) -- prompt's assumed x0==x_n-1,y0==y_n-1 invariant does NOT hold for this annotation"
2b7c04a4-4575-4980-9b36-e53eb149ade6,annotation,"segmentation ring first/last point gap = 3.53px (first=(1726.7967,728.8471) last=(1727.5636,725.4026)) -- prompt's assumed x0==x_n-1,y0==y_n-1 invariant does NOT hold for this annotation"
c7047bf0-9b7f-4885-83de-5cdbacbf45dc,annotation,"segmentation ring first/last point gap = 1.41px (first=(1269.0,974.0) last=(1270.0,973.0)) -- prompt's assumed x0==x_n-1,y0==y_n-1 invariant does NOT hold for this annotation"
10ab6dc6-7687-4e3c-8aeb-95a2a3cb8b5c,annotation,"segmentation ring first/last point gap = 6.40px (first=(1738.0,733.0) last=(1734.0,738.0)) -- prompt's assumed x0==x_n-1,y0==y_n-1 invariant does NOT hold for this annotation"
b0249004-a864-44f6-9d8a-7e01e8ccb9e3,annotation,"segmentation ring first/last point gap = 2.24px (first=(1586.0,1240.0) last=(1585.0,1242.0)) -- prompt's assumed x0==x_n-1,y0==y_n-1 invariant does NOT hold for this annotation"
232008ce-5a5b-4bc8-94fe-b7b672723755,annotation,"segmentation ring first/last point gap = 3.16px (first=(1058.0,737.0) last=(1061.0,736.0)) -- prompt's assumed x0==x_n-1,y0==y_n-1 invariant does NOT hold for this annotation"
9c9b6557-f87f-45b9-a21e-06ada9ad3d7a,annotation,"segmentation ring first/last point gap = 1.15px (first=(718.8108,773.1892) last=(718.0,774.0)) -- prompt's assumed x0==x_n-1,y0==y_n-1 invariant does NOT hold for this annotation"
3ee835d2-5178-4fe2-a871-2a23d3c09cad,annotation,"segmentation ring first/last point gap = 4.41px (first=(490.0,787.0) last=(485.5925,787.0)) -- prompt's assumed x0==x_n-1,y0==y_n-1 invariant does NOT hold for this annotation"
06a94867-5fda-4b5d-a773-d9d3ea947975,annotation,"segmentation ring first/last point gap = 5.66px (first=(403.0,959.0) last=(407.0,955.0)) -- prompt's assumed x0==x_n-1,y0==y_n-1 invariant does NOT hold for this annotation"
8d0dda53-ba69-4371-9baa-d4e6879365c3,annotation,"segmentation ring first/last point gap = 3.61px (first=(396.1309,1125.9637) last=(394.1309,1128.9637)) -- prompt's assumed x0==x_n-1,y0==y_n-1 invariant does NOT hold for this annotation"
a2c038a2-dcd6-4c94-b198-3d9cb4e4631d,annotation,"segmentation ring first/last point gap = 2.35px (first=(1592.4134,1459.7067) last=(1590.7519,1461.3682)) -- prompt's assumed x0==x_n-1,y0==y_n-1 invariant does NOT hold for this annotation"
6595ee8f-6e57-440f-b9ce-a1424bc8f864,annotation,"segmentation ring first/last point gap = 1.41px (first=(715.0,770.0) last=(716.0,771.0)) -- prompt's assumed x0==x_n-1,y0==y_n-1 invariant does NOT hold for this annotation"
514324ce-7940-4688-b56b-6d3332dca83d,annotation,"segmentation ring first/last point gap = 11.98px (first=(453.6079,1000.8464) last=(444.6375,1008.7896)) -- prompt's assumed x0==x_n-1,y0==y_n-1 invariant does NOT hold for this annotation"
78834018-19de-461b-b2f8-260c99e78506,annotation,"segmentation ring first/last point gap = 1.60px (first=(689.0821,1471.4906) last=(688.6721,1473.0406)) -- prompt's assumed x0==x_n-1,y0==y_n-1 invariant does NOT hold for this annotation"
4c8bb6f4-3dba-417d-abdb-be56f0cf2cbd,annotation,"segmentation ring first/last point gap = 1.60px (first=(1000.4524,1318.8933) last=(1000.0424,1320.4433)) -- prompt's assumed x0==x_n-1,y0==y_n-1 invariant does NOT hold for this annotation"
93fc7fe5-80ba-49e1-af7c-55f04b85424f,annotation,"segmentation ring first/last point gap = 2.81px (first=(1088.1791,1629.1962) last=(1088.5275,1626.4089)) -- prompt's assumed x0==x_n-1,y0==y_n-1 invariant does NOT hold for this annotation"
d99592c6-2a0c-4b7b-b24c-b19a430e48b5,annotation,"segmentation ring first/last point gap = 1.60px (first=(677.4176,1473.3054) last=(677.8276,1471.7554)) -- prompt's assumed x0==x_n-1,y0==y_n-1 invariant does NOT hold for this annotation"
77500ee4-af93-457a-a7c4-6e78742739cb,annotation,"segmentation ring first/last point gap = 1.60px (first=(1681.7661,1445.3712) last=(1682.1761,1443.8212)) -- prompt's assumed x0==x_n-1,y0==y_n-1 invariant does NOT hold for this annotation"
ed6bd59b-b28c-4097-894b-d31ce93ddcd0,annotation,"segmentation ring first/last point gap = 1.60px (first=(475.5808,520.8424) last=(475.9908,519.2924)) -- prompt's assumed x0==x_n-1,y0==y_n-1 invariant does NOT hold for this annotation"
2e5ff39e-6a0e-48fa-9290-63d5dcc73765,annotation,"segmentation ring first/last point gap = 2.13px (first=(510.9518,727.0964) last=(510.0,729.0)) -- prompt's assumed x0==x_n-1,y0==y_n-1 invariant does NOT hold for this annotation"
16f5c26a-beae-4b80-8713-f9ae0f22ab83,annotation,"segmentation ring first/last point gap = 3.41px (first=(690.0,1470.0) last=(687.3803,1472.1831)) -- prompt's assumed x0==x_n-1,y0==y_n-1 invariant does NOT hold for this annotation"
ca65bd1f-b0d7-4ae2-ad46-92c24527928e,annotation,"segmentation ring first/last point gap = 2.59px (first=(307.3223,1378.0865) last=(306.6523,1380.5865)) -- prompt's assumed x0==x_n-1,y0==y_n-1 invariant does NOT hold for this annotation"
fec3c419-69b0-4d31-8251-07a8e9f4a02e,annotation,"segmentation ring first/last point gap = 1.55px (first=(1001.8784,1327.5388) last=(1002.2784,1326.0388)) -- prompt's assumed x0==x_n-1,y0==y_n-1 invariant does NOT hold for this annotation"
e97a42f4-8796-42b6-90a8-f03d86377bda,annotation,"segmentation ring first/last point gap = 1.55px (first=(1161.9589,1661.9718) last=(1161.5589,1663.4718)) -- prompt's assumed x0==x_n-1,y0==y_n-1 invariant does NOT hold for this annotation"
b5e664a5-1ea0-42a2-b518-6a954e1167a5,annotation,"segmentation ring first/last point gap = 1.55px (first=(1490.6629,1518.6118) last=(1490.2629,1520.1118)) -- prompt's assumed x0==x_n-1,y0==y_n-1 invariant does NOT hold for this annotation"
c18f34aa-f102-450b-a648-8554f016b152,annotation,"segmentation ring first/last point gap = 1.60px (first=(791.2557,830.765) last=(791.6657,829.215)) -- prompt's assumed x0==x_n-1,y0==y_n-1 invariant does NOT hold for this annotation"
6a46d5e5-7d6e-4c29-8936-695ceacc29c1,annotation,"segmentation ring first/last point gap = 1.05px (first=(1061.7451,1138.2549) last=(1061.0,1139.0)) -- prompt's assumed x0==x_n-1,y0==y_n-1 invariant does NOT hold for this annotation"
3b608ae4-2e4b-4ac4-a3d9-c153b1a00c69,annotation,"segmentation ring first/last point gap = 1.60px (first=(1128.2764,1203.8353) last=(1128.6864,1202.2853)) -- prompt's assumed x0==x_n-1,y0==y_n-1 invariant does NOT hold for this annotation"
d3073b7f-8c74-4e4b-94f4-182251a9e9f8,annotation,"segmentation ring first/last point gap = 2.59px (first=(1052.641,1441.0379) last=(1053.311,1438.5379)) -- prompt's assumed x0==x_n-1,y0==y_n-1 invariant does NOT hold for this annotation"
d929ffac-46d8-4e6b-9afe-7c207518633c,annotation,"segmentation ring first/last point gap = 2.59px (first=(493.5505,579.9505) last=(494.2205,577.4505)) -- prompt's assumed x0==x_n-1,y0==y_n-1 invariant does NOT hold for this annotation"
26141144-d34f-4e3e-8181-dbcaf7f8c0d8,annotation,"segmentation ring first/last point gap = 2.59px (first=(494.5838,1221.588) last=(495.2538,1219.088)) -- prompt's assumed x0==x_n-1,y0==y_n-1 invariant does NOT hold for this annotation"
389d0279-44a3-4d95-b50d-09c46088c7f3,annotation,"segmentation ring first/last point gap = 1.60px (first=(933.6513,976.763) last=(933.2413,978.313)) -- prompt's assumed x0==x_n-1,y0==y_n-1 invariant does NOT hold for this annotation"
cb6ec018-681a-4f99-aeab-f7a229f5b962,annotation,"segmentation ring first/last point gap = 1.60px (first=(1302.8835,921.3448) last=(1303.2935,919.7948)) -- prompt's assumed x0==x_n-1,y0==y_n-1 invariant does NOT hold for this annotation"
ef74f460-5e1f-4c22-bba8-a50b45691573,annotation,"segmentation ring first/last point gap = 1.60px (first=(1259.2125,533.5612) last=(1259.6225,532.0112)) -- prompt's assumed x0==x_n-1,y0==y_n-1 invariant does NOT hold for this annotation"
242023de-e222-4a94-959d-3431ab8c4157,annotation,"segmentation ring first/last point gap = 1.60px (first=(608.8066,1239.4927) last=(609.2166,1237.9427)) -- prompt's assumed x0==x_n-1,y0==y_n-1 invariant does NOT hold for this annotation"
f3c29abd-b929-4c8d-a5da-eb3846cb0fac,annotation,"segmentation ring first/last point gap = 2.59px (first=(896.5027,653.1438) last=(895.8327,655.6438)) -- prompt's assumed x0==x_n-1,y0==y_n-1 invariant does NOT hold for this annotation"
c8f1b21c-3ecd-4511-a160-6e044597de6f,annotation,"segmentation ring first/last point gap = 2.59px (first=(802.6687,1625.54) last=(801.9987,1628.04)) -- prompt's assumed x0==x_n-1,y0==y_n-1 invariant does NOT hold for this annotation"
84c06ffc-c99e-44ce-9f4b-26cb30778252,annotation,"segmentation ring first/last point gap = 2.59px (first=(1292.9316,1463.7439) last=(1292.2616,1466.2439)) -- prompt's assumed x0==x_n-1,y0==y_n-1 invariant does NOT hold for this annotation"
271755fd-d6dc-45be-84b7-9c10c4c5a37b,annotation,"segmentation ring first/last point gap = 2.98px (first=(525.0,920.0) last=(522.8945,922.1055)) -- prompt's assumed x0==x_n-1,y0==y_n-1 invariant does NOT hold for this annotation"
740c4ea9-e5be-49cf-ab6c-37131709f02e,annotation,"segmentation ring first/last point gap = 2.59px (first=(886.4421,635.4309) last=(885.7721,637.9309)) -- prompt's assumed x0==x_n-1,y0==y_n-1 invariant does NOT hold for this annotation"
0f8c363c-1615-4c22-be95-9725a8a5bb33,annotation,"segmentation ring first/last point gap = 4.47px (first=(363.0,1097.0) last=(361.0,1101.0)) -- prompt's assumed x0==x_n-1,y0==y_n-1 invariant does NOT hold for this annotation"
f347be10-f194-493b-9169-86010a26b71e,annotation,"segmentation ring first/last point gap = 1.60px (first=(555.91,1285.2403) last=(556.32,1283.6903)) -- prompt's assumed x0==x_n-1,y0==y_n-1 invariant does NOT hold for this annotation"
5dafc892-049e-4612-a617-d6c8e8bc7a86,annotation,"segmentation ring first/last point gap = 2.59px (first=(869.2489,1324.7529) last=(869.9189,1322.2529)) -- prompt's assumed x0==x_n-1,y0==y_n-1 invariant does NOT hold for this annotation"
6915d913-0d32-40ad-861b-3cc5517327c6,annotation,"segmentation ring first/last point gap = 1.81px (first=(1291.4476,1456.0351) last=(1291.7031,1454.2465)) -- prompt's assumed x0==x_n-1,y0==y_n-1 invariant does NOT hold for this annotation"
4b0ed1f4-931a-4ad3-8028-24830dc1abdd,annotation,"segmentation ring first/last point gap = 2.12px (first=(565.2361,1316.3392) last=(565.0848,1318.4568)) -- prompt's assumed x0==x_n-1,y0==y_n-1 invariant does NOT hold for this annotation"
3d5cec1a-2e95-4cc3-ae61-649c0972a9dc,annotation,"segmentation ring first/last point gap = 1.60px (first=(486.7326,973.7757) last=(486.3226,975.3257)) -- prompt's assumed x0==x_n-1,y0==y_n-1 invariant does NOT hold for this annotation"
88771ba0-6bc3-4c45-a296-87976efb54cb,annotation,"segmentation ring first/last point gap = 2.24px (first=(1236.0,801.0) last=(1235.0,803.0)) -- prompt's assumed x0==x_n-1,y0==y_n-1 invariant does NOT hold for this annotation"
72294801-c97c-485e-84c0-6a589077aba5,annotation,"segmentation ring first/last point gap = 2.83px (first=(700.0,495.0) last=(698.0,497.0)) -- prompt's assumed x0==x_n-1,y0==y_n-1 invariant does NOT hold for this annotation"
14e9ae3b-47eb-4cc2-a391-22417f764de2,annotation,"segmentation ring first/last point gap = 2.07px (first=(1109.5206,1445.4127) last=(1108.9806,1447.4127)) -- prompt's assumed x0==x_n-1,y0==y_n-1 invariant does NOT hold for this annotation"
ee6562d9-f3dc-491c-9a53-1ed4d81bd772,annotation,"segmentation ring first/last point gap = 1.41px (first=(1602.0,699.0) last=(1601.0,700.0)) -- prompt's assumed x0==x_n-1,y0==y_n-1 invariant does NOT hold for this annotation"
ed5349be-32a1-4918-a4da-4f74da463e74,annotation,"segmentation ring first/last point gap = 1.60px (first=(1001.4696,1196.4725) last=(1001.0596,1198.0225)) -- prompt's assumed x0==x_n-1,y0==y_n-1 invariant does NOT hold for this annotation"
e7c76ef5-be6c-4c3f-aa38-7e4edc1b2c30,annotation,"segmentation ring first/last point gap = 1.60px (first=(1581.9611,1314.0558) last=(1581.5511,1315.6058)) -- prompt's assumed x0==x_n-1,y0==y_n-1 invariant does NOT hold for this annotation"
8876c433-5408-4050-a6d4-5ff247cd292f,annotation,"segmentation ring first/last point gap = 2.39px (first=(1179.6119,1249.973) last=(1177.9246,1251.6603)) -- prompt's assumed x0==x_n-1,y0==y_n-1 invariant does NOT hold for this annotation"
78697f5f-5f2a-4a11-ad20-a5750b04f6bb,annotation,"segmentation ring first/last point gap = 1.60px (first=(579.3876,621.4495) last=(579.0,623.0)) -- prompt's assumed x0==x_n-1,y0==y_n-1 invariant does NOT hold for this annotation"
aed54e4b-2c27-4770-83bc-9885a1d6bdbc,annotation,"segmentation ring first/last point gap = 1.60px (first=(1486.787,1415.7295) last=(1486.377,1417.2795)) -- prompt's assumed x0==x_n-1,y0==y_n-1 invariant does NOT hold for this annotation"
e16afe1f-eb7f-4cfc-ab6e-b482ce16cdad,annotation,"segmentation ring first/last point gap = 8.06px (first=(520.0,876.0) last=(519.0,884.0)) -- prompt's assumed x0==x_n-1,y0==y_n-1 invariant does NOT hold for this annotation"
9af1c851-3757-4ee3-94c6-d4f94eef8894,annotation,"segmentation ring first/last point gap = 2.83px (first=(940.0,869.0) last=(938.0,871.0)) -- prompt's assumed x0==x_n-1,y0==y_n-1 invariant does NOT hold for this annotation"
c11e645d-8440-4a2c-abb7-e9332375889f,annotation,"segmentation ring first/last point gap = 2.83px (first=(846.0,1124.0) last=(844.0,1126.0)) -- prompt's assumed x0==x_n-1,y0==y_n-1 invariant does NOT hold for this annotation"
4beaf6bd-9bb2-4a6b-9515-c9412965fc77,annotation,"segmentation ring first/last point gap = 1.41px (first=(845.0,1110.0) last=(844.0,1111.0)) -- prompt's assumed x0==x_n-1,y0==y_n-1 invariant does NOT hold for this annotation"
5e99eb30-a7a3-48ed-ae8d-a841a2c87d57,annotation,"segmentation ring first/last point gap = 5.00px (first=(1480.0,1428.0) last=(1483.0,1424.0)) -- prompt's assumed x0==x_n-1,y0==y_n-1 invariant does NOT hold for this annotation"
1b5f239a-4ae3-405f-99a8-36da82b722bf,annotation,"segmentation ring first/last point gap = 1.50px (first=(940.2697,870.2697) last=(940.6528,868.8214)) -- prompt's assumed x0==x_n-1,y0==y_n-1 invariant does NOT hold for this annotation"
79ea3e28-47bb-43e5-aa40-8e79fbcf442d,annotation,"segmentation ring first/last point gap = 4.12px (first=(492.0,1041.0) last=(488.0,1042.0)) -- prompt's assumed x0==x_n-1,y0==y_n-1 invariant does NOT hold for this annotation"
a02a311a-d2d2-4628-a9bd-2b8bc873f65c,annotation,"segmentation ring first/last point gap = 1.60px (first=(947.3371,1309.515) last=(946.9271,1311.065)) -- prompt's assumed x0==x_n-1,y0==y_n-1 invariant does NOT hold for this annotation"
c75d92c7-2d90-4d56-93dd-2132c9ae709c,annotation,"segmentation ring first/last point gap = 4.47px (first=(519.0,880.0) last=(517.0,884.0)) -- prompt's assumed x0==x_n-1,y0==y_n-1 invariant does NOT hold for this annotation"
367067e5-dd9c-46f9-8258-507418dfacfe,annotation,"segmentation ring first/last point gap = 1.41px (first=(1194.0,411.0) last=(1193.0,412.0)) -- prompt's assumed x0==x_n-1,y0==y_n-1 invariant does NOT hold for this annotation"
eeadad86-4326-4175-8c5e-073177478b3b,annotation,"segmentation ring first/last point gap = 3.12px (first=(492.3954,1039.2093) last=(491.0,1042.0)) -- prompt's assumed x0==x_n-1,y0==y_n-1 invariant does NOT hold for this annotation"
71b56e51-9413-4d64-b0cb-3eff2186e575,annotation,"segmentation ring first/last point gap = 1.41px (first=(1069.0,1231.0) last=(1070.0,1230.0)) -- prompt's assumed x0==x_n-1,y0==y_n-1 invariant does NOT hold for this annotation"
be96ecf7-3bf2-4cd5-910f-d6e75cdeb7d4,annotation,"segmentation ring first/last point gap = 1.86px (first=(1440.8078,1443.4652) last=(1440.0403,1445.1611)) -- prompt's assumed x0==x_n-1,y0==y_n-1 invariant does NOT hold for this annotation"
57e24e69-419e-46ef-972e-92de89769124,annotation,"segmentation ring first/last point gap = 2.24px (first=(804.0,1130.0) last=(803.0,1132.0)) -- prompt's assumed x0==x_n-1,y0==y_n-1 invariant does NOT hold for this annotation"
5d59e866-58c8-4e13-8e1d-e4d1502dbcf9,annotation,"segmentation ring first/last point gap = 1.67px (first=(541.3651,732.4368) last=(542.5438,731.2581)) -- prompt's assumed x0==x_n-1,y0==y_n-1 invariant does NOT hold for this annotation"
77186f49-5200-40c8-ae66-5d5f034ac4b5,annotation,"segmentation ring first/last point gap = 2.59px (first=(1802.1848,1243.4318) last=(1802.8548,1240.9318)) -- prompt's assumed x0==x_n-1,y0==y_n-1 invariant does NOT hold for this annotation"
39307d24-c50d-42fd-85df-ef9718249baf,annotation,"segmentation ring first/last point gap = 1.93px (first=(1535.1379,748.33) last=(1534.6394,750.1901)) -- prompt's assumed x0==x_n-1,y0==y_n-1 invariant does NOT hold for this annotation"
ab0f91be-5c0c-499c-ae6d-1050cc48e364,annotation,"segmentation ring first/last point gap = 1.91px (first=(1531.3835,555.8036) last=(1530.4235,557.4536)) -- prompt's assumed x0==x_n-1,y0==y_n-1 invariant does NOT hold for this annotation"
aef6d46b-5861-4534-8d11-54f5dd11d989,annotation,"segmentation ring first/last point gap = 1.60px (first=(1036.6868,789.5694) last=(1037.0968,788.0194)) -- prompt's assumed x0==x_n-1,y0==y_n-1 invariant does NOT hold for this annotation"
2bda5c79-37ab-4d55-8c90-c77a11757511,annotation,"segmentation ring first/last point gap = 2.59px (first=(1463.074,856.7984) last=(1462.404,859.2984)) -- prompt's assumed x0==x_n-1,y0==y_n-1 invariant does NOT hold for this annotation"
a72b7162-8bd2-4fa6-a58b-d617717b2e3a,annotation,"segmentation ring first/last point gap = 1.60px (first=(766.6264,1453.4236) last=(766.2164,1454.9736)) -- prompt's assumed x0==x_n-1,y0==y_n-1 invariant does NOT hold for this annotation"
22661a49-7f6f-4cd2-ae41-35f9eb6decff,annotation,"segmentation ring first/last point gap = 1.60px (first=(1497.1292,693.1279) last=(1497.5392,691.5779)) -- prompt's assumed x0==x_n-1,y0==y_n-1 invariant does NOT hold for this annotation"
c9daa13c-4ead-468c-be19-b005b486c8c2,annotation,"segmentation ring first/last point gap = 2.59px (first=(1524.2404,743.5648) last=(1524.9104,741.0648)) -- prompt's assumed x0==x_n-1,y0==y_n-1 invariant does NOT hold for this annotation"
f134da35-1ce7-4821-9dd9-e85a9a3289f7,annotation,"segmentation ring first/last point gap = 1.60px (first=(763.5687,1454.9899) last=(763.1587,1456.5399)) -- prompt's assumed x0==x_n-1,y0==y_n-1 invariant does NOT hold for this annotation"
d83de062-d72d-47da-9500-e3f0b820cabe,annotation,"segmentation ring first/last point gap = 2.87px (first=(1544.2172,557.3556) last=(1543.5472,560.1497)) -- prompt's assumed x0==x_n-1,y0==y_n-1 invariant does NOT hold for this annotation"
1afd6aa1-f007-47a4-b89d-56b0a1e87574,annotation,"segmentation ring first/last point gap = 1.60px (first=(595.1967,971.8468) last=(594.7867,973.3968)) -- prompt's assumed x0==x_n-1,y0==y_n-1 invariant does NOT hold for this annotation"
328b2eaf-fe72-4fa3-bfb7-1d3df307b110,annotation,"segmentation ring first/last point gap = 1.60px (first=(1538.4372,1327.2679) last=(1538.0272,1328.8179)) -- prompt's assumed x0==x_n-1,y0==y_n-1 invariant does NOT hold for this annotation"
708a35b8-b51e-4e54-8c1a-daeea602ec12,annotation,"segmentation ring first/last point gap = 1.60px (first=(1602.9671,1476.9131) last=(1603.3771,1475.3631)) -- prompt's assumed x0==x_n-1,y0==y_n-1 invariant does NOT hold for this annotation"
963e20f8-8e28-4a96-a63a-7e350c6080bd,annotation,"segmentation ring first/last point gap = 1.60px (first=(615.3179,1521.8347) last=(614.9079,1523.3847)) -- prompt's assumed x0==x_n-1,y0==y_n-1 invariant does NOT hold for this annotation"
1a955f13-0852-4be6-9f6d-27ffa51783b7,annotation,"segmentation ring first/last point gap = 1.60px (first=(557.9673,1281.46) last=(557.5573,1283.01)) -- prompt's assumed x0==x_n-1,y0==y_n-1 invariant does NOT hold for this annotation"
e7b74876-9c23-488d-ba24-03d91d4fe32d,annotation,"segmentation ring first/last point gap = 1.68px (first=(723.4034,855.8825) last=(722.9634,857.5025)) -- prompt's assumed x0==x_n-1,y0==y_n-1 invariant does NOT hold for this annotation"
c2d5fb97-141e-44b3-b98e-1f93b1b7df4a,annotation,"segmentation ring first/last point gap = 1.28px (first=(1173.6808,522.7212) last=(1174.0108,521.4812)) -- prompt's assumed x0==x_n-1,y0==y_n-1 invariant does NOT hold for this annotation"
afbafac7-0bb2-415a-8e81-9b4af39b482c,annotation,"segmentation ring first/last point gap = 1.60px (first=(1020.4612,492.9772) last=(1020.0512,494.5272)) -- prompt's assumed x0==x_n-1,y0==y_n-1 invariant does NOT hold for this annotation"
2f817205-6d9e-425a-a541-5d6da7dc217e,annotation,"segmentation ring first/last point gap = 1.40px (first=(764.4573,934.0012) last=(764.7973,932.6415)) -- prompt's assumed x0==x_n-1,y0==y_n-1 invariant does NOT hold for this annotation"
c094649a-067d-4cba-84c9-c0b566c9da13,annotation,"segmentation ring first/last point gap = 4.18px (first=(706.4302,527.4929) last=(705.3502,531.5329)) -- prompt's assumed x0==x_n-1,y0==y_n-1 invariant does NOT hold for this annotation"
0f761dc9-f320-42df-9d6f-20685afec012,annotation,"segmentation ring first/last point gap = 6.77px (first=(865.8196,410.2319) last=(867.5696,403.6919)) -- prompt's assumed x0==x_n-1,y0==y_n-1 invariant does NOT hold for this annotation"
cf8b5938-7080-44bd-80dc-4719888066ca,annotation,"segmentation ring first/last point gap = 2.83px (first=(697.0,527.0) last=(695.0,529.0)) -- prompt's assumed x0==x_n-1,y0==y_n-1 invariant does NOT hold for this annotation"
bc345544-b431-4323-8424-301b20edd4a3,annotation,"segmentation ring first/last point gap = 4.18px (first=(1018.0152,508.7468) last=(1019.0952,504.7068)) -- prompt's assumed x0==x_n-1,y0==y_n-1 invariant does NOT hold for this annotation"
7f123650-4182-437c-8ea7-0b63b628c01b,annotation,"segmentation ring first/last point gap = 4.47px (first=(762.0,934.0) last=(764.0,930.0)) -- prompt's assumed x0==x_n-1,y0==y_n-1 invariant does NOT hold for this annotation"
c48288ec-83f0-4136-af88-e17259d190b7,annotation,"segmentation ring first/last point gap = 4.14px (first=(1636.1403,467.8259) last=(1635.0703,471.8259)) -- prompt's assumed x0==x_n-1,y0==y_n-1 invariant does NOT hold for this annotation"
bf858cca-4006-4f35-95e3-34c5e19151ee,annotation,"segmentation ring first/last point gap = 1.20px (first=(699.0,513.0) last=(699.8457,512.1543)) -- prompt's assumed x0==x_n-1,y0==y_n-1 invariant does NOT hold for this annotation"
54fd28da-ca08-4a39-be37-f7b33f1bf431,annotation,"segmentation ring first/last point gap = 1.60px (first=(1637.624,474.916) last=(1637.214,476.466)) -- prompt's assumed x0==x_n-1,y0==y_n-1 invariant does NOT hold for this annotation"
90a3e080-2fcc-4b83-b176-0b83a2ab4ef3,annotation,"segmentation ring first/last point gap = 2.83px (first=(1590.0,1644.0) last=(1592.0,1642.0)) -- prompt's assumed x0==x_n-1,y0==y_n-1 invariant does NOT hold for this annotation"
9c59c422-56dc-46e5-a85b-a0cfd19dd106,annotation,"segmentation ring first/last point gap = 2.59px (first=(695.6965,781.8124) last=(695.0265,784.3124)) -- prompt's assumed x0==x_n-1,y0==y_n-1 invariant does NOT hold for this annotation"
9e8d66fe-b330-4b4e-95e6-149d2ab0a6e0,annotation,"segmentation ring first/last point gap = 2.59px (first=(466.7077,942.7682) last=(466.0377,945.2682)) -- prompt's assumed x0==x_n-1,y0==y_n-1 invariant does NOT hold for this annotation"
1cb3044a-ddf0-4259-b6b3-946f18f63bac,annotation,"segmentation ring first/last point gap = 1.60px (first=(623.8949,1556.5188) last=(623.4849,1558.0688)) -- prompt's assumed x0==x_n-1,y0==y_n-1 invariant does NOT hold for this annotation"
41182aea-0cca-434e-aa0e-a1b67df3241e,annotation,"segmentation ring first/last point gap = 1.60px (first=(1705.9895,1384.0313) last=(1706.3995,1382.4813)) -- prompt's assumed x0==x_n-1,y0==y_n-1 invariant does NOT hold for this annotation"
96008ba8-ca1a-45a3-b25d-91f1bb7470da,annotation,"segmentation ring first/last point gap = 2.59px (first=(367.5283,644.9763) last=(366.8583,647.4763)) -- prompt's assumed x0==x_n-1,y0==y_n-1 invariant does NOT hold for this annotation"
e7b66a41-a2a2-434a-b82d-3fcbef67b204,annotation,"segmentation ring first/last point gap = 2.59px (first=(727.1162,480.2674) last=(726.4462,482.7674)) -- prompt's assumed x0==x_n-1,y0==y_n-1 invariant does NOT hold for this annotation"
856cd07a-01cf-4cce-a544-be16cfb71edc,annotation,"segmentation ring first/last point gap = 1.41px (first=(372.0,685.0) last=(371.0,686.0)) -- prompt's assumed x0==x_n-1,y0==y_n-1 invariant does NOT hold for this annotation"
02792477-ce2b-4376-8ff3-3c8d8b935f53,annotation,"segmentation ring first/last point gap = 1.85px (first=(1853.9213,1252.1623) last=(1853.6912,1254.0026)) -- prompt's assumed x0==x_n-1,y0==y_n-1 invariant does NOT hold for this annotation"
ef04f061-76fc-4708-8683-90cb1cc54c80,annotation,"segmentation ring first/last point gap = 2.24px (first=(1608.0,588.0) last=(1607.0,590.0)) -- prompt's assumed x0==x_n-1,y0==y_n-1 invariant does NOT hold for this annotation"
1d3ff2c3-34a7-4b30-a84d-b310d61b40d8,annotation,"segmentation ring first/last point gap = 1.36px (first=(1593.9978,1092.8007) last=(1593.6467,1094.1107)) -- prompt's assumed x0==x_n-1,y0==y_n-1 invariant does NOT hold for this annotation"
f6464fbb-bfc7-4020-8d8d-c2b99e7e41d6,annotation,"segmentation ring first/last point gap = 7.81px (first=(338.0,928.0) last=(333.0,934.0)) -- prompt's assumed x0==x_n-1,y0==y_n-1 invariant does NOT hold for this annotation"
6aefbedf-0fea-4469-9ecb-d20f53f7c5dc,annotation,"segmentation ring first/last point gap = 1.41px (first=(751.0,765.0) last=(752.0,764.0)) -- prompt's assumed x0==x_n-1,y0==y_n-1 invariant does NOT hold for this annotation"
5c8003c3-3783-4995-8dbf-347104e9dbfc,annotation,"segmentation ring first/last point gap = 1.41px (first=(580.0,1446.0) last=(579.0,1447.0)) -- prompt's assumed x0==x_n-1,y0==y_n-1 invariant does NOT hold for this annotation"
18df2dcc-7ad9-4491-a322-1c311688ad58,annotation,"segmentation ring first/last point gap = 3.61px (first=(727.0,486.0) last=(725.0,489.0)) -- prompt's assumed x0==x_n-1,y0==y_n-1 invariant does NOT hold for this annotation"
877747c2-5037-4c38-b1d8-0d74915eacfc,annotation,"segmentation ring first/last point gap = 6.08px (first=(1608.0,593.1644) last=(1609.0,587.1644)) -- prompt's assumed x0==x_n-1,y0==y_n-1 invariant does NOT hold for this annotation"
06c1164b-7a8e-4240-a9ca-d83c81738dfa,annotation,"segmentation ring first/last point gap = 2.24px (first=(1452.0,1467.0) last=(1450.0,1468.0)) -- prompt's assumed x0==x_n-1,y0==y_n-1 invariant does NOT hold for this annotation"
2b62763a-43a2-47b4-92dc-1a6f3d12a313,annotation,"segmentation ring first/last point gap = 2.59px (first=(1576.128,1525.2577) last=(1575.458,1527.7577)) -- prompt's assumed x0==x_n-1,y0==y_n-1 invariant does NOT hold for this annotation"
6cc6aba6-979a-42b8-b966-a74f4028bc5b,annotation,"segmentation ring first/last point gap = 1.60px (first=(582.8741,1416.7177) last=(583.2841,1415.1677)) -- prompt's assumed x0==x_n-1,y0==y_n-1 invariant does NOT hold for this annotation"
324b08af-d655-441c-9cc5-6519141056e5,annotation,"segmentation ring first/last point gap = 1.60px (first=(758.6728,762.8128) last=(758.2628,764.3628)) -- prompt's assumed x0==x_n-1,y0==y_n-1 invariant does NOT hold for this annotation"
b1eb91e4-184e-4892-999b-5e35effac634,annotation,"segmentation ring first/last point gap = 1.60px (first=(1014.4384,297.3527) last=(1014.0284,298.9027)) -- prompt's assumed x0==x_n-1,y0==y_n-1 invariant does NOT hold for this annotation"
b49380e2-19bb-4542-8446-7d4d1300389c,annotation,"segmentation ring first/last point gap = 5.14px (first=(1795.3817,1399.0432) last=(1797.8435,1394.53)) -- prompt's assumed x0==x_n-1,y0==y_n-1 invariant does NOT hold for this annotation"
07c8d2ab-d3ca-42d1-8e02-608ca506034b,annotation,"segmentation ring first/last point gap = 3.82px (first=(1876.58,954.7577) last=(1875.5918,958.4509)) -- prompt's assumed x0==x_n-1,y0==y_n-1 invariant does NOT hold for this annotation"
ecb7a596-1c7b-49fb-afc5-a1dbb312be2c,annotation,"segmentation ring first/last point gap = 2.59px (first=(456.4288,431.5252) last=(455.7588,434.0252)) -- prompt's assumed x0==x_n-1,y0==y_n-1 invariant does NOT hold for this annotation"
169ae691-2030-41f6-9a13-4a7d12bd112a,annotation,"segmentation ring first/last point gap = 2.59px (first=(573.7432,1563.615) last=(573.0732,1566.115)) -- prompt's assumed x0==x_n-1,y0==y_n-1 invariant does NOT hold for this annotation"
19553c81-2e0b-45d6-85c2-6dbe6c0cf20e,annotation,"segmentation ring first/last point gap = 1.60px (first=(1074.7829,931.4875) last=(1075.1929,929.9375)) -- prompt's assumed x0==x_n-1,y0==y_n-1 invariant does NOT hold for this annotation"
f1d85232-4054-4bc1-b17c-d09b1a7c1e41,annotation,"segmentation ring first/last point gap = 18.58px (first=(796.6918,1306.1453) last=(797.1048,1287.5704)) -- prompt's assumed x0==x_n-1,y0==y_n-1 invariant does NOT hold for this annotation"
32797162-64b0-4759-9818-9f72edad2cbc,annotation,"segmentation ring first/last point gap = 2.59px (first=(848.9789,473.6544) last=(849.6489,471.1544)) -- prompt's assumed x0==x_n-1,y0==y_n-1 invariant does NOT hold for this annotation"
99e193a9-7498-4fd4-a457-abec73e71bec,annotation,"segmentation ring first/last point gap = 1.95px (first=(753.6139,409.0402) last=(753.109,410.924)) -- prompt's assumed x0==x_n-1,y0==y_n-1 invariant does NOT hold for this annotation"
cb408193-7b50-4fc2-a861-fdce8d308b5b,annotation,"segmentation ring first/last point gap = 2.59px (first=(1357.7013,1160.6122) last=(1357.0313,1163.1122)) -- prompt's assumed x0==x_n-1,y0==y_n-1 invariant does NOT hold for this annotation"
653c5be2-34f4-4014-af13-1526a4b818e9,annotation,"segmentation ring first/last point gap = 1.43px (first=(1155.7357,989.8789) last=(1157.1186,989.5131)) -- prompt's assumed x0==x_n-1,y0==y_n-1 invariant does NOT hold for this annotation"
08493c0e-eea8-4aaf-9c09-a6035977b9e9,annotation,"segmentation ring first/last point gap = 1.60px (first=(589.399,913.9687) last=(588.989,915.5187)) -- prompt's assumed x0==x_n-1,y0==y_n-1 invariant does NOT hold for this annotation"
12426f80-bc30-4a93-bc01-3cab8829d603,annotation,"segmentation ring first/last point gap = 2.59px (first=(827.687,912.5978) last=(827.017,915.0978)) -- prompt's assumed x0==x_n-1,y0==y_n-1 invariant does NOT hold for this annotation"
48f487f8-06b5-4330-bda9-f29f7a9344ed,annotation,"segmentation ring first/last point gap = 1.60px (first=(1654.975,624.8539) last=(1654.565,626.4039)) -- prompt's assumed x0==x_n-1,y0==y_n-1 invariant does NOT hold for this annotation"
bfed90b9-eedd-4eb7-aca0-d022d5b53af7,annotation,"segmentation ring first/last point gap = 2.59px (first=(1851.2896,1200.4997) last=(1851.9596,1197.9997)) -- prompt's assumed x0==x_n-1,y0==y_n-1 invariant does NOT hold for this annotation"
4b7a034c-05f1-4fd1-a35d-8de72c14f854,annotation,"segmentation ring first/last point gap = 1.87px (first=(736.76,1404.5903) last=(736.2758,1406.3971)) -- prompt's assumed x0==x_n-1,y0==y_n-1 invariant does NOT hold for this annotation"
6c03d2bb-fd13-485e-b8ff-b506d7640627,annotation,"segmentation ring first/last point gap = 2.59px (first=(880.9607,1498.0065) last=(880.2907,1500.5065)) -- prompt's assumed x0==x_n-1,y0==y_n-1 invariant does NOT hold for this annotation"
51567466-0c22-4650-b6ca-9936efed5873,annotation,"segmentation ring first/last point gap = 2.59px (first=(1087.5529,1332.8269) last=(1088.2229,1330.3269)) -- prompt's assumed x0==x_n-1,y0==y_n-1 invariant does NOT hold for this annotation"
1af4c943-ac1b-4213-bb14-5120b7fc72df,annotation,"segmentation ring first/last point gap = 2.59px (first=(625.5589,743.1207) last=(626.2289,740.6207)) -- prompt's assumed x0==x_n-1,y0==y_n-1 invariant does NOT hold for this annotation"
63b727a8-5d67-43a2-b49f-cb6ca950e185,annotation,"segmentation ring first/last point gap = 1.60px (first=(1619.5494,1388.3382) last=(1619.9594,1386.7882)) -- prompt's assumed x0==x_n-1,y0==y_n-1 invariant does NOT hold for this annotation"
18459e72-5050-438e-9584-28edb2f62970,annotation,"segmentation ring first/last point gap = 2.59px (first=(1862.579,1201.3649) last=(1863.249,1198.8649)) -- prompt's assumed x0==x_n-1,y0==y_n-1 invariant does NOT hold for this annotation"
cba80e0e-a8e6-4fd8-88c8-565ed0389013,annotation,"segmentation ring first/last point gap = 1.15px (first=(880.2243,1498.6832) last=(879.9278,1499.7898)) -- prompt's assumed x0==x_n-1,y0==y_n-1 invariant does NOT hold for this annotation"
4b615733-bbef-49e3-9aa4-5ca58958c181,annotation,"segmentation ring first/last point gap = 4.37px (first=(877.0,1497.0) last=(874.3802,1500.4931)) -- prompt's assumed x0==x_n-1,y0==y_n-1 invariant does NOT hold for this annotation"
feb850a2-dbeb-4ab0-b35b-93c88664a402,annotation,"segmentation ring first/last point gap = 1.60px (first=(732.6557,1409.5844) last=(733.0657,1408.0344)) -- prompt's assumed x0==x_n-1,y0==y_n-1 invariant does NOT hold for this annotation"
9a018d02-425b-4cd2-abb6-e89d6cef1267,annotation,"segmentation ring first/last point gap = 1.60px (first=(827.0102,1448.1645) last=(827.4202,1446.6145)) -- prompt's assumed x0==x_n-1,y0==y_n-1 invariant does NOT hold for this annotation"
8bd9fbb6-6d0e-416f-be13-337335d1f0d9,annotation,"segmentation ring first/last point gap = 2.59px (first=(1547.8013,690.1276) last=(1548.4713,687.6276)) -- prompt's assumed x0==x_n-1,y0==y_n-1 invariant does NOT hold for this annotation"
df9402be-09e6-4154-8541-01db0e2a903d,annotation,"segmentation ring first/last point gap = 2.59px (first=(1337.7921,1352.7292) last=(1337.1221,1355.2292)) -- prompt's assumed x0==x_n-1,y0==y_n-1 invariant does NOT hold for this annotation"
be71b7fa-3ced-482e-aa18-e820cf752190,annotation,"segmentation ring first/last point gap = 2.59px (first=(1197.6866,1363.1299) last=(1197.0166,1365.6299)) -- prompt's assumed x0==x_n-1,y0==y_n-1 invariant does NOT hold for this annotation"
267882f3-6bd8-4797-85a5-98da2912ee80,annotation,"segmentation ring first/last point gap = 4.47px (first=(925.0,1282.0) last=(923.0,1286.0)) -- prompt's assumed x0==x_n-1,y0==y_n-1 invariant does NOT hold for this annotation"
ff33452c-6418-40d1-b398-2db5072e2583,annotation,"segmentation ring first/last point gap = 1.41px (first=(529.0,646.0) last=(528.0,647.0)) -- prompt's assumed x0==x_n-1,y0==y_n-1 invariant does NOT hold for this annotation"
85b293b4-462f-46e1-9779-e29b02a66d14,annotation,"segmentation ring first/last point gap = 1.13px (first=(649.0098,1530.4951) last=(648.0,1531.0)) -- prompt's assumed x0==x_n-1,y0==y_n-1 invariant does NOT hold for this annotation"
38746734-9b12-494b-b289-89577b5476b4,annotation,"segmentation ring first/last point gap = 1.10px (first=(733.1719,916.619) last=(733.7801,915.7067)) -- prompt's assumed x0==x_n-1,y0==y_n-1 invariant does NOT hold for this annotation"
47be69f4-bc59-4607-97f3-76dd1b01422e,annotation,"segmentation ring first/last point gap = 1.41px (first=(1577.0,1290.0) last=(1576.0,1291.0)) -- prompt's assumed x0==x_n-1,y0==y_n-1 invariant does NOT hold for this annotation"
16168438-8d52-4fbf-8809-659dacbe86cc,annotation,"segmentation ring first/last point gap = 1.60px (first=(1222.8034,1154.7483) last=(1223.2134,1153.1983)) -- prompt's assumed x0==x_n-1,y0==y_n-1 invariant does NOT hold for this annotation"
786ddfeb-efbf-420e-a2b4-0401e2c17205,annotation,"segmentation ring first/last point gap = 2.59px (first=(851.5948,1537.6529) last=(850.9248,1540.1529)) -- prompt's assumed x0==x_n-1,y0==y_n-1 invariant does NOT hold for this annotation"
3670e815-6093-4a78-aa81-0ac74290114f,annotation,"segmentation ring first/last point gap = 1.16px (first=(1747.5112,800.3406) last=(1747.7916,799.219)) -- prompt's assumed x0==x_n-1,y0==y_n-1 invariant does NOT hold for this annotation"
b050f09a-8cab-4b47-8751-593418ae7f58,annotation,"segmentation ring first/last point gap = 2.59px (first=(995.6955,1252.8543) last=(995.0255,1255.3543)) -- prompt's assumed x0==x_n-1,y0==y_n-1 invariant does NOT hold for this annotation"
0b27e9fd-a1dd-45b8-bd6c-de0976eb77bd,annotation,"segmentation ring first/last point gap = 1.55px (first=(405.1801,1191.2243) last=(404.7801,1192.7243)) -- prompt's assumed x0==x_n-1,y0==y_n-1 invariant does NOT hold for this annotation"
591ed656-6c8d-40fb-84e6-89d5771e08ac,annotation,"segmentation ring first/last point gap = 1.60px (first=(1387.5434,1548.8646) last=(1387.1334,1550.4146)) -- prompt's assumed x0==x_n-1,y0==y_n-1 invariant does NOT hold for this annotation"
512cbe4a-ed6f-4b1b-9696-57e22e93eec1,annotation,"segmentation ring first/last point gap = 1.60px (first=(1428.7087,1603.8949) last=(1428.2987,1605.4449)) -- prompt's assumed x0==x_n-1,y0==y_n-1 invariant does NOT hold for this annotation"
0f5d1ca4-cd6d-47a9-94bd-db9550a4bc97,annotation,"segmentation ring first/last point gap = 1.60px (first=(862.8763,1336.7454) last=(863.2863,1335.1954)) -- prompt's assumed x0==x_n-1,y0==y_n-1 invariant does NOT hold for this annotation"
269c88d2-0dcf-4425-a623-0924886edbc7,annotation,"segmentation ring first/last point gap = 1.04px (first=(644.2453,1603.012) last=(643.9753,1604.012)) -- prompt's assumed x0==x_n-1,y0==y_n-1 invariant does NOT hold for this annotation"
ee320eb5-6cb3-4bca-a6ff-46aba01e8a66,annotation,"segmentation ring first/last point gap = 1.60px (first=(725.5529,1565.537) last=(725.1429,1567.087)) -- prompt's assumed x0==x_n-1,y0==y_n-1 invariant does NOT hold for this annotation"
a1c16c53-148f-47e2-a32f-e05b18fefe05,annotation,"segmentation ring first/last point gap = 1.55px (first=(573.8663,1410.7399) last=(574.2663,1409.2399)) -- prompt's assumed x0==x_n-1,y0==y_n-1 invariant does NOT hold for this annotation"
f213e286-8b6b-4197-a5cf-28bc3bebfca1,annotation,"segmentation ring first/last point gap = 1.55px (first=(669.0538,1100.2404) last=(669.4538,1098.7404)) -- prompt's assumed x0==x_n-1,y0==y_n-1 invariant does NOT hold for this annotation"
e24d9f8f-d4e7-47a1-9d2e-410fa373def9,annotation,"segmentation ring first/last point gap = 1.22px (first=(641.4775,1351.2035) last=(641.7907,1350.029)) -- prompt's assumed x0==x_n-1,y0==y_n-1 invariant does NOT hold for this annotation"
465ea0ee-3733-45cf-9b42-3d417b69359c,annotation,"segmentation ring first/last point gap = 1.66px (first=(413.4979,806.3842) last=(413.8241,804.7534)) -- prompt's assumed x0==x_n-1,y0==y_n-1 invariant does NOT hold for this annotation"
9ab94a3c-99ee-47d7-8a4c-1980f7890174,annotation,"segmentation ring first/last point gap = 2.59px (first=(697.613,1464.7281) last=(696.943,1467.2281)) -- prompt's assumed x0==x_n-1,y0==y_n-1 invariant does NOT hold for this annotation"
17b91864-eb44-4e9a-95c1-66d9d16d6b02,annotation,"segmentation ring first/last point gap = 1.60px (first=(727.193,1332.4561) last=(726.783,1334.0061)) -- prompt's assumed x0==x_n-1,y0==y_n-1 invariant does NOT hold for this annotation"
2fb60aa8-9a6a-4e80-87f6-7cf6978cc2c7,annotation,"segmentation ring first/last point gap = 2.59px (first=(1473.1224,699.7169) last=(1472.4524,702.2169)) -- prompt's assumed x0==x_n-1,y0==y_n-1 invariant does NOT hold for this annotation"
773ec840-75c0-4f11-886c-8940e2ea924a,annotation,"segmentation ring first/last point gap = 2.59px (first=(730.1236,1333.9859) last=(729.4536,1336.4859)) -- prompt's assumed x0==x_n-1,y0==y_n-1 invariant does NOT hold for this annotation"
41d1c305-98a3-4a55-abd1-fc0fa794b217,annotation,"segmentation ring first/last point gap = 2.83px (first=(1607.0,1423.0) last=(1609.0,1421.0)) -- prompt's assumed x0==x_n-1,y0==y_n-1 invariant does NOT hold for this annotation"
8703aa68-0e0a-46ca-8971-48e230e41f0b,annotation,"segmentation ring first/last point gap = 2.83px (first=(1347.0,1560.0) last=(1345.0,1562.0)) -- prompt's assumed x0==x_n-1,y0==y_n-1 invariant does NOT hold for this annotation"
752bd8aa-beff-4378-ad2c-5d94fd7434f7,annotation,"segmentation ring first/last point gap = 2.59px (first=(1355.5143,1551.129) last=(1354.8443,1553.629)) -- prompt's assumed x0==x_n-1,y0==y_n-1 invariant does NOT hold for this annotation"
6c8c51a0-7b9e-4b49-a24c-e6ef9ccc410c,annotation,"segmentation ring first/last point gap = 1.60px (first=(1644.0943,1381.3638) last=(1643.6843,1382.9138)) -- prompt's assumed x0==x_n-1,y0==y_n-1 invariant does NOT hold for this annotation"
9f1d040f-6062-4512-bd09-a719eb80c6cc,annotation,"segmentation ring first/last point gap = 1.60px (first=(731.4194,1224.0664) last=(731.0094,1225.6164)) -- prompt's assumed x0==x_n-1,y0==y_n-1 invariant does NOT hold for this annotation"
6e80566a-2ffc-4eba-9e32-8facb90ab5e3,annotation,"segmentation ring first/last point gap = 2.59px (first=(1532.6512,689.9714) last=(1531.9812,692.4714)) -- prompt's assumed x0==x_n-1,y0==y_n-1 invariant does NOT hold for this annotation"
460cd53c-5a10-4604-90e0-cab860c38f3a,annotation,"segmentation ring first/last point gap = 3.85px (first=(491.8278,593.8942) last=(491.4792,597.7293)) -- prompt's assumed x0==x_n-1,y0==y_n-1 invariant does NOT hold for this annotation"
f4a69bdf-541b-454b-8a6c-57fc65556d54,annotation,"segmentation ring first/last point gap = 1.41px (first=(506.0,668.0) last=(505.0,669.0)) -- prompt's assumed x0==x_n-1,y0==y_n-1 invariant does NOT hold for this annotation"
8649c1b1-4b24-4838-94df-bcfdc3b94a93,annotation,"segmentation ring first/last point gap = 4.21px (first=(943.0,734.0) last=(940.836,737.6067)) -- prompt's assumed x0==x_n-1,y0==y_n-1 invariant does NOT hold for this annotation"
75a258cf-83d7-49b6-bdbe-c838cd56240a,annotation,"segmentation ring first/last point gap = 1.41px (first=(1347.0,785.0) last=(1348.0,784.0)) -- prompt's assumed x0==x_n-1,y0==y_n-1 invariant does NOT hold for this annotation"
e0f0f17b-7939-44bf-96a8-08d41b7480b3,annotation,"segmentation ring first/last point gap = 1.41px (first=(498.0,926.0) last=(499.0,925.0)) -- prompt's assumed x0==x_n-1,y0==y_n-1 invariant does NOT hold for this annotation"
2c699259-b1cc-4a6f-8a7a-3599c3a438df,annotation,"segmentation ring first/last point gap = 1.41px (first=(846.0,1220.0) last=(845.0,1221.0)) -- prompt's assumed x0==x_n-1,y0==y_n-1 invariant does NOT hold for this annotation"
9c231d16-1d9e-47e1-8528-9d6172916f3b,annotation,"segmentation ring first/last point gap = 6.71px (first=(854.0,1363.0) last=(857.0,1357.0)) -- prompt's assumed x0==x_n-1,y0==y_n-1 invariant does NOT hold for this annotation"
a7bfbc7d-6912-4ec9-bb85-380fe0458f9e,annotation,"segmentation ring first/last point gap = 1.41px (first=(1437.0,1455.0) last=(1436.0,1456.0)) -- prompt's assumed x0==x_n-1,y0==y_n-1 invariant does NOT hold for this annotation"
f6919017-c404-44e9-9b5f-588a78d08914,annotation,"segmentation ring first/last point gap = 1.04px (first=(1442.2382,665.3944) last=(1441.9682,666.3944)) -- prompt's assumed x0==x_n-1,y0==y_n-1 invariant does NOT hold for this annotation"
0abda57e-449d-49e2-8146-93f8102b38f8,annotation,"segmentation ring first/last point gap = 1.04px (first=(1447.9519,646.2841) last=(1448.2219,645.2841)) -- prompt's assumed x0==x_n-1,y0==y_n-1 invariant does NOT hold for this annotation"
f26e5fac-ea43-49d2-98dc-4ce2c0c3da0d,annotation,"segmentation ring first/last point gap = 6.73px (first=(1313.9034,1790.6145) last=(1315.6434,1784.1145)) -- prompt's assumed x0==x_n-1,y0==y_n-1 invariant does NOT hold for this annotation"
5b58e466-878c-45b2-ae61-602a4114646f,annotation,"segmentation ring first/last point gap = 2.83px (first=(636.0,1462.0) last=(634.0,1464.0)) -- prompt's assumed x0==x_n-1,y0==y_n-1 invariant does NOT hold for this annotation"
1e4862ad-59d0-45d0-8c47-ebb88d0cb923,annotation,"segmentation ring first/last point gap = 2.17px (first=(494.7771,596.3167) last=(493.2436,597.8501)) -- prompt's assumed x0==x_n-1,y0==y_n-1 invariant does NOT hold for this annotation"
2ba4e19d-3f6b-47c2-941c-92fd2669f1d9,annotation,"segmentation ring first/last point gap = 2.24px (first=(1152.0,601.0) last=(1150.0,602.0)) -- prompt's assumed x0==x_n-1,y0==y_n-1 invariant does NOT hold for this annotation"
9fa2b286-cf66-4165-99b9-17884497053a,annotation,"segmentation ring first/last point gap = 1.41px (first=(1430.0,1455.0) last=(1429.0,1456.0)) -- prompt's assumed x0==x_n-1,y0==y_n-1 invariant does NOT hold for this annotation"
cee9f2c3-bb27-4695-b0dc-fab215a61e85,annotation,"segmentation ring first/last point gap = 1.60px (first=(1246.6547,823.7458) last=(1247.0647,822.1958)) -- prompt's assumed x0==x_n-1,y0==y_n-1 invariant does NOT hold for this annotation"
2681c445-a377-471c-b9d3-53fcc4eea25f,annotation,"segmentation ring first/last point gap = 3.16px (first=(500.895,921.4733) last=(499.0,924.0)) -- prompt's assumed x0==x_n-1,y0==y_n-1 invariant does NOT hold for this annotation"
62284a2d-dac2-4f59-9f07-aba36a573a84,annotation,"segmentation ring first/last point gap = 1.41px (first=(1447.0,648.0) last=(1446.0,649.0)) -- prompt's assumed x0==x_n-1,y0==y_n-1 invariant does NOT hold for this annotation"
e0f90e41-d764-400d-844b-f693c3dfeb54,annotation,"segmentation ring first/last point gap = 1.60px (first=(940.2144,728.3831) last=(939.8044,729.9331)) -- prompt's assumed x0==x_n-1,y0==y_n-1 invariant does NOT hold for this annotation"
01122662-a70d-4bbc-9063-a45ec4113199,annotation,"segmentation ring first/last point gap = 2.83px (first=(436.0,1306.0) last=(434.0,1308.0)) -- prompt's assumed x0==x_n-1,y0==y_n-1 invariant does NOT hold for this annotation"
98b8a6ec-8a41-4160-b4f1-f9d9134a9f89,annotation,"segmentation ring first/last point gap = 1.41px (first=(854.0,1408.0) last=(853.0,1409.0)) -- prompt's assumed x0==x_n-1,y0==y_n-1 invariant does NOT hold for this annotation"
5c56b265-971c-4ea0-aea2-23dae8d0f419,annotation,"segmentation ring first/last point gap = 6.57px (first=(494.6433,596.6459) last=(489.3614,600.5532)) -- prompt's assumed x0==x_n-1,y0==y_n-1 invariant does NOT hold for this annotation"
33a8fad9-1640-4517-8333-1640258307cf,annotation,"segmentation ring first/last point gap = 1.60px (first=(383.944,626.8275) last=(383.534,628.3775)) -- prompt's assumed x0==x_n-1,y0==y_n-1 invariant does NOT hold for this annotation"
56f91907-61f0-46f0-b4ca-bf8ddd29acd3,annotation,"segmentation ring first/last point gap = 2.59px (first=(1174.6682,508.1739) last=(1175.3382,505.6739)) -- prompt's assumed x0==x_n-1,y0==y_n-1 invariant does NOT hold for this annotation"
519b45ff-82bf-4fa0-aa71-27c236bf6fab,annotation,"segmentation ring first/last point gap = 1.60px (first=(871.2987,835.0504) last=(870.8887,836.6004)) -- prompt's assumed x0==x_n-1,y0==y_n-1 invariant does NOT hold for this annotation"
d2d2efd2-80f6-4fa5-927e-4fcd83ab3cac,annotation,"segmentation ring first/last point gap = 1.60px (first=(396.2872,1032.6047) last=(395.8772,1034.1547)) -- prompt's assumed x0==x_n-1,y0==y_n-1 invariant does NOT hold for this annotation"
8d61f426-1c47-4035-a9b4-578f7c0c1eba,annotation,"segmentation ring first/last point gap = 2.59px (first=(554.0911,652.4321) last=(553.4211,654.9321)) -- prompt's assumed x0==x_n-1,y0==y_n-1 invariant does NOT hold for this annotation"
e85ac5bc-7ee3-4905-bf62-6ac4cb2a4770,annotation,"segmentation ring first/last point gap = 4.14px (first=(1311.4639,474.8197) last=(1312.5339,470.8197)) -- prompt's assumed x0==x_n-1,y0==y_n-1 invariant does NOT hold for this annotation"
9f334972-16f5-4587-890f-9efbfa3ec0fd,annotation,"segmentation ring first/last point gap = 4.24px (first=(1024.0,1116.0) last=(1027.0,1113.0)) -- prompt's assumed x0==x_n-1,y0==y_n-1 invariant does NOT hold for this annotation"
a8e8321d-8b42-4c09-8812-3fb726afc5a2,annotation,"segmentation ring first/last point gap = 5.83px (first=(1056.0,960.0) last=(1051.0,963.0)) -- prompt's assumed x0==x_n-1,y0==y_n-1 invariant does NOT hold for this annotation"
84181a03-0d56-4174-a455-26f883681dd1,annotation,"segmentation ring first/last point gap = 3.61px (first=(769.0,1510.0) last=(767.0,1513.0)) -- prompt's assumed x0==x_n-1,y0==y_n-1 invariant does NOT hold for this annotation"
41d93006-9a10-498f-9411-5dbb805424c1,annotation,"segmentation ring first/last point gap = 2.59px (first=(1870.9625,1150.7726) last=(1871.6325,1148.2726)) -- prompt's assumed x0==x_n-1,y0==y_n-1 invariant does NOT hold for this annotation"
c72a6ed3-1f7c-486c-bbad-e9609fe14206,annotation,"segmentation ring first/last point gap = 1.41px (first=(458.0,1187.0) last=(459.0,1186.0)) -- prompt's assumed x0==x_n-1,y0==y_n-1 invariant does NOT hold for this annotation"
ed49ccd0-e4ca-4003-ae53-ca27914213ab,annotation,"segmentation ring first/last point gap = 2.00px (first=(1026.0,1115.0) last=(1028.0,1115.0)) -- prompt's assumed x0==x_n-1,y0==y_n-1 invariant does NOT hold for this annotation"
ee29de69-6505-4081-bcc9-987bb346f6c5,annotation,"segmentation ring first/last point gap = 1.60px (first=(1110.7366,972.5034) last=(1111.1466,970.9534)) -- prompt's assumed x0==x_n-1,y0==y_n-1 invariant does NOT hold for this annotation"
c0914d90-443c-47fb-8868-53a2bbc955c7,annotation,"segmentation ring first/last point gap = 1.60px (first=(1156.4947,839.464) last=(1156.9047,837.914)) -- prompt's assumed x0==x_n-1,y0==y_n-1 invariant does NOT hold for this annotation"
503f2570-4d52-4824-90d1-5af43c0b9656,annotation,"segmentation ring first/last point gap = 1.06px (first=(895.6888,1571.6844) last=(895.4165,1572.7138)) -- prompt's assumed x0==x_n-1,y0==y_n-1 invariant does NOT hold for this annotation"
f9e931d7-5d13-49d4-b494-c7ffb363ae65,annotation,"segmentation ring first/last point gap = 9.22px (first=(1527.0,1486.0) last=(1533.0,1479.0)) -- prompt's assumed x0==x_n-1,y0==y_n-1 invariant does NOT hold for this annotation"
cc9b9427-77d0-460d-8f0f-95bc41f2c940,annotation,"segmentation ring first/last point gap = 2.83px (first=(358.0,1263.0) last=(360.0,1261.0)) -- prompt's assumed x0==x_n-1,y0==y_n-1 invariant does NOT hold for this annotation"
7e75e5a9-260b-4605-aaa6-11ae5e79e7dd,annotation,"segmentation ring first/last point gap = 2.07px (first=(892.9852,1580.4345) last=(892.4452,1582.4345)) -- prompt's assumed x0==x_n-1,y0==y_n-1 invariant does NOT hold for this annotation"
4d944754-e424-4092-b1bf-fd696c84dbed,annotation,"segmentation ring first/last point gap = 6.00px (first=(1154.0,840.0) last=(1148.0,840.0)) -- prompt's assumed x0==x_n-1,y0==y_n-1 invariant does NOT hold for this annotation"
0b3f44df-77e6-4d7d-9adc-7f0317ed7a35,annotation,"segmentation ring first/last point gap = 8.06px (first=(1541.0,1477.0) last=(1542.0,1469.0)) -- prompt's assumed x0==x_n-1,y0==y_n-1 invariant does NOT hold for this annotation"
d1e705a7-7d38-4cf5-8886-f0fe9873afe6,annotation,"segmentation ring first/last point gap = 8.00px (first=(370.0,810.0) last=(362.0,810.0)) -- prompt's assumed x0==x_n-1,y0==y_n-1 invariant does NOT hold for this annotation"
4ca89a6a-ba90-435c-8e22-d8e34579ffcb,annotation,"segmentation ring first/last point gap = 3.16px (first=(1030.0,841.0) last=(1029.0,844.0)) -- prompt's assumed x0==x_n-1,y0==y_n-1 invariant does NOT hold for this annotation"
05fcfd2b-1429-4908-99c0-2c2d059cf126,annotation,"segmentation ring first/last point gap = 3.61px (first=(929.0,1274.0) last=(932.0,1272.0)) -- prompt's assumed x0==x_n-1,y0==y_n-1 invariant does NOT hold for this annotation"
ef99db64-658b-4201-b8ac-e005c1980147,annotation,"segmentation ring first/last point gap = 1.42px (first=(327.9761,910.0172) last=(327.6102,911.386)) -- prompt's assumed x0==x_n-1,y0==y_n-1 invariant does NOT hold for this annotation"
08a1c5bb-e028-4f8e-8d78-5a3615cfc39a,annotation,"segmentation ring first/last point gap = 6.77px (first=(1726.8736,1095.2527) last=(1728.6236,1088.7127)) -- prompt's assumed x0==x_n-1,y0==y_n-1 invariant does NOT hold for this annotation"
f9719539-371d-48c1-a43e-cc2203656475,annotation,"segmentation ring first/last point gap = 1.29px (first=(1010.5168,1699.2409) last=(1010.8468,1697.9909)) -- prompt's assumed x0==x_n-1,y0==y_n-1 invariant does NOT hold for this annotation"
9e0e7fd7-ac72-4e46-90ce-a871543bc031,annotation,"segmentation ring first/last point gap = 2.07px (first=(527.8923,1436.4053) last=(527.3523,1438.4053)) -- prompt's assumed x0==x_n-1,y0==y_n-1 invariant does NOT hold for this annotation"
d71674e2-c700-47d8-8c81-6b8fe43a5c8d,annotation,"segmentation ring first/last point gap = 2.09px (first=(1438.6202,1252.644) last=(1439.5554,1250.7735)) -- prompt's assumed x0==x_n-1,y0==y_n-1 invariant does NOT hold for this annotation"
94157370-9a62-4253-8ab6-b5c308684b40,annotation,"segmentation ring first/last point gap = 1.10px (first=(797.2538,470.14) last=(796.9638,471.2)) -- prompt's assumed x0==x_n-1,y0==y_n-1 invariant does NOT hold for this annotation"
ddfa054a-8c07-43d6-947f-eb0059794bbc,annotation,"segmentation ring first/last point gap = 3.24px (first=(1405.0735,916.3897) last=(1405.8585,913.2496)) -- prompt's assumed x0==x_n-1,y0==y_n-1 invariant does NOT hold for this annotation"
bc5221fe-ba28-41f5-9707-f6ef43ded4df,annotation,"segmentation ring first/last point gap = 1.40px (first=(743.4877,534.6534) last=(743.2572,536.0363)) -- prompt's assumed x0==x_n-1,y0==y_n-1 invariant does NOT hold for this annotation"
8743087b-e4b4-4461-b0ef-a5fe9e379516,annotation,"segmentation ring first/last point gap = 2.09px (first=(1455.6825,1538.5179) last=(1455.5337,1540.6015)) -- prompt's assumed x0==x_n-1,y0==y_n-1 invariant does NOT hold for this annotation"
235251ed-2bcf-4dcb-8206-fc4c7e6bc108,annotation,"segmentation ring first/last point gap = 1.60px (first=(1748.9272,909.7408) last=(1749.3372,908.1908)) -- prompt's assumed x0==x_n-1,y0==y_n-1 invariant does NOT hold for this annotation"
6d61ea04-562b-482c-b520-dbe770dfc7b0,annotation,"segmentation ring first/last point gap = 1.29px (first=(382.879,618.207) last=(382.549,619.457)) -- prompt's assumed x0==x_n-1,y0==y_n-1 invariant does NOT hold for this annotation"
6d65f841-bfaf-43c7-a2c9-cba1b7c209b8,annotation,"segmentation ring first/last point gap = 1.60px (first=(908.0296,473.8622) last=(907.6196,475.4122)) -- prompt's assumed x0==x_n-1,y0==y_n-1 invariant does NOT hold for this annotation"
60da0135-a479-4a90-9e53-ac44afdfa030,annotation,"segmentation ring first/last point gap = 2.35px (first=(1106.0,1305.0) last=(1104.8573,1307.0569)) -- prompt's assumed x0==x_n-1,y0==y_n-1 invariant does NOT hold for this annotation"
0bc34efa-533d-42fd-bced-c7c764715766,annotation,"segmentation ring first/last point gap = 7.60px (first=(987.0113,1426.936) last=(982.1845,1432.8101)) -- prompt's assumed x0==x_n-1,y0==y_n-1 invariant does NOT hold for this annotation"
3b6aeac5-ffd9-42f5-a6df-0e9ed4e05e5f,annotation,"segmentation ring first/last point gap = 1.60px (first=(615.9857,1039.0244) last=(616.3957,1037.4744)) -- prompt's assumed x0==x_n-1,y0==y_n-1 invariant does NOT hold for this annotation"
3d131cb4-0fb9-42f5-831b-88dcbe123233,annotation,"segmentation ring first/last point gap = 1.41px (first=(563.2682,593.3261) last=(563.6329,591.9619)) -- prompt's assumed x0==x_n-1,y0==y_n-1 invariant does NOT hold for this annotation"
d2b1bf50-57f5-4907-b937-6740badb3642,annotation,"segmentation ring first/last point gap = 1.60px (first=(317.655,850.357) last=(318.065,848.807)) -- prompt's assumed x0==x_n-1,y0==y_n-1 invariant does NOT hold for this annotation"
9b4ab664-d313-41ae-9f5f-707a39bfbd08,annotation,"segmentation ring first/last point gap = 4.47px (first=(942.0,767.0) last=(944.0,763.0)) -- prompt's assumed x0==x_n-1,y0==y_n-1 invariant does NOT hold for this annotation"
344f6d67-919e-4580-ba1a-ddac3d261cc2,annotation,"segmentation ring first/last point gap = 4.47px (first=(907.0,1252.0) last=(905.0,1256.0)) -- prompt's assumed x0==x_n-1,y0==y_n-1 invariant does NOT hold for this annotation"
85bb42df-7070-465d-8da0-c33f5e6ddfd7,annotation,"segmentation ring first/last point gap = 4.00px (first=(844.0,1471.0) last=(848.0,1471.0)) -- prompt's assumed x0==x_n-1,y0==y_n-1 invariant does NOT hold for this annotation"
85a361a0-59e5-47e4-99ce-4ecd883cf8c6,annotation,"segmentation ring first/last point gap = 4.24px (first=(315.0,853.0) last=(312.0,856.0)) -- prompt's assumed x0==x_n-1,y0==y_n-1 invariant does NOT hold for this annotation"
008c5b3f-457b-46a4-ab12-33aaa989277f,annotation,"segmentation ring first/last point gap = 2.24px (first=(946.0,828.0) last=(948.0,827.0)) -- prompt's assumed x0==x_n-1,y0==y_n-1 invariant does NOT hold for this annotation"
6cb5dd54-72e9-4fdd-9941-9e459b85e518,annotation,"segmentation ring first/last point gap = 4.47px (first=(909.0,1251.0) last=(913.0,1249.0)) -- prompt's assumed x0==x_n-1,y0==y_n-1 invariant does NOT hold for this annotation"
28521414-908c-425d-9263-90e80114ede9,annotation,"segmentation ring first/last point gap = 2.76px (first=(1048.0,1414.0) last=(1046.05,1415.95)) -- prompt's assumed x0==x_n-1,y0==y_n-1 invariant does NOT hold for this annotation"
7891088b-2812-468e-a935-f17a3ac5ce57,annotation,"segmentation ring first/last point gap = 4.00px (first=(844.0,1471.0) last=(848.0,1471.0)) -- prompt's assumed x0==x_n-1,y0==y_n-1 invariant does NOT hold for this annotation"
8cb9c0dc-5195-4d4e-b826-4ea40dd94148,annotation,"segmentation ring first/last point gap = 2.24px (first=(537.0,1422.0) last=(535.0,1423.0)) -- prompt's assumed x0==x_n-1,y0==y_n-1 invariant does NOT hold for this annotation"
baf097fb-3a84-4fcc-a9a7-5bd0231e8842,annotation,"segmentation ring first/last point gap = 1.41px (first=(1608.0,1349.0) last=(1607.0,1350.0)) -- prompt's assumed x0==x_n-1,y0==y_n-1 invariant does NOT hold for this annotation"
359763e4-134a-4312-87f5-b73d20e25b27,annotation,"segmentation ring first/last point gap = 6.40px (first=(557.0,584.0) last=(553.0,589.0)) -- prompt's assumed x0==x_n-1,y0==y_n-1 invariant does NOT hold for this annotation"
32ca9ae0-0b48-4a99-96a0-681e77b46db6,annotation,"segmentation ring first/last point gap = 8.25px (first=(605.0,1042.0) last=(613.0,1040.0)) -- prompt's assumed x0==x_n-1,y0==y_n-1 invariant does NOT hold for this annotation"
1d4667b0-8f55-416e-a792-8eaa9a89cd56,annotation,"segmentation ring first/last point gap = 4.03px (first=(567.0,1385.0) last=(565.1991,1388.6018)) -- prompt's assumed x0==x_n-1,y0==y_n-1 invariant does NOT hold for this annotation"
bd320fe7-3d90-4b05-8c6c-b868ada0e227,annotation,"segmentation ring first/last point gap = 2.59px (first=(319.7104,850.461) last=(319.0404,852.961)) -- prompt's assumed x0==x_n-1,y0==y_n-1 invariant does NOT hold for this annotation"
cb2b15ae-0d23-47cb-b6ef-d44a3425da70,annotation,"segmentation ring first/last point gap = 2.59px (first=(1208.8194,1579.9639) last=(1208.1494,1582.4639)) -- prompt's assumed x0==x_n-1,y0==y_n-1 invariant does NOT hold for this annotation"
67115ee3-76c9-4484-8674-df2c843c9ccf,annotation,"segmentation ring first/last point gap = 1.60px (first=(1254.5415,774.3731) last=(1254.1315,775.9231)) -- prompt's assumed x0==x_n-1,y0==y_n-1 invariant does NOT hold for this annotation"
f1f9ff28-2985-48ac-9865-d7ef10dc9932,annotation,"segmentation ring first/last point gap = 1.55px (first=(1394.7941,1676.695) last=(1394.3941,1678.195)) -- prompt's assumed x0==x_n-1,y0==y_n-1 invariant does NOT hold for this annotation"
87ea504e-45b5-4470-8b28-789f39f89916,annotation,"segmentation ring first/last point gap = 2.59px (first=(1076.7159,270.2037) last=(1077.3859,267.7037)) -- prompt's assumed x0==x_n-1,y0==y_n-1 invariant does NOT hold for this annotation"
94a9c2f2-27ae-464e-ae2e-25ad60e8f130,annotation,"segmentation ring first/last point gap = 1.13px (first=(1734.709,743.1621) last=(1734.0058,744.0435)) -- prompt's assumed x0==x_n-1,y0==y_n-1 invariant does NOT hold for this annotation"
17a754fb-0fac-4c80-acf7-8773aa5dc136,annotation,"segmentation ring first/last point gap = 2.64px (first=(1392.505,590.1486) last=(1390.6409,592.0127)) -- prompt's assumed x0==x_n-1,y0==y_n-1 invariant does NOT hold for this annotation"
093701e3-4924-4b74-854c-a1b5c4cd0865,annotation,"segmentation ring first/last point gap = 1.60px (first=(1047.2601,1406.6221) last=(1046.8501,1408.1721)) -- prompt's assumed x0==x_n-1,y0==y_n-1 invariant does NOT hold for this annotation"
b93b090e-dbc2-42c8-80a8-d682e10cfc73,annotation,"segmentation ring first/last point gap = 2.59px (first=(1063.5535,1502.668) last=(1064.2235,1500.168)) -- prompt's assumed x0==x_n-1,y0==y_n-1 invariant does NOT hold for this annotation"
95386769-ee73-44a7-b82a-401240cae210,annotation,"segmentation ring first/last point gap = 2.59px (first=(1490.2364,1414.83) last=(1490.9064,1412.33)) -- prompt's assumed x0==x_n-1,y0==y_n-1 invariant does NOT hold for this annotation"
1e0f9516-269f-41f4-a20e-6967fd17fe87,annotation,"segmentation ring first/last point gap = 2.59px (first=(626.0602,1459.5282) last=(625.3902,1462.0282)) -- prompt's assumed x0==x_n-1,y0==y_n-1 invariant does NOT hold for this annotation"
c290ee12-f02c-41d2-8f9e-f6ff36515f21,annotation,"segmentation ring first/last point gap = 2.59px (first=(1030.6339,1293.5617) last=(1031.3039,1291.0617)) -- prompt's assumed x0==x_n-1,y0==y_n-1 invariant does NOT hold for this annotation"
4c73bb76-d320-4e7e-ae41-33844eccc289,annotation,"segmentation ring first/last point gap = 1.60px (first=(1186.2904,1209.176) last=(1185.8804,1210.726)) -- prompt's assumed x0==x_n-1,y0==y_n-1 invariant does NOT hold for this annotation"
55dfecba-102b-434b-8837-1b85981bd822,annotation,"segmentation ring first/last point gap = 2.59px (first=(792.6275,1621.1346) last=(793.2975,1618.6346)) -- prompt's assumed x0==x_n-1,y0==y_n-1 invariant does NOT hold for this annotation"
8d02028d-8cc7-4155-8a33-cb089bc52f3a,annotation,"segmentation ring first/last point gap = 1.60px (first=(429.6343,854.4981) last=(430.0443,852.9481)) -- prompt's assumed x0==x_n-1,y0==y_n-1 invariant does NOT hold for this annotation"
d2fa313b-df8c-4f8a-8d53-866a92e7da91,annotation,"segmentation ring first/last point gap = 2.59px (first=(658.4591,1184.5084) last=(659.1291,1182.0084)) -- prompt's assumed x0==x_n-1,y0==y_n-1 invariant does NOT hold for this annotation"
01e0b3e2-6743-4f91-81cc-0fbb75ea782d,annotation,"segmentation ring first/last point gap = 1.60px (first=(920.6137,1096.4906) last=(921.0237,1094.9406)) -- prompt's assumed x0==x_n-1,y0==y_n-1 invariant does NOT hold for this annotation"
88fc08fc-326e-4a1a-969a-7a3f6d92d5e0,annotation,"segmentation ring first/last point gap = 1.60px (first=(672.504,1476.2907) last=(672.094,1477.8407)) -- prompt's assumed x0==x_n-1,y0==y_n-1 invariant does NOT hold for this annotation"
9a16806e-408b-48db-977e-07d6e00e9a6d,annotation,"segmentation ring first/last point gap = 5.00px (first=(466.0,1100.0) last=(463.0,1104.0)) -- prompt's assumed x0==x_n-1,y0==y_n-1 invariant does NOT hold for this annotation"
6a0d828d-fe09-4005-8172-a010967d8254,annotation,"segmentation ring first/last point gap = 1.41px (first=(892.0,1596.0) last=(891.0,1597.0)) -- prompt's assumed x0==x_n-1,y0==y_n-1 invariant does NOT hold for this annotation"
19b174f7-0073-4b7e-926d-6bb96e17ac49,annotation,"segmentation ring first/last point gap = 1.55px (first=(1738.9038,1277.9169) last=(1738.5038,1279.4169)) -- prompt's assumed x0==x_n-1,y0==y_n-1 invariant does NOT hold for this annotation"
b82c5a41-8aff-4f7b-a99d-5a2dfc58dedd,annotation,"segmentation ring first/last point gap = 1.41px (first=(1473.0,1514.0) last=(1472.0,1515.0)) -- prompt's assumed x0==x_n-1,y0==y_n-1 invariant does NOT hold for this annotation"
d5db9b33-e809-4ece-b79e-0b65fa14a199,annotation,"segmentation ring first/last point gap = 1.10px (first=(987.3203,1100.5957) last=(987.0303,1101.6557)) -- prompt's assumed x0==x_n-1,y0==y_n-1 invariant does NOT hold for this annotation"
03bdb56c-2825-4344-a4a9-9c7e3403aa24,annotation,"segmentation ring first/last point gap = 2.83px (first=(447.0,1142.0) last=(445.0,1144.0)) -- prompt's assumed x0==x_n-1,y0==y_n-1 invariant does NOT hold for this annotation"
9fe45a18-813b-4abe-bfdc-78ebe902644e,annotation,"segmentation ring first/last point gap = 1.10px (first=(556.6453,1232.0544) last=(556.3553,1233.1144)) -- prompt's assumed x0==x_n-1,y0==y_n-1 invariant does NOT hold for this annotation"
ff199567-e6b8-4287-874e-ebf793732411,annotation,"segmentation ring first/last point gap = 2.59px (first=(1492.0612,1327.5139) last=(1491.3912,1330.0139)) -- prompt's assumed x0==x_n-1,y0==y_n-1 invariant does NOT hold for this annotation"
ded0cd94-5933-4ab3-afdb-6643cd96c12a,annotation,"segmentation ring first/last point gap = 2.59px (first=(1239.8355,1765.8528) last=(1240.5055,1763.3528)) -- prompt's assumed x0==x_n-1,y0==y_n-1 invariant does NOT hold for this annotation"
7d8cbe71-92f7-4746-a3e9-7082d3c040bb,annotation,"segmentation ring first/last point gap = 1.03px (first=(883.855,731.8771) last=(883.589,732.8696)) -- prompt's assumed x0==x_n-1,y0==y_n-1 invariant does NOT hold for this annotation"
5e2cdf7a-1ccc-4bc2-99c3-7acb3df00260,annotation,"segmentation ring first/last point gap = 2.59px (first=(1458.4156,1362.1736) last=(1457.7456,1364.6736)) -- prompt's assumed x0==x_n-1,y0==y_n-1 invariant does NOT hold for this annotation"
f5243f9a-b746-4a2d-81bc-c123c859f7ba,annotation,"segmentation ring first/last point gap = 1.60px (first=(854.7294,1397.7121) last=(854.3194,1399.2621)) -- prompt's assumed x0==x_n-1,y0==y_n-1 invariant does NOT hold for this annotation"
0541e00d-d7de-422b-97ec-b693415d578b,annotation,"segmentation ring first/last point gap = 1.60px (first=(648.5069,848.7091) last=(648.0969,850.2591)) -- prompt's assumed x0==x_n-1,y0==y_n-1 invariant does NOT hold for this annotation"
4b15a12c-c5b6-4122-a906-5a5bacadeffe,annotation,"segmentation ring first/last point gap = 2.59px (first=(599.5681,1670.4424) last=(598.8981,1672.9424)) -- prompt's assumed x0==x_n-1,y0==y_n-1 invariant does NOT hold for this annotation"
f8d953c9-d27f-4f5b-987f-3a2cc673d164,annotation,"segmentation ring first/last point gap = 1.60px (first=(670.7079,517.4013) last=(670.2979,518.9513)) -- prompt's assumed x0==x_n-1,y0==y_n-1 invariant does NOT hold for this annotation"
e30d7f99-0065-4e4e-a77f-29b2aca8fff9,annotation,"segmentation ring first/last point gap = 2.59px (first=(805.9502,508.9257) last=(806.6202,506.4257)) -- prompt's assumed x0==x_n-1,y0==y_n-1 invariant does NOT hold for this annotation"
63f6b14f-5e6c-4739-933f-485963e1a772,annotation,"segmentation ring first/last point gap = 2.59px (first=(440.694,897.575) last=(441.364,895.075)) -- prompt's assumed x0==x_n-1,y0==y_n-1 invariant does NOT hold for this annotation"
145ec712-5301-4557-a01f-bb6fac2da878,annotation,"segmentation ring first/last point gap = 2.76px (first=(1415.9108,1068.4918) last=(1415.1987,1071.1556)) -- prompt's assumed x0==x_n-1,y0==y_n-1 invariant does NOT hold for this annotation"
19bb7216-dde7-434f-9f17-652a9ce028d6,annotation,"segmentation ring first/last point gap = 2.59px (first=(994.7638,1464.6123) last=(994.0938,1467.1123)) -- prompt's assumed x0==x_n-1,y0==y_n-1 invariant does NOT hold for this annotation"
28e38214-8b8e-4a6b-8d0e-d3b7e51abf7e,annotation,"segmentation ring first/last point gap = 6.77px (first=(1300.608,429.1034) last=(1302.358,422.5634)) -- prompt's assumed x0==x_n-1,y0==y_n-1 invariant does NOT hold for this annotation"
cc603d31-6714-427e-88bf-1c9f1efb3fbe,annotation,"segmentation ring first/last point gap = 6.77px (first=(1264.7429,639.7527) last=(1262.9929,646.2927)) -- prompt's assumed x0==x_n-1,y0==y_n-1 invariant does NOT hold for this annotation"
155f0b0f-7994-427b-96f8-21e785e14fa8,annotation,"segmentation ring first/last point gap = 4.18px (first=(1533.497,1717.9749) last=(1532.417,1722.0149)) -- prompt's assumed x0==x_n-1,y0==y_n-1 invariant does NOT hold for this annotation"
ab415e93-77d9-49c7-8fab-8a8143bfb390,annotation,"segmentation ring first/last point gap = 6.77px (first=(1831.1888,1261.5382) last=(1832.9388,1254.9982)) -- prompt's assumed x0==x_n-1,y0==y_n-1 invariant does NOT hold for this annotation"
9a024717-8fcf-4d4a-a004-e7a223f94644,annotation,"segmentation ring first/last point gap = 1.60px (first=(672.3119,515.6803) last=(671.9019,517.2303)) -- prompt's assumed x0==x_n-1,y0==y_n-1 invariant does NOT hold for this annotation"
2cbe364b-92a6-4e8f-aab9-fc1c2eb873f0,annotation,"segmentation ring first/last point gap = 1.60px (first=(812.3285,511.7142) last=(812.7385,510.1642)) -- prompt's assumed x0==x_n-1,y0==y_n-1 invariant does NOT hold for this annotation"
ae4c8c27-047f-4cff-9bd1-a1ab69a3ba2c,annotation,"segmentation ring first/last point gap = 4.59px (first=(1299.5706,422.2941) last=(1297.5752,426.4255)) -- prompt's assumed x0==x_n-1,y0==y_n-1 invariant does NOT hold for this annotation"
812c6c12-a6d0-4e57-acee-ca7363bd68fc,annotation,"segmentation ring first/last point gap = 4.18px (first=(418.3914,920.221) last=(417.3114,924.261)) -- prompt's assumed x0==x_n-1,y0==y_n-1 invariant does NOT hold for this annotation"
26ec5982-852b-4bf9-8449-9c0c40de630b,annotation,"segmentation ring first/last point gap = 5.97px (first=(415.4722,920.1389) last=(412.0,925.0)) -- prompt's assumed x0==x_n-1,y0==y_n-1 invariant does NOT hold for this annotation"
24bb1337-3cf9-4b13-bb78-8127b4eb5f55,annotation,"segmentation ring first/last point gap = 1.95px (first=(1410.2395,1096.2639) last=(1410.6104,1094.3542)) -- prompt's assumed x0==x_n-1,y0==y_n-1 invariant does NOT hold for this annotation"
aeb0c469-3399-4545-93e4-0a1b14b105fc,annotation,"segmentation ring first/last point gap = 2.48px (first=(1096.651,1682.8453) last=(1094.244,1683.4409)) -- prompt's assumed x0==x_n-1,y0==y_n-1 invariant does NOT hold for this annotation"
16f49739-b149-44c8-b7c9-3e4105d11322,annotation,"segmentation ring first/last point gap = 1.60px (first=(1152.9109,1501.5642) last=(1153.3209,1500.0142)) -- prompt's assumed x0==x_n-1,y0==y_n-1 invariant does NOT hold for this annotation"
1ac9e0cd-b088-4552-84e8-cef20e0d0a2f,annotation,"segmentation ring first/last point gap = 2.59px (first=(1600.1014,1406.9718) last=(1600.7714,1404.4718)) -- prompt's assumed x0==x_n-1,y0==y_n-1 invariant does NOT hold for this annotation"
9515709f-9e6b-47bf-80d0-483ea9e14280,annotation,"segmentation ring first/last point gap = 2.59px (first=(1339.5079,1658.3031) last=(1338.8379,1660.8031)) -- prompt's assumed x0==x_n-1,y0==y_n-1 invariant does NOT hold for this annotation"
d61774b2-e985-4736-8463-c764c9095caf,annotation,"segmentation ring first/last point gap = 2.59px (first=(894.6694,1748.0222) last=(893.9994,1750.5222)) -- prompt's assumed x0==x_n-1,y0==y_n-1 invariant does NOT hold for this annotation"
1121115f-c6b0-4183-af56-9a5c780cac9b,annotation,"segmentation ring first/last point gap = 2.59px (first=(1580.6087,815.8895) last=(1579.9387,818.3895)) -- prompt's assumed x0==x_n-1,y0==y_n-1 invariant does NOT hold for this annotation"
fefc6dd5-0ba5-479d-be02-73d4080ee9e3,annotation,"segmentation ring first/last point gap = 3.61px (first=(367.0,855.0) last=(369.0,852.0)) -- prompt's assumed x0==x_n-1,y0==y_n-1 invariant does NOT hold for this annotation"
d236ab6b-fe5e-4982-b670-76bc0ebd56ea,annotation,"segmentation ring first/last point gap = 1.41px (first=(1337.0,827.0) last=(1336.0,828.0)) -- prompt's assumed x0==x_n-1,y0==y_n-1 invariant does NOT hold for this annotation"
cff15653-e84c-4011-be5a-cf8d14b794df,annotation,"segmentation ring first/last point gap = 4.47px (first=(1070.0,838.0) last=(1068.0,842.0)) -- prompt's assumed x0==x_n-1,y0==y_n-1 invariant does NOT hold for this annotation"
cdea81e3-27fc-4a68-98f1-894f66e4a059,annotation,"segmentation ring first/last point gap = 4.24px (first=(1031.0,1599.0) last=(1034.0,1596.0)) -- prompt's assumed x0==x_n-1,y0==y_n-1 invariant does NOT hold for this annotation"
8e4d687a-08b9-418c-be0e-b563879449f1,annotation,"segmentation ring first/last point gap = 1.41px (first=(1769.0,730.0) last=(1768.0,731.0)) -- prompt's assumed x0==x_n-1,y0==y_n-1 invariant does NOT hold for this annotation"
89885035-c1d7-44e4-a42c-ad3bde2367ba,annotation,"segmentation ring first/last point gap = 4.12px (first=(1054.0,847.0) last=(1050.0,848.0)) -- prompt's assumed x0==x_n-1,y0==y_n-1 invariant does NOT hold for this annotation"
7859966d-a63d-4b69-bfb9-9c220bf0221c,annotation,"segmentation ring first/last point gap = 1.41px (first=(370.0,853.0) last=(369.0,854.0)) -- prompt's assumed x0==x_n-1,y0==y_n-1 invariant does NOT hold for this annotation"
feb90ade-e8ae-4e60-92a8-c972f66fc711,annotation,"segmentation ring first/last point gap = 2.00px (first=(1251.0,856.0) last=(1253.0,856.0)) -- prompt's assumed x0==x_n-1,y0==y_n-1 invariant does NOT hold for this annotation"
60f18a06-bff3-4086-97c3-95d9f03a9ee0,annotation,"segmentation ring first/last point gap = 2.59px (first=(1352.2392,504.4415) last=(1351.5692,506.9415)) -- prompt's assumed x0==x_n-1,y0==y_n-1 invariant does NOT hold for this annotation"
ffdbfa1a-ffd6-4d44-820e-2b59b6c64c47,annotation,"segmentation ring first/last point gap = 2.59px (first=(1348.0981,521.0157) last=(1347.4281,523.5157)) -- prompt's assumed x0==x_n-1,y0==y_n-1 invariant does NOT hold for this annotation"
baf0adaa-1336-4fab-80e4-b9f651611234,annotation,"segmentation ring first/last point gap = 1.27px (first=(1622.1749,883.3823) last=(1622.0176,884.6405)) -- prompt's assumed x0==x_n-1,y0==y_n-1 invariant does NOT hold for this annotation"
6f5a8463-3ab3-4377-9137-2d619dbb4a0c,annotation,"segmentation ring first/last point gap = 1.10px (first=(1628.6258,1183.5955) last=(1628.3358,1184.6555)) -- prompt's assumed x0==x_n-1,y0==y_n-1 invariant does NOT hold for this annotation"
6aaff36e-5865-4725-9bca-95c0c3c1abc5,annotation,"segmentation ring first/last point gap = 1.10px (first=(723.8014,1344.3511) last=(724.0914,1343.2911)) -- prompt's assumed x0==x_n-1,y0==y_n-1 invariant does NOT hold for this annotation"
3878cab3-0204-41f1-b4a0-e44ad15a0848,annotation,"segmentation ring first/last point gap = 1.10px (first=(940.8812,1308.7543) last=(940.5912,1309.8143)) -- prompt's assumed x0==x_n-1,y0==y_n-1 invariant does NOT hold for this annotation"
7688cd47-4107-49e5-92de-e63114d8f7d5,annotation,"segmentation ring first/last point gap = 1.55px (first=(1539.6529,679.2343) last=(1540.0529,677.7343)) -- prompt's assumed x0==x_n-1,y0==y_n-1 invariant does NOT hold for this annotation"
fd233afd-acb7-46ad-a218-8f900f197a86,annotation,"segmentation ring first/last point gap = 1.55px (first=(1634.7033,884.9037) last=(1635.1033,883.4037)) -- prompt's assumed x0==x_n-1,y0==y_n-1 invariant does NOT hold for this annotation"
8e1e1025-59a0-41be-a527-5957add7a3c4,annotation,"segmentation ring first/last point gap = 1.55px (first=(1468.7921,1299.4009) last=(1468.3921,1300.9009)) -- prompt's assumed x0==x_n-1,y0==y_n-1 invariant does NOT hold for this annotation"
d75fa780-2263-4d2e-ba57-995ad918b27f,annotation,"segmentation ring first/last point gap = 1.55px (first=(725.4405,1346.6644) last=(725.8405,1345.1644)) -- prompt's assumed x0==x_n-1,y0==y_n-1 invariant does NOT hold for this annotation"
f7187901-0b38-4c5e-8817-ac28fd77b1bf,annotation,"segmentation ring first/last point gap = 1.73px (first=(1626.956,1173.9606) last=(1626.5365,1175.6387)) -- prompt's assumed x0==x_n-1,y0==y_n-1 invariant does NOT hold for this annotation"
715ec222-24c4-4106-9ee6-7311b27be2c6,annotation,"segmentation ring first/last point gap = 1.04px (first=(771.885,758.601) last=(771.615,759.601)) -- prompt's assumed x0==x_n-1,y0==y_n-1 invariant does NOT hold for this annotation"
a3bb4cca-11e6-4dbd-996a-182531852022,annotation,"segmentation ring first/last point gap = 1.60px (first=(879.2723,541.8409) last=(879.6823,540.2909)) -- prompt's assumed x0==x_n-1,y0==y_n-1 invariant does NOT hold for this annotation"
f4a52fc2-37cc-44d7-b0a5-ab758bd5a647,annotation,"segmentation ring first/last point gap = 1.40px (first=(1398.4454,553.2086) last=(1398.1048,554.5708)) -- prompt's assumed x0==x_n-1,y0==y_n-1 invariant does NOT hold for this annotation"
dcde822c-c499-4c91-89c6-1119aa526221,annotation,"segmentation ring first/last point gap = 1.04px (first=(1162.7994,394.261) last=(1162.5294,395.261)) -- prompt's assumed x0==x_n-1,y0==y_n-1 invariant does NOT hold for this annotation"
ee433d30-88c9-4b59-9a10-a6e6843b13f3,annotation,"segmentation ring first/last point gap = 1.60px (first=(489.4989,1156.4635) last=(489.9089,1154.9135)) -- prompt's assumed x0==x_n-1,y0==y_n-1 invariant does NOT hold for this annotation"
e31abff9-791d-4863-a97e-9a1e50d047db,annotation,"segmentation ring first/last point gap = 1.60px (first=(703.2062,689.0762) last=(702.7962,690.6262)) -- prompt's assumed x0==x_n-1,y0==y_n-1 invariant does NOT hold for this annotation"
3fbaee55-0237-44f3-bca2-2865fdcc3f38,annotation,"segmentation ring first/last point gap = 1.60px (first=(1346.7459,1503.7624) last=(1347.1559,1502.2124)) -- prompt's assumed x0==x_n-1,y0==y_n-1 invariant does NOT hold for this annotation"
89ad2148-ed44-401f-a3b1-1e670f0f9864,annotation,"segmentation ring first/last point gap = 1.83px (first=(1811.6198,880.9058) last=(1811.146,882.6781)) -- prompt's assumed x0==x_n-1,y0==y_n-1 invariant does NOT hold for this annotation"
061a58e2-b486-497f-bc22-95e02b29c014,annotation,"segmentation ring first/last point gap = 1.60px (first=(1201.8917,729.8681) last=(1201.4817,731.4181)) -- prompt's assumed x0==x_n-1,y0==y_n-1 invariant does NOT hold for this annotation"
6742e195-b13f-4659-a6a3-6f3502290723,annotation,"segmentation ring first/last point gap = 1.60px (first=(1018.0134,584.6675) last=(1017.6034,586.2175)) -- prompt's assumed x0==x_n-1,y0==y_n-1 invariant does NOT hold for this annotation"
681d0e7c-083e-4890-9eb1-d24aa0b5c29c,annotation,"segmentation ring first/last point gap = 2.59px (first=(1213.5756,1493.2562) last=(1214.2456,1490.7562)) -- prompt's assumed x0==x_n-1,y0==y_n-1 invariant does NOT hold for this annotation"
a41c6aae-1704-4d94-b3b9-2f1fceaa035d,annotation,"segmentation ring first/last point gap = 1.48px (first=(811.6936,1237.8275) last=(811.3109,1239.2558)) -- prompt's assumed x0==x_n-1,y0==y_n-1 invariant does NOT hold for this annotation"
2d303382-0381-45de-bd41-843f9cdda419,annotation,"segmentation ring first/last point gap = 1.60px (first=(1406.8719,781.2088) last=(1406.4619,782.7588)) -- prompt's assumed x0==x_n-1,y0==y_n-1 invariant does NOT hold for this annotation"
eb47acfe-2642-4412-9815-787e6e3730ab,annotation,"segmentation ring first/last point gap = 2.59px (first=(1470.2188,811.5839) last=(1470.8888,809.0839)) -- prompt's assumed x0==x_n-1,y0==y_n-1 invariant does NOT hold for this annotation"
166fa955-2f47-4061-a475-5768aebdcc81,annotation,"segmentation ring first/last point gap = 2.59px (first=(1745.6952,897.8881) last=(1746.3652,895.3881)) -- prompt's assumed x0==x_n-1,y0==y_n-1 invariant does NOT hold for this annotation"
99aebfc7-92bf-4065-8cd7-279d1d8505ee,annotation,"segmentation ring first/last point gap = 5.36px (first=(668.0,742.0) last=(662.6432,742.0)) -- prompt's assumed x0==x_n-1,y0==y_n-1 invariant does NOT hold for this annotation"
f499f34c-783f-435f-b211-dee68c9c2c47,annotation,"segmentation ring first/last point gap = 6.40px (first=(766.0,800.0) last=(761.0,796.0)) -- prompt's assumed x0==x_n-1,y0==y_n-1 invariant does NOT hold for this annotation"
82e87f8e-b547-44f7-a014-8c1a5713d758,annotation,"segmentation ring first/last point gap = 1.41px (first=(450.0,1538.0) last=(451.0,1537.0)) -- prompt's assumed x0==x_n-1,y0==y_n-1 invariant does NOT hold for this annotation"
936bda0a-5a5a-45e0-aa59-ea087d8e46f9,annotation,"segmentation ring first/last point gap = 1.60px (first=(1433.3952,1300.5151) last=(1432.9852,1302.0651)) -- prompt's assumed x0==x_n-1,y0==y_n-1 invariant does NOT hold for this annotation"
aee6bba7-b4c8-4f62-b71f-aab4f440e44f,annotation,"segmentation ring first/last point gap = 1.10px (first=(1592.994,1088.5365) last=(1592.704,1089.5965)) -- prompt's assumed x0==x_n-1,y0==y_n-1 invariant does NOT hold for this annotation"
5ba03cd0-2cda-46e6-9d90-fde66aa99642,annotation,"segmentation ring first/last point gap = 5.66px (first=(1268.0,553.0) last=(1272.0,549.0)) -- prompt's assumed x0==x_n-1,y0==y_n-1 invariant does NOT hold for this annotation"
c0c48f2d-83c5-4cfe-970d-e418656c2649,annotation,"segmentation ring first/last point gap = 1.41px (first=(1653.0,605.0) last=(1652.0,606.0)) -- prompt's assumed x0==x_n-1,y0==y_n-1 invariant does NOT hold for this annotation"
92477f3c-bbfe-413c-a8b4-1f28898f388b,annotation,"segmentation ring first/last point gap = 1.41px (first=(1290.8926,1110.0) last=(1289.8926,1111.0)) -- prompt's assumed x0==x_n-1,y0==y_n-1 invariant does NOT hold for this annotation"
ade8d25c-5d1b-48ef-99f6-2e3e8ba72665,annotation,"segmentation ring first/last point gap = 1.65px (first=(1009.0,1110.0) last=(1008.0837,1111.3744)) -- prompt's assumed x0==x_n-1,y0==y_n-1 invariant does NOT hold for this annotation"
b320f4e9-9510-4b1c-9337-ea0ac295552d,annotation,"segmentation ring first/last point gap = 1.60px (first=(868.1141,915.9494) last=(867.7041,917.4994)) -- prompt's assumed x0==x_n-1,y0==y_n-1 invariant does NOT hold for this annotation"
06c1f72b-989b-4a24-a364-b84b28db2cfa,annotation,"segmentation ring first/last point gap = 2.24px (first=(1330.0,1229.0) last=(1329.0,1231.0)) -- prompt's assumed x0==x_n-1,y0==y_n-1 invariant does NOT hold for this annotation"
ed5679ab-d52f-4f6f-baff-ab3343297a83,annotation,"segmentation ring first/last point gap = 1.60px (first=(1670.7669,1082.6796) last=(1671.1769,1081.1296)) -- prompt's assumed x0==x_n-1,y0==y_n-1 invariant does NOT hold for this annotation"
a828fb4a-77cb-43e2-9c3a-7077ac549861,annotation,"segmentation ring first/last point gap = 1.09px (first=(1023.6002,1094.6793) last=(1022.5467,1094.958)) -- prompt's assumed x0==x_n-1,y0==y_n-1 invariant does NOT hold for this annotation"
197b1c6e-c4ca-4d9a-8235-b35714f28b55,annotation,"segmentation ring first/last point gap = 2.24px (first=(1032.0,723.0) last=(1031.0,725.0)) -- prompt's assumed x0==x_n-1,y0==y_n-1 invariant does NOT hold for this annotation"
ce9ba312-7554-4bf1-974f-1996e8ec0c20,annotation,"segmentation ring first/last point gap = 3.50px (first=(499.0,863.0) last=(496.1986,865.101)) -- prompt's assumed x0==x_n-1,y0==y_n-1 invariant does NOT hold for this annotation"
c9f05622-41f0-48e8-982b-20fdd184c999,annotation,"segmentation ring first/last point gap = 2.44px (first=(1625.0932,906.0932) last=(1622.739,906.7241)) -- prompt's assumed x0==x_n-1,y0==y_n-1 invariant does NOT hold for this annotation"
a9629ec4-3131-42b7-8d6f-3652e8540c20,annotation,"segmentation ring first/last point gap = 2.59px (first=(1392.9031,1521.3493) last=(1392.2331,1523.8493)) -- prompt's assumed x0==x_n-1,y0==y_n-1 invariant does NOT hold for this annotation"
cf1fc335-5614-45d4-b28f-266b15486bac,annotation,"segmentation ring first/last point gap = 4.24px (first=(1273.0,549.0) last=(1270.0,552.0)) -- prompt's assumed x0==x_n-1,y0==y_n-1 invariant does NOT hold for this annotation"
3e59c898-fd2a-4037-a33c-34fb889fe316,annotation,"segmentation ring first/last point gap = 2.35px (first=(554.7538,1563.7462) last=(556.9621,1562.9432)) -- prompt's assumed x0==x_n-1,y0==y_n-1 invariant does NOT hold for this annotation"
74a5d280-f415-4d6f-95a5-5801ac68219a,annotation,"segmentation ring first/last point gap = 1.04px (first=(452.4231,1546.3202) last=(453.0,1547.1855)) -- prompt's assumed x0==x_n-1,y0==y_n-1 invariant does NOT hold for this annotation"
cf06aa8e-a2e7-4262-902f-fc3111eb3112,annotation,"segmentation ring first/last point gap = 1.60px (first=(1578.2244,1083.601) last=(1577.8144,1085.151)) -- prompt's assumed x0==x_n-1,y0==y_n-1 invariant does NOT hold for this annotation"
626d6385-2f10-4fff-88ca-5fc826470a35,annotation,"segmentation ring first/last point gap = 7.42px (first=(1432.0,1309.0) last=(1428.3201,1315.4399)) -- prompt's assumed x0==x_n-1,y0==y_n-1 invariant does NOT hold for this annotation"
59ea56b6-68d3-42fa-a144-f57e4892d1fd,annotation,"segmentation ring first/last point gap = 2.24px (first=(1325.0,1231.0) last=(1324.0,1233.0)) -- prompt's assumed x0==x_n-1,y0==y_n-1 invariant does NOT hold for this annotation"
e555ead9-a8e8-480f-a36b-43adba078567,annotation,"segmentation ring first/last point gap = 4.24px (first=(853.0,905.0) last=(856.0,902.0)) -- prompt's assumed x0==x_n-1,y0==y_n-1 invariant does NOT hold for this annotation"
e90976e8-ae95-4ae3-8092-7f786d65f5b1,annotation,"segmentation ring first/last point gap = 5.10px (first=(1273.0,546.0) last=(1272.0,551.0)) -- prompt's assumed x0==x_n-1,y0==y_n-1 invariant does NOT hold for this annotation"
38719e4a-611f-43f2-b184-591b2035606d,annotation,"segmentation ring first/last point gap = 3.16px (first=(453.0,1410.0) last=(450.0,1411.0)) -- prompt's assumed x0==x_n-1,y0==y_n-1 invariant does NOT hold for this annotation"
6c7ba1ad-858d-4b3f-af86-951c6f64bf61,annotation,"segmentation ring first/last point gap = 1.05px (first=(1245.0,882.0) last=(1244.2597,882.7403)) -- prompt's assumed x0==x_n-1,y0==y_n-1 invariant does NOT hold for this annotation"
1ac05911-04f4-4a40-b89d-e4652966ff5f,annotation,"segmentation ring first/last point gap = 2.07px (first=(1432.5771,1428.5462) last=(1433.1171,1426.5462)) -- prompt's assumed x0==x_n-1,y0==y_n-1 invariant does NOT hold for this annotation"
912d618d-ed93-4373-b743-dbb78692980c,annotation,"segmentation ring first/last point gap = 2.07px (first=(985.1856,1385.3792) last=(984.6456,1387.3792)) -- prompt's assumed x0==x_n-1,y0==y_n-1 invariant does NOT hold for this annotation"
7e0d99ee-04a0-4a23-9496-15ca5f89e3c5,annotation,"segmentation ring first/last point gap = 1.29px (first=(600.4528,1286.7035) last=(600.7828,1285.4535)) -- prompt's assumed x0==x_n-1,y0==y_n-1 invariant does NOT hold for this annotation"
32b87f68-5b7b-4241-b0a1-60d57a8f549b,annotation,"segmentation ring first/last point gap = 7.57px (first=(1716.7239,1570.3811) last=(1715.0439,1577.7611)) -- prompt's assumed x0==x_n-1,y0==y_n-1 invariant does NOT hold for this annotation"
295d65bf-9f79-4be2-a495-07b003043624,annotation,"segmentation ring first/last point gap = 2.07px (first=(658.1114,811.5455) last=(658.6514,809.5455)) -- prompt's assumed x0==x_n-1,y0==y_n-1 invariant does NOT hold for this annotation"
09056b18-126e-4060-b8e6-b07e10757bfb,annotation,"segmentation ring first/last point gap = 1.60px (first=(822.3935,763.7328) last=(822.8035,762.1828)) -- prompt's assumed x0==x_n-1,y0==y_n-1 invariant does NOT hold for this annotation"
698b5ba5-c759-44cc-8848-82c1815c833a,annotation,"segmentation ring first/last point gap = 1.60px (first=(1631.0654,546.642) last=(1630.6554,548.192)) -- prompt's assumed x0==x_n-1,y0==y_n-1 invariant does NOT hold for this annotation"
93f46a14-ed42-4f37-b498-8d1a92a1f956,annotation,"segmentation ring first/last point gap = 2.59px (first=(1851.1392,1020.0056) last=(1850.4692,1022.5056)) -- prompt's assumed x0==x_n-1,y0==y_n-1 invariant does NOT hold for this annotation"
b4f4a259-9c0f-4286-b940-53e06f46863e,annotation,"segmentation ring first/last point gap = 1.60px (first=(535.7449,1323.8007) last=(536.1549,1322.2507)) -- prompt's assumed x0==x_n-1,y0==y_n-1 invariant does NOT hold for this annotation"
f53bd950-3d08-41c1-992f-e4c0ef73cb89,annotation,"segmentation ring first/last point gap = 3.61px (first=(1246.0,1246.0) last=(1248.0,1243.0)) -- prompt's assumed x0==x_n-1,y0==y_n-1 invariant does NOT hold for this annotation"
0d59e75d-a96b-4511-9788-6542ff4f27eb,annotation,"segmentation ring first/last point gap = 1.41px (first=(668.0,1562.0) last=(669.0,1561.0)) -- prompt's assumed x0==x_n-1,y0==y_n-1 invariant does NOT hold for this annotation"
b7370f84-609e-43d8-be14-98742f94ec4a,annotation,"segmentation ring first/last point gap = 1.60px (first=(792.874,1419.7258) last=(792.464,1421.2758)) -- prompt's assumed x0==x_n-1,y0==y_n-1 invariant does NOT hold for this annotation"
fa48697b-d247-49b6-b167-899b1d9b08ce,annotation,"segmentation ring first/last point gap = 1.60px (first=(1685.9599,1400.8474) last=(1686.3699,1399.2974)) -- prompt's assumed x0==x_n-1,y0==y_n-1 invariant does NOT hold for this annotation"
20b55792-c170-418f-b7b9-42cf8ae8c779,annotation,"segmentation ring first/last point gap = 4.18px (first=(290.0391,997.3566) last=(288.9591,1001.3966)) -- prompt's assumed x0==x_n-1,y0==y_n-1 invariant does NOT hold for this annotation"
db524ec8-d93b-49f2-847c-237178a66065,annotation,"segmentation ring first/last point gap = 4.18px (first=(1811.5128,897.3395) last=(1810.4328,901.3795)) -- prompt's assumed x0==x_n-1,y0==y_n-1 invariant does NOT hold for this annotation"
9bdb08d1-320f-4b84-a31f-fb1549ecac60,annotation,"segmentation ring first/last point gap = 1.60px (first=(1167.0847,1203.1894) last=(1167.4947,1201.6394)) -- prompt's assumed x0==x_n-1,y0==y_n-1 invariant does NOT hold for this annotation"
f551133d-fc38-46e7-8778-59eb316a50d1,annotation,"segmentation ring first/last point gap = 2.59px (first=(736.8725,1402.9824) last=(737.5425,1400.4824)) -- prompt's assumed x0==x_n-1,y0==y_n-1 invariant does NOT hold for this annotation"
494e1b56-0cee-4656-8890-a160b28bd6df,annotation,"segmentation ring first/last point gap = 1.60px (first=(531.7454,1381.1617) last=(532.1554,1379.6117)) -- prompt's assumed x0==x_n-1,y0==y_n-1 invariant does NOT hold for this annotation"
ba5d508c-a336-4b08-9427-fb5550b7333b,annotation,"segmentation ring first/last point gap = 1.60px (first=(1505.3408,1233.8353) last=(1504.9308,1235.3853)) -- prompt's assumed x0==x_n-1,y0==y_n-1 invariant does NOT hold for this annotation"
c25f3f5e-663d-4513-aeed-718f1a38ec24,annotation,"segmentation ring first/last point gap = 1.60px (first=(1312.3634,1323.7469) last=(1312.7734,1322.1969)) -- prompt's assumed x0==x_n-1,y0==y_n-1 invariant does NOT hold for this annotation"
b773f63c-74a4-46dd-b612-1b0d9a654b8b,annotation,"segmentation ring first/last point gap = 2.59px (first=(318.5037,1293.805) last=(317.8337,1296.305)) -- prompt's assumed x0==x_n-1,y0==y_n-1 invariant does NOT hold for this annotation"
988b3f7f-1460-484e-b86e-5c71551a0828,annotation,"segmentation ring first/last point gap = 1.60px (first=(834.9062,870.7559) last=(834.4962,872.3059)) -- prompt's assumed x0==x_n-1,y0==y_n-1 invariant does NOT hold for this annotation"
ac692e55-141c-4039-9063-d41485e34b7b,annotation,"segmentation ring first/last point gap = 2.91px (first=(1778.8629,542.4436) last=(1778.1119,545.2529)) -- prompt's assumed x0==x_n-1,y0==y_n-1 invariant does NOT hold for this annotation"
ec01b049-1cf6-4229-8761-62d431fb3e0d,annotation,"segmentation ring first/last point gap = 3.00px (first=(884.0,925.0) last=(887.0,925.0)) -- prompt's assumed x0==x_n-1,y0==y_n-1 invariant does NOT hold for this annotation"
f69e5592-2a00-45f5-9858-f2d3a17d5698,annotation,"segmentation ring first/last point gap = 2.24px (first=(1402.0,779.0) last=(1401.0,781.0)) -- prompt's assumed x0==x_n-1,y0==y_n-1 invariant does NOT hold for this annotation"
fdd22094-4b7d-4900-a9bd-98898316548a,annotation,"segmentation ring first/last point gap = 4.47px (first=(592.0,1402.0) last=(590.0,1406.0)) -- prompt's assumed x0==x_n-1,y0==y_n-1 invariant does NOT hold for this annotation"
5d0d0adf-1e38-4714-9c3d-84c3fac03f40,annotation,"segmentation ring first/last point gap = 2.24px (first=(643.0,1237.0) last=(642.0,1239.0)) -- prompt's assumed x0==x_n-1,y0==y_n-1 invariant does NOT hold for this annotation"
ac07f0c7-13be-49f1-97d7-ae12cee4d02e,annotation,"segmentation ring first/last point gap = 1.60px (first=(943.7795,1593.4542) last=(944.1895,1591.9042)) -- prompt's assumed x0==x_n-1,y0==y_n-1 invariant does NOT hold for this annotation"
43f49b65-f031-4b2f-aa37-69a789c69766,annotation,"segmentation ring first/last point gap = 5.10px (first=(1399.0,780.0) last=(1394.0,779.0)) -- prompt's assumed x0==x_n-1,y0==y_n-1 invariant does NOT hold for this annotation"
dab2b21a-8e71-4185-8c21-2b07f62e1972,annotation,"segmentation ring first/last point gap = 2.83px (first=(1412.8132,955.6044) last=(1414.8132,953.6044)) -- prompt's assumed x0==x_n-1,y0==y_n-1 invariant does NOT hold for this annotation"
691bf3bb-55a3-4065-81cb-97969ec16f32,annotation,"segmentation ring first/last point gap = 5.22px (first=(396.0,1019.0) last=(392.87,1023.1734)) -- prompt's assumed x0==x_n-1,y0==y_n-1 invariant does NOT hold for this annotation"
aa5cb654-9968-4108-a48e-6cb553735b6b,annotation,"segmentation ring first/last point gap = 3.23px (first=(916.7903,942.3145) last=(915.0,945.0)) -- prompt's assumed x0==x_n-1,y0==y_n-1 invariant does NOT hold for this annotation"
2d575b3e-3d16-4b10-be1d-0801dc2e8a46,annotation,"segmentation ring first/last point gap = 1.15px (first=(1213.877,455.754) last=(1212.7677,456.0468)) -- prompt's assumed x0==x_n-1,y0==y_n-1 invariant does NOT hold for this annotation"
20f0709e-9fb6-484d-aa98-8da527344b43,annotation,"segmentation ring first/last point gap = 1.29px (first=(1536.7808,459.2485) last=(1537.1108,457.9985)) -- prompt's assumed x0==x_n-1,y0==y_n-1 invariant does NOT hold for this annotation"
914d51bf-f8dd-4ff7-9599-7af623d5ea8e,annotation,"segmentation ring first/last point gap = 8.02px (first=(585.0,1409.0) last=(579.3312,1414.6688)) -- prompt's assumed x0==x_n-1,y0==y_n-1 invariant does NOT hold for this annotation"
9992c2cc-636a-4790-8265-4ba020eb8b90,annotation,"segmentation ring first/last point gap = 1.60px (first=(442.2724,1419.3839) last=(441.8624,1420.9339)) -- prompt's assumed x0==x_n-1,y0==y_n-1 invariant does NOT hold for this annotation"
3f1513c5-87d2-4984-8e39-7894c0c49ead,annotation,"segmentation ring first/last point gap = 3.88px (first=(546.1243,1238.1243) last=(543.1237,1240.5793)) -- prompt's assumed x0==x_n-1,y0==y_n-1 invariant does NOT hold for this annotation"
a9107aa8-110c-4f8e-8412-1093e2761c50,annotation,"segmentation ring first/last point gap = 2.83px (first=(1662.0,1141.0) last=(1660.0,1143.0)) -- prompt's assumed x0==x_n-1,y0==y_n-1 invariant does NOT hold for this annotation"
6fb8fea7-7b3f-4290-a11a-bc2eea1c7fb8,annotation,"segmentation ring first/last point gap = 5.44px (first=(1695.8995,1596.0112) last=(1694.4895,1601.2612)) -- prompt's assumed x0==x_n-1,y0==y_n-1 invariant does NOT hold for this annotation"
f2233ceb-d729-443d-aec6-a9459b049086,annotation,"segmentation ring first/last point gap = 1.41px (first=(634.0,1234.0) last=(633.0,1235.0)) -- prompt's assumed x0==x_n-1,y0==y_n-1 invariant does NOT hold for this annotation"
22aa5551-fef4-49ca-b9b8-dffface41429,annotation,"segmentation ring first/last point gap = 2.24px (first=(1095.0,1418.0) last=(1094.0,1420.0)) -- prompt's assumed x0==x_n-1,y0==y_n-1 invariant does NOT hold for this annotation"
bcdd7ed0-67c6-4bee-906f-7e7dc9a0d1c8,annotation,"segmentation ring first/last point gap = 2.83px (first=(1417.0,1463.0) last=(1415.0,1465.0)) -- prompt's assumed x0==x_n-1,y0==y_n-1 invariant does NOT hold for this annotation"
57ea9f06-9402-4fa9-962e-0780a4ed7829,annotation,"segmentation ring first/last point gap = 1.60px (first=(1626.1514,1077.746) last=(1626.5614,1076.196)) -- prompt's assumed x0==x_n-1,y0==y_n-1 invariant does NOT hold for this annotation"
e6d9a9fa-4c7d-4ecc-acf6-c68ba545b98e,annotation,"segmentation ring first/last point gap = 1.60px (first=(487.8854,1444.142) last=(488.2954,1442.592)) -- prompt's assumed x0==x_n-1,y0==y_n-1 invariant does NOT hold for this annotation"
e4862c8e-54fa-4c0a-afbb-4062310d6ffa,annotation,"segmentation ring first/last point gap = 2.39px (first=(781.9303,1020.1394) last=(783.0,1018.0)) -- prompt's assumed x0==x_n-1,y0==y_n-1 invariant does NOT hold for this annotation"
7b374e39-5947-4a7d-95cc-269fe000f7c5,annotation,"segmentation ring first/last point gap = 2.59px (first=(668.1215,723.7431) last=(667.4515,726.2431)) -- prompt's assumed x0==x_n-1,y0==y_n-1 invariant does NOT hold for this annotation"
d06348b9-15c3-4ff2-b181-d17965e52f1c,annotation,"segmentation ring first/last point gap = 2.59px (first=(1669.3429,731.5876) last=(1668.6729,734.0876)) -- prompt's assumed x0==x_n-1,y0==y_n-1 invariant does NOT hold for this annotation"
d19ccad7-e957-4be5-af17-1879f0b831ce,annotation,"segmentation ring first/last point gap = 2.59px (first=(1053.7039,1554.7749) last=(1053.0339,1557.2749)) -- prompt's assumed x0==x_n-1,y0==y_n-1 invariant does NOT hold for this annotation"
6df26565-a886-45d3-a349-89cf65658166,annotation,"segmentation ring first/last point gap = 2.59px (first=(1347.9075,1064.9547) last=(1348.5775,1062.4547)) -- prompt's assumed x0==x_n-1,y0==y_n-1 invariant does NOT hold for this annotation"
0a5288dd-5441-4601-91bb-ada1664d4d42,annotation,"segmentation ring first/last point gap = 1.60px (first=(1762.8655,1315.4634) last=(1762.4555,1317.0134)) -- prompt's assumed x0==x_n-1,y0==y_n-1 invariant does NOT hold for this annotation"
9645fe57-6d9e-4227-a008-44b66ff698ee,annotation,"segmentation ring first/last point gap = 1.60px (first=(1005.9683,1195.5559) last=(1006.3783,1194.0059)) -- prompt's assumed x0==x_n-1,y0==y_n-1 invariant does NOT hold for this annotation"
71826e19-9770-4349-9d8b-3e6bf8249959,annotation,"segmentation ring first/last point gap = 1.60px (first=(1550.0177,1102.5179) last=(1550.4277,1100.9679)) -- prompt's assumed x0==x_n-1,y0==y_n-1 invariant does NOT hold for this annotation"
4a319508-8107-40a8-9c86-bc376641355e,annotation,"segmentation ring first/last point gap = 1.60px (first=(958.2453,1371.4889) last=(957.8353,1373.0389)) -- prompt's assumed x0==x_n-1,y0==y_n-1 invariant does NOT hold for this annotation"
b693b768-368b-486c-ade5-77eef282a262,annotation,"segmentation ring first/last point gap = 1.60px (first=(1329.4557,552.524) last=(1329.0457,554.074)) -- prompt's assumed x0==x_n-1,y0==y_n-1 invariant does NOT hold for this annotation"
c1ff6e43-ee71-4a30-8d76-bdd413751313,annotation,"segmentation ring first/last point gap = 1.60px (first=(1685.8882,938.4114) last=(1686.2982,936.8614)) -- prompt's assumed x0==x_n-1,y0==y_n-1 invariant does NOT hold for this annotation"
1d52b3f9-3c1e-4b6c-bf03-f86b0366bc5e,annotation,"segmentation ring first/last point gap = 1.60px (first=(1659.9318,817.3023) last=(1660.3418,815.7523)) -- prompt's assumed x0==x_n-1,y0==y_n-1 invariant does NOT hold for this annotation"
7e8c0c71-565c-43be-b1f3-b9c735d3ebe7,annotation,"segmentation ring first/last point gap = 1.60px (first=(1385.4124,858.8017) last=(1385.8224,857.2517)) -- prompt's assumed x0==x_n-1,y0==y_n-1 invariant does NOT hold for this annotation"
4ac39aae-d754-484e-a8e5-f71c64d490d9,annotation,"segmentation ring first/last point gap = 2.09px (first=(1341.0713,795.7787) last=(1339.5923,797.2577)) -- prompt's assumed x0==x_n-1,y0==y_n-1 invariant does NOT hold for this annotation"
4f7b2c03-5a4d-4c82-a87d-d227615249a1,annotation,"segmentation ring first/last point gap = 1.60px (first=(1208.5209,802.848) last=(1208.1109,804.398)) -- prompt's assumed x0==x_n-1,y0==y_n-1 invariant does NOT hold for this annotation"
b55473e0-12cc-4078-a330-dcda1e359b6b,annotation,"segmentation ring first/last point gap = 2.59px (first=(1092.1229,1792.8129) last=(1092.7929,1790.3129)) -- prompt's assumed x0==x_n-1,y0==y_n-1 invariant does NOT hold for this annotation"
d60e3fc7-2168-4f79-b884-56edf512582d,annotation,"segmentation ring first/last point gap = 1.41px (first=(822.1259,462.2694) last=(822.491,460.9036)) -- prompt's assumed x0==x_n-1,y0==y_n-1 invariant does NOT hold for this annotation"
0e1d14de-8b83-4814-8a01-7f5d3be6d0e0,annotation,"segmentation ring first/last point gap = 8.98px (first=(1005.1271,859.8264) last=(1002.0906,868.2752)) -- prompt's assumed x0==x_n-1,y0==y_n-1 invariant does NOT hold for this annotation"
be61f3d6-980e-441b-a86b-60bfa09f51c5,annotation,"segmentation ring first/last point gap = 1.11px (first=(473.2508,728.9579) last=(473.1286,730.0572)) -- prompt's assumed x0==x_n-1,y0==y_n-1 invariant does NOT hold for this annotation"
25621ee8-27d6-42b6-bcc6-699e6583bace,annotation,"segmentation ring first/last point gap = 1.20px (first=(354.1222,874.5611) last=(353.0,875.0)) -- prompt's assumed x0==x_n-1,y0==y_n-1 invariant does NOT hold for this annotation"
4a93de17-809f-4405-835e-0f22130c61c2,annotation,"segmentation ring first/last point gap = 4.24px (first=(904.0,1400.0) last=(907.0,1397.0)) -- prompt's assumed x0==x_n-1,y0==y_n-1 invariant does NOT hold for this annotation"
afbda475-d080-4e34-ba3b-fe215404c467,annotation,"segmentation ring first/last point gap = 1.41px (first=(1161.0,743.0) last=(1160.0,744.0)) -- prompt's assumed x0==x_n-1,y0==y_n-1 invariant does NOT hold for this annotation"
be99eabc-49b9-478a-9c7f-8a9277bccc9f,annotation,"segmentation ring first/last point gap = 1.41px (first=(1479.0,858.0) last=(1478.0,859.0)) -- prompt's assumed x0==x_n-1,y0==y_n-1 invariant does NOT hold for this annotation"
68d0ee09-d5c4-492b-b379-dffa077fa6fc,annotation,"segmentation ring first/last point gap = 3.38px (first=(1645.0,1000.0) last=(1646.5118,996.9765)) -- prompt's assumed x0==x_n-1,y0==y_n-1 invariant does NOT hold for this annotation"
4ea80074-46cd-489b-b958-712268326ebc,annotation,"segmentation ring first/last point gap = 2.59px (first=(906.0047,1393.9334) last=(905.3347,1396.4334)) -- prompt's assumed x0==x_n-1,y0==y_n-1 invariant does NOT hold for this annotation"
9c79df71-7802-45de-bfc5-fa3c80b83a2f,annotation,"segmentation ring first/last point gap = 1.60px (first=(526.7608,1216.2295) last=(526.3508,1217.7795)) -- prompt's assumed x0==x_n-1,y0==y_n-1 invariant does NOT hold for this annotation"
6ed89b69-5266-4647-aa7b-303f6d727956,annotation,"segmentation ring first/last point gap = 2.63px (first=(1054.1316,847.8282) last=(1055.9932,845.9666)) -- prompt's assumed x0==x_n-1,y0==y_n-1 invariant does NOT hold for this annotation"
639b66f4-4df3-4759-852e-dad113fe548f,annotation,"segmentation ring first/last point gap = 2.83px (first=(1077.0,701.0) last=(1079.0,699.0)) -- prompt's assumed x0==x_n-1,y0==y_n-1 invariant does NOT hold for this annotation"
6b57e938-d7dd-4777-bdfa-87423a1f4d80,annotation,"segmentation ring first/last point gap = 4.47px (first=(1475.0,1230.0) last=(1471.0,1232.0)) -- prompt's assumed x0==x_n-1,y0==y_n-1 invariant does NOT hold for this annotation"
be70885d-1688-4a71-aa19-3b1ad4a7b65a,annotation,"segmentation ring first/last point gap = 1.60px (first=(1046.0014,666.5272) last=(1046.4114,664.9772)) -- prompt's assumed x0==x_n-1,y0==y_n-1 invariant does NOT hold for this annotation"
7f553fc7-c8bd-4db5-8ca3-1d42ec52e977,annotation,"segmentation ring first/last point gap = 6.71px (first=(1514.0,1666.0) last=(1520.0,1663.0)) -- prompt's assumed x0==x_n-1,y0==y_n-1 invariant does NOT hold for this annotation"
8e86bd4a-b2f3-414d-ba55-1afa0ba275d6,annotation,"segmentation ring first/last point gap = 1.60px (first=(618.236,1622.9327) last=(618.646,1621.3827)) -- prompt's assumed x0==x_n-1,y0==y_n-1 invariant does NOT hold for this annotation"
a1640017-fbeb-45ab-b9f3-2a9cf725f858,annotation,"segmentation ring first/last point gap = 1.60px (first=(1610.6374,855.802) last=(1610.2274,857.352)) -- prompt's assumed x0==x_n-1,y0==y_n-1 invariant does NOT hold for this annotation"
2df84f0d-eb93-4716-b9bb-c53d3657f6e8,annotation,"segmentation ring first/last point gap = 1.60px (first=(644.5734,1052.4732) last=(644.9834,1050.9232)) -- prompt's assumed x0==x_n-1,y0==y_n-1 invariant does NOT hold for this annotation"
cd9e5a43-a07b-4405-88bb-f16aa616bee7,annotation,"segmentation ring first/last point gap = 1.60px (first=(330.7745,931.3564) last=(331.1845,929.8064)) -- prompt's assumed x0==x_n-1,y0==y_n-1 invariant does NOT hold for this annotation"
e12eb968-f5e7-4436-a52d-bafa84c3fe77,annotation,"segmentation ring first/last point gap = 2.59px (first=(1282.3571,474.0189) last=(1283.0271,471.5189)) -- prompt's assumed x0==x_n-1,y0==y_n-1 invariant does NOT hold for this annotation"
7dac3a69-d678-428c-bf7a-2b1e5527a3d8,annotation,"segmentation ring first/last point gap = 1.60px (first=(980.7202,1305.0158) last=(981.1302,1303.4658)) -- prompt's assumed x0==x_n-1,y0==y_n-1 invariant does NOT hold for this annotation"
b8120884-c7cd-40e3-9aab-b88ef5cab63a,annotation,"segmentation ring first/last point gap = 3.09px (first=(1727.6597,652.2257) last=(1726.1195,654.9057)) -- prompt's assumed x0==x_n-1,y0==y_n-1 invariant does NOT hold for this annotation"
a66e4fe4-e315-4bea-96c7-d8e2123b57bf,annotation,"segmentation ring first/last point gap = 1.60px (first=(1463.9278,1558.4605) last=(1463.5178,1560.0105)) -- prompt's assumed x0==x_n-1,y0==y_n-1 invariant does NOT hold for this annotation"
988e6cd1-b1e0-4105-af60-cfaf1bf29b5f,annotation,"segmentation ring first/last point gap = 1.60px (first=(1027.7414,517.0554) last=(1027.3314,518.6054)) -- prompt's assumed x0==x_n-1,y0==y_n-1 invariant does NOT hold for this annotation"
a02a02b4-708b-454d-b961-3289b3a97e2d,annotation,"segmentation ring first/last point gap = 1.41px (first=(890.0,1750.0) last=(891.0,1749.0)) -- prompt's assumed x0==x_n-1,y0==y_n-1 invariant does NOT hold for this annotation"
35c578b1-2dfc-457a-8233-72c207b6c667,annotation,"segmentation ring first/last point gap = 2.00px (first=(1514.0,675.0) last=(1516.0,675.0)) -- prompt's assumed x0==x_n-1,y0==y_n-1 invariant does NOT hold for this annotation"
410182e8-c88e-47b2-9f79-57b49b257ac9,annotation,"segmentation ring first/last point gap = 1.23px (first=(1184.4121,682.5632) last=(1184.7295,681.3788)) -- prompt's assumed x0==x_n-1,y0==y_n-1 invariant does NOT hold for this annotation"
6a72609d-f0ec-4a4b-b1ca-f7114ed5ed52,annotation,"segmentation ring first/last point gap = 2.15px (first=(472.0,1367.7249) last=(470.4821,1369.2429)) -- prompt's assumed x0==x_n-1,y0==y_n-1 invariant does NOT hold for this annotation"
4898437d-a820-4c3e-8af2-adf2eefe69ce,annotation,"segmentation ring first/last point gap = 2.32px (first=(1181.6403,674.3597) last=(1180.0,676.0)) -- prompt's assumed x0==x_n-1,y0==y_n-1 invariant does NOT hold for this annotation"
ddf3422b-a3f9-4f7b-976b-21f08ed9a413,annotation,"segmentation ring first/last point gap = 1.57px (first=(1648.4151,745.4616) last=(1649.0,746.9239)) -- prompt's assumed x0==x_n-1,y0==y_n-1 invariant does NOT hold for this annotation"
4d86882b-45b9-4cb1-9dd4-fd1d78252154,annotation,"segmentation ring first/last point gap = 1.60px (first=(1004.8865,665.3797) last=(1005.2965,663.8297)) -- prompt's assumed x0==x_n-1,y0==y_n-1 invariant does NOT hold for this annotation"
9a68d799-0926-452a-af47-f01d136613fe,annotation,"segmentation ring first/last point gap = 2.24px (first=(1652.0,749.0) last=(1651.0,751.0)) -- prompt's assumed x0==x_n-1,y0==y_n-1 invariant does NOT hold for this annotation"
59ffa051-7963-4bd9-b41b-21fcf18cebbb,annotation,"segmentation ring first/last point gap = 8.94px (first=(1197.1526,669.4747) last=(1189.1526,673.4747)) -- prompt's assumed x0==x_n-1,y0==y_n-1 invariant does NOT hold for this annotation"
e23ec330-17d0-49db-9cd9-e849ea14aced,annotation,"segmentation ring first/last point gap = 1.18px (first=(474.0,1372.9509) last=(473.1677,1373.7832)) -- prompt's assumed x0==x_n-1,y0==y_n-1 invariant does NOT hold for this annotation"
f6108a3c-ca6c-4e48-b434-130432271938,annotation,"segmentation ring first/last point gap = 1.41px (first=(617.0,1268.0) last=(616.0,1269.0)) -- prompt's assumed x0==x_n-1,y0==y_n-1 invariant does NOT hold for this annotation"
07ab3e48-d47a-48b9-88d0-85689ffbc1aa,annotation,"segmentation ring first/last point gap = 2.24px (first=(1071.0,1091.0) last=(1069.0,1092.0)) -- prompt's assumed x0==x_n-1,y0==y_n-1 invariant does NOT hold for this annotation"
1ef0208c-fa55-4ace-a306-ebf01eebb8da,annotation,"segmentation ring first/last point gap = 2.83px (first=(1438.0,760.0) last=(1436.0,762.0)) -- prompt's assumed x0==x_n-1,y0==y_n-1 invariant does NOT hold for this annotation"
a86c42d4-1f14-4f03-a930-522b20fe8157,annotation,"segmentation ring first/last point gap = 1.60px (first=(1029.3124,1479.1476) last=(1029.7224,1477.5976)) -- prompt's assumed x0==x_n-1,y0==y_n-1 invariant does NOT hold for this annotation"
382a7396-7c25-46c4-a6d5-d2d20245b4f8,annotation,"segmentation ring first/last point gap = 1.60px (first=(688.2097,1743.8534) last=(687.7997,1745.4034)) -- prompt's assumed x0==x_n-1,y0==y_n-1 invariant does NOT hold for this annotation"
41d70cd4-a2ad-437d-8eeb-bac67f6a7d7b,annotation,"segmentation ring first/last point gap = 2.59px (first=(514.4093,1131.6475) last=(515.0793,1129.1475)) -- prompt's assumed x0==x_n-1,y0==y_n-1 invariant does NOT hold for this annotation"
e3776fe8-f0a3-4859-8dc5-11d7bb27d40c,annotation,"segmentation ring first/last point gap = 1.60px (first=(834.76,1297.4364) last=(835.17,1295.8864)) -- prompt's assumed x0==x_n-1,y0==y_n-1 invariant does NOT hold for this annotation"
66bb610e-99b9-40fe-9ab1-7e802abcf64a,annotation,"segmentation ring first/last point gap = 1.60px (first=(760.9481,1312.2716) last=(760.5381,1313.8216)) -- prompt's assumed x0==x_n-1,y0==y_n-1 invariant does NOT hold for this annotation"
f2e8f122-6304-4d3e-bccf-79baad0825da,annotation,"segmentation ring first/last point gap = 1.60px (first=(1429.7698,608.0099) last=(1429.3598,609.5599)) -- prompt's assumed x0==x_n-1,y0==y_n-1 invariant does NOT hold for this annotation"
00c47cd5-5c96-40c0-b734-16947c152608,annotation,"segmentation ring first/last point gap = 1.60px (first=(1325.4607,618.4328) last=(1325.8707,616.8828)) -- prompt's assumed x0==x_n-1,y0==y_n-1 invariant does NOT hold for this annotation"
0f5fd92f-3588-43b6-9d4f-6493756ef489,annotation,"segmentation ring first/last point gap = 2.59px (first=(1156.4747,343.3523) last=(1157.1447,340.8523)) -- prompt's assumed x0==x_n-1,y0==y_n-1 invariant does NOT hold for this annotation"
467a92dc-ba16-4529-9e8a-5a274f072ac4,annotation,"segmentation ring first/last point gap = 2.20px (first=(1070.5567,1280.8799) last=(1070.245,1283.0619)) -- prompt's assumed x0==x_n-1,y0==y_n-1 invariant does NOT hold for this annotation"
758badb0-138f-4cbf-abeb-20bbd8771e98,annotation,"segmentation ring first/last point gap = 4.00px (first=(1024.0,291.0) last=(1020.0,291.0)) -- prompt's assumed x0==x_n-1,y0==y_n-1 invariant does NOT hold for this annotation"
90a190e7-75d4-428f-89e6-c002c7806c0c,annotation,"segmentation ring first/last point gap = 3.36px (first=(778.2251,1428.6933) last=(779.0951,1425.4433)) -- prompt's assumed x0==x_n-1,y0==y_n-1 invariant does NOT hold for this annotation"
45750e1e-0829-4ead-8b31-0db89bd87fe5,annotation,"segmentation ring first/last point gap = 3.36px (first=(1092.8578,1533.9879) last=(1093.7278,1530.7379)) -- prompt's assumed x0==x_n-1,y0==y_n-1 invariant does NOT hold for this annotation"
7baac13b-4708-4569-b1de-2ed206b01d72,annotation,"segmentation ring first/last point gap = 3.36px (first=(899.5529,433.0177) last=(900.4229,429.7677)) -- prompt's assumed x0==x_n-1,y0==y_n-1 invariant does NOT hold for this annotation"
54a8851d-9c16-47e8-ab45-2a671cd3e15c,annotation,"segmentation ring first/last point gap = 3.36px (first=(396.1824,747.8347) last=(397.0524,744.5847)) -- prompt's assumed x0==x_n-1,y0==y_n-1 invariant does NOT hold for this annotation"
a06afe1e-0444-4376-a381-9569fd8dbfae,annotation,"segmentation ring first/last point gap = 1.10px (first=(1209.2709,1495.3639) last=(1209.555,1494.3025)) -- prompt's assumed x0==x_n-1,y0==y_n-1 invariant does NOT hold for this annotation"
4f157f0f-b14e-4b90-a0c6-07e6617bd743,annotation,"segmentation ring first/last point gap = 3.36px (first=(1756.9884,1254.2863) last=(1757.8584,1251.0363)) -- prompt's assumed x0==x_n-1,y0==y_n-1 invariant does NOT hold for this annotation"
32ff74f9-85eb-4be7-8999-9122398d2ed7,annotation,"segmentation ring first/last point gap = 1.60px (first=(776.5394,724.8692) last=(776.1294,726.4192)) -- prompt's assumed x0==x_n-1,y0==y_n-1 invariant does NOT hold for this annotation"
d55d0ecd-ab0f-4b93-a209-8f7771c9d49f,annotation,"segmentation ring first/last point gap = 2.09px (first=(610.0906,1339.2385) last=(608.2135,1340.1638)) -- prompt's assumed x0==x_n-1,y0==y_n-1 invariant does NOT hold for this annotation"
287b1401-ba3c-48a4-a524-9a6760db97ce,annotation,"segmentation ring first/last point gap = 1.77px (first=(998.2545,753.7626) last=(998.0938,755.53)) -- prompt's assumed x0==x_n-1,y0==y_n-1 invariant does NOT hold for this annotation"
04ab51e1-5d44-4fd5-b22a-5a3759653c46,annotation,"segmentation ring first/last point gap = 1.41px (first=(773.0,728.0) last=(772.0,729.0)) -- prompt's assumed x0==x_n-1,y0==y_n-1 invariant does NOT hold for this annotation"
a151357d-6542-4035-8d26-657a8be8f85d,annotation,"segmentation ring first/last point gap = 3.61px (first=(761.0,900.0) last=(758.0,898.0)) -- prompt's assumed x0==x_n-1,y0==y_n-1 invariant does NOT hold for this annotation"
62437f2d-4e8a-4c29-a91d-6af3e3576b56,annotation,"segmentation ring first/last point gap = 2.83px (first=(1340.0,702.0) last=(1342.0,700.0)) -- prompt's assumed x0==x_n-1,y0==y_n-1 invariant does NOT hold for this annotation"
abd57fef-a907-486b-abb6-f98ee669929a,annotation,"segmentation ring first/last point gap = 1.41px (first=(1104.0,681.0) last=(1103.0,682.0)) -- prompt's assumed x0==x_n-1,y0==y_n-1 invariant does NOT hold for this annotation"
449a522e-5f39-427c-aed6-0bbca22984c9,annotation,"segmentation ring first/last point gap = 1.41px (first=(1420.0,1375.0) last=(1421.0,1374.0)) -- prompt's assumed x0==x_n-1,y0==y_n-1 invariant does NOT hold for this annotation"
533a64d9-bc4e-484a-8b98-8d2bdf67f934,annotation,"segmentation ring first/last point gap = 1.41px (first=(1336.0,1370.0) last=(1337.0,1369.0)) -- prompt's assumed x0==x_n-1,y0==y_n-1 invariant does NOT hold for this annotation"
d57e64e3-931a-4fe0-a62b-a24404e220cd,annotation,"segmentation ring first/last point gap = 1.41px (first=(997.0,784.0) last=(998.0,783.0)) -- prompt's assumed x0==x_n-1,y0==y_n-1 invariant does NOT hold for this annotation"
7647762f-9a4c-48c3-9100-4cbae9781f7c,annotation,"segmentation ring first/last point gap = 4.00px (first=(1104.0,685.0) last=(1108.0,685.0)) -- prompt's assumed x0==x_n-1,y0==y_n-1 invariant does NOT hold for this annotation"
5d78181a-cb3d-48a2-a4aa-98a6afc941bd,annotation,"segmentation ring first/last point gap = 4.46px (first=(1339.0,694.0) last=(1335.0139,695.993)) -- prompt's assumed x0==x_n-1,y0==y_n-1 invariant does NOT hold for this annotation"
25d422da-e508-4119-9a6f-7803a3e1eb74,annotation,"segmentation ring first/last point gap = 1.20px (first=(1420.8463,1372.1537) last=(1420.0,1373.0)) -- prompt's assumed x0==x_n-1,y0==y_n-1 invariant does NOT hold for this annotation"
2e1c2d54-3ff6-4121-b5ac-3761d1db86fa,annotation,"segmentation ring first/last point gap = 1.41px (first=(1335.0,1372.0) last=(1336.0,1371.0)) -- prompt's assumed x0==x_n-1,y0==y_n-1 invariant does NOT hold for this annotation"
5532023d-f6d1-4212-91fc-5fc696fe7a42,annotation,"segmentation ring first/last point gap = 3.16px (first=(344.0,759.0) last=(341.0,760.0)) -- prompt's assumed x0==x_n-1,y0==y_n-1 invariant does NOT hold for this annotation"
5bb4fc92-d9b6-428d-825d-0744abca0d46,annotation,"segmentation ring first/last point gap = 1.29px (first=(827.8645,742.2635) last=(828.1945,741.0135)) -- prompt's assumed x0==x_n-1,y0==y_n-1 invariant does NOT hold for this annotation"
6a62a5a3-325c-4b12-b930-d4fd300a9790,annotation,"segmentation ring first/last point gap = 1.60px (first=(1715.8651,1382.899) last=(1716.2751,1381.349)) -- prompt's assumed x0==x_n-1,y0==y_n-1 invariant does NOT hold for this annotation"
58c220b6-451a-4ff6-9f49-37d248c0c79b,annotation,"segmentation ring first/last point gap = 2.32px (first=(1321.8399,1656.8344) last=(1322.4398,1654.596)) -- prompt's assumed x0==x_n-1,y0==y_n-1 invariant does NOT hold for this annotation"
7491ff75-7446-4fb7-9ebc-1f2fe0cf5177,annotation,"segmentation ring first/last point gap = 4.05px (first=(931.0,1338.0) last=(927.0071,1338.6655)) -- prompt's assumed x0==x_n-1,y0==y_n-1 invariant does NOT hold for this annotation"
0fb09660-9c41-42cf-954e-15935ea086fd,annotation,"segmentation ring first/last point gap = 2.24px (first=(1704.0,1351.0) last=(1706.0,1350.0)) -- prompt's assumed x0==x_n-1,y0==y_n-1 invariant does NOT hold for this annotation"
2f742200-c831-476c-86ff-d2af10967ec3,annotation,"segmentation ring first/last point gap = 4.47px (first=(328.0,1014.0) last=(332.0,1012.0)) -- prompt's assumed x0==x_n-1,y0==y_n-1 invariant does NOT hold for this annotation"
b0ef1ccf-4506-41e6-b023-774118562855,annotation,"segmentation ring first/last point gap = 2.24px (first=(826.0,1581.0) last=(825.0,1583.0)) -- prompt's assumed x0==x_n-1,y0==y_n-1 invariant does NOT hold for this annotation"
58715a83-496d-426a-a01d-ea82fe52a13b,annotation,"segmentation ring first/last point gap = 3.61px (first=(1796.0,1274.0) last=(1798.0,1271.0)) -- prompt's assumed x0==x_n-1,y0==y_n-1 invariant does NOT hold for this annotation"
32f5780a-0dcf-416a-b534-e8235cf5586a,annotation,"segmentation ring first/last point gap = 1.60px (first=(355.4425,1018.1831) last=(355.8525,1016.6331)) -- prompt's assumed x0==x_n-1,y0==y_n-1 invariant does NOT hold for this annotation"
e6059e7b-09ca-4018-98ed-fc41d0e5a75a,annotation,"segmentation ring first/last point gap = 2.62px (first=(1782.5057,1393.8676) last=(1781.2631,1396.1753)) -- prompt's assumed x0==x_n-1,y0==y_n-1 invariant does NOT hold for this annotation"
15f44f3d-46c0-42ab-8c76-dac718de108e,annotation,"segmentation ring first/last point gap = 1.00px (first=(986.0,1543.969) last=(985.0,1544.0)) -- prompt's assumed x0==x_n-1,y0==y_n-1 invariant does NOT hold for this annotation"
1c2ccaad-b73d-4256-9fcc-c2d0a805119a,annotation,"segmentation ring first/last point gap = 5.00px (first=(821.0,422.0) last=(818.0,426.0)) -- prompt's assumed x0==x_n-1,y0==y_n-1 invariant does NOT hold for this annotation"
932b46e5-ecab-4553-b0a9-e2b52d716d9c,annotation,"segmentation ring first/last point gap = 1.60px (first=(1164.0374,815.1989) last=(1163.6274,816.7489)) -- prompt's assumed x0==x_n-1,y0==y_n-1 invariant does NOT hold for this annotation"
d57dccfd-032b-4c40-b538-c44852751517,annotation,"segmentation ring first/last point gap = 1.60px (first=(962.0638,414.2704) last=(961.6538,415.8204)) -- prompt's assumed x0==x_n-1,y0==y_n-1 invariant does NOT hold for this annotation"
42e0abed-4fff-4270-bb78-519718ff2257,annotation,"segmentation ring first/last point gap = 1.60px (first=(1553.0491,473.1734) last=(1552.6391,474.7234)) -- prompt's assumed x0==x_n-1,y0==y_n-1 invariant does NOT hold for this annotation"
eb267483-96df-4471-9322-0b5679336319,annotation,"segmentation ring first/last point gap = 1.60px (first=(516.9052,1177.3637) last=(516.4952,1178.9137)) -- prompt's assumed x0==x_n-1,y0==y_n-1 invariant does NOT hold for this annotation"
2836923b-220e-4ee3-90ae-54756324ce6c,annotation,"segmentation ring first/last point gap = 1.60px (first=(499.2805,1267.2656) last=(498.8705,1268.8156)) -- prompt's assumed x0==x_n-1,y0==y_n-1 invariant does NOT hold for this annotation"
44a63143-0a28-4f7c-9443-8a4053abe22a,annotation,"segmentation ring first/last point gap = 1.60px (first=(465.9831,485.1526) last=(465.5731,486.7026)) -- prompt's assumed x0==x_n-1,y0==y_n-1 invariant does NOT hold for this annotation"
23e4e965-73bc-4ecc-95f3-63a3fe577e81,annotation,"segmentation ring first/last point gap = 2.59px (first=(1433.0926,1751.5155) last=(1432.4226,1754.0155)) -- prompt's assumed x0==x_n-1,y0==y_n-1 invariant does NOT hold for this annotation"
d8471bcf-d118-4a9c-ad4b-f83a6bb0c918,annotation,"segmentation ring first/last point gap = 1.04px (first=(602.6913,738.3202) last=(602.4213,739.3202)) -- prompt's assumed x0==x_n-1,y0==y_n-1 invariant does NOT hold for this annotation"
20e68caa-2bd5-49f0-b1c1-58a63724848b,annotation,"segmentation ring first/last point gap = 4.14px (first=(1479.6111,797.0228) last=(1480.6811,793.0228)) -- prompt's assumed x0==x_n-1,y0==y_n-1 invariant does NOT hold for this annotation"
c9a12581-ed71-47dd-b780-59d11f091eb8,annotation,"segmentation ring first/last point gap = 1.60px (first=(1697.8328,815.779) last=(1697.4228,817.329)) -- prompt's assumed x0==x_n-1,y0==y_n-1 invariant does NOT hold for this annotation"
5d8bc275-681d-428a-8a4c-1f202885cafb,annotation,"segmentation ring first/last point gap = 1.22px (first=(1709.927,1382.6548) last=(1710.2417,1381.4747)) -- prompt's assumed x0==x_n-1,y0==y_n-1 invariant does NOT hold for this annotation"
edf9ed8b-8f95-4b45-9f19-f25d47221e56,annotation,"segmentation ring first/last point gap = 1.41px (first=(495.0,1271.0) last=(494.0,1272.0)) -- prompt's assumed x0==x_n-1,y0==y_n-1 invariant does NOT hold for this annotation"
8b5b37d1-86a5-405a-a0df-edeba3e9223d,annotation,"segmentation ring first/last point gap = 1.60px (first=(473.4208,1243.2625) last=(473.8308,1241.7125)) -- prompt's assumed x0==x_n-1,y0==y_n-1 invariant does NOT hold for this annotation"
dc88f77d-7890-4bbe-9911-fda40d8c5058,annotation,"segmentation ring first/last point gap = 1.60px (first=(961.9385,1239.8785) last=(961.5285,1241.4285)) -- prompt's assumed x0==x_n-1,y0==y_n-1 invariant does NOT hold for this annotation"
4b2ad4cf-249f-49ef-9571-e8b12166d40c,annotation,"segmentation ring first/last point gap = 1.60px (first=(1630.5003,752.5136) last=(1630.0903,754.0636)) -- prompt's assumed x0==x_n-1,y0==y_n-1 invariant does NOT hold for this annotation"
96d34841-3126-4195-b46c-64f88f92da67,annotation,"segmentation ring first/last point gap = 1.60px (first=(1073.9286,1122.6364) last=(1074.3386,1121.0864)) -- prompt's assumed x0==x_n-1,y0==y_n-1 invariant does NOT hold for this annotation"
6417cf1b-8a0c-4e77-aa70-cc105ccdb0f3,annotation,"segmentation ring first/last point gap = 1.60px (first=(1694.3906,1281.3022) last=(1693.9806,1282.8522)) -- prompt's assumed x0==x_n-1,y0==y_n-1 invariant does NOT hold for this annotation"
37026e5d-94af-41e8-b1c9-edf2f4835711,annotation,"segmentation ring first/last point gap = 1.29px (first=(1078.1727,555.1558) last=(1078.5027,553.9058)) -- prompt's assumed x0==x_n-1,y0==y_n-1 invariant does NOT hold for this annotation"
e6fd5225-8a19-4e88-bbfa-19cae67207f3,annotation,"segmentation ring first/last point gap = 1.29px (first=(1542.6889,1172.666) last=(1543.0189,1171.416)) -- prompt's assumed x0==x_n-1,y0==y_n-1 invariant does NOT hold for this annotation"
c4e485fa-c457-4c14-976e-2e110210a560,annotation,"segmentation ring first/last point gap = 1.04px (first=(1143.0,560.0) last=(1142.0661,560.467)) -- prompt's assumed x0==x_n-1,y0==y_n-1 invariant does NOT hold for this annotation"
3ee832ac-ce6c-4fa4-8f4d-645f6b4b93ec,annotation,"segmentation ring first/last point gap = 3.66px (first=(1600.2845,1044.6786) last=(1600.6892,1041.0363)) -- prompt's assumed x0==x_n-1,y0==y_n-1 invariant does NOT hold for this annotation"
000cc1b2-bb85-4451-95e3-f0580aaa2185,annotation,"segmentation ring first/last point gap = 2.59px (first=(1614.5823,574.6481) last=(1613.9123,577.1481)) -- prompt's assumed x0==x_n-1,y0==y_n-1 invariant does NOT hold for this annotation"
0f5d3a69-445b-4b3f-8472-7f2222859e40,annotation,"segmentation ring first/last point gap = 4.14px (first=(1377.9755,1632.1022) last=(1379.0455,1628.1022)) -- prompt's assumed x0==x_n-1,y0==y_n-1 invariant does NOT hold for this annotation"
03f1d442-d493-41c2-be04-5504dfa4f406,annotation,"segmentation ring first/last point gap = 1.60px (first=(549.906,1447.1106) last=(549.496,1448.6606)) -- prompt's assumed x0==x_n-1,y0==y_n-1 invariant does NOT hold for this annotation"
01fe8ca4-a445-48e7-94ca-966c86d09b0a,annotation,"segmentation ring first/last point gap = 1.60px (first=(1589.6959,1045.5345) last=(1590.1059,1043.9845)) -- prompt's assumed x0==x_n-1,y0==y_n-1 invariant does NOT hold for this annotation"
2211562f-6cf1-47df-ab44-135df0cf52dc,annotation,"segmentation ring first/last point gap = 1.60px (first=(1560.3818,524.1009) last=(1560.7918,522.5509)) -- prompt's assumed x0==x_n-1,y0==y_n-1 invariant does NOT hold for this annotation"
6369956c-70c3-4fe8-ae93-6b68f0293884,annotation,"segmentation ring first/last point gap = 2.59px (first=(1655.6371,1072.1155) last=(1654.9671,1074.6155)) -- prompt's assumed x0==x_n-1,y0==y_n-1 invariant does NOT hold for this annotation"
1408970a-c9e1-4bca-b5c5-53058f370cbd,annotation,"segmentation ring first/last point gap = 2.59px (first=(1234.7857,1650.8811) last=(1235.4557,1648.3811)) -- prompt's assumed x0==x_n-1,y0==y_n-1 invariant does NOT hold for this annotation"
0ca01f26-80ba-4bae-b0ab-6fb2681adb14,annotation,"segmentation ring first/last point gap = 1.60px (first=(1602.4794,584.2932) last=(1602.0694,585.8432)) -- prompt's assumed x0==x_n-1,y0==y_n-1 invariant does NOT hold for this annotation"
04bddc17-0e9e-44be-ba0d-b6283dac7ddc,annotation,"segmentation ring first/last point gap = 1.41px (first=(1322.0,995.0) last=(1321.0,996.0)) -- prompt's assumed x0==x_n-1,y0==y_n-1 invariant does NOT hold for this annotation"
d3a7718f-9b4b-47f6-832e-6fe31dc44f74,annotation,"segmentation ring first/last point gap = 2.83px (first=(1371.0,1631.0) last=(1373.0,1629.0)) -- prompt's assumed x0==x_n-1,y0==y_n-1 invariant does NOT hold for this annotation"
69fe14cd-a0f7-471c-9ee5-8c5639d4de3c,annotation,"segmentation ring first/last point gap = 6.13px (first=(556.0,1442.0) last=(551.9642,1446.6124)) -- prompt's assumed x0==x_n-1,y0==y_n-1 invariant does NOT hold for this annotation"
d4d32409-f79b-495f-9716-8961868f9d01,annotation,"segmentation ring first/last point gap = 4.38px (first=(370.3732,1143.5024) last=(373.0,1140.0)) -- prompt's assumed x0==x_n-1,y0==y_n-1 invariant does NOT hold for this annotation"
a5bb7882-24b8-44ee-b687-b799bed353f7,annotation,"segmentation ring first/last point gap = 2.83px (first=(1481.0,1300.0) last=(1479.0,1302.0)) -- prompt's assumed x0==x_n-1,y0==y_n-1 invariant does NOT hold for this annotation"
6417a9ee-ad92-453d-b9de-8c5403da503c,annotation,"segmentation ring first/last point gap = 1.41px (first=(1368.0,1185.0) last=(1367.0,1186.0)) -- prompt's assumed x0==x_n-1,y0==y_n-1 invariant does NOT hold for this annotation"
d990bf17-ffb1-495e-a638-ba92de3e2fbd,annotation,"segmentation ring first/last point gap = 4.18px (first=(1693.7885,1534.9043) last=(1692.7085,1538.9443)) -- prompt's assumed x0==x_n-1,y0==y_n-1 invariant does NOT hold for this annotation"
0db9f1bf-9dc1-4931-b169-c74f17c9aa66,annotation,"segmentation ring first/last point gap = 1.04px (first=(1340.4071,905.9697) last=(1340.4934,904.9336)) -- prompt's assumed x0==x_n-1,y0==y_n-1 invariant does NOT hold for this annotation"
6ac50924-64e7-4b16-bc96-568fae10b2df,annotation,"segmentation ring first/last point gap = 8.37px (first=(1482.0,1304.0) last=(1473.6304,1304.0)) -- prompt's assumed x0==x_n-1,y0==y_n-1 invariant does NOT hold for this annotation"
2331f786-9f81-4aed-bdd2-58c68df8a21e,annotation,"segmentation ring first/last point gap = 2.59px (first=(1689.6098,1534.9137) last=(1688.9398,1537.4137)) -- prompt's assumed x0==x_n-1,y0==y_n-1 invariant does NOT hold for this annotation"
84cf28e9-e4f6-4e9c-a899-c53827791d2b,annotation,"segmentation ring first/last point gap = 1.20px (first=(1340.1294,898.3477) last=(1339.8942,899.5236)) -- prompt's assumed x0==x_n-1,y0==y_n-1 invariant does NOT hold for this annotation"
b52303b4-765c-4458-9443-a09a751c100a,annotation,"segmentation ring first/last point gap = 1.60px (first=(510.3717,1285.5015) last=(510.7817,1283.9515)) -- prompt's assumed x0==x_n-1,y0==y_n-1 invariant does NOT hold for this annotation"
51f98a2b-43f2-4a8e-ac0d-6a70f367f631,annotation,"segmentation ring first/last point gap = 1.60px (first=(1391.5307,901.2555) last=(1391.1207,902.8055)) -- prompt's assumed x0==x_n-1,y0==y_n-1 invariant does NOT hold for this annotation"
6690ea4f-1964-4d14-826c-8d5989b8f2ea,annotation,"segmentation ring first/last point gap = 1.60px (first=(512.6878,767.7562) last=(512.2778,769.3062)) -- prompt's assumed x0==x_n-1,y0==y_n-1 invariant does NOT hold for this annotation"
a6d08bb4-4720-4397-ad0e-7187a4acad0b,annotation,"segmentation ring first/last point gap = 2.59px (first=(756.1496,754.2874) last=(756.8196,751.7874)) -- prompt's assumed x0==x_n-1,y0==y_n-1 invariant does NOT hold for this annotation"
c78c8288-b55c-4dab-a59e-1b0118b44ab6,annotation,"segmentation ring first/last point gap = 2.59px (first=(1289.9518,977.7129) last=(1289.2818,980.2129)) -- prompt's assumed x0==x_n-1,y0==y_n-1 invariant does NOT hold for this annotation"
36635103-4481-451b-bb24-24d75c31a946,annotation,"segmentation ring first/last point gap = 1.60px (first=(495.6843,1092.5437) last=(496.0943,1090.9937)) -- prompt's assumed x0==x_n-1,y0==y_n-1 invariant does NOT hold for this annotation"
cc96e62b-aca6-47f6-8808-6cd14b70c71f,annotation,"segmentation ring first/last point gap = 2.59px (first=(1063.519,1204.5706) last=(1064.189,1202.0706)) -- prompt's assumed x0==x_n-1,y0==y_n-1 invariant does NOT hold for this annotation"
b86917d5-cdc2-4b9b-8e24-d04edf76232f,annotation,"segmentation ring first/last point gap = 2.59px (first=(1179.1711,336.7215) last=(1179.8411,334.2215)) -- prompt's assumed x0==x_n-1,y0==y_n-1 invariant does NOT hold for this annotation"
4718649a-d25e-4b96-b7a5-0114bd55ee80,annotation,"segmentation ring first/last point gap = 2.59px (first=(1556.7549,1463.9042) last=(1557.4249,1461.4042)) -- prompt's assumed x0==x_n-1,y0==y_n-1 invariant does NOT hold for this annotation"
f7dfbf02-2596-4807-a2c6-a9c5f0ecb349,annotation,"segmentation ring first/last point gap = 1.60px (first=(801.8174,918.1212) last=(801.4074,919.6712)) -- prompt's assumed x0==x_n-1,y0==y_n-1 invariant does NOT hold for this annotation"
6489364d-844f-4099-b827-f43c0a7e2da6,annotation,"segmentation ring first/last point gap = 1.60px (first=(643.0672,541.9258) last=(642.6572,543.4758)) -- prompt's assumed x0==x_n-1,y0==y_n-1 invariant does NOT hold for this annotation"
26977e06-d841-4bbb-bf30-498c8e49e84a,annotation,"segmentation ring first/last point gap = 1.60px (first=(667.5776,677.4263) last=(667.1676,678.9763)) -- prompt's assumed x0==x_n-1,y0==y_n-1 invariant does NOT hold for this annotation"
85600562-f734-413f-91a0-96d47c28b4fa,annotation,"segmentation ring first/last point gap = 1.60px (first=(1614.1823,875.9447) last=(1614.5923,874.3947)) -- prompt's assumed x0==x_n-1,y0==y_n-1 invariant does NOT hold for this annotation"
de5dd404-b717-4082-88ce-a1bdc82eb52e,annotation,"segmentation ring first/last point gap = 5.13px (first=(918.085,683.8482) last=(917.6201,688.9551)) -- prompt's assumed x0==x_n-1,y0==y_n-1 invariant does NOT hold for this annotation"
3c535732-0e7b-488b-a76c-32213dda6319,annotation,"segmentation ring first/last point gap = 1.60px (first=(1182.3724,986.3373) last=(1182.7824,984.7873)) -- prompt's assumed x0==x_n-1,y0==y_n-1 invariant does NOT hold for this annotation"
807501e2-a53d-4d31-92b7-07a8bf6c2b2a,annotation,"segmentation ring first/last point gap = 1.60px (first=(1092.941,786.6554) last=(1093.351,785.1054)) -- prompt's assumed x0==x_n-1,y0==y_n-1 invariant does NOT hold for this annotation"
042c6274-b58b-4878-8e5b-288c54e8b180,annotation,"segmentation ring first/last point gap = 1.60px (first=(1334.0355,1024.3869) last=(1334.4455,1022.8369)) -- prompt's assumed x0==x_n-1,y0==y_n-1 invariant does NOT hold for this annotation"
933d2a1c-5a38-4025-aef5-0283f0ed394f,annotation,"segmentation ring first/last point gap = 2.83px (first=(644.0,545.0) last=(642.0,547.0)) -- prompt's assumed x0==x_n-1,y0==y_n-1 invariant does NOT hold for this annotation"
9d444b5c-3709-445c-b80f-90cbd10ce236,annotation,"segmentation ring first/last point gap = 4.66px (first=(917.422,690.87) last=(916.1932,695.3637)) -- prompt's assumed x0==x_n-1,y0==y_n-1 invariant does NOT hold for this annotation"
ede1e618-2709-45af-bbb9-09a9fda19d0c,annotation,"segmentation ring first/last point gap = 1.29px (first=(1038.3661,642.4247) last=(1038.0361,643.6747)) -- prompt's assumed x0==x_n-1,y0==y_n-1 invariant does NOT hold for this annotation"
ad5e2757-d28d-4393-b81c-c0117fc15cfa,annotation,"segmentation ring first/last point gap = 6.40px (first=(1329.0,600.0) last=(1325.0,605.0)) -- prompt's assumed x0==x_n-1,y0==y_n-1 invariant does NOT hold for this annotation"
3f431159-1cdd-42e4-80ee-b42d41068fa7,annotation,"segmentation ring first/last point gap = 2.59px (first=(1441.7787,1485.7402) last=(1442.4487,1483.2402)) -- prompt's assumed x0==x_n-1,y0==y_n-1 invariant does NOT hold for this annotation"
2655c6a5-f6f5-4b19-8cd4-3e109a688cd6,annotation,"segmentation ring first/last point gap = 9.90px (first=(871.0,1302.0) last=(864.0,1309.0)) -- prompt's assumed x0==x_n-1,y0==y_n-1 invariant does NOT hold for this annotation"
7a100de1-e034-40e4-a3a5-106c9263133b,annotation,"segmentation ring first/last point gap = 1.28px (first=(533.4732,528.3258) last=(533.7833,527.0854)) -- prompt's assumed x0==x_n-1,y0==y_n-1 invariant does NOT hold for this annotation"
bb2be087-a870-4c16-a94f-18020acc11dd,annotation,"segmentation ring first/last point gap = 1.60px (first=(1797.081,683.0545) last=(1796.671,684.6045)) -- prompt's assumed x0==x_n-1,y0==y_n-1 invariant does NOT hold for this annotation"
ea9f838c-2f56-4839-a6f8-959ffbf2bf33,annotation,"segmentation ring first/last point gap = 4.47px (first=(1438.0,1490.0) last=(1436.0,1494.0)) -- prompt's assumed x0==x_n-1,y0==y_n-1 invariant does NOT hold for this annotation"
cf4858c3-ff40-486a-9fe8-39fc6b8baf81,annotation,"segmentation ring first/last point gap = 2.00px (first=(1783.0,867.0) last=(1785.0,867.0)) -- prompt's assumed x0==x_n-1,y0==y_n-1 invariant does NOT hold for this annotation"
6c68d922-30e1-44c8-87ac-29c848abeef8,annotation,"segmentation ring first/last point gap = 2.59px (first=(1466.5567,1470.7012) last=(1467.2267,1468.2012)) -- prompt's assumed x0==x_n-1,y0==y_n-1 invariant does NOT hold for this annotation"
fece33c2-3f47-499e-a629-50f0695c6661,annotation,"segmentation ring first/last point gap = 2.59px (first=(602.3942,1131.8861) last=(601.7242,1134.3861)) -- prompt's assumed x0==x_n-1,y0==y_n-1 invariant does NOT hold for this annotation"
958687a2-160a-4019-9f25-a4eef6aefd05,annotation,"segmentation ring first/last point gap = 1.29px (first=(1239.9464,742.7744) last=(1240.2764,741.5244)) -- prompt's assumed x0==x_n-1,y0==y_n-1 invariant does NOT hold for this annotation"
9049115f-9882-43ca-b471-f1bbbee549b0,annotation,"segmentation ring first/last point gap = 2.07px (first=(1352.8586,762.624) last=(1353.3986,760.624)) -- prompt's assumed x0==x_n-1,y0==y_n-1 invariant does NOT hold for this annotation"
e5e1ec21-d267-40d8-881b-cd1793b6951b,annotation,"segmentation ring first/last point gap = 3.36px (first=(1221.8783,1272.0107) last=(1221.0083,1275.2607)) -- prompt's assumed x0==x_n-1,y0==y_n-1 invariant does NOT hold for this annotation"
bb7a4d5b-f270-4bbd-9a27-93ff3dcc50a5,annotation,"segmentation ring first/last point gap = 2.07px (first=(1425.4045,779.9725) last=(1425.9445,777.9725)) -- prompt's assumed x0==x_n-1,y0==y_n-1 invariant does NOT hold for this annotation"
4b7b9b8d-0694-4a97-b1b4-2db98cc872b6,annotation,"segmentation ring first/last point gap = 3.16px (first=(1140.0,318.0) last=(1141.0,315.0)) -- prompt's assumed x0==x_n-1,y0==y_n-1 invariant does NOT hold for this annotation"
9f365035-6ce1-48aa-ab75-8a2393c8f785,annotation,"segmentation ring first/last point gap = 2.59px (first=(716.3207,795.1871) last=(716.9907,792.6871)) -- prompt's assumed x0==x_n-1,y0==y_n-1 invariant does NOT hold for this annotation"
fc8408d0-0094-4315-9c07-6d243d982784,annotation,"segmentation ring first/last point gap = 1.29px (first=(729.1051,845.602) last=(728.7751,846.852)) -- prompt's assumed x0==x_n-1,y0==y_n-1 invariant does NOT hold for this annotation"
1854711b-f39f-42f4-be4d-52b6302ae9a6,annotation,"segmentation ring first/last point gap = 1.29px (first=(1682.4527,720.3489) last=(1682.1227,721.5989)) -- prompt's assumed x0==x_n-1,y0==y_n-1 invariant does NOT hold for this annotation"
028329ae-d31c-4625-97cb-abeb785c8722,annotation,"segmentation ring first/last point gap = 1.29px (first=(1518.9261,1442.7444) last=(1519.2561,1441.4944)) -- prompt's assumed x0==x_n-1,y0==y_n-1 invariant does NOT hold for this annotation"
b5b3a57c-4aba-4c09-9f2f-b1aa38a5133b,annotation,"segmentation ring first/last point gap = 16.48px (first=(1201.0116,1717.2661) last=(1194.4065,1732.3677)) -- prompt's assumed x0==x_n-1,y0==y_n-1 invariant does NOT hold for this annotation"
168ecb53-8077-467e-95f4-deb63bea8c18,annotation,"segmentation ring first/last point gap = 2.09px (first=(1210.1093,1564.8202) last=(1209.5593,1566.8402)) -- prompt's assumed x0==x_n-1,y0==y_n-1 invariant does NOT hold for this annotation"
44bb0c58-6040-4aba-8f79-c9e60e2af6de,annotation,"segmentation ring first/last point gap = 2.09px (first=(395.5686,980.8197) last=(395.0186,982.8397)) -- prompt's assumed x0==x_n-1,y0==y_n-1 invariant does NOT hold for this annotation"
7b3a147e-f896-4441-b75f-10d7fb82f22f,annotation,"segmentation ring first/last point gap = 1.29px (first=(872.6504,935.8364) last=(872.9804,934.5864)) -- prompt's assumed x0==x_n-1,y0==y_n-1 invariant does NOT hold for this annotation"
c0b501da-b500-4582-b8d9-35d974a6c9c6,annotation,"segmentation ring first/last point gap = 1.29px (first=(520.9086,994.8354) last=(521.2386,993.5854)) -- prompt's assumed x0==x_n-1,y0==y_n-1 invariant does NOT hold for this annotation"
27dd410f-42e6-45ca-be36-ba032e8e614e,annotation,"segmentation ring first/last point gap = 1.29px (first=(1417.4203,1433.3979) last=(1417.7503,1432.1479)) -- prompt's assumed x0==x_n-1,y0==y_n-1 invariant does NOT hold for this annotation"
3652a299-97dc-4a1e-aa85-45271a438dcb,annotation,"segmentation ring first/last point gap = 1.41px (first=(1201.0,1716.0) last=(1200.0,1717.0)) -- prompt's assumed x0==x_n-1,y0==y_n-1 invariant does NOT hold for this annotation"
89136bab-56bf-4f7c-a909-f2c2978e004e,annotation,"segmentation ring first/last point gap = 7.21px (first=(244.0,1090.0) last=(248.0,1084.0)) -- prompt's assumed x0==x_n-1,y0==y_n-1 invariant does NOT hold for this annotation"
a3dbc5cf-0cdb-4005-8fe5-e3bfe817bd95,annotation,"segmentation ring first/last point gap = 1.41px (first=(601.0,1529.0) last=(600.0,1530.0)) -- prompt's assumed x0==x_n-1,y0==y_n-1 invariant does NOT hold for this annotation"
60b797b4-8c0b-491d-9ed9-fb140fe670f7,annotation,"segmentation ring first/last point gap = 2.83px (first=(1047.0,766.0) last=(1045.0,768.0)) -- prompt's assumed x0==x_n-1,y0==y_n-1 invariant does NOT hold for this annotation"
fc41c62e-cd05-4eba-8d9a-fb0cfb263814,annotation,"segmentation ring first/last point gap = 2.24px (first=(598.0,1334.0) last=(597.0,1336.0)) -- prompt's assumed x0==x_n-1,y0==y_n-1 invariant does NOT hold for this annotation"
fa2a036f-2e51-40d0-a095-4999d06533b4,annotation,"segmentation ring first/last point gap = 1.41px (first=(1216.0,763.0) last=(1215.0,764.0)) -- prompt's assumed x0==x_n-1,y0==y_n-1 invariant does NOT hold for this annotation"
a360ae4e-ed3a-45f4-8c52-c91e26ef622c,annotation,"segmentation ring first/last point gap = 9.22px (first=(1277.0,802.0) last=(1270.0,808.0)) -- prompt's assumed x0==x_n-1,y0==y_n-1 invariant does NOT hold for this annotation"
1991fe12-ad22-4029-8fc7-972b2dde3d33,annotation,"segmentation ring first/last point gap = 6.40px (first=(1325.0,863.0) last=(1321.0,868.0)) -- prompt's assumed x0==x_n-1,y0==y_n-1 invariant does NOT hold for this annotation"
0abcd6b7-4971-47f6-bc20-3716542d9c95,annotation,"segmentation ring first/last point gap = 2.59px (first=(974.0591,230.0568) last=(973.3891,232.5568)) -- prompt's assumed x0==x_n-1,y0==y_n-1 invariant does NOT hold for this annotation"
f09ba0ce-215d-49b6-9909-938bf8f6c02a,annotation,"segmentation ring first/last point gap = 3.09px (first=(1396.0,1437.0) last=(1393.8125,1439.1875)) -- prompt's assumed x0==x_n-1,y0==y_n-1 invariant does NOT hold for this annotation"
5a32ee69-126c-4b2d-8747-b76c9cccb88b,annotation,"segmentation ring first/last point gap = 1.60px (first=(902.4027,965.4417) last=(901.9927,966.9917)) -- prompt's assumed x0==x_n-1,y0==y_n-1 invariant does NOT hold for this annotation"
0c9e3664-9d8f-4a24-ac4b-d6d502e11b0d,annotation,"segmentation ring first/last point gap = 1.60px (first=(1685.7199,723.0946) last=(1686.1299,721.5446)) -- prompt's assumed x0==x_n-1,y0==y_n-1 invariant does NOT hold for this annotation"
4d6db91d-fdc9-42a7-8ca5-633ebe6e692a,annotation,"segmentation ring first/last point gap = 4.24px (first=(1158.0,1616.0) last=(1155.0,1619.0)) -- prompt's assumed x0==x_n-1,y0==y_n-1 invariant does NOT hold for this annotation"
352505fd-30a4-4e30-87ea-81975868750b,annotation,"segmentation ring first/last point gap = 2.83px (first=(1194.0,1286.0) last=(1192.0,1288.0)) -- prompt's assumed x0==x_n-1,y0==y_n-1 invariant does NOT hold for this annotation"
4584ac44-4565-404c-81f7-c4a99fab89cb,annotation,"segmentation ring first/last point gap = 1.60px (first=(1743.3869,1251.0173) last=(1742.9769,1252.5673)) -- prompt's assumed x0==x_n-1,y0==y_n-1 invariant does NOT hold for this annotation"
89ef6b59-9b00-4f59-9168-72df6b5ccd2d,annotation,"segmentation ring first/last point gap = 1.60px (first=(795.0147,744.3245) last=(795.4247,742.7745)) -- prompt's assumed x0==x_n-1,y0==y_n-1 invariant does NOT hold for this annotation"
23d77931-5aad-4c85-8c01-6170533bfa51,annotation,"segmentation ring first/last point gap = 2.59px (first=(1782.1088,839.5823) last=(1782.7788,837.0823)) -- prompt's assumed x0==x_n-1,y0==y_n-1 invariant does NOT hold for this annotation"
5115a355-2c2f-404b-81b6-9c37ffa3acf7,annotation,"segmentation ring first/last point gap = 2.63px (first=(431.9608,595.3236) last=(432.3926,592.7324)) -- prompt's assumed x0==x_n-1,y0==y_n-1 invariant does NOT hold for this annotation"
16da3446-f296-46de-9bfb-cb12519c2a51,annotation,"segmentation ring first/last point gap = 2.59px (first=(941.2004,938.8618) last=(941.8704,936.3618)) -- prompt's assumed x0==x_n-1,y0==y_n-1 invariant does NOT hold for this annotation"
6101edbc-0c52-4f9e-a0f1-0174684b83e9,annotation,"segmentation ring first/last point gap = 3.00px (first=(1063.736,1183.7877) last=(1061.0073,1185.0329)) -- prompt's assumed x0==x_n-1,y0==y_n-1 invariant does NOT hold for this annotation"
656f5ece-6244-450d-a392-56c92f4423a4,annotation,"segmentation ring first/last point gap = 2.59px (first=(1110.3683,1286.8964) last=(1111.0383,1284.3964)) -- prompt's assumed x0==x_n-1,y0==y_n-1 invariant does NOT hold for this annotation"
1ec9e75e-1bad-4b8e-b420-7aef775bfc0f,annotation,"segmentation ring first/last point gap = 3.61px (first=(479.0,860.0) last=(482.0,858.0)) -- prompt's assumed x0==x_n-1,y0==y_n-1 invariant does NOT hold for this annotation"
f44438bb-49a8-4344-9694-007273680a36,annotation,"segmentation ring first/last point gap = 2.59px (first=(1732.3588,884.6676) last=(1733.0288,882.1676)) -- prompt's assumed x0==x_n-1,y0==y_n-1 invariant does NOT hold for this annotation"
01337536-2cca-4bf4-bded-785bbd2f6140,annotation,"segmentation ring first/last point gap = 1.60px (first=(1287.6247,1055.9217) last=(1287.2147,1057.4717)) -- prompt's assumed x0==x_n-1,y0==y_n-1 invariant does NOT hold for this annotation"
31efe33c-1035-49d7-9665-e0471ebfd2cb,annotation,"segmentation ring first/last point gap = 1.20px (first=(1064.4094,1181.6054) last=(1064.1033,1182.7625)) -- prompt's assumed x0==x_n-1,y0==y_n-1 invariant does NOT hold for this annotation"
3fcd11d7-3d67-4909-ac29-4e5188cc56b7,annotation,"segmentation ring first/last point gap = 4.18px (first=(1183.6329,1674.7886) last=(1184.7129,1670.7486)) -- prompt's assumed x0==x_n-1,y0==y_n-1 invariant does NOT hold for this annotation"
9c0d11fc-2aa4-4394-9e9c-c229f16a6bb2,annotation,"segmentation ring first/last point gap = 1.60px (first=(1713.2769,1312.0172) last=(1712.8669,1313.5672)) -- prompt's assumed x0==x_n-1,y0==y_n-1 invariant does NOT hold for this annotation"
3f18be0a-15c4-4e3f-a4d0-be5a49a13ee1,annotation,"segmentation ring first/last point gap = 1.41px (first=(1663.0,635.0) last=(1664.0,634.0)) -- prompt's assumed x0==x_n-1,y0==y_n-1 invariant does NOT hold for this annotation"
d4dd63e3-6b8c-47de-91bc-e3c166ddb29d,annotation,"segmentation ring first/last point gap = 2.59px (first=(1438.5103,1572.6234) last=(1437.8403,1575.1234)) -- prompt's assumed x0==x_n-1,y0==y_n-1 invariant does NOT hold for this annotation"
cc1d17a2-4797-4086-8881-0bb38226a7ef,annotation,"segmentation ring first/last point gap = 1.40px (first=(1288.6211,560.171) last=(1288.2628,561.5256)) -- prompt's assumed x0==x_n-1,y0==y_n-1 invariant does NOT hold for this annotation"
79a013eb-a5b3-4e7d-9d05-ee394dd7025f,annotation,"segmentation ring first/last point gap = 3.27px (first=(1261.0808,1345.9029) last=(1261.9273,1342.7408)) -- prompt's assumed x0==x_n-1,y0==y_n-1 invariant does NOT hold for this annotation"
4423b29b-ea13-431c-88f3-0ab59d1c974a,annotation,"segmentation ring first/last point gap = 2.24px (first=(1427.0,1468.0) last=(1429.0,1469.0)) -- prompt's assumed x0==x_n-1,y0==y_n-1 invariant does NOT hold for this annotation"
d6c9e2ef-942f-4107-a172-16a87d24d93c,annotation,"segmentation ring first/last point gap = 3.06px (first=(1564.4557,1534.9662) last=(1565.248,1532.0065)) -- prompt's assumed x0==x_n-1,y0==y_n-1 invariant does NOT hold for this annotation"
94ef85be-422e-404d-b75c-81612d48efaf,annotation,"segmentation ring first/last point gap = 3.36px (first=(555.6598,812.0107) last=(556.5298,808.7607)) -- prompt's assumed x0==x_n-1,y0==y_n-1 invariant does NOT hold for this annotation"
361a0fb8-3066-4bdc-bcc5-ac7ad492cc2f,annotation,"segmentation ring first/last point gap = 1.62px (first=(1319.7575,474.0289) last=(1321.2759,473.464)) -- prompt's assumed x0==x_n-1,y0==y_n-1 invariant does NOT hold for this annotation"
fe76f511-b20b-4388-8f43-f95f1c470ada,annotation,"segmentation ring first/last point gap = 2.59px (first=(904.2857,783.3537) last=(903.6157,785.8537)) -- prompt's assumed x0==x_n-1,y0==y_n-1 invariant does NOT hold for this annotation"
ff58bd76-7652-4b1d-b4d0-6f3223ce48bc,annotation,"segmentation ring first/last point gap = 2.59px (first=(1424.9456,827.5216) last=(1424.2756,830.0216)) -- prompt's assumed x0==x_n-1,y0==y_n-1 invariant does NOT hold for this annotation"
070a2181-c1a1-4ffc-8722-e7f59820e443,annotation,"segmentation ring first/last point gap = 9.00px (first=(1748.0,859.0) last=(1757.0,859.0)) -- prompt's assumed x0==x_n-1,y0==y_n-1 invariant does NOT hold for this annotation"
105ff723-2b9c-49be-8902-087601c8766d,annotation,"segmentation ring first/last point gap = 1.41px (first=(1269.0,605.0) last=(1268.0,606.0)) -- prompt's assumed x0==x_n-1,y0==y_n-1 invariant does NOT hold for this annotation"
d84e5c48-44eb-4bdb-811f-2bb7c215ef65,annotation,"segmentation ring first/last point gap = 2.59px (first=(557.0248,830.0763) last=(556.3548,832.5763)) -- prompt's assumed x0==x_n-1,y0==y_n-1 invariant does NOT hold for this annotation"
502ed089-7cf6-4056-ace6-d5503a99d8a8,annotation,"segmentation ring first/last point gap = 1.60px (first=(434.0948,911.2418) last=(433.6848,912.7918)) -- prompt's assumed x0==x_n-1,y0==y_n-1 invariant does NOT hold for this annotation"
218cfe3d-d1b0-4956-9c03-2329156db94f,annotation,"segmentation ring first/last point gap = 1.60px (first=(582.6286,971.4544) last=(583.0386,969.9044)) -- prompt's assumed x0==x_n-1,y0==y_n-1 invariant does NOT hold for this annotation"
a9c54b01-d7d5-4eee-98c9-9cefe98a9995,annotation,"segmentation ring first/last point gap = 1.60px (first=(1687.8119,773.3262) last=(1687.4019,774.8762)) -- prompt's assumed x0==x_n-1,y0==y_n-1 invariant does NOT hold for this annotation"
7e61ad95-f9e6-46b7-9a17-690721cde5ad,annotation,"segmentation ring first/last point gap = 1.60px (first=(1053.7021,1374.3831) last=(1054.1121,1372.8331)) -- prompt's assumed x0==x_n-1,y0==y_n-1 invariant does NOT hold for this annotation"
12b67480-e1ee-4b8c-a6a4-68a86a3f357e,annotation,"segmentation ring first/last point gap = 1.60px (first=(939.7458,1244.505) last=(940.1558,1242.955)) -- prompt's assumed x0==x_n-1,y0==y_n-1 invariant does NOT hold for this annotation"
92869a44-1252-41b5-911a-d0a2d458e018,annotation,"segmentation ring first/last point gap = 2.24px (first=(562.0,1476.0) last=(560.0,1477.0)) -- prompt's assumed x0==x_n-1,y0==y_n-1 invariant does NOT hold for this annotation"
de154e39-4aca-4dc2-bb74-3cfb4169f963,annotation,"segmentation ring first/last point gap = 1.60px (first=(701.5459,1316.9227) last=(701.1359,1318.4727)) -- prompt's assumed x0==x_n-1,y0==y_n-1 invariant does NOT hold for this annotation"
40c87651-ce66-4a49-8069-95c65ea01a74,annotation,"segmentation ring first/last point gap = 2.08px (first=(1495.6357,897.183) last=(1495.1309,899.2019)) -- prompt's assumed x0==x_n-1,y0==y_n-1 invariant does NOT hold for this annotation"
448addaa-8493-4b96-8f96-97abaf6420c2,annotation,"segmentation ring first/last point gap = 1.84px (first=(804.2986,542.7014) last=(803.0,544.0)) -- prompt's assumed x0==x_n-1,y0==y_n-1 invariant does NOT hold for this annotation"
78a61cf4-666a-446f-b2c3-2757bd8d43d4,annotation,"segmentation ring first/last point gap = 1.60px (first=(782.4107,944.065) last=(782.0007,945.615)) -- prompt's assumed x0==x_n-1,y0==y_n-1 invariant does NOT hold for this annotation"
b6b87e04-b085-46da-a59a-7ee28b5f94a9,annotation,"segmentation ring first/last point gap = 1.60px (first=(227.7236,1165.7433) last=(227.3136,1167.2933)) -- prompt's assumed x0==x_n-1,y0==y_n-1 invariant does NOT hold for this annotation"
057a6f48-0cdf-42ec-b625-265ccf138536,annotation,"segmentation ring first/last point gap = 1.60px (first=(683.6184,624.7211) last=(683.2084,626.2711)) -- prompt's assumed x0==x_n-1,y0==y_n-1 invariant does NOT hold for this annotation"
4b8edaab-ca4a-4b3f-8928-1117741510e1,annotation,"segmentation ring first/last point gap = 1.60px (first=(1236.4311,959.536) last=(1236.0211,961.086)) -- prompt's assumed x0==x_n-1,y0==y_n-1 invariant does NOT hold for this annotation"
1909a116-f891-4d52-882a-19ba65f38404,annotation,"segmentation ring first/last point gap = 1.60px (first=(457.4889,1285.0479) last=(457.8989,1283.4979)) -- prompt's assumed x0==x_n-1,y0==y_n-1 invariant does NOT hold for this annotation"
b004154f-3909-4af7-be0e-155116018d63,annotation,"segmentation ring first/last point gap = 1.68px (first=(786.2724,949.7879) last=(786.7124,948.1679)) -- prompt's assumed x0==x_n-1,y0==y_n-1 invariant does NOT hold for this annotation"
ebbfd6f8-5d7a-4caa-8a94-6d965a3899d9,annotation,"segmentation ring first/last point gap = 1.04px (first=(686.8882,629.5244) last=(687.1582,628.5244)) -- prompt's assumed x0==x_n-1,y0==y_n-1 invariant does NOT hold for this annotation"
b68ec2c1-62a5-4e67-86f1-4e72c8a27500,annotation,"segmentation ring first/last point gap = 1.29px (first=(1239.4833,952.2294) last=(1239.8133,950.9794)) -- prompt's assumed x0==x_n-1,y0==y_n-1 invariant does NOT hold for this annotation"
0792ed50-3adb-44e2-af11-d20276ab7cde,annotation,"segmentation ring first/last point gap = 1.04px (first=(1725.3662,1136.4172) last=(1725.0962,1137.4172)) -- prompt's assumed x0==x_n-1,y0==y_n-1 invariant does NOT hold for this annotation"
05577d91-74f9-4780-a100-8df1097c7894,annotation,"segmentation ring first/last point gap = 1.04px (first=(1184.2878,1453.7305) last=(1184.5578,1452.7305)) -- prompt's assumed x0==x_n-1,y0==y_n-1 invariant does NOT hold for this annotation"
ca89aaf3-b2f8-4562-961f-0f840ec276ee,annotation,"segmentation ring first/last point gap = 6.95px (first=(225.7472,1249.904) last=(224.0625,1256.643)) -- prompt's assumed x0==x_n-1,y0==y_n-1 invariant does NOT hold for this annotation"
6c0a8b21-d1cc-4c6d-8264-e49a9844b43e,annotation,"segmentation ring first/last point gap = 3.63px (first=(392.2455,1223.4529) last=(391.3091,1226.9555)) -- prompt's assumed x0==x_n-1,y0==y_n-1 invariant does NOT hold for this annotation"
b84499b8-1027-42c7-85a0-1be91fc519f0,annotation,"segmentation ring first/last point gap = 1.41px (first=(1693.0,732.0) last=(1692.0,733.0)) -- prompt's assumed x0==x_n-1,y0==y_n-1 invariant does NOT hold for this annotation"
010238cf-1d56-4702-ba25-acf8cae03ee1,annotation,"segmentation ring first/last point gap = 2.19px (first=(1755.2268,881.4706) last=(1754.6601,883.585)) -- prompt's assumed x0==x_n-1,y0==y_n-1 invariant does NOT hold for this annotation"
7c838da4-fb52-4421-8873-3ef45939a1ed,annotation,"segmentation ring first/last point gap = 1.06px (first=(1757.0,890.9578) last=(1756.2505,890.2083)) -- prompt's assumed x0==x_n-1,y0==y_n-1 invariant does NOT hold for this annotation"
962a3d78-0a95-42aa-aad8-9a5506f282da,annotation,"segmentation ring first/last point gap = 1.41px (first=(1690.0,724.0) last=(1691.0,723.0)) -- prompt's assumed x0==x_n-1,y0==y_n-1 invariant does NOT hold for this annotation"
4d78f3b5-2f84-47ca-8a93-96ddf100fd33,annotation,"segmentation ring first/last point gap = 2.59px (first=(1835.5874,1107.4235) last=(1834.9174,1109.9235)) -- prompt's assumed x0==x_n-1,y0==y_n-1 invariant does NOT hold for this annotation"
6cbba4dd-1e57-4619-bf38-90b6606e9783,annotation,"segmentation ring first/last point gap = 1.60px (first=(1458.6577,943.5287) last=(1458.2477,945.0787)) -- prompt's assumed x0==x_n-1,y0==y_n-1 invariant does NOT hold for this annotation"
315d4c1a-ac41-4801-9ba3-0d342a5ed5a3,annotation,"segmentation ring first/last point gap = 1.41px (first=(1334.0917,840.1159) last=(1334.4532,838.7494)) -- prompt's assumed x0==x_n-1,y0==y_n-1 invariant does NOT hold for this annotation"
b7a0744a-f7c1-480f-b408-d8cfb9aab2af,annotation,"segmentation ring first/last point gap = 1.60px (first=(1016.1582,628.874) last=(1015.7482,630.424)) -- prompt's assumed x0==x_n-1,y0==y_n-1 invariant does NOT hold for this annotation"
60c880bd-ac09-4615-9206-fc84f79abc3d,annotation,"segmentation ring first/last point gap = 1.60px (first=(1708.6394,1429.3218) last=(1708.2294,1430.8718)) -- prompt's assumed x0==x_n-1,y0==y_n-1 invariant does NOT hold for this annotation"
294ee400-ae7f-4696-b25a-b3c2dfebae89,annotation,"segmentation ring first/last point gap = 2.59px (first=(695.0952,1563.9172) last=(695.7652,1561.4172)) -- prompt's assumed x0==x_n-1,y0==y_n-1 invariant does NOT hold for this annotation"
919d15ca-ecc7-46c6-a5c6-054bec5566b0,annotation,"segmentation ring first/last point gap = 1.60px (first=(1606.4662,582.0263) last=(1606.8762,580.4763)) -- prompt's assumed x0==x_n-1,y0==y_n-1 invariant does NOT hold for this annotation"
0d8ea101-cadb-4e4d-ac71-76930950e678,annotation,"segmentation ring first/last point gap = 1.60px (first=(417.6637,817.4956) last=(417.2537,819.0456)) -- prompt's assumed x0==x_n-1,y0==y_n-1 invariant does NOT hold for this annotation"
9bb82394-3d4c-428c-8560-9af2a2fe4195,annotation,"segmentation ring first/last point gap = 3.11px (first=(1509.471,668.9099) last=(1511.9598,667.0426)) -- prompt's assumed x0==x_n-1,y0==y_n-1 invariant does NOT hold for this annotation"
2924fb26-59e9-4c25-9a3f-ca60c89cfe45,annotation,"segmentation ring first/last point gap = 1.60px (first=(828.4552,904.6054) last=(828.0452,906.1554)) -- prompt's assumed x0==x_n-1,y0==y_n-1 invariant does NOT hold for this annotation"
358bf080-8da7-4227-b258-417727b02920,annotation,"segmentation ring first/last point gap = 2.59px (first=(1266.6477,1451.7536) last=(1265.9777,1454.2536)) -- prompt's assumed x0==x_n-1,y0==y_n-1 invariant does NOT hold for this annotation"
9fd93e03-fffe-4722-9ecb-537fec35be76,annotation,"segmentation ring first/last point gap = 2.59px (first=(827.5626,907.8328) last=(828.2326,905.3328)) -- prompt's assumed x0==x_n-1,y0==y_n-1 invariant does NOT hold for this annotation"
c9c1a2f2-a134-4691-8f95-1ec7c3978ae6,annotation,"segmentation ring first/last point gap = 2.59px (first=(1513.8652,664.8604) last=(1513.1952,667.3604)) -- prompt's assumed x0==x_n-1,y0==y_n-1 invariant does NOT hold for this annotation"
4d2fe371-7c2a-43f8-946c-f8899eaf7d5a,annotation,"segmentation ring first/last point gap = 2.59px (first=(415.7091,817.9597) last=(415.0391,820.4597)) -- prompt's assumed x0==x_n-1,y0==y_n-1 invariant does NOT hold for this annotation"
611c276c-f418-4c36-964e-e82fa59be9be,annotation,"segmentation ring first/last point gap = 1.11px (first=(1033.368,626.5321) last=(1033.0815,627.6011)) -- prompt's assumed x0==x_n-1,y0==y_n-1 invariant does NOT hold for this annotation"
8adaaffe-b2f3-471b-a2ff-b15a5d2e5604,annotation,"segmentation ring first/last point gap = 1.55px (first=(699.8707,494.6341) last=(701.3707,495.0361)) -- prompt's assumed x0==x_n-1,y0==y_n-1 invariant does NOT hold for this annotation"
aa8d996d-aa94-46df-94bd-6d2989752109,annotation,"segmentation ring first/last point gap = 1.10px (first=(792.0509,541.6945) last=(792.3409,540.6345)) -- prompt's assumed x0==x_n-1,y0==y_n-1 invariant does NOT hold for this annotation"
b67883b0-9567-4f98-b94e-6878273948b2,annotation,"segmentation ring first/last point gap = 1.10px (first=(797.9592,769.5541) last=(797.6692,770.6141)) -- prompt's assumed x0==x_n-1,y0==y_n-1 invariant does NOT hold for this annotation"
0b88b91d-dc24-4935-845f-e1e8e4b614a1,annotation,"segmentation ring first/last point gap = 1.10px (first=(446.0128,679.9914) last=(446.3028,678.9314)) -- prompt's assumed x0==x_n-1,y0==y_n-1 invariant does NOT hold for this annotation"
0cfce72f-0531-444a-9636-32a455047a38,annotation,"segmentation ring first/last point gap = 1.10px (first=(1682.4834,480.6698) last=(1682.1934,481.7298)) -- prompt's assumed x0==x_n-1,y0==y_n-1 invariant does NOT hold for this annotation"
d2917576-ee43-46d7-83e3-dfe906b8509f,annotation,"segmentation ring first/last point gap = 1.10px (first=(883.5482,927.8237) last=(883.8382,926.7637)) -- prompt's assumed x0==x_n-1,y0==y_n-1 invariant does NOT hold for this annotation"
20d85e5e-410a-451e-a1cf-83a0c751814e,annotation,"segmentation ring first/last point gap = 1.10px (first=(1317.9434,745.2135) last=(1318.2334,744.1535)) -- prompt's assumed x0==x_n-1,y0==y_n-1 invariant does NOT hold for this annotation"
1830b311-969e-4c49-878f-d04c2469ba1c,annotation,"segmentation ring first/last point gap = 1.10px (first=(1808.5358,788.0706) last=(1808.2458,789.1306)) -- prompt's assumed x0==x_n-1,y0==y_n-1 invariant does NOT hold for this annotation"
bab12803-1c8e-4219-ac62-01dd29a35e8b,annotation,"segmentation ring first/last point gap = 1.62px (first=(1327.751,754.8472) last=(1329.3114,754.429)) -- prompt's assumed x0==x_n-1,y0==y_n-1 invariant does NOT hold for this annotation"
1f6cb74b-1bdd-468d-8ceb-e0ba59d287c0,annotation,"segmentation ring first/last point gap = 1.04px (first=(1486.0091,724.7477) last=(1486.2791,723.7477)) -- prompt's assumed x0==x_n-1,y0==y_n-1 invariant does NOT hold for this annotation"
5e423110-74d5-4cf7-b3e9-52d259869336,annotation,"segmentation ring first/last point gap = 1.41px (first=(794.0,773.0) last=(795.0,772.0)) -- prompt's assumed x0==x_n-1,y0==y_n-1 invariant does NOT hold for this annotation"
50f16969-bbbf-4aaf-8f49-6c6f5ea5f8a2,annotation,"segmentation ring first/last point gap = 1.60px (first=(1420.9818,762.7225) last=(1421.3918,761.1725)) -- prompt's assumed x0==x_n-1,y0==y_n-1 invariant does NOT hold for this annotation"
b33e57b6-6a0c-418b-836d-e2b68aefd77d,annotation,"segmentation ring first/last point gap = 6.40px (first=(957.0,1456.0) last=(952.0,1460.0)) -- prompt's assumed x0==x_n-1,y0==y_n-1 invariant does NOT hold for this annotation"
1074d819-2bd7-4b57-9b3f-13150a68d21d,annotation,"segmentation ring first/last point gap = 1.60px (first=(1526.1639,1443.0922) last=(1525.7539,1444.6422)) -- prompt's assumed x0==x_n-1,y0==y_n-1 invariant does NOT hold for this annotation"
8d6dc5b8-dc07-4df5-ae06-be007bfcfcad,annotation,"segmentation ring first/last point gap = 1.60px (first=(1824.4598,827.712) last=(1824.8698,826.162)) -- prompt's assumed x0==x_n-1,y0==y_n-1 invariant does NOT hold for this annotation"
416546b7-7eb4-47f0-bed2-e2271bb36020,annotation,"segmentation ring first/last point gap = 1.60px (first=(484.6731,1396.9199) last=(485.0831,1395.3699)) -- prompt's assumed x0==x_n-1,y0==y_n-1 invariant does NOT hold for this annotation"
6994cc63-2930-4d12-8fab-e04ea981bb40,annotation,"segmentation ring first/last point gap = 1.60px (first=(931.9812,1210.2557) last=(931.5712,1211.8057)) -- prompt's assumed x0==x_n-1,y0==y_n-1 invariant does NOT hold for this annotation"
d50862bf-df1a-4d5f-ad45-545f6cdb23c3,annotation,"segmentation ring first/last point gap = 4.18px (first=(1154.4733,552.7991) last=(1153.3933,556.8391)) -- prompt's assumed x0==x_n-1,y0==y_n-1 invariant does NOT hold for this annotation"
e83bd388-455e-4645-b944-ed62a8338d36,annotation,"segmentation ring first/last point gap = 5.00px (first=(1148.0,550.0) last=(1144.0,553.0)) -- prompt's assumed x0==x_n-1,y0==y_n-1 invariant does NOT hold for this annotation"
6829167b-7acf-490d-b9fb-f0f4af1ac1b9,annotation,"segmentation ring first/last point gap = 1.04px (first=(912.0686,1220.027) last=(911.7986,1221.027)) -- prompt's assumed x0==x_n-1,y0==y_n-1 invariant does NOT hold for this annotation"
346f2b0b-2af4-4c55-a56b-1626133cc8e3,annotation,"segmentation ring first/last point gap = 8.49px (first=(1126.0,564.0) last=(1132.0,558.0)) -- prompt's assumed x0==x_n-1,y0==y_n-1 invariant does NOT hold for this annotation"
d06e81cd-9a47-4500-a376-93160906ce04,annotation,"segmentation ring first/last point gap = 2.59px (first=(1450.6745,1513.7824) last=(1451.3445,1511.2824)) -- prompt's assumed x0==x_n-1,y0==y_n-1 invariant does NOT hold for this annotation"
f3cc463f-7bed-443b-9b81-69d467f81d96,annotation,"segmentation ring first/last point gap = 3.61px (first=(1263.0,371.0) last=(1261.0,374.0)) -- prompt's assumed x0==x_n-1,y0==y_n-1 invariant does NOT hold for this annotation"
b49fa86e-59c1-49d9-8c3e-f0dcbe1503b8,annotation,"segmentation ring first/last point gap = 1.41px (first=(1694.0,1019.0) last=(1693.0,1020.0)) -- prompt's assumed x0==x_n-1,y0==y_n-1 invariant does NOT hold for this annotation"
60df235d-5267-473a-8707-b00a6e1e9729,annotation,"segmentation ring first/last point gap = 5.66px (first=(1664.0,1542.0) last=(1660.0,1546.0)) -- prompt's assumed x0==x_n-1,y0==y_n-1 invariant does NOT hold for this annotation"
2e33684e-44c7-4569-979a-c39602d7f658,annotation,"segmentation ring first/last point gap = 1.19px (first=(438.9033,696.4934) last=(439.071,695.3193)) -- prompt's assumed x0==x_n-1,y0==y_n-1 invariant does NOT hold for this annotation"
7b4be461-9375-43c6-ae50-68d53c893044,annotation,"segmentation ring first/last point gap = 2.59px (first=(1270.0178,377.9338) last=(1269.3478,380.4338)) -- prompt's assumed x0==x_n-1,y0==y_n-1 invariant does NOT hold for this annotation"
644a3040-da7f-48f0-b769-3f6445e27e07,annotation,"segmentation ring first/last point gap = 1.04px (first=(716.3781,901.2123) last=(716.6481,900.2123)) -- prompt's assumed x0==x_n-1,y0==y_n-1 invariant does NOT hold for this annotation"
fce5be6a-4152-4970-ac55-7146b30cf64d,annotation,"segmentation ring first/last point gap = 1.29px (first=(842.1902,1286.0162) last=(841.8602,1287.2662)) -- prompt's assumed x0==x_n-1,y0==y_n-1 invariant does NOT hold for this annotation"
9cbefb68-55d6-47ef-a00d-3cdb7331e335,annotation,"segmentation ring first/last point gap = 2.83px (first=(760.7014,1562.1493) last=(762.7014,1560.1493)) -- prompt's assumed x0==x_n-1,y0==y_n-1 invariant does NOT hold for this annotation"
83c95902-7694-4a8b-b48d-6ff7b0e05d0f,annotation,"segmentation ring first/last point gap = 3.98px (first=(1351.3263,1549.9997) last=(1351.8522,1546.0555)) -- prompt's assumed x0==x_n-1,y0==y_n-1 invariant does NOT hold for this annotation"
ce1d560c-aca6-4130-b4d0-5a8f02e845d3,annotation,"segmentation ring first/last point gap = 2.66px (first=(1824.6894,1209.8095) last=(1824.4856,1212.4625)) -- prompt's assumed x0==x_n-1,y0==y_n-1 invariant does NOT hold for this annotation"
09a23109-9d43-41e1-9054-bdf5fad30b9c,annotation,"segmentation ring first/last point gap = 1.41px (first=(1672.0,1415.0) last=(1671.0,1416.0)) -- prompt's assumed x0==x_n-1,y0==y_n-1 invariant does NOT hold for this annotation"
cb786301-1ae7-424d-9ec6-b7d43a23197f,annotation,"segmentation ring first/last point gap = 2.83px (first=(310.0,888.0) last=(308.0,890.0)) -- prompt's assumed x0==x_n-1,y0==y_n-1 invariant does NOT hold for this annotation"
2409f88f-bfae-4b59-8769-92942b1f4ee9,annotation,"segmentation ring first/last point gap = 2.59px (first=(437.3709,897.0759) last=(436.7009,899.5759)) -- prompt's assumed x0==x_n-1,y0==y_n-1 invariant does NOT hold for this annotation"
88137954-7932-4909-971c-7255f23e155a,annotation,"segmentation ring first/last point gap = 1.04px (first=(1058.7599,817.3317) last=(1059.0299,816.3317)) -- prompt's assumed x0==x_n-1,y0==y_n-1 invariant does NOT hold for this annotation"
422310b3-1c28-4cd7-ac7e-1817bcadd85c,annotation,"segmentation ring first/last point gap = 1.55px (first=(1058.5054,1324.2008) last=(1058.9054,1322.7008)) -- prompt's assumed x0==x_n-1,y0==y_n-1 invariant does NOT hold for this annotation"
07552f20-5974-4b89-8cc2-22909c2a49c4,annotation,"segmentation ring first/last point gap = 1.55px (first=(863.4182,1514.6633) last=(863.0182,1516.1633)) -- prompt's assumed x0==x_n-1,y0==y_n-1 invariant does NOT hold for this annotation"
529a575c-d902-4f8b-998f-0e384d5938a7,annotation,"segmentation ring first/last point gap = 1.41px (first=(1028.0,911.0) last=(1029.0,910.0)) -- prompt's assumed x0==x_n-1,y0==y_n-1 invariant does NOT hold for this annotation"
3d9f2805-74fa-4426-b8b8-c3b1861a5dff,annotation,"segmentation ring first/last point gap = 1.14px (first=(1519.3879,973.0017) last=(1519.09,974.1053)) -- prompt's assumed x0==x_n-1,y0==y_n-1 invariant does NOT hold for this annotation"
11ae3638-98b7-4f51-9a0b-bd05bf9513ee,annotation,"segmentation ring first/last point gap = 1.91px (first=(849.4668,639.2026) last=(850.4268,637.5526)) -- prompt's assumed x0==x_n-1,y0==y_n-1 invariant does NOT hold for this annotation"
e0c5c0af-5a93-44d6-b47a-38cf4e8b4b7e,annotation,"segmentation ring first/last point gap = 1.41px (first=(1538.0,887.0) last=(1537.0,888.0)) -- prompt's assumed x0==x_n-1,y0==y_n-1 invariant does NOT hold for this annotation"
8936512e-4dde-49c4-aca2-e898519052e8,annotation,"segmentation ring first/last point gap = 2.83px (first=(1143.0,828.0) last=(1141.0,830.0)) -- prompt's assumed x0==x_n-1,y0==y_n-1 invariant does NOT hold for this annotation"
50aeca5c-20a6-4428-beba-5947355395d6,annotation,"segmentation ring first/last point gap = 5.66px (first=(1398.0,535.0) last=(1402.0,531.0)) -- prompt's assumed x0==x_n-1,y0==y_n-1 invariant does NOT hold for this annotation"
62be406b-72a2-4f6a-a741-344f5bfae2b7,annotation,"segmentation ring first/last point gap = 1.60px (first=(1679.0,1106.0) last=(1679.5052,1104.4844)) -- prompt's assumed x0==x_n-1,y0==y_n-1 invariant does NOT hold for this annotation"
67f88cd4-ea34-4d3a-a00e-32a1d3eaa95b,annotation,"segmentation ring first/last point gap = 1.41px (first=(1728.0,649.0) last=(1729.0,648.0)) -- prompt's assumed x0==x_n-1,y0==y_n-1 invariant does NOT hold for this annotation"
9f875e1a-e2db-4372-aafc-8516e36955dc,annotation,"segmentation ring first/last point gap = 2.59px (first=(1648.7697,936.8167) last=(1648.0997,939.3167)) -- prompt's assumed x0==x_n-1,y0==y_n-1 invariant does NOT hold for this annotation"
426b9b28-1545-44cc-8815-7957ecf48b46,annotation,"segmentation ring first/last point gap = 1.41px (first=(693.0,1324.0) last=(692.0,1325.0)) -- prompt's assumed x0==x_n-1,y0==y_n-1 invariant does NOT hold for this annotation"
4af909c8-972f-4af0-8440-96e22b238fdc,annotation,"segmentation ring first/last point gap = 2.83px (first=(543.0,1192.0) last=(545.0,1190.0)) -- prompt's assumed x0==x_n-1,y0==y_n-1 invariant does NOT hold for this annotation"
e56dfd9d-c3ed-4bee-8920-8f379cf3a5ae,annotation,"segmentation ring first/last point gap = 7.07px (first=(1083.0,518.0) last=(1088.0,513.0)) -- prompt's assumed x0==x_n-1,y0==y_n-1 invariant does NOT hold for this annotation"
c0c13060-3a94-41b1-a3f1-dbb85559348a,annotation,"segmentation ring first/last point gap = 3.12px (first=(239.1775,1310.3168) last=(238.3718,1313.3308)) -- prompt's assumed x0==x_n-1,y0==y_n-1 invariant does NOT hold for this annotation"
1f17e202-a915-4fe0-a524-30963fa431a3,annotation,"segmentation ring first/last point gap = 1.60px (first=(1014.4408,752.87) last=(1014.0308,754.42)) -- prompt's assumed x0==x_n-1,y0==y_n-1 invariant does NOT hold for this annotation"
c548cd4a-d7df-41f1-87de-1a37faf776d9,annotation,"segmentation ring first/last point gap = 2.36px (first=(441.3397,1371.8969) last=(440.7673,1374.1866)) -- prompt's assumed x0==x_n-1,y0==y_n-1 invariant does NOT hold for this annotation"
3ba922a2-243a-4b32-b728-89cbb49c0391,annotation,"segmentation ring first/last point gap = 2.59px (first=(1276.2956,806.7814) last=(1276.9656,804.2814)) -- prompt's assumed x0==x_n-1,y0==y_n-1 invariant does NOT hold for this annotation"
53e97dca-ce57-4c93-b2b8-8682d73b39fa,annotation,"segmentation ring first/last point gap = 1.28px (first=(1683.0349,677.1601) last=(1683.3649,675.9285)) -- prompt's assumed x0==x_n-1,y0==y_n-1 invariant does NOT hold for this annotation"
c7a0f84a-c02b-4dda-bb0a-db9be6cb63bd,annotation,"segmentation ring first/last point gap = 1.60px (first=(444.5478,553.1161) last=(444.9578,551.5661)) -- prompt's assumed x0==x_n-1,y0==y_n-1 invariant does NOT hold for this annotation"
ff8b3f4c-058c-4508-810f-f7e961dfcb33,annotation,"segmentation ring first/last point gap = 1.60px (first=(641.3991,1019.3104) last=(640.9891,1020.8604)) -- prompt's assumed x0==x_n-1,y0==y_n-1 invariant does NOT hold for this annotation"
7e4ff430-6934-4e36-bd9a-73282f4c6a8a,annotation,"segmentation ring first/last point gap = 2.00px (first=(835.0,1628.0) last=(833.0,1628.0)) -- prompt's assumed x0==x_n-1,y0==y_n-1 invariant does NOT hold for this annotation"
d083288a-8627-4ffb-a2d5-f1cf050149d7,annotation,"segmentation ring first/last point gap = 1.41px (first=(1146.0,1056.0) last=(1145.0,1057.0)) -- prompt's assumed x0==x_n-1,y0==y_n-1 invariant does NOT hold for this annotation"
ef4b1e05-1bca-418f-8d7c-401908bc442e,annotation,"segmentation ring first/last point gap = 4.18px (first=(1089.5952,358.0561) last=(1090.6752,354.0161)) -- prompt's assumed x0==x_n-1,y0==y_n-1 invariant does NOT hold for this annotation"
3c267a71-406a-405c-bf95-e013076675b1,annotation,"segmentation ring first/last point gap = 1.10px (first=(885.1453,678.6363) last=(884.8553,679.6963)) -- prompt's assumed x0==x_n-1,y0==y_n-1 invariant does NOT hold for this annotation"
856f5938-a95d-43d0-abb0-c367e6799b5e,annotation,"segmentation ring first/last point gap = 2.83px (first=(1025.0,854.0) last=(1023.0,856.0)) -- prompt's assumed x0==x_n-1,y0==y_n-1 invariant does NOT hold for this annotation"
adc5d9e0-9f62-428f-bf92-0102cb562441,annotation,"segmentation ring first/last point gap = 1.41px (first=(1384.0,952.0) last=(1383.0,953.0)) -- prompt's assumed x0==x_n-1,y0==y_n-1 invariant does NOT hold for this annotation"
6a2ba4ee-7a89-4367-aa45-d5de94cf7e54,annotation,"segmentation ring first/last point gap = 2.83px (first=(1538.8309,877.0) last=(1536.8309,879.0)) -- prompt's assumed x0==x_n-1,y0==y_n-1 invariant does NOT hold for this annotation"
a7639f8a-c76d-43a7-b392-e75842262b75,annotation,"segmentation ring first/last point gap = 1.41px (first=(926.0,1191.0) last=(927.0,1190.0)) -- prompt's assumed x0==x_n-1,y0==y_n-1 invariant does NOT hold for this annotation"
54ab6e25-b7fb-421a-9610-ac2ba3f09890,annotation,"segmentation ring first/last point gap = 2.83px (first=(1343.0,707.0) last=(1341.0,709.0)) -- prompt's assumed x0==x_n-1,y0==y_n-1 invariant does NOT hold for this annotation"
dc5e3a1c-6880-419b-80e4-07afca8827cb,annotation,"segmentation ring first/last point gap = 1.41px (first=(1324.0,1428.0) last=(1325.0,1427.0)) -- prompt's assumed x0==x_n-1,y0==y_n-1 invariant does NOT hold for this annotation"
d135122b-41cb-4c25-92f1-678e9e2b8502,annotation,"segmentation ring first/last point gap = 5.63px (first=(1542.0746,574.5522) last=(1543.0,569.0)) -- prompt's assumed x0==x_n-1,y0==y_n-1 invariant does NOT hold for this annotation"
8c35abf6-16c1-4353-8d9c-a0ddb45da923,annotation,"segmentation ring first/last point gap = 1.31px (first=(1032.9095,843.0785) last=(1032.5917,844.3496)) -- prompt's assumed x0==x_n-1,y0==y_n-1 invariant does NOT hold for this annotation"
12125850-6b7f-48e2-a026-ff738448601c,annotation,"segmentation ring first/last point gap = 2.59px (first=(1541.3242,599.1724) last=(1541.9942,596.6724)) -- prompt's assumed x0==x_n-1,y0==y_n-1 invariant does NOT hold for this annotation"
a0eefa74-6bb7-44a7-806b-f86e103096dc,annotation,"segmentation ring first/last point gap = 2.59px (first=(1384.1055,956.6383) last=(1384.7755,954.1383)) -- prompt's assumed x0==x_n-1,y0==y_n-1 invariant does NOT hold for this annotation"
a3a22c02-1173-446b-907b-e3318a2aaa17,annotation,"segmentation ring first/last point gap = 6.77px (first=(1772.8626,1504.3964) last=(1774.6126,1497.8564)) -- prompt's assumed x0==x_n-1,y0==y_n-1 invariant does NOT hold for this annotation"
ca128d7c-0c58-4487-bb7f-a49c9fcf22b5,annotation,"segmentation ring first/last point gap = 1.29px (first=(1383.8884,960.1751) last=(1383.5584,961.4251)) -- prompt's assumed x0==x_n-1,y0==y_n-1 invariant does NOT hold for this annotation"
d848ae6d-aa3e-418e-917e-494f81dc8247,annotation,"segmentation ring first/last point gap = 2.07px (first=(1025.5066,854.5923) last=(1026.0466,852.5923)) -- prompt's assumed x0==x_n-1,y0==y_n-1 invariant does NOT hold for this annotation"
6cf9bcc4-7860-4cb5-ac78-4d2d2b03d94e,annotation,"segmentation ring first/last point gap = 1.29px (first=(1539.5964,877.9657) last=(1539.9264,876.7157)) -- prompt's assumed x0==x_n-1,y0==y_n-1 invariant does NOT hold for this annotation"
0f49ebd9-5001-4148-9ec0-719835e7ed02,annotation,"segmentation ring first/last point gap = 2.59px (first=(1342.7127,706.8087) last=(1343.3827,704.3087)) -- prompt's assumed x0==x_n-1,y0==y_n-1 invariant does NOT hold for this annotation"
6fa19928-9781-489a-bbe1-1f2b21743ca9,annotation,"segmentation ring first/last point gap = 8.51px (first=(1792.9021,1496.059) last=(1788.1765,1503.1395)) -- prompt's assumed x0==x_n-1,y0==y_n-1 invariant does NOT hold for this annotation"
01c8a1ce-8225-4b1c-a8d0-5c8543064d3e,annotation,"segmentation ring first/last point gap = 5.44px (first=(1546.1007,594.3167) last=(1544.6907,599.5667)) -- prompt's assumed x0==x_n-1,y0==y_n-1 invariant does NOT hold for this annotation"
06f3e396-c0ee-413e-956a-eeb04d54ef87,annotation,"segmentation ring first/last point gap = 1.60px (first=(1025.1226,858.5611) last=(1024.7126,860.1111)) -- prompt's assumed x0==x_n-1,y0==y_n-1 invariant does NOT hold for this annotation"
757b5508-b34f-4348-808a-0af3fe6c47ad,annotation,"segmentation ring first/last point gap = 2.59px (first=(1605.1805,753.3428) last=(1605.8505,750.8428)) -- prompt's assumed x0==x_n-1,y0==y_n-1 invariant does NOT hold for this annotation"
174c1a69-422d-4578-ba20-bb8e288860cc,annotation,"segmentation ring first/last point gap = 2.59px (first=(436.223,1115.4399) last=(435.553,1117.9399)) -- prompt's assumed x0==x_n-1,y0==y_n-1 invariant does NOT hold for this annotation"
201c2f59-26b5-4704-b8b5-740dcc1d8cc0,annotation,"segmentation ring first/last point gap = 2.59px (first=(1022.6868,536.7146) last=(1022.0168,539.2146)) -- prompt's assumed x0==x_n-1,y0==y_n-1 invariant does NOT hold for this annotation"
88b84e9c-1a44-4cb1-84aa-6e69e796ab88,annotation,"segmentation ring first/last point gap = 2.59px (first=(1398.6035,767.186) last=(1399.2735,764.686)) -- prompt's assumed x0==x_n-1,y0==y_n-1 invariant does NOT hold for this annotation"
e320ae5d-5d75-448c-a712-6a0bab82116f,annotation,"segmentation ring first/last point gap = 2.59px (first=(848.9124,372.8226) last=(849.5824,370.3226)) -- prompt's assumed x0==x_n-1,y0==y_n-1 invariant does NOT hold for this annotation"
20a92d7f-1df1-4724-8fd8-0c1de03d247a,annotation,"segmentation ring first/last point gap = 1.60px (first=(825.8998,1249.1704) last=(825.4898,1250.7204)) -- prompt's assumed x0==x_n-1,y0==y_n-1 invariant does NOT hold for this annotation"
125588b9-f0c2-4e88-88b0-cdab3ea44209,annotation,"segmentation ring first/last point gap = 3.16px (first=(1030.0,1720.0) last=(1029.0,1723.0)) -- prompt's assumed x0==x_n-1,y0==y_n-1 invariant does NOT hold for this annotation"
fc7d047b-6438-4cb9-be29-6ed860917b75,annotation,"segmentation ring first/last point gap = 3.14px (first=(1590.9935,1060.0194) last=(1590.0,1063.0)) -- prompt's assumed x0==x_n-1,y0==y_n-1 invariant does NOT hold for this annotation"
1e94a8c3-e270-49b8-bb46-5686688fb3ce,annotation,"segmentation ring first/last point gap = 2.24px (first=(1137.0,944.0) last=(1138.0,942.0)) -- prompt's assumed x0==x_n-1,y0==y_n-1 invariant does NOT hold for this annotation"
7faf77a8-eda9-4ad4-a6d0-bebd11d6b303,annotation,"segmentation ring first/last point gap = 2.83px (first=(1393.0,1294.0) last=(1391.0,1296.0)) -- prompt's assumed x0==x_n-1,y0==y_n-1 invariant does NOT hold for this annotation"
f1be01fc-3a5d-4c78-b3c1-672d29535e12,annotation,"segmentation ring first/last point gap = 1.41px (first=(1684.0,894.0) last=(1685.0,893.0)) -- prompt's assumed x0==x_n-1,y0==y_n-1 invariant does NOT hold for this annotation"
90f6412a-25d8-4528-9b95-fba0d0747e3b,annotation,"segmentation ring first/last point gap = 1.08px (first=(424.0,1354.0) last=(423.2349,1354.7651)) -- prompt's assumed x0==x_n-1,y0==y_n-1 invariant does NOT hold for this annotation"
24638641-1051-4814-8b57-5680e259afa2,annotation,"segmentation ring first/last point gap = 1.41px (first=(1584.0,1053.0) last=(1583.0,1054.0)) -- prompt's assumed x0==x_n-1,y0==y_n-1 invariant does NOT hold for this annotation"
e3eca6e7-01cd-4f17-9e26-7e1c216e514c,annotation,"segmentation ring first/last point gap = 5.64px (first=(1515.0,679.0) last=(1510.197,676.0443)) -- prompt's assumed x0==x_n-1,y0==y_n-1 invariant does NOT hold for this annotation"
c84a5bc4-856d-4ece-8c11-c88cfbd727b8,annotation,"segmentation ring first/last point gap = 4.18px (first=(1419.0998,1464.5631) last=(1418.0198,1468.6031)) -- prompt's assumed x0==x_n-1,y0==y_n-1 invariant does NOT hold for this annotation"
931f2004-962f-499c-9f51-8d97f6e5b1bd,annotation,"segmentation ring first/last point gap = 1.60px (first=(1449.5304,1654.7484) last=(1449.1204,1656.2984)) -- prompt's assumed x0==x_n-1,y0==y_n-1 invariant does NOT hold for this annotation"
49d83ef8-8bc8-4634-ac74-ce4b2918ff5a,annotation,"segmentation ring first/last point gap = 1.41px (first=(1442.0,786.0) last=(1441.0,787.0)) -- prompt's assumed x0==x_n-1,y0==y_n-1 invariant does NOT hold for this annotation"
702e1005-0037-435a-9e6b-1091e755b94c,annotation,"segmentation ring first/last point gap = 1.41px (first=(767.0,1561.0) last=(766.0,1562.0)) -- prompt's assumed x0==x_n-1,y0==y_n-1 invariant does NOT hold for this annotation"
3334a428-d52e-4ac8-a500-b9c8d8e8b546,annotation,"segmentation ring first/last point gap = 1.60px (first=(768.4719,1562.2107) last=(768.0619,1563.7607)) -- prompt's assumed x0==x_n-1,y0==y_n-1 invariant does NOT hold for this annotation"
b5aef5c6-ba76-40a2-9b84-cda69e239877,annotation,"segmentation ring first/last point gap = 3.61px (first=(1415.0,1474.0) last=(1413.0,1477.0)) -- prompt's assumed x0==x_n-1,y0==y_n-1 invariant does NOT hold for this annotation"
a8bf024f-1294-44ea-bd4a-5708ffd549de,annotation,"segmentation ring first/last point gap = 1.41px (first=(1657.0,723.0) last=(1656.0,724.0)) -- prompt's assumed x0==x_n-1,y0==y_n-1 invariant does NOT hold for this annotation"
69e5e40e-b233-4df7-8117-cbf6d75d6db4,annotation,"segmentation ring first/last point gap = 1.29px (first=(1725.6781,949.6136) last=(1725.3481,950.8636)) -- prompt's assumed x0==x_n-1,y0==y_n-1 invariant does NOT hold for this annotation"
83cf4890-25e5-431d-b2c6-95556ffa7056,annotation,"segmentation ring first/last point gap = 1.60px (first=(1187.3687,529.085) last=(1187.7787,527.535)) -- prompt's assumed x0==x_n-1,y0==y_n-1 invariant does NOT hold for this annotation"
7af072db-2943-4fe2-8e59-f3c5f22190d1,annotation,"segmentation ring first/last point gap = 2.59px (first=(1016.0712,1487.7552) last=(1015.4012,1490.2552)) -- prompt's assumed x0==x_n-1,y0==y_n-1 invariant does NOT hold for this annotation"
2004ce72-6f2c-4dc3-ba14-9761b63ecefd,annotation,"segmentation ring first/last point gap = 1.60px (first=(963.9559,1636.1168) last=(964.3659,1634.5668)) -- prompt's assumed x0==x_n-1,y0==y_n-1 invariant does NOT hold for this annotation"
e1878d30-1bc5-441f-b03a-e329607250b3,annotation,"segmentation ring first/last point gap = 2.59px (first=(1269.0246,1196.9856) last=(1268.3546,1199.4856)) -- prompt's assumed x0==x_n-1,y0==y_n-1 invariant does NOT hold for this annotation"
3edfe902-2ab7-4d20-beba-dbd25eeef364,annotation,"segmentation ring first/last point gap = 5.66px (first=(1450.0,559.0) last=(1446.0,563.0)) -- prompt's assumed x0==x_n-1,y0==y_n-1 invariant does NOT hold for this annotation"
b8fd478d-e7ce-4383-ac5c-2c47dc35100f,annotation,"segmentation ring first/last point gap = 1.41px (first=(1854.0,1013.0) last=(1853.0,1014.0)) -- prompt's assumed x0==x_n-1,y0==y_n-1 invariant does NOT hold for this annotation"
33807bec-8558-4f41-b004-cd91d06302a7,annotation,"segmentation ring first/last point gap = 1.60px (first=(1135.8919,1417.404) last=(1135.4819,1418.954)) -- prompt's assumed x0==x_n-1,y0==y_n-1 invariant does NOT hold for this annotation"
699282b9-2786-4cdb-ade3-98e886cd2f08,annotation,"segmentation ring first/last point gap = 2.59px (first=(1523.6606,1084.3571) last=(1524.3306,1081.8571)) -- prompt's assumed x0==x_n-1,y0==y_n-1 invariant does NOT hold for this annotation"
6e8f7681-12ab-4ca0-9964-d4eb87cae53a,annotation,"segmentation ring first/last point gap = 2.54px (first=(1337.2652,523.5573) last=(1336.918,526.071)) -- prompt's assumed x0==x_n-1,y0==y_n-1 invariant does NOT hold for this annotation"
caef9c83-0dd5-49ea-afd7-80a7f40108cb,annotation,"segmentation ring first/last point gap = 4.18px (first=(850.3568,1658.277) last=(849.2768,1662.317)) -- prompt's assumed x0==x_n-1,y0==y_n-1 invariant does NOT hold for this annotation"
43fe8b02-580d-47f0-82ba-a96da158c6d0,annotation,"segmentation ring first/last point gap = 2.59px (first=(768.672,1321.3622) last=(768.002,1323.8622)) -- prompt's assumed x0==x_n-1,y0==y_n-1 invariant does NOT hold for this annotation"
a8a49ea7-89ec-4e3e-a696-379172326833,annotation,"segmentation ring first/last point gap = 2.59px (first=(837.9802,1246.7199) last=(838.6502,1244.2199)) -- prompt's assumed x0==x_n-1,y0==y_n-1 invariant does NOT hold for this annotation"
221a7ec9-1f56-4276-918f-9f4b69e905b6,annotation,"segmentation ring first/last point gap = 2.59px (first=(661.1348,666.1812) last=(660.4648,668.6812)) -- prompt's assumed x0==x_n-1,y0==y_n-1 invariant does NOT hold for this annotation"
25ab4fe5-37b1-4ddc-b180-cf43f7e6d6c5,annotation,"segmentation ring first/last point gap = 2.59px (first=(703.5069,706.5529) last=(702.8369,709.0529)) -- prompt's assumed x0==x_n-1,y0==y_n-1 invariant does NOT hold for this annotation"
b142cd1a-1f19-4050-a267-368bef7e13b4,annotation,"segmentation ring first/last point gap = 2.59px (first=(1375.3187,1634.8708) last=(1374.6487,1637.3708)) -- prompt's assumed x0==x_n-1,y0==y_n-1 invariant does NOT hold for this annotation"
dec34846-df04-4e1e-b1be-5284ed5461ba,annotation,"segmentation ring first/last point gap = 1.60px (first=(864.0795,1398.2997) last=(863.6695,1399.8497)) -- prompt's assumed x0==x_n-1,y0==y_n-1 invariant does NOT hold for this annotation"
fdf99651-bd03-45c5-bb77-369149f1ca39,annotation,"segmentation ring first/last point gap = 3.38px (first=(1675.7915,1025.7688) last=(1674.9721,1029.0464)) -- prompt's assumed x0==x_n-1,y0==y_n-1 invariant does NOT hold for this annotation"
2caa7eef-b8eb-45bc-9ec6-87ab2aa5eaf2,annotation,"segmentation ring first/last point gap = 1.41px (first=(716.0,818.0) last=(717.0,817.0)) -- prompt's assumed x0==x_n-1,y0==y_n-1 invariant does NOT hold for this annotation"
6b0dbe17-c2d2-4ab2-ba9b-6727fb97aff4,annotation,"segmentation ring first/last point gap = 5.68px (first=(1119.2912,773.679) last=(1114.3003,776.3828)) -- prompt's assumed x0==x_n-1,y0==y_n-1 invariant does NOT hold for this annotation"
cdedeb63-6eed-4246-8b4e-1bb3c07b480d,annotation,"segmentation ring first/last point gap = 1.41px (first=(1219.0,891.0) last=(1218.0,892.0)) -- prompt's assumed x0==x_n-1,y0==y_n-1 invariant does NOT hold for this annotation"
7e87f74b-1f9d-463f-8a0d-28b1d3553d58,annotation,"segmentation ring first/last point gap = 2.24px (first=(1158.0,995.0) last=(1157.0,997.0)) -- prompt's assumed x0==x_n-1,y0==y_n-1 invariant does NOT hold for this annotation"
772733b6-b05d-482a-b32b-7158475a6f3a,annotation,"segmentation ring first/last point gap = 1.60px (first=(798.5249,1237.3066) last=(798.1149,1238.8566)) -- prompt's assumed x0==x_n-1,y0==y_n-1 invariant does NOT hold for this annotation"
b4ae7d7d-3889-4249-8a74-c02d999c4b96,annotation,"segmentation ring first/last point gap = 7.07px (first=(1301.0,852.0) last=(1306.0,847.0)) -- prompt's assumed x0==x_n-1,y0==y_n-1 invariant does NOT hold for this annotation"
b594272e-22e6-47a1-88f3-47c7e3e72e1d,annotation,"segmentation ring first/last point gap = 1.41px (first=(1305.0,721.0) last=(1306.0,720.0)) -- prompt's assumed x0==x_n-1,y0==y_n-1 invariant does NOT hold for this annotation"
cbc4bec1-2f36-42e8-8016-14d59d7dacc3,annotation,"segmentation ring first/last point gap = 1.41px (first=(1323.0,1322.0) last=(1322.0,1323.0)) -- prompt's assumed x0==x_n-1,y0==y_n-1 invariant does NOT hold for this annotation"
7de7e6c9-0d6d-48cd-be49-71c5354808d2,annotation,"segmentation ring first/last point gap = 5.00px (first=(575.2766,497.2766) last=(572.2766,501.2766)) -- prompt's assumed x0==x_n-1,y0==y_n-1 invariant does NOT hold for this annotation"
c45afff5-1091-4340-9ce5-945945b8c94c,annotation,"segmentation ring first/last point gap = 1.41px (first=(1405.0,459.0) last=(1404.0,460.0)) -- prompt's assumed x0==x_n-1,y0==y_n-1 invariant does NOT hold for this annotation"
16e1900c-0827-4a6a-9366-427d7eb3099b,annotation,"segmentation ring first/last point gap = 1.60px (first=(1103.6702,1103.8761) last=(1103.2602,1105.4261)) -- prompt's assumed x0==x_n-1,y0==y_n-1 invariant does NOT hold for this annotation"
6aa7ef09-b879-4e6f-81ab-3ecce12245c2,annotation,"segmentation ring first/last point gap = 1.60px (first=(498.0761,907.1127) last=(497.6622,908.6571)) -- prompt's assumed x0==x_n-1,y0==y_n-1 invariant does NOT hold for this annotation"
43023a20-3985-470c-9dda-5416c887642d,annotation,"segmentation ring first/last point gap = 2.39px (first=(884.2719,1568.4553) last=(881.9627,1569.0742)) -- prompt's assumed x0==x_n-1,y0==y_n-1 invariant does NOT hold for this annotation"
90f03c75-48de-4ba9-87cc-7b782dc2c97f,annotation,"segmentation ring first/last point gap = 5.68px (first=(1390.0,1555.0) last=(1387.4597,1560.0806)) -- prompt's assumed x0==x_n-1,y0==y_n-1 invariant does NOT hold for this annotation"
4dc173fb-8a4a-4c91-a626-bbe3c9323f82,annotation,"segmentation ring first/last point gap = 4.47px (first=(1709.0,771.0) last=(1713.0,769.0)) -- prompt's assumed x0==x_n-1,y0==y_n-1 invariant does NOT hold for this annotation"
87c11a87-eb27-4115-a80a-5ba27f26b8f6,annotation,"segmentation ring first/last point gap = 1.22px (first=(751.8245,566.8039) last=(753.0,567.1149)) -- prompt's assumed x0==x_n-1,y0==y_n-1 invariant does NOT hold for this annotation"
551b6f19-aa19-4258-b0aa-835321207d38,annotation,"segmentation ring first/last point gap = 13.45px (first=(1616.0,1446.0) last=(1626.0,1437.0)) -- prompt's assumed x0==x_n-1,y0==y_n-1 invariant does NOT hold for this annotation"
264a5e11-36bc-4c12-938b-a05bf2626104,annotation,"segmentation ring first/last point gap = 6.00px (first=(506.0,805.0) last=(512.0,805.0)) -- prompt's assumed x0==x_n-1,y0==y_n-1 invariant does NOT hold for this annotation"
c0eb1535-b029-46f4-8080-4c1cc7a2fd1a,annotation,"segmentation ring first/last point gap = 1.60px (first=(925.6481,982.2195) last=(926.0581,980.6695)) -- prompt's assumed x0==x_n-1,y0==y_n-1 invariant does NOT hold for this annotation"
224d6f5c-8e3c-43ad-bd0b-459ddc9aa4de,annotation,"segmentation ring first/last point gap = 2.83px (first=(1628.0,1435.0) last=(1626.0,1437.0)) -- prompt's assumed x0==x_n-1,y0==y_n-1 invariant does NOT hold for this annotation"
0a18da41-6faa-4918-a749-773a856e93b4,annotation,"segmentation ring first/last point gap = 2.24px (first=(442.0,1440.0) last=(441.0,1442.0)) -- prompt's assumed x0==x_n-1,y0==y_n-1 invariant does NOT hold for this annotation"
9095eabc-3b10-489d-a4c3-6c0692e8e35d,annotation,"segmentation ring first/last point gap = 3.45px (first=(517.9137,809.1295) last=(516.0,812.0)) -- prompt's assumed x0==x_n-1,y0==y_n-1 invariant does NOT hold for this annotation"
b9692099-a7a2-426a-b3c8-a9e3136f489d,annotation,"segmentation ring first/last point gap = 1.29px (first=(915.5854,707.4757) last=(915.9154,706.2257)) -- prompt's assumed x0==x_n-1,y0==y_n-1 invariant does NOT hold for this annotation"
a7fb97bc-4c4a-4148-920f-ca6e63cb100f,annotation,"segmentation ring first/last point gap = 1.29px (first=(1210.5948,868.6143) last=(1210.9248,867.3643)) -- prompt's assumed x0==x_n-1,y0==y_n-1 invariant does NOT hold for this annotation"
2d4182a6-68b4-42e7-bf27-33b69d6bbee0,annotation,"segmentation ring first/last point gap = 1.60px (first=(1443.6251,890.6031) last=(1443.2151,892.1531)) -- prompt's assumed x0==x_n-1,y0==y_n-1 invariant does NOT hold for this annotation"
f7dc35d1-f435-468e-94c4-135230d68709,annotation,"segmentation ring first/last point gap = 1.60px (first=(1294.543,1147.7871) last=(1294.133,1149.3371)) -- prompt's assumed x0==x_n-1,y0==y_n-1 invariant does NOT hold for this annotation"
b54a2e22-d8bb-4d55-8129-12885ed405b9,annotation,"segmentation ring first/last point gap = 1.60px (first=(1696.011,1441.9474) last=(1695.601,1443.4974)) -- prompt's assumed x0==x_n-1,y0==y_n-1 invariant does NOT hold for this annotation"
29f1dcc2-89d7-48f5-a5c2-fdde5bb5c4dc,annotation,"segmentation ring first/last point gap = 1.60px (first=(1658.5321,1385.0615) last=(1658.1221,1386.6115)) -- prompt's assumed x0==x_n-1,y0==y_n-1 invariant does NOT hold for this annotation"
35a98d35-97e9-44fc-abff-2d7fa86491c0,annotation,"segmentation ring first/last point gap = 1.60px (first=(513.0887,912.2769) last=(512.6787,913.8269)) -- prompt's assumed x0==x_n-1,y0==y_n-1 invariant does NOT hold for this annotation"
e5c88db9-f4be-4cf1-ac30-161bc6304340,annotation,"segmentation ring first/last point gap = 1.60px (first=(1642.2209,1409.5644) last=(1641.8109,1411.1144)) -- prompt's assumed x0==x_n-1,y0==y_n-1 invariant does NOT hold for this annotation"
4dd7913a-f4a7-4019-8de6-284f1a7fd418,annotation,"segmentation ring first/last point gap = 2.59px (first=(298.1028,886.7422) last=(298.7728,884.2422)) -- prompt's assumed x0==x_n-1,y0==y_n-1 invariant does NOT hold for this annotation"
db59a95a-d4de-48c9-b674-384aea539df1,annotation,"segmentation ring first/last point gap = 3.24px (first=(564.5508,825.8985) last=(566.0,823.0)) -- prompt's assumed x0==x_n-1,y0==y_n-1 invariant does NOT hold for this annotation"
24658e41-2ebf-491f-9ff1-b0cc92bbc1b9,annotation,"segmentation ring first/last point gap = 1.72px (first=(1027.95,1222.5881) last=(1027.5054,1224.2469)) -- prompt's assumed x0==x_n-1,y0==y_n-1 invariant does NOT hold for this annotation"
44414efb-9d5c-49bc-b2ec-2ec64a467cc5,annotation,"segmentation ring first/last point gap = 2.95px (first=(530.0,724.0) last=(528.6825,726.635)) -- prompt's assumed x0==x_n-1,y0==y_n-1 invariant does NOT hold for this annotation"
297ef92d-178e-4a7f-84af-9f715733c358,annotation,"segmentation ring first/last point gap = 1.26px (first=(780.5791,785.5832) last=(781.4679,784.6944)) -- prompt's assumed x0==x_n-1,y0==y_n-1 invariant does NOT hold for this annotation"
1a0e0a3a-1473-427b-89e7-37e7561e06d2,annotation,"segmentation ring first/last point gap = 1.41px (first=(1647.0,533.0) last=(1646.0,534.0)) -- prompt's assumed x0==x_n-1,y0==y_n-1 invariant does NOT hold for this annotation"
58b0a6da-b30d-4a8c-b766-fc41ee28c7af,annotation,"segmentation ring first/last point gap = 1.41px (first=(1433.0,1025.0) last=(1434.0,1024.0)) -- prompt's assumed x0==x_n-1,y0==y_n-1 invariant does NOT hold for this annotation"
bc783897-9320-43fd-8823-3b9edf812294,annotation,"segmentation ring first/last point gap = 2.24px (first=(1284.0,1503.0) last=(1285.0,1501.0)) -- prompt's assumed x0==x_n-1,y0==y_n-1 invariant does NOT hold for this annotation"
81776f4f-6ecb-4cd5-8428-e429f8550509,annotation,"segmentation ring first/last point gap = 1.83px (first=(1121.0,642.0) last=(1119.7036,643.2964)) -- prompt's assumed x0==x_n-1,y0==y_n-1 invariant does NOT hold for this annotation"
4e583699-0ba3-4b15-a45e-d4c6803e26c6,annotation,"segmentation ring first/last point gap = 2.59px (first=(556.7761,1085.0726) last=(556.1061,1087.5726)) -- prompt's assumed x0==x_n-1,y0==y_n-1 invariant does NOT hold for this annotation"
d924a4e7-af62-4e05-93de-589ccff907b0,annotation,"segmentation ring first/last point gap = 2.83px (first=(1214.0,1265.0) last=(1212.0,1267.0)) -- prompt's assumed x0==x_n-1,y0==y_n-1 invariant does NOT hold for this annotation"
1d14f2f5-ad3c-4232-a8f3-b18870bc07dd,annotation,"segmentation ring first/last point gap = 1.60px (first=(1123.2272,1099.6539) last=(1123.6372,1098.1039)) -- prompt's assumed x0==x_n-1,y0==y_n-1 invariant does NOT hold for this annotation"
44fbe071-a7b6-410c-9986-88837a63e041,annotation,"segmentation ring first/last point gap = 1.41px (first=(484.0,1330.0) last=(485.0,1329.0)) -- prompt's assumed x0==x_n-1,y0==y_n-1 invariant does NOT hold for this annotation"
542af6ec-b967-4495-946d-00ba0d340972,annotation,"segmentation ring first/last point gap = 4.47px (first=(535.0,580.0) last=(537.0,576.0)) -- prompt's assumed x0==x_n-1,y0==y_n-1 invariant does NOT hold for this annotation"
4993a069-6ddd-4eac-8bae-e1b0f016212d,annotation,"segmentation ring first/last point gap = 1.58px (first=(1063.6481,632.0937) last=(1062.5304,633.2114)) -- prompt's assumed x0==x_n-1,y0==y_n-1 invariant does NOT hold for this annotation"
109d5cc5-4ba1-4b73-80eb-f6c69c1a8693,annotation,"segmentation ring first/last point gap = 1.41px (first=(933.0,590.0) last=(932.0,591.0)) -- prompt's assumed x0==x_n-1,y0==y_n-1 invariant does NOT hold for this annotation"
68101a7e-5e0d-4d14-b763-14ca0907f9c9,annotation,"segmentation ring first/last point gap = 2.11px (first=(1364.1228,816.557) last=(1364.6679,814.5231)) -- prompt's assumed x0==x_n-1,y0==y_n-1 invariant does NOT hold for this annotation"
872c7950-0413-493e-8747-5d3b90235d75,annotation,"segmentation ring first/last point gap = 10.05px (first=(367.0,1099.0) last=(368.0,1089.0)) -- prompt's assumed x0==x_n-1,y0==y_n-1 invariant does NOT hold for this annotation"
eb480bf9-3674-4f81-8660-24317344c9d8,annotation,"segmentation ring first/last point gap = 1.60px (first=(1123.5609,1313.0164) last=(1123.9709,1311.4664)) -- prompt's assumed x0==x_n-1,y0==y_n-1 invariant does NOT hold for this annotation"
c0322b64-ff2f-45f2-ac67-fa1a75fffc18,annotation,"segmentation ring first/last point gap = 1.60px (first=(647.2332,685.9333) last=(647.6432,684.3833)) -- prompt's assumed x0==x_n-1,y0==y_n-1 invariant does NOT hold for this annotation"
8aaf71c4-3841-486e-9588-ee0a3350102b,annotation,"segmentation ring first/last point gap = 3.51px (first=(418.6314,1204.9159) last=(417.7795,1208.3235)) -- prompt's assumed x0==x_n-1,y0==y_n-1 invariant does NOT hold for this annotation"
d4a1d570-b1ea-495e-a6cd-fdd53dd1fcf2,annotation,"segmentation ring first/last point gap = 2.59px (first=(1124.643,1606.5185) last=(1123.973,1609.0185)) -- prompt's assumed x0==x_n-1,y0==y_n-1 invariant does NOT hold for this annotation"
4742fc0c-7361-402e-a152-1936c2125904,annotation,"segmentation ring first/last point gap = 3.61px (first=(1484.0,894.0) last=(1482.0,897.0)) -- prompt's assumed x0==x_n-1,y0==y_n-1 invariant does NOT hold for this annotation"
b2bd5a9e-f771-4d8e-929a-a466dfb9cc62,annotation,"segmentation ring first/last point gap = 5.00px (first=(850.0,1214.0) last=(847.0,1218.0)) -- prompt's assumed x0==x_n-1,y0==y_n-1 invariant does NOT hold for this annotation"
8ad31aa7-f3d1-421b-a653-5d5a5ad562a4,annotation,"segmentation ring first/last point gap = 6.71px (first=(1318.0,603.0) last=(1321.0,597.0)) -- prompt's assumed x0==x_n-1,y0==y_n-1 invariant does NOT hold for this annotation"
799ebc9a-ae73-4de5-b8fe-79c97c55e87f,annotation,"segmentation ring first/last point gap = 2.00px (first=(516.0,1466.0) last=(518.0,1466.0)) -- prompt's assumed x0==x_n-1,y0==y_n-1 invariant does NOT hold for this annotation"
8fb09ad8-f614-4105-ac86-b96ad11b96d8,annotation,"segmentation ring first/last point gap = 31.33px (first=(1736.9989,1363.7975) last=(1766.9471,1373.0124)) -- prompt's assumed x0==x_n-1,y0==y_n-1 invariant does NOT hold for this annotation"
cc778fb1-7bdb-412a-adf7-407c829fd643,annotation,"segmentation ring first/last point gap = 1.60px (first=(982.403,834.8717) last=(981.993,836.4217)) -- prompt's assumed x0==x_n-1,y0==y_n-1 invariant does NOT hold for this annotation"
795698c7-8598-4fc3-a1bc-cb0f23ba94cf,annotation,"segmentation ring first/last point gap = 1.60px (first=(820.3334,1224.8876) last=(819.9234,1226.4376)) -- prompt's assumed x0==x_n-1,y0==y_n-1 invariant does NOT hold for this annotation"
406c9840-6b63-4381-ab44-756fa0ebc9e6,annotation,"segmentation ring first/last point gap = 2.93px (first=(853.0,1214.0) last=(851.2417,1216.3444)) -- prompt's assumed x0==x_n-1,y0==y_n-1 invariant does NOT hold for this annotation"
eb6a2c29-801d-4691-8348-336392f550bb,annotation,"segmentation ring first/last point gap = 1.36px (first=(1474.096,901.0839) last=(1473.1363,902.0436)) -- prompt's assumed x0==x_n-1,y0==y_n-1 invariant does NOT hold for this annotation"
b5fe630f-5609-4fcd-ae89-866ee590b4bc,annotation,"segmentation ring first/last point gap = 2.83px (first=(528.0,1462.0) last=(526.0,1464.0)) -- prompt's assumed x0==x_n-1,y0==y_n-1 invariant does NOT hold for this annotation"
1402f4f5-f22c-48e0-8c81-37925a2a8a10,annotation,"segmentation ring first/last point gap = 4.12px (first=(356.0,1139.0) last=(352.0,1140.0)) -- prompt's assumed x0==x_n-1,y0==y_n-1 invariant does NOT hold for this annotation"
f95de9d8-addc-4b4d-b48f-b5986f7be40b,annotation,"segmentation ring first/last point gap = 2.24px (first=(1297.0,576.0) last=(1296.0,578.0)) -- prompt's assumed x0==x_n-1,y0==y_n-1 invariant does NOT hold for this annotation"
20e0028f-44c0-4641-a1fe-baed11e7acbc,annotation,"segmentation ring first/last point gap = 1.78px (first=(1393.0276,525.3203) last=(1391.6931,526.5008)) -- prompt's assumed x0==x_n-1,y0==y_n-1 invariant does NOT hold for this annotation"
7c3624f4-3726-4d23-a7b4-4e04ffdb19c4,annotation,"segmentation ring first/last point gap = 1.60px (first=(922.3775,886.5913) last=(922.7875,885.0413)) -- prompt's assumed x0==x_n-1,y0==y_n-1 invariant does NOT hold for this annotation"
9a92d6dc-55c2-4637-a234-e3b4e2440d51,annotation,"segmentation ring first/last point gap = 4.18px (first=(588.6996,465.6183) last=(587.6196,469.6583)) -- prompt's assumed x0==x_n-1,y0==y_n-1 invariant does NOT hold for this annotation"
d21d3f5c-be48-48e7-8d4d-38eac2d4ec1e,annotation,"segmentation ring first/last point gap = 1.42px (first=(721.0491,984.2847) last=(721.2494,982.8822)) -- prompt's assumed x0==x_n-1,y0==y_n-1 invariant does NOT hold for this annotation"
bed4267d-5aa9-46fd-aace-0aa7fd748029,annotation,"segmentation ring first/last point gap = 1.60px (first=(1793.5361,1304.3557) last=(1793.1261,1305.9057)) -- prompt's assumed x0==x_n-1,y0==y_n-1 invariant does NOT hold for this annotation"
6412bfaa-2e62-449a-bef5-8dba859b6a1b,annotation,"segmentation ring first/last point gap = 1.29px (first=(923.8147,885.7937) last=(923.486,887.0364)) -- prompt's assumed x0==x_n-1,y0==y_n-1 invariant does NOT hold for this annotation"
c6d6ecbd-6e68-475a-b7b4-724c283180ae,annotation,"segmentation ring first/last point gap = 3.23px (first=(1197.7908,1214.0189) last=(1198.626,1210.8947)) -- prompt's assumed x0==x_n-1,y0==y_n-1 invariant does NOT hold for this annotation"
031d1778-bf19-4a71-a5d3-718b191e76fa,annotation,"segmentation ring first/last point gap = 2.59px (first=(578.6027,469.2863) last=(579.2727,466.7863)) -- prompt's assumed x0==x_n-1,y0==y_n-1 invariant does NOT hold for this annotation"
40d3418d-884b-441b-ad02-91c7539c6a3b,annotation,"segmentation ring first/last point gap = 6.73px (first=(1603.9195,1510.0765) last=(1603.804,1516.8082)) -- prompt's assumed x0==x_n-1,y0==y_n-1 invariant does NOT hold for this annotation"
42cd7ade-56e0-45e6-a4b6-454a7ed2f075,annotation,"segmentation ring first/last point gap = 2.59px (first=(902.1219,555.9168) last=(901.4519,558.4168)) -- prompt's assumed x0==x_n-1,y0==y_n-1 invariant does NOT hold for this annotation"
2472cce1-d723-464d-90f8-fe3618b58b6d,annotation,"segmentation ring first/last point gap = 2.59px (first=(1423.7811,798.122) last=(1424.4511,795.622)) -- prompt's assumed x0==x_n-1,y0==y_n-1 invariant does NOT hold for this annotation"
96123e25-0d92-4d87-bfea-8e367e66af84,annotation,"segmentation ring first/last point gap = 2.59px (first=(1408.0296,580.0647) last=(1408.6996,577.5647)) -- prompt's assumed x0==x_n-1,y0==y_n-1 invariant does NOT hold for this annotation"
2e5d3181-7e43-4ed3-b39f-f8db1e952cb7,annotation,"segmentation ring first/last point gap = 6.83px (first=(742.0868,1429.725) last=(735.4755,1431.4489)) -- prompt's assumed x0==x_n-1,y0==y_n-1 invariant does NOT hold for this annotation"
c4c7d76b-f691-4804-bd21-64f9299322c8,annotation,"segmentation ring first/last point gap = 2.59px (first=(900.2235,564.1405) last=(899.5535,566.6405)) -- prompt's assumed x0==x_n-1,y0==y_n-1 invariant does NOT hold for this annotation"
77e4fbd6-4631-4e41-a03a-24de609acbda,annotation,"segmentation ring first/last point gap = 1.41px (first=(1132.0,1395.0) last=(1131.0,1396.0)) -- prompt's assumed x0==x_n-1,y0==y_n-1 invariant does NOT hold for this annotation"
acf516c5-b4c9-45d6-9ccc-a22890d54faf,annotation,"segmentation ring first/last point gap = 4.47px (first=(773.0,1396.0) last=(771.0,1400.0)) -- prompt's assumed x0==x_n-1,y0==y_n-1 invariant does NOT hold for this annotation"
8aaa2cb5-a336-4bcb-b336-61ba16285473,annotation,"segmentation ring first/last point gap = 4.12px (first=(861.0,574.0) last=(860.0,578.0)) -- prompt's assumed x0==x_n-1,y0==y_n-1 invariant does NOT hold for this annotation"
9aa01ba9-3e57-49e9-92e5-b40702e01f47,annotation,"segmentation ring first/last point gap = 1.60px (first=(1144.464,1391.4652) last=(1144.054,1393.0152)) -- prompt's assumed x0==x_n-1,y0==y_n-1 invariant does NOT hold for this annotation"
fc84ee6d-35e4-4260-ba01-5c577bb6c623,annotation,"segmentation ring first/last point gap = 1.20px (first=(770.3338,1405.1513) last=(770.5031,1403.9656)) -- prompt's assumed x0==x_n-1,y0==y_n-1 invariant does NOT hold for this annotation"
90b8537e-e133-4684-af22-12e84de09580,annotation,"segmentation ring first/last point gap = 2.59px (first=(1253.5768,627.3075) last=(1252.9068,629.8075)) -- prompt's assumed x0==x_n-1,y0==y_n-1 invariant does NOT hold for this annotation"
ebaca081-37d3-4896-8925-98d6438b33ae,annotation,"segmentation ring first/last point gap = 1.93px (first=(1111.8035,1182.2176) last=(1109.9402,1182.7169)) -- prompt's assumed x0==x_n-1,y0==y_n-1 invariant does NOT hold for this annotation"
2e832baf-2e60-45b8-a75d-1edf64782630,annotation,"segmentation ring first/last point gap = 3.61px (first=(717.0,576.0) last=(715.0,579.0)) -- prompt's assumed x0==x_n-1,y0==y_n-1 invariant does NOT hold for this annotation"
2728e5f2-0a7f-4895-ad3e-c3bc6e78c6ec,annotation,"segmentation ring first/last point gap = 1.60px (first=(644.4291,581.2887) last=(644.8391,579.7387)) -- prompt's assumed x0==x_n-1,y0==y_n-1 invariant does NOT hold for this annotation"
fcbad3be-f02d-47c3-bfde-17d5536153dc,annotation,"segmentation ring first/last point gap = 1.60px (first=(533.9693,540.6051) last=(533.5593,542.1551)) -- prompt's assumed x0==x_n-1,y0==y_n-1 invariant does NOT hold for this annotation"
c1b63212-8e03-447d-9ec9-f0d4a13976fe,annotation,"segmentation ring first/last point gap = 1.60px (first=(1653.795,1559.6829) last=(1653.385,1561.2329)) -- prompt's assumed x0==x_n-1,y0==y_n-1 invariant does NOT hold for this annotation"
2cabdfff-8cca-4bb0-af24-fb38b0dd1bdd,annotation,"segmentation ring first/last point gap = 2.24px (first=(669.0,1443.0) last=(668.0,1445.0)) -- prompt's assumed x0==x_n-1,y0==y_n-1 invariant does NOT hold for this annotation"
f2a54b53-f4ff-46b3-afbf-88c108366444,annotation,"segmentation ring first/last point gap = 4.47px (first=(486.0,611.0) last=(484.0,615.0)) -- prompt's assumed x0==x_n-1,y0==y_n-1 invariant does NOT hold for this annotation"
90ad7c0e-961c-416a-b712-f1a49cb47dd7,annotation,"segmentation ring first/last point gap = 2.83px (first=(1683.0,1220.0) last=(1681.0,1222.0)) -- prompt's assumed x0==x_n-1,y0==y_n-1 invariant does NOT hold for this annotation"
5e210edd-eb0d-40bf-8922-82afc8d60fcd,annotation,"segmentation ring first/last point gap = 1.41px (first=(487.0,620.0) last=(486.0,621.0)) -- prompt's assumed x0==x_n-1,y0==y_n-1 invariant does NOT hold for this annotation"
90993bd0-99bf-4eab-98aa-3708191e9e83,annotation,"segmentation ring first/last point gap = 1.60px (first=(421.2611,662.2362) last=(420.8511,663.7862)) -- prompt's assumed x0==x_n-1,y0==y_n-1 invariant does NOT hold for this annotation"
4ec756f4-eae7-4511-8f3d-3e67ae5c6a10,annotation,"segmentation ring first/last point gap = 7.00px (first=(1463.0,829.0) last=(1470.0,829.0)) -- prompt's assumed x0==x_n-1,y0==y_n-1 invariant does NOT hold for this annotation"
25ade7fe-0ae7-4f6d-a3fb-f30aa0b9eb1e,annotation,"segmentation ring first/last point gap = 1.60px (first=(1736.7878,623.1612) last=(1736.3778,624.7112)) -- prompt's assumed x0==x_n-1,y0==y_n-1 invariant does NOT hold for this annotation"
2141787e-8dbb-4c05-99c7-fed0fa2a59af,annotation,"segmentation ring first/last point gap = 1.60px (first=(1201.3323,915.4602) last=(1201.7423,913.9102)) -- prompt's assumed x0==x_n-1,y0==y_n-1 invariant does NOT hold for this annotation"
6bb89525-d3e1-46e8-a27f-b2b699f7a1bf,annotation,"segmentation ring first/last point gap = 1.60px (first=(1588.1602,887.254) last=(1588.5702,885.704)) -- prompt's assumed x0==x_n-1,y0==y_n-1 invariant does NOT hold for this annotation"
618435d8-d58a-4217-a2c2-08e1076ae93f,annotation,"segmentation ring first/last point gap = 1.60px (first=(1588.4415,1268.3692) last=(1588.0315,1269.9192)) -- prompt's assumed x0==x_n-1,y0==y_n-1 invariant does NOT hold for this annotation"
90c6e782-b113-4b92-878e-1afa9b271696,annotation,"segmentation ring first/last point gap = 1.60px (first=(706.9751,904.7555) last=(707.3851,903.2055)) -- prompt's assumed x0==x_n-1,y0==y_n-1 invariant does NOT hold for this annotation"
cf54a1d8-1c49-456e-8e88-cb12ae1f2a49,annotation,"segmentation ring first/last point gap = 1.60px (first=(1032.3517,903.8665) last=(1031.9417,905.4165)) -- prompt's assumed x0==x_n-1,y0==y_n-1 invariant does NOT hold for this annotation"
f7bb9e84-adbd-4249-bc45-be2450ecc529,annotation,"segmentation ring first/last point gap = 4.47px (first=(521.0,1355.0) last=(519.0,1359.0)) -- prompt's assumed x0==x_n-1,y0==y_n-1 invariant does NOT hold for this annotation"
cb7111f3-be77-4800-bf6e-6dc6b8680645,annotation,"segmentation ring first/last point gap = 1.60px (first=(1193.002,886.0552) last=(1192.592,887.6052)) -- prompt's assumed x0==x_n-1,y0==y_n-1 invariant does NOT hold for this annotation"
0600207f-3008-4c55-bcf9-7f996dbba5e5,annotation,"segmentation ring first/last point gap = 1.60px (first=(939.2139,1424.4842) last=(939.6239,1422.9342)) -- prompt's assumed x0==x_n-1,y0==y_n-1 invariant does NOT hold for this annotation"
f706fcc7-82a8-42f7-9e93-4b18b26400a5,annotation,"segmentation ring first/last point gap = 2.59px (first=(987.4837,950.0682) last=(986.8137,952.5682)) -- prompt's assumed x0==x_n-1,y0==y_n-1 invariant does NOT hold for this annotation"
c04d3bca-4629-410c-ac3f-ee94cfcf3cd4,annotation,"segmentation ring first/last point gap = 2.14px (first=(879.7584,1671.6161) last=(880.3128,1669.5474)) -- prompt's assumed x0==x_n-1,y0==y_n-1 invariant does NOT hold for this annotation"
f3f228ae-ec84-4ffe-a504-1fe68a754dfb,annotation,"segmentation ring first/last point gap = 2.98px (first=(858.0,941.0) last=(855.8912,943.1088)) -- prompt's assumed x0==x_n-1,y0==y_n-1 invariant does NOT hold for this annotation"
14395a1a-5992-4c77-9ca9-8ddb77e00113,annotation,"segmentation ring first/last point gap = 1.41px (first=(777.0,861.0) last=(776.0,862.0)) -- prompt's assumed x0==x_n-1,y0==y_n-1 invariant does NOT hold for this annotation"
89743bc2-ed4f-479c-90e6-1c288d1ec59a,annotation,"segmentation ring first/last point gap = 1.38px (first=(1435.0782,526.48) last=(1434.7254,527.8137)) -- prompt's assumed x0==x_n-1,y0==y_n-1 invariant does NOT hold for this annotation"
b0753af9-6b8f-4680-be3f-306030f3d369,annotation,"segmentation ring first/last point gap = 1.59px (first=(1765.8012,910.8012) last=(1765.3942,912.3397)) -- prompt's assumed x0==x_n-1,y0==y_n-1 invariant does NOT hold for this annotation"
226b186b-c084-4198-ae5f-0abac2e5ec1a,annotation,"segmentation ring first/last point gap = 2.00px (first=(1427.0,525.0) last=(1425.0,525.0)) -- prompt's assumed x0==x_n-1,y0==y_n-1 invariant does NOT hold for this annotation"
8ab6593e-de83-4715-a4b6-adcb4a4d2169,annotation,"segmentation ring first/last point gap = 2.16px (first=(1378.6827,1250.8572) last=(1377.4827,1252.6571)) -- prompt's assumed x0==x_n-1,y0==y_n-1 invariant does NOT hold for this annotation"
ab2c40bd-86e0-4eb1-a2d7-3f49e3e9eb44,annotation,"segmentation ring first/last point gap = 2.59px (first=(671.6425,1504.6358) last=(672.3125,1502.1358)) -- prompt's assumed x0==x_n-1,y0==y_n-1 invariant does NOT hold for this annotation"
fe9f9aa6-0575-404c-b3d0-6710bf7fc38e,annotation,"segmentation ring first/last point gap = 2.59px (first=(1165.664,1505.6773) last=(1166.334,1503.1773)) -- prompt's assumed x0==x_n-1,y0==y_n-1 invariant does NOT hold for this annotation"
d97eaa97-2174-4ed5-b86f-1cb32a53cc24,annotation,"segmentation ring first/last point gap = 2.59px (first=(1400.1513,1809.7146) last=(1400.8213,1807.2146)) -- prompt's assumed x0==x_n-1,y0==y_n-1 invariant does NOT hold for this annotation"
045356b7-2bc5-444d-ba1c-7015ae924822,annotation,"segmentation ring first/last point gap = 2.59px (first=(307.5054,1313.1978) last=(308.1754,1310.6978)) -- prompt's assumed x0==x_n-1,y0==y_n-1 invariant does NOT hold for this annotation"
6dc2d3db-50cc-439a-af57-cea3649963e3,annotation,"segmentation ring first/last point gap = 6.40px (first=(664.0,416.0) last=(660.0,421.0)) -- prompt's assumed x0==x_n-1,y0==y_n-1 invariant does NOT hold for this annotation"
2122efd6-b043-40e4-b497-aadc8303e485,annotation,"segmentation ring first/last point gap = 1.23px (first=(671.9861,416.8006) last=(670.7992,416.4825)) -- prompt's assumed x0==x_n-1,y0==y_n-1 invariant does NOT hold for this annotation"
42f46477-dfe9-49fa-aa88-725cbd48e96c,annotation,"segmentation ring first/last point gap = 1.60px (first=(827.073,722.7971) last=(827.483,721.2471)) -- prompt's assumed x0==x_n-1,y0==y_n-1 invariant does NOT hold for this annotation"
c8be2df5-7ace-4c3c-b77d-3f519baaa89c,annotation,"segmentation ring first/last point gap = 1.60px (first=(398.056,698.0511) last=(397.646,699.6011)) -- prompt's assumed x0==x_n-1,y0==y_n-1 invariant does NOT hold for this annotation"
46b18578-01a0-42c2-b357-0366910a5ca3,annotation,"segmentation ring first/last point gap = 1.60px (first=(459.6135,556.7822) last=(459.2035,558.3322)) -- prompt's assumed x0==x_n-1,y0==y_n-1 invariant does NOT hold for this annotation"
6536904a-e40e-4849-a4b4-8b4c453f552a,annotation,"segmentation ring first/last point gap = 4.71px (first=(1109.0121,515.4748) last=(1113.0977,513.1403)) -- prompt's assumed x0==x_n-1,y0==y_n-1 invariant does NOT hold for this annotation"
bf0573c1-cbd1-4bf1-8c79-da0589ab55fb,annotation,"segmentation ring first/last point gap = 2.59px (first=(1325.6226,1679.1339) last=(1326.2926,1676.6339)) -- prompt's assumed x0==x_n-1,y0==y_n-1 invariant does NOT hold for this annotation"
409ccabb-e42e-455b-a17a-b69f68177006,annotation,"segmentation ring first/last point gap = 6.77px (first=(1060.8702,1765.6385) last=(1062.6202,1759.0985)) -- prompt's assumed x0==x_n-1,y0==y_n-1 invariant does NOT hold for this annotation"
dd58a8ff-d5ef-4cad-aa75-60910bf9a798,annotation,"segmentation ring first/last point gap = 1.06px (first=(1086.9252,730.7687) last=(1087.133,729.7296)) -- prompt's assumed x0==x_n-1,y0==y_n-1 invariant does NOT hold for this annotation"
38ccf21e-fd0e-48f5-a51d-590375d876a0,annotation,"segmentation ring first/last point gap = 2.59px (first=(807.2732,1742.3932) last=(806.6032,1744.8932)) -- prompt's assumed x0==x_n-1,y0==y_n-1 invariant does NOT hold for this annotation"
338c106a-2b01-4849-ae4d-8e268fc4ef8e,annotation,"segmentation ring first/last point gap = 1.60px (first=(885.7894,646.8216) last=(886.1994,645.2716)) -- prompt's assumed x0==x_n-1,y0==y_n-1 invariant does NOT hold for this annotation"
42055a36-59e8-4c95-bbbb-5288eebfb4d6,annotation,"segmentation ring first/last point gap = 1.60px (first=(1334.1651,999.6737) last=(1334.5751,998.1237)) -- prompt's assumed x0==x_n-1,y0==y_n-1 invariant does NOT hold for this annotation"
bfd04db2-2ce7-442f-8570-208154801668,annotation,"segmentation ring first/last point gap = 3.67px (first=(865.5811,723.3904) last=(864.0447,726.7268)) -- prompt's assumed x0==x_n-1,y0==y_n-1 invariant does NOT hold for this annotation"
e768d2d3-4c9d-4387-a645-8c79286070db,annotation,"segmentation ring first/last point gap = 4.47px (first=(1350.0,919.0) last=(1348.0,923.0)) -- prompt's assumed x0==x_n-1,y0==y_n-1 invariant does NOT hold for this annotation"
73413ba6-2ff2-487c-a6f9-fa6520a1c979,annotation,"segmentation ring first/last point gap = 2.59px (first=(1235.8023,627.0444) last=(1235.1323,629.5444)) -- prompt's assumed x0==x_n-1,y0==y_n-1 invariant does NOT hold for this annotation"
ec9a2e78-b3bb-47d8-839d-3f8b0af2f6d1,annotation,"segmentation ring first/last point gap = 3.61px (first=(1413.0,509.0) last=(1415.0,506.0)) -- prompt's assumed x0==x_n-1,y0==y_n-1 invariant does NOT hold for this annotation"
8ad48b69-6c22-47e8-8e03-30592accdaf6,annotation,"segmentation ring first/last point gap = 2.59px (first=(531.7205,1227.4095) last=(531.0505,1229.9095)) -- prompt's assumed x0==x_n-1,y0==y_n-1 invariant does NOT hold for this annotation"
4c08da17-a8a9-4eef-8b2c-97f1bdf17c93,annotation,"segmentation ring first/last point gap = 1.41px (first=(1135.0,1335.0) last=(1134.0,1336.0)) -- prompt's assumed x0==x_n-1,y0==y_n-1 invariant does NOT hold for this annotation"
116cb801-fb48-426e-b955-1e77a7527e71,annotation,"segmentation ring first/last point gap = 2.59px (first=(1239.5101,622.5704) last=(1238.8401,625.0704)) -- prompt's assumed x0==x_n-1,y0==y_n-1 invariant does NOT hold for this annotation"
4632300d-d71f-4b15-b292-ab3ebe13e987,annotation,"segmentation ring first/last point gap = 1.41px (first=(507.0,1337.0) last=(506.0,1338.0)) -- prompt's assumed x0==x_n-1,y0==y_n-1 invariant does NOT hold for this annotation"
27867832-c5c8-40d9-a36c-44d79506f240,annotation,"segmentation ring first/last point gap = 2.59px (first=(511.5273,497.0694) last=(510.8573,499.5694)) -- prompt's assumed x0==x_n-1,y0==y_n-1 invariant does NOT hold for this annotation"
bc2727d6-0579-4df5-87fb-830dd929c14a,annotation,"segmentation ring first/last point gap = 1.41px (first=(380.0,652.0) last=(381.0,653.0)) -- prompt's assumed x0==x_n-1,y0==y_n-1 invariant does NOT hold for this annotation"
a7d53d34-53ef-43fe-936b-d9df199ea654,annotation,"segmentation ring first/last point gap = 3.61px (first=(1136.0,1334.0) last=(1134.0,1337.0)) -- prompt's assumed x0==x_n-1,y0==y_n-1 invariant does NOT hold for this annotation"
7d973bb9-b60e-4eed-9991-1bae0b18d51e,annotation,"segmentation ring first/last point gap = 1.41px (first=(1414.0,501.0) last=(1413.0,502.0)) -- prompt's assumed x0==x_n-1,y0==y_n-1 invariant does NOT hold for this annotation"
a7364ebd-26bf-4e4f-a563-af99c45bd752,annotation,"segmentation ring first/last point gap = 2.03px (first=(424.3267,950.059) last=(423.8007,952.0216)) -- prompt's assumed x0==x_n-1,y0==y_n-1 invariant does NOT hold for this annotation"
25840b38-120c-4e30-b4a4-46585be8a81b,annotation,"segmentation ring first/last point gap = 1.09px (first=(426.0314,1298.236) last=(425.7526,1299.2898)) -- prompt's assumed x0==x_n-1,y0==y_n-1 invariant does NOT hold for this annotation"
8f97f57a-ee36-48ef-9d06-87d5fffd0ba3,annotation,"segmentation ring first/last point gap = 2.59px (first=(1066.4629,465.1043) last=(1067.1329,462.6043)) -- prompt's assumed x0==x_n-1,y0==y_n-1 invariant does NOT hold for this annotation"
546d6e05-5d70-42e6-b1fd-4805c0eb4d5e,annotation,"segmentation ring first/last point gap = 1.21px (first=(371.552,1180.4725) last=(372.1424,1179.4114)) -- prompt's assumed x0==x_n-1,y0==y_n-1 invariant does NOT hold for this annotation"
ceb920c1-c6cc-47df-ba81-38c0b61f16eb,annotation,"segmentation ring first/last point gap = 1.35px (first=(1646.0,1354.0) last=(1645.0478,1354.9522)) -- prompt's assumed x0==x_n-1,y0==y_n-1 invariant does NOT hold for this annotation"
ed6038df-6f44-44f1-a1ea-03861f2a5cf8,annotation,"segmentation ring first/last point gap = 2.24px (first=(1498.0,809.0) last=(1497.0,811.0)) -- prompt's assumed x0==x_n-1,y0==y_n-1 invariant does NOT hold for this annotation"
443cc4b2-06ae-438a-8cef-5000c27faafa,annotation,"segmentation ring first/last point gap = 4.18px (first=(336.3169,1415.6305) last=(337.3969,1411.5905)) -- prompt's assumed x0==x_n-1,y0==y_n-1 invariant does NOT hold for this annotation"
765737ac-1e88-467a-ae31-90c815562fc9,annotation,"segmentation ring first/last point gap = 1.60px (first=(475.6521,1493.4734) last=(475.2421,1495.0234)) -- prompt's assumed x0==x_n-1,y0==y_n-1 invariant does NOT hold for this annotation"
796f78a2-d9cf-47ae-82e1-6188c2406b15,annotation,"segmentation ring first/last point gap = 1.60px (first=(767.9746,747.3383) last=(768.3846,745.7883)) -- prompt's assumed x0==x_n-1,y0==y_n-1 invariant does NOT hold for this annotation"
303bd10c-8f2f-4522-b100-12848ee04690,annotation,"segmentation ring first/last point gap = 2.59px (first=(1256.8846,1500.1566) last=(1257.5546,1497.6566)) -- prompt's assumed x0==x_n-1,y0==y_n-1 invariant does NOT hold for this annotation"
7b15b7c4-0402-4407-b543-dc6ca1a3eafc,annotation,"segmentation ring first/last point gap = 2.59px (first=(764.2202,1539.4523) last=(764.8902,1536.9523)) -- prompt's assumed x0==x_n-1,y0==y_n-1 invariant does NOT hold for this annotation"
73fb7dc3-849c-42e4-a06d-353c5e2f3f38,annotation,"segmentation ring first/last point gap = 2.59px (first=(1472.0162,1013.9292) last=(1472.6862,1011.4292)) -- prompt's assumed x0==x_n-1,y0==y_n-1 invariant does NOT hold for this annotation"
fdfbf9a3-61fc-4ab3-9a96-e8a0f664e4ce,annotation,"segmentation ring first/last point gap = 2.59px (first=(408.0116,1266.5847) last=(408.6816,1264.0847)) -- prompt's assumed x0==x_n-1,y0==y_n-1 invariant does NOT hold for this annotation"
4c6486af-4e43-497f-b8c3-434fbd36d1e2,annotation,"segmentation ring first/last point gap = 2.28px (first=(296.3839,971.5084) last=(296.9733,969.3088)) -- prompt's assumed x0==x_n-1,y0==y_n-1 invariant does NOT hold for this annotation"
e17c5a1d-31b6-46af-add6-60349fb4914a,annotation,"segmentation ring first/last point gap = 1.60px (first=(848.1183,619.0422) last=(848.5283,617.4922)) -- prompt's assumed x0==x_n-1,y0==y_n-1 invariant does NOT hold for this annotation"
270bfbcd-0801-40a4-8d48-83edf66c1548,annotation,"segmentation ring first/last point gap = 1.60px (first=(1012.5346,1293.8342) last=(1012.1246,1295.3842)) -- prompt's assumed x0==x_n-1,y0==y_n-1 invariant does NOT hold for this annotation"
b55d11b7-6e58-4c3d-b9b0-4ab2708b47ec,annotation,"segmentation ring first/last point gap = 1.60px (first=(1116.1207,586.7455) last=(1115.7107,588.2955)) -- prompt's assumed x0==x_n-1,y0==y_n-1 invariant does NOT hold for this annotation"
7c5577ee-144e-49f5-8286-f2a6b81d25b5,annotation,"segmentation ring first/last point gap = 1.60px (first=(441.4934,1164.361) last=(441.9034,1162.811)) -- prompt's assumed x0==x_n-1,y0==y_n-1 invariant does NOT hold for this annotation"
035427d8-39ca-4ce6-98ad-929dc59bb2f4,annotation,"segmentation ring first/last point gap = 1.60px (first=(1504.5004,824.8693) last=(1504.0904,826.4193)) -- prompt's assumed x0==x_n-1,y0==y_n-1 invariant does NOT hold for this annotation"
77a6fb23-fb3a-4248-8595-9101407285a1,annotation,"segmentation ring first/last point gap = 1.60px (first=(674.1596,402.9232) last=(673.7496,404.4732)) -- prompt's assumed x0==x_n-1,y0==y_n-1 invariant does NOT hold for this annotation"
ac4ee39a-b63f-4144-8d06-8bec9f94b9c9,annotation,"segmentation ring first/last point gap = 2.59px (first=(855.674,520.5605) last=(856.344,518.0605)) -- prompt's assumed x0==x_n-1,y0==y_n-1 invariant does NOT hold for this annotation"
c75d7435-35f3-40de-a35f-cb9bb5b848dc,annotation,"segmentation ring first/last point gap = 1.24px (first=(528.9266,562.1276) last=(528.7235,563.3461)) -- prompt's assumed x0==x_n-1,y0==y_n-1 invariant does NOT hold for this annotation"
ff3b7ca9-1e99-4495-95da-1f2f61b8495e,annotation,"segmentation ring first/last point gap = 1.60px (first=(1011.2678,1247.79) last=(1011.6778,1246.24)) -- prompt's assumed x0==x_n-1,y0==y_n-1 invariant does NOT hold for this annotation"
070774a5-9b6c-4404-9600-5e41bb5953a6,annotation,"segmentation ring first/last point gap = 2.59px (first=(364.5976,1394.5585) last=(365.2676,1392.0585)) -- prompt's assumed x0==x_n-1,y0==y_n-1 invariant does NOT hold for this annotation"
194f7490-178e-404c-95a6-a15fdda3abe6,annotation,"segmentation ring first/last point gap = 1.60px (first=(581.6209,885.6561) last=(581.2109,887.2061)) -- prompt's assumed x0==x_n-1,y0==y_n-1 invariant does NOT hold for this annotation"
c289972e-708a-48d5-9ba2-1d10328205a3,annotation,"segmentation ring first/last point gap = 1.60px (first=(699.5497,1281.7272) last=(699.9597,1280.1772)) -- prompt's assumed x0==x_n-1,y0==y_n-1 invariant does NOT hold for this annotation"
5a407599-1e63-4903-8c32-6227827eaf99,annotation,"segmentation ring first/last point gap = 1.60px (first=(1672.3687,596.9924) last=(1672.7787,595.4424)) -- prompt's assumed x0==x_n-1,y0==y_n-1 invariant does NOT hold for this annotation"
4e8c5dca-5f41-4b46-8d6b-05c9c7bb08ea,annotation,"segmentation ring first/last point gap = 1.60px (first=(1431.5853,913.5126) last=(1431.9953,911.9626)) -- prompt's assumed x0==x_n-1,y0==y_n-1 invariant does NOT hold for this annotation"
4ae36fb4-2f83-4cbf-83cd-2f9dc68deaf3,annotation,"segmentation ring first/last point gap = 1.60px (first=(1463.1578,1090.4857) last=(1463.5678,1088.9357)) -- prompt's assumed x0==x_n-1,y0==y_n-1 invariant does NOT hold for this annotation"
690a9467-4ac6-41ab-85e6-fa3eb8caade9,annotation,"segmentation ring first/last point gap = 1.60px (first=(1657.5237,890.3819) last=(1657.9337,888.8319)) -- prompt's assumed x0==x_n-1,y0==y_n-1 invariant does NOT hold for this annotation"
2e62f539-b1ac-4fad-bdd5-d8ccfe9ee704,annotation,"segmentation ring first/last point gap = 1.60px (first=(958.2661,1484.9096) last=(957.8561,1486.4596)) -- prompt's assumed x0==x_n-1,y0==y_n-1 invariant does NOT hold for this annotation"
ab883941-86ef-48d4-adaa-5916898b1e07,annotation,"segmentation ring first/last point gap = 3.21px (first=(1839.4398,1262.5708) last=(1840.2697,1259.4707)) -- prompt's assumed x0==x_n-1,y0==y_n-1 invariant does NOT hold for this annotation"
17a82587-e4b1-4529-bd78-07048fd81bd6,annotation,"segmentation ring first/last point gap = 1.55px (first=(315.973,1260.8769) last=(315.573,1262.3769)) -- prompt's assumed x0==x_n-1,y0==y_n-1 invariant does NOT hold for this annotation"
f927fb2e-0a5f-40d9-bf50-a482ef17fec1,annotation,"segmentation ring first/last point gap = 2.66px (first=(267.9841,1147.592) last=(269.8629,1145.7132)) -- prompt's assumed x0==x_n-1,y0==y_n-1 invariant does NOT hold for this annotation"
0fa2661f-11b0-4d16-8d65-8015fcf32465,annotation,"segmentation ring first/last point gap = 2.59px (first=(1107.7274,442.3767) last=(1107.0574,444.8767)) -- prompt's assumed x0==x_n-1,y0==y_n-1 invariant does NOT hold for this annotation"
e5cf1923-d624-42bf-9d53-68c477c9b2d1,annotation,"segmentation ring first/last point gap = 2.00px (first=(1331.0,793.0) last=(1329.0,793.0)) -- prompt's assumed x0==x_n-1,y0==y_n-1 invariant does NOT hold for this annotation"
03ae8e90-fdf9-42ac-adf0-cbebc8a95bab,annotation,"segmentation ring first/last point gap = 4.47px (first=(1106.0,448.0) last=(1110.0,446.0)) -- prompt's assumed x0==x_n-1,y0==y_n-1 invariant does NOT hold for this annotation"
8d503635-671e-457a-9f05-46daa4e758fc,annotation,"segmentation ring first/last point gap = 4.17px (first=(1583.5006,1171.3325) last=(1586.0,1168.0)) -- prompt's assumed x0==x_n-1,y0==y_n-1 invariant does NOT hold for this annotation"
d3a52095-58b8-4f09-81c7-a3987c53b8ae,annotation,"segmentation ring first/last point gap = 1.55px (first=(1034.705,798.9887) last=(1034.305,800.4887)) -- prompt's assumed x0==x_n-1,y0==y_n-1 invariant does NOT hold for this annotation"
4ef9d836-e137-45b3-be58-1fc66fe9909b,annotation,"segmentation ring first/last point gap = 2.37px (first=(680.4831,1195.8483) last=(681.0959,1193.5618)) -- prompt's assumed x0==x_n-1,y0==y_n-1 invariant does NOT hold for this annotation"
fefe6159-7d04-4241-b1c6-34675588d371,annotation,"segmentation ring first/last point gap = 5.81px (first=(1582.0854,1169.1829) last=(1580.0854,1174.6342)) -- prompt's assumed x0==x_n-1,y0==y_n-1 invariant does NOT hold for this annotation"
109e1567-b3f0-49f9-a96c-06c665ddceaa,annotation,"segmentation ring first/last point gap = 3.16px (first=(1111.0,804.0) last=(1108.0,805.0)) -- prompt's assumed x0==x_n-1,y0==y_n-1 invariant does NOT hold for this annotation"
0effee84-cbb7-4172-861b-37f9c6ad4702,annotation,"segmentation ring first/last point gap = 1.41px (first=(1578.0,704.0) last=(1577.0,705.0)) -- prompt's assumed x0==x_n-1,y0==y_n-1 invariant does NOT hold for this annotation"
a936262d-52a3-476f-aae3-d0b367e9fbff,annotation,"segmentation ring first/last point gap = 6.71px (first=(1338.0,1356.0) last=(1341.0,1350.0)) -- prompt's assumed x0==x_n-1,y0==y_n-1 invariant does NOT hold for this annotation"
90d195cd-bf8b-4e08-be5f-52e3ddabeefc,annotation,"segmentation ring first/last point gap = 2.24px (first=(1193.0,1115.0) last=(1192.0,1117.0)) -- prompt's assumed x0==x_n-1,y0==y_n-1 invariant does NOT hold for this annotation"
5bb587d2-b09e-458e-979e-d12431f6c484,annotation,"segmentation ring first/last point gap = 2.83px (first=(1355.0,1561.0) last=(1353.0,1563.0)) -- prompt's assumed x0==x_n-1,y0==y_n-1 invariant does NOT hold for this annotation"
f71cddbe-1187-4611-b542-d2a209e6ff6a,annotation,"segmentation ring first/last point gap = 4.47px (first=(1577.0,701.0) last=(1575.0,705.0)) -- prompt's assumed x0==x_n-1,y0==y_n-1 invariant does NOT hold for this annotation"
e45e984e-d9df-4447-8afe-3842bfef8351,annotation,"segmentation ring first/last point gap = 1.41px (first=(1111.0,806.0) last=(1112.0,805.0)) -- prompt's assumed x0==x_n-1,y0==y_n-1 invariant does NOT hold for this annotation"
b06cb83a-347d-4ef1-a644-c9c454bad77c,annotation,"segmentation ring first/last point gap = 1.93px (first=(1343.4252,1346.6311) last=(1343.186,1348.5444)) -- prompt's assumed x0==x_n-1,y0==y_n-1 invariant does NOT hold for this annotation"
937e28ae-7c10-42a2-833c-bda7741d2ccf,annotation,"segmentation ring first/last point gap = 3.07px (first=(1190.0,1117.0) last=(1187.2559,1115.628)) -- prompt's assumed x0==x_n-1,y0==y_n-1 invariant does NOT hold for this annotation"
d9053571-777c-4a20-b9a4-84024f6d757f,annotation,"segmentation ring first/last point gap = 2.45px (first=(1342.0414,1572.719) last=(1340.0839,1574.1871)) -- prompt's assumed x0==x_n-1,y0==y_n-1 invariant does NOT hold for this annotation"
db3edc3c-a7c9-4d95-a6fa-d178897ef331,annotation,"segmentation ring first/last point gap = 2.59px (first=(1067.0052,1595.5737) last=(1066.3352,1598.0737)) -- prompt's assumed x0==x_n-1,y0==y_n-1 invariant does NOT hold for this annotation"
02555654-ef1f-45fa-a05a-8bc2940bda9f,annotation,"segmentation ring first/last point gap = 2.59px (first=(525.2984,1271.6072) last=(525.9684,1269.1072)) -- prompt's assumed x0==x_n-1,y0==y_n-1 invariant does NOT hold for this annotation"
0e24d1ed-2843-4fc4-bd86-5d435c62c338,annotation,"segmentation ring first/last point gap = 2.52px (first=(356.0683,1435.4678) last=(353.6335,1436.1204)) -- prompt's assumed x0==x_n-1,y0==y_n-1 invariant does NOT hold for this annotation"
d46d13ad-4a2b-4c3a-a556-0061f71b0dfa,annotation,"segmentation ring first/last point gap = 2.59px (first=(1131.1864,1578.0482) last=(1131.8564,1575.5482)) -- prompt's assumed x0==x_n-1,y0==y_n-1 invariant does NOT hold for this annotation"
d02f81a7-51cf-4408-b750-7b71255bf37a,annotation,"segmentation ring first/last point gap = 2.59px (first=(1134.2445,1581.8541) last=(1134.9145,1579.3541)) -- prompt's assumed x0==x_n-1,y0==y_n-1 invariant does NOT hold for this annotation"
88ba887a-6e93-441d-a952-eef1711b27aa,annotation,"segmentation ring first/last point gap = 5.66px (first=(1249.0,766.0) last=(1245.0,770.0)) -- prompt's assumed x0==x_n-1,y0==y_n-1 invariant does NOT hold for this annotation"
8eb86ed4-8c9a-4fe4-b9b6-2e566557d5b9,annotation,"segmentation ring first/last point gap = 1.60px (first=(344.6984,894.8035) last=(344.2884,896.3535)) -- prompt's assumed x0==x_n-1,y0==y_n-1 invariant does NOT hold for this annotation"
9b111ac7-6026-4acd-8251-dd521a015f2d,annotation,"segmentation ring first/last point gap = 3.61px (first=(534.0,1162.0) last=(536.0,1159.0)) -- prompt's assumed x0==x_n-1,y0==y_n-1 invariant does NOT hold for this annotation"
e2abaa3a-938b-45d4-aaf6-c2d148b008a7,annotation,"segmentation ring first/last point gap = 1.60px (first=(1543.4153,1413.7263) last=(1543.0053,1415.2763)) -- prompt's assumed x0==x_n-1,y0==y_n-1 invariant does NOT hold for this annotation"
8b52d94d-0cc7-47e5-ab27-5207ac5f962f,annotation,"segmentation ring first/last point gap = 2.59px (first=(606.5833,1225.6496) last=(607.2533,1223.1496)) -- prompt's assumed x0==x_n-1,y0==y_n-1 invariant does NOT hold for this annotation"
27968938-b7d8-456e-80cb-c007a1ad3d75,annotation,"segmentation ring first/last point gap = 2.59px (first=(1560.7848,1410.682) last=(1560.1148,1413.182)) -- prompt's assumed x0==x_n-1,y0==y_n-1 invariant does NOT hold for this annotation"
d30787b5-96cf-4980-8192-8f49f067a32a,annotation,"segmentation ring first/last point gap = 1.60px (first=(694.1204,888.2254) last=(693.7104,889.7754)) -- prompt's assumed x0==x_n-1,y0==y_n-1 invariant does NOT hold for this annotation"
670b21f3-0294-41ae-8692-b5de4b6a4a1f,annotation,"segmentation ring first/last point gap = 1.68px (first=(540.8657,1158.9766) last=(540.4257,1160.5966)) -- prompt's assumed x0==x_n-1,y0==y_n-1 invariant does NOT hold for this annotation"
579f7eb7-bcba-408d-b048-aa8008a850e5,annotation,"segmentation ring first/last point gap = 4.12px (first=(1547.0,1412.0) last=(1543.0,1413.0)) -- prompt's assumed x0==x_n-1,y0==y_n-1 invariant does NOT hold for this annotation"
05bb2ee4-09c9-477f-af7d-cf9c82338da8,annotation,"segmentation ring first/last point gap = 3.61px (first=(1801.0,1359.0) last=(1799.0,1362.0)) -- prompt's assumed x0==x_n-1,y0==y_n-1 invariant does NOT hold for this annotation"
0c8cbe19-3484-4631-b4c8-227165b09c4f,annotation,"segmentation ring first/last point gap = 1.60px (first=(1393.0147,1392.0786) last=(1392.6047,1393.6286)) -- prompt's assumed x0==x_n-1,y0==y_n-1 invariant does NOT hold for this annotation"
1bff3311-007a-4bd3-8576-f250bfab306c,annotation,"segmentation ring first/last point gap = 5.00px (first=(1051.0,951.0) last=(1056.0,951.0)) -- prompt's assumed x0==x_n-1,y0==y_n-1 invariant does NOT hold for this annotation"
8b1e8651-107e-4c9a-b568-e53423486871,annotation,"segmentation ring first/last point gap = 2.83px (first=(985.0,796.0) last=(987.0,794.0)) -- prompt's assumed x0==x_n-1,y0==y_n-1 invariant does NOT hold for this annotation"
07be22cc-5e50-4ec5-9be1-e460617d92a6,annotation,"segmentation ring first/last point gap = 1.41px (first=(694.0,894.0) last=(693.0,895.0)) -- prompt's assumed x0==x_n-1,y0==y_n-1 invariant does NOT hold for this annotation"
c3c25ab2-0a0e-4944-9151-18fa1dd797c9,annotation,"segmentation ring first/last point gap = 2.59px (first=(452.6113,842.122) last=(453.2813,839.622)) -- prompt's assumed x0==x_n-1,y0==y_n-1 invariant does NOT hold for this annotation"
235d537f-bcea-4a82-9a62-b38a6ee79ed9,annotation,"segmentation ring first/last point gap = 1.41px (first=(269.0,930.0) last=(268.0,931.0)) -- prompt's assumed x0==x_n-1,y0==y_n-1 invariant does NOT hold for this annotation"
daf17e52-d345-47b2-ac37-b669a21ee356,annotation,"segmentation ring first/last point gap = 2.83px (first=(1081.0,1781.0) last=(1083.0,1779.0)) -- prompt's assumed x0==x_n-1,y0==y_n-1 invariant does NOT hold for this annotation"
d97819dd-5056-4313-adb3-c7ee6bee2e3d,annotation,"segmentation ring first/last point gap = 1.41px (first=(694.0,894.0) last=(693.0,895.0)) -- prompt's assumed x0==x_n-1,y0==y_n-1 invariant does NOT hold for this annotation"
935da006-5e3c-45c8-834d-ea51e012a771,annotation,"segmentation ring first/last point gap = 2.83px (first=(1080.0,1776.0) last=(1078.0,1778.0)) -- prompt's assumed x0==x_n-1,y0==y_n-1 invariant does NOT hold for this annotation"
67df8bc5-29b9-48e6-89bf-e7316cddffe5,annotation,"segmentation ring first/last point gap = 3.98px (first=(1321.0338,563.8646) last=(1322.0,560.0)) -- prompt's assumed x0==x_n-1,y0==y_n-1 invariant does NOT hold for this annotation"
0b00099c-a6ec-4c45-b86d-2d05977419c3,annotation,"segmentation ring first/last point gap = 4.18px (first=(676.6032,830.2349) last=(675.5232,834.2749)) -- prompt's assumed x0==x_n-1,y0==y_n-1 invariant does NOT hold for this annotation"
4fed10f6-ddd6-4406-a514-f3f916ac71de,annotation,"segmentation ring first/last point gap = 2.59px (first=(1321.4936,561.2543) last=(1320.8236,563.7543)) -- prompt's assumed x0==x_n-1,y0==y_n-1 invariant does NOT hold for this annotation"
f89c9e26-2057-44c8-978a-8a60e2def87e,annotation,"segmentation ring first/last point gap = 2.59px (first=(690.4502,837.7152) last=(691.1202,835.2152)) -- prompt's assumed x0==x_n-1,y0==y_n-1 invariant does NOT hold for this annotation"
1b24030f-b99b-49e3-9de3-dfab478556d5,annotation,"segmentation ring first/last point gap = 6.77px (first=(1770.8917,1472.7879) last=(1772.6417,1466.2479)) -- prompt's assumed x0==x_n-1,y0==y_n-1 invariant does NOT hold for this annotation"
1e48fecf-03f0-4ad7-84d0-999f1bea0b8f,annotation,"segmentation ring first/last point gap = 7.81px (first=(1204.0,1258.0) last=(1198.0,1263.0)) -- prompt's assumed x0==x_n-1,y0==y_n-1 invariant does NOT hold for this annotation"
4c54cc2b-a592-4cad-bc66-b4a485ddf6bb,annotation,"segmentation ring first/last point gap = 6.77px (first=(1151.9481,892.1393) last=(1150.1981,898.6793)) -- prompt's assumed x0==x_n-1,y0==y_n-1 invariant does NOT hold for this annotation"
d6ce82a4-9cc6-46a3-9531-a35206e8ea50,annotation,"segmentation ring first/last point gap = 1.28px (first=(1060.5765,698.1542) last=(1060.9068,696.9219)) -- prompt's assumed x0==x_n-1,y0==y_n-1 invariant does NOT hold for this annotation"
35c64952-0f0f-4995-a6e3-cf2f8b4f2269,annotation,"segmentation ring first/last point gap = 1.41px (first=(1402.0,1319.0) last=(1401.0,1320.0)) -- prompt's assumed x0==x_n-1,y0==y_n-1 invariant does NOT hold for this annotation"
1921b823-5dfd-4e94-b4df-d5d4e5b7e2af,annotation,"segmentation ring first/last point gap = 2.59px (first=(1673.5205,1109.5624) last=(1672.8505,1112.0624)) -- prompt's assumed x0==x_n-1,y0==y_n-1 invariant does NOT hold for this annotation"
2a396231-888c-4f80-86da-98ed9ec161b1,annotation,"segmentation ring first/last point gap = 2.59px (first=(1494.9359,738.0943) last=(1494.2659,740.5943)) -- prompt's assumed x0==x_n-1,y0==y_n-1 invariant does NOT hold for this annotation"
a4d65af8-a7bf-4042-9eb9-e742021fea50,annotation,"segmentation ring first/last point gap = 2.59px (first=(1395.4898,1339.7015) last=(1394.8198,1342.2015)) -- prompt's assumed x0==x_n-1,y0==y_n-1 invariant does NOT hold for this annotation"
384680c1-af04-4b0a-b87d-33d568d51eb3,annotation,"segmentation ring first/last point gap = 2.59px (first=(1773.748,1468.305) last=(1773.078,1470.805)) -- prompt's assumed x0==x_n-1,y0==y_n-1 invariant does NOT hold for this annotation"
0136d6b6-fa67-425e-bfca-d56eb40629bc,annotation,"segmentation ring first/last point gap = 1.60px (first=(1493.0012,739.6196) last=(1492.5912,741.1696)) -- prompt's assumed x0==x_n-1,y0==y_n-1 invariant does NOT hold for this annotation"
7896cfc0-de4b-474c-99a9-4f5425c6693c,annotation,"segmentation ring first/last point gap = 1.60px (first=(1702.2092,1081.1769) last=(1701.7992,1082.7269)) -- prompt's assumed x0==x_n-1,y0==y_n-1 invariant does NOT hold for this annotation"
8ded6882-1501-4123-beef-35cb70b9aaba,annotation,"segmentation ring first/last point gap = 4.18px (first=(1412.1235,1326.4466) last=(1411.0435,1330.4866)) -- prompt's assumed x0==x_n-1,y0==y_n-1 invariant does NOT hold for this annotation"
4937bc1a-25c3-46b3-8699-5fc630ca48e5,annotation,"segmentation ring first/last point gap = 1.76px (first=(1456.9355,847.871) last=(1455.6889,849.1176)) -- prompt's assumed x0==x_n-1,y0==y_n-1 invariant does NOT hold for this annotation"
a2097123-94f5-4a93-9c7a-69251278d861,annotation,"segmentation ring first/last point gap = 2.00px (first=(1818.4157,1328.5843) last=(1817.0,1330.0)) -- prompt's assumed x0==x_n-1,y0==y_n-1 invariant does NOT hold for this annotation"
99357ab9-9194-4991-ae88-9400b6e5bd4a,annotation,"segmentation ring first/last point gap = 1.60px (first=(1781.9395,1363.4646) last=(1781.5295,1365.0146)) -- prompt's assumed x0==x_n-1,y0==y_n-1 invariant does NOT hold for this annotation"
8a12d227-5027-4370-b991-e8142a6ca99e,annotation,"segmentation ring first/last point gap = 1.11px (first=(557.0,1349.0) last=(556.213,1349.787)) -- prompt's assumed x0==x_n-1,y0==y_n-1 invariant does NOT hold for this annotation"
b2549344-5760-40c1-b241-d7b9558dbe6d,annotation,"segmentation ring first/last point gap = 2.24px (first=(676.0,1423.0) last=(677.0,1421.0)) -- prompt's assumed x0==x_n-1,y0==y_n-1 invariant does NOT hold for this annotation"
cee0a35b-464b-4642-ac18-988f165886fe,annotation,"segmentation ring first/last point gap = 1.39px (first=(1462.3513,843.8529) last=(1462.0395,845.2041)) -- prompt's assumed x0==x_n-1,y0==y_n-1 invariant does NOT hold for this annotation"
fab7b062-250e-4e9a-8c9e-2d74a46863e8,annotation,"segmentation ring first/last point gap = 1.60px (first=(615.8935,1490.1853) last=(615.4835,1491.7353)) -- prompt's assumed x0==x_n-1,y0==y_n-1 invariant does NOT hold for this annotation"
711228c2-c891-4a14-80c4-707147c26d63,annotation,"segmentation ring first/last point gap = 1.60px (first=(1096.9114,868.6239) last=(1097.3214,867.0739)) -- prompt's assumed x0==x_n-1,y0==y_n-1 invariant does NOT hold for this annotation"
13b4a2e0-930b-4b56-978b-7574702f1f7a,annotation,"segmentation ring first/last point gap = 1.60px (first=(1481.4393,788.8992) last=(1481.8493,787.3492)) -- prompt's assumed x0==x_n-1,y0==y_n-1 invariant does NOT hold for this annotation"
6e3be095-1bf5-48fe-bd58-570b709bc097,annotation,"segmentation ring first/last point gap = 2.59px (first=(689.6085,448.0213) last=(688.9385,450.5213)) -- prompt's assumed x0==x_n-1,y0==y_n-1 invariant does NOT hold for this annotation"
374dcab7-6786-4217-9ab3-a16cb33c5a15,annotation,"segmentation ring first/last point gap = 1.41px (first=(1653.0,704.0) last=(1654.0,703.0)) -- prompt's assumed x0==x_n-1,y0==y_n-1 invariant does NOT hold for this annotation"
23ad4e89-9ad8-4765-a44f-c73c4aff279b,annotation,"segmentation ring first/last point gap = 5.83px (first=(1154.0,548.0) last=(1149.0,551.0)) -- prompt's assumed x0==x_n-1,y0==y_n-1 invariant does NOT hold for this annotation"
dac6fd28-8398-49f7-a6a3-13515097b02c,annotation,"segmentation ring first/last point gap = 7.00px (first=(1614.0,462.0) last=(1607.0,462.0)) -- prompt's assumed x0==x_n-1,y0==y_n-1 invariant does NOT hold for this annotation"
4005764a-a592-4456-ac72-3f1defcf9f49,annotation,"segmentation ring first/last point gap = 2.83px (first=(688.0,966.0) last=(686.0,968.0)) -- prompt's assumed x0==x_n-1,y0==y_n-1 invariant does NOT hold for this annotation"
70e13bbb-d1bf-409a-94b0-1ddab2c5b1e2,annotation,"segmentation ring first/last point gap = 2.83px (first=(1655.0,701.0) last=(1653.0,703.0)) -- prompt's assumed x0==x_n-1,y0==y_n-1 invariant does NOT hold for this annotation"
37d40723-dd6c-45ce-a388-86a3f0091d95,annotation,"segmentation ring first/last point gap = 3.78px (first=(1304.0,642.0) last=(1301.3249,644.6751)) -- prompt's assumed x0==x_n-1,y0==y_n-1 invariant does NOT hold for this annotation"
8c22ffab-c9d3-4c03-8c31-810a7a544468,annotation,"segmentation ring first/last point gap = 1.41px (first=(1353.0,708.0) last=(1352.0,709.0)) -- prompt's assumed x0==x_n-1,y0==y_n-1 invariant does NOT hold for this annotation"
45c5317f-bb0f-469e-80a5-189616f0fa1f,annotation,"segmentation ring first/last point gap = 4.18px (first=(701.9846,738.855) last=(700.9046,742.895)) -- prompt's assumed x0==x_n-1,y0==y_n-1 invariant does NOT hold for this annotation"
ae346e35-06cf-4080-ba7b-40cd0b1993a6,annotation,"segmentation ring first/last point gap = 1.04px (first=(1695.6723,608.6256) last=(1695.4023,609.6256)) -- prompt's assumed x0==x_n-1,y0==y_n-1 invariant does NOT hold for this annotation"
67bc76cf-306d-482c-ba4e-dd07777e9ea8,annotation,"segmentation ring first/last point gap = 2.59px (first=(657.4701,1477.8464) last=(658.1401,1475.3464)) -- prompt's assumed x0==x_n-1,y0==y_n-1 invariant does NOT hold for this annotation"
cdce1416-a3e9-4c8e-8a2d-834f79f19bfb,annotation,"segmentation ring first/last point gap = 1.60px (first=(1602.0596,881.1911) last=(1602.4696,879.6411)) -- prompt's assumed x0==x_n-1,y0==y_n-1 invariant does NOT hold for this annotation"
8cb06e34-37b5-48aa-819a-a4f27d39bdb1,annotation,"segmentation ring first/last point gap = 2.59px (first=(1004.5164,513.7005) last=(1005.1864,511.2005)) -- prompt's assumed x0==x_n-1,y0==y_n-1 invariant does NOT hold for this annotation"
f2603385-c226-4672-8244-8ea7fac5feb4,annotation,"segmentation ring first/last point gap = 1.60px (first=(738.9618,1468.8796) last=(739.3718,1467.3296)) -- prompt's assumed x0==x_n-1,y0==y_n-1 invariant does NOT hold for this annotation"
f8099362-00ee-4c68-a540-4073528cd01d,annotation,"segmentation ring first/last point gap = 1.60px (first=(700.6073,726.0533) last=(700.1973,727.6033)) -- prompt's assumed x0==x_n-1,y0==y_n-1 invariant does NOT hold for this annotation"
56064e24-4ad3-481a-a6df-e861a15bb26d,annotation,"segmentation ring first/last point gap = 1.60px (first=(1018.4058,514.846) last=(1018.8158,513.296)) -- prompt's assumed x0==x_n-1,y0==y_n-1 invariant does NOT hold for this annotation"
42cf0392-5f19-49bc-9318-f56d6d522f5c,annotation,"segmentation ring first/last point gap = 1.60px (first=(1845.7583,1056.4771) last=(1846.1683,1054.9271)) -- prompt's assumed x0==x_n-1,y0==y_n-1 invariant does NOT hold for this annotation"
6ea2e9ff-7c09-4be1-8462-d6beb17a5ed1,annotation,"segmentation ring first/last point gap = 1.60px (first=(1705.7199,628.8896) last=(1706.1299,627.3396)) -- prompt's assumed x0==x_n-1,y0==y_n-1 invariant does NOT hold for this annotation"
e5636c69-5d91-4212-ac08-ae68d97dae6f,annotation,"segmentation ring first/last point gap = 2.59px (first=(613.0092,1078.6583) last=(612.3392,1081.1583)) -- prompt's assumed x0==x_n-1,y0==y_n-1 invariant does NOT hold for this annotation"
38eb1188-30e0-4ad8-a8e6-2f4b8634134e,annotation,"segmentation ring first/last point gap = 1.60px (first=(868.3402,682.9372) last=(868.7502,681.3872)) -- prompt's assumed x0==x_n-1,y0==y_n-1 invariant does NOT hold for this annotation"
6b14c63a-21e6-4915-9410-6dc3c3344385,annotation,"segmentation ring first/last point gap = 1.60px (first=(1083.7729,798.3221) last=(1083.3629,799.8721)) -- prompt's assumed x0==x_n-1,y0==y_n-1 invariant does NOT hold for this annotation"
a936cae7-0104-43aa-918c-a69e42601cb2,annotation,"segmentation ring first/last point gap = 1.60px (first=(1560.5007,1249.9593) last=(1560.0907,1251.5093)) -- prompt's assumed x0==x_n-1,y0==y_n-1 invariant does NOT hold for this annotation"
e8076697-63a8-4ee9-b25c-2703e5427b93,annotation,"segmentation ring first/last point gap = 2.59px (first=(1131.9395,1807.6698) last=(1131.2695,1810.1698)) -- prompt's assumed x0==x_n-1,y0==y_n-1 invariant does NOT hold for this annotation"
a624a975-ca80-430f-9bab-d440daeeb18d,annotation,"segmentation ring first/last point gap = 2.59px (first=(1463.7404,1745.9655) last=(1463.0704,1748.4655)) -- prompt's assumed x0==x_n-1,y0==y_n-1 invariant does NOT hold for this annotation"
1c98f2e0-0bd4-47e2-9bf5-e2bd38738f62,annotation,"segmentation ring first/last point gap = 2.59px (first=(1712.2391,1481.1893) last=(1711.5691,1483.6893)) -- prompt's assumed x0==x_n-1,y0==y_n-1 invariant does NOT hold for this annotation"
ae2d5885-eb97-4f63-b1c0-304218fce65d,annotation,"segmentation ring first/last point gap = 2.59px (first=(827.1163,723.6669) last=(827.7863,721.1669)) -- prompt's assumed x0==x_n-1,y0==y_n-1 invariant does NOT hold for this annotation"
a00a6471-0593-4650-8904-63f09fc386cd,annotation,"segmentation ring first/last point gap = 2.59px (first=(835.6598,1502.0077) last=(836.3298,1499.5077)) -- prompt's assumed x0==x_n-1,y0==y_n-1 invariant does NOT hold for this annotation"
4cfd8c17-8e45-4897-bf79-2c7dc02688ec,annotation,"segmentation ring first/last point gap = 1.60px (first=(990.4315,679.1541) last=(990.8415,677.6041)) -- prompt's assumed x0==x_n-1,y0==y_n-1 invariant does NOT hold for this annotation"
91242cd9-4818-4247-93db-a86c2fdec8a5,annotation,"segmentation ring first/last point gap = 1.60px (first=(586.298,1285.8052) last=(585.888,1287.3552)) -- prompt's assumed x0==x_n-1,y0==y_n-1 invariant does NOT hold for this annotation"
f7667f3c-8548-49a3-9da3-fe815c798d87,annotation,"segmentation ring first/last point gap = 2.59px (first=(1608.0674,1516.8365) last=(1608.7374,1514.3365)) -- prompt's assumed x0==x_n-1,y0==y_n-1 invariant does NOT hold for this annotation"
36a609b1-93fa-48ee-ad46-27c60ecedd7b,annotation,"segmentation ring first/last point gap = 2.59px (first=(1309.8945,1379.0702) last=(1310.5645,1376.5702)) -- prompt's assumed x0==x_n-1,y0==y_n-1 invariant does NOT hold for this annotation"
b6352c61-4d9e-4e2c-9a51-c30180a46d5a,annotation,"segmentation ring first/last point gap = 1.60px (first=(1815.4409,652.0425) last=(1815.8509,650.4925)) -- prompt's assumed x0==x_n-1,y0==y_n-1 invariant does NOT hold for this annotation"
aaa812ab-a61a-4b37-bdef-6f900bd8b18d,annotation,"segmentation ring first/last point gap = 2.59px (first=(711.9161,1234.0) last=(712.5861,1231.5)) -- prompt's assumed x0==x_n-1,y0==y_n-1 invariant does NOT hold for this annotation"
32635c7a-80e6-4a97-adb4-e3a77b36cfcf,annotation,"segmentation ring first/last point gap = 2.59px (first=(1049.1104,1553.6592) last=(1048.4404,1556.1592)) -- prompt's assumed x0==x_n-1,y0==y_n-1 invariant does NOT hold for this annotation"
f1a14983-9830-44cb-8b53-b37a3b3c98c2,annotation,"segmentation ring first/last point gap = 1.60px (first=(1069.3308,650.4242) last=(1069.7408,648.8742)) -- prompt's assumed x0==x_n-1,y0==y_n-1 invariant does NOT hold for this annotation"
dd515473-8a09-4918-aacb-ee13d3128bce,annotation,"segmentation ring first/last point gap = 1.60px (first=(881.8706,412.4499) last=(882.2806,410.8999)) -- prompt's assumed x0==x_n-1,y0==y_n-1 invariant does NOT hold for this annotation"
7e42039c-3552-4c4c-9ec1-30bbaf6120d8,annotation,"segmentation ring first/last point gap = 1.10px (first=(1224.3564,554.4589) last=(1224.0664,555.5189)) -- prompt's assumed x0==x_n-1,y0==y_n-1 invariant does NOT hold for this annotation"
e63f2983-77f4-48d8-a236-21c9f8d6b204,annotation,"segmentation ring first/last point gap = 3.91px (first=(1689.134,593.3265) last=(1686.3682,596.0923)) -- prompt's assumed x0==x_n-1,y0==y_n-1 invariant does NOT hold for this annotation"
39381e03-c744-47d3-bffd-864ef0184fd8,annotation,"segmentation ring first/last point gap = 2.59px (first=(916.855,1822.3104) last=(917.525,1819.8104)) -- prompt's assumed x0==x_n-1,y0==y_n-1 invariant does NOT hold for this annotation"
8b42684f-2ea9-4919-aff1-5c6fb1ebfc89,annotation,"segmentation ring first/last point gap = 1.04px (first=(1433.7532,629.6289) last=(1433.4832,630.6289)) -- prompt's assumed x0==x_n-1,y0==y_n-1 invariant does NOT hold for this annotation"
e3e366c8-12b0-4a91-8aa9-db23ff00c2bd,annotation,"segmentation ring first/last point gap = 3.61px (first=(1822.0,1322.0) last=(1820.0,1325.0)) -- prompt's assumed x0==x_n-1,y0==y_n-1 invariant does NOT hold for this annotation"
6975959c-2aa8-4191-9bc9-020d6a6a4ff8,annotation,"segmentation ring first/last point gap = 3.61px (first=(703.0,524.0) last=(706.0,522.0)) -- prompt's assumed x0==x_n-1,y0==y_n-1 invariant does NOT hold for this annotation"
d83ececc-3ef3-49af-b7f0-e5efdbcd897c,annotation,"segmentation ring first/last point gap = 3.58px (first=(912.7973,891.7621) last=(910.0,894.0)) -- prompt's assumed x0==x_n-1,y0==y_n-1 invariant does NOT hold for this annotation"
50572478-f644-42e5-961a-10c032586a96,annotation,"segmentation ring first/last point gap = 5.00px (first=(1302.0,1387.0) last=(1299.0,1391.0)) -- prompt's assumed x0==x_n-1,y0==y_n-1 invariant does NOT hold for this annotation"
d758aff7-d090-46fe-a94e-551918b0037e,annotation,"segmentation ring first/last point gap = 5.07px (first=(1038.4597,1270.4597) last=(1033.4005,1270.8211)) -- prompt's assumed x0==x_n-1,y0==y_n-1 invariant does NOT hold for this annotation"
5babb8b7-7f66-48b2-916e-6850e534ea15,annotation,"segmentation ring first/last point gap = 1.72px (first=(789.0,1077.0315) last=(788.233,1078.5655)) -- prompt's assumed x0==x_n-1,y0==y_n-1 invariant does NOT hold for this annotation"
43f00358-bb14-42f3-8f03-ab8768b69806,annotation,"segmentation ring first/last point gap = 2.59px (first=(596.2797,674.1569) last=(595.6097,676.6569)) -- prompt's assumed x0==x_n-1,y0==y_n-1 invariant does NOT hold for this annotation"
2ec879b7-31d0-4e1a-af04-8678f3389832,annotation,"segmentation ring first/last point gap = 8.08px (first=(779.3021,1088.577) last=(784.0,1082.0)) -- prompt's assumed x0==x_n-1,y0==y_n-1 invariant does NOT hold for this annotation"
d3d1f48d-1b48-4ceb-b49e-1004964f73cc,annotation,"segmentation ring first/last point gap = 1.41px (first=(583.0,670.0) last=(582.0,671.0)) -- prompt's assumed x0==x_n-1,y0==y_n-1 invariant does NOT hold for this annotation"
d06e5383-659f-4838-b214-e17e4524b740,annotation,"segmentation ring first/last point gap = 1.60px (first=(435.0994,978.7941) last=(435.5094,977.2441)) -- prompt's assumed x0==x_n-1,y0==y_n-1 invariant does NOT hold for this annotation"
416e412d-52b9-4c25-ae0e-74ad4198e973,annotation,"segmentation ring first/last point gap = 1.74px (first=(787.4643,1075.9282) last=(787.0134,1077.6108)) -- prompt's assumed x0==x_n-1,y0==y_n-1 invariant does NOT hold for this annotation"
ddc786c1-36cf-4608-b957-65f95045bb27,annotation,"segmentation ring first/last point gap = 2.59px (first=(589.6254,675.7397) last=(590.2954,673.2397)) -- prompt's assumed x0==x_n-1,y0==y_n-1 invariant does NOT hold for this annotation"
96af0bcd-9715-491c-aa89-66a2b114960d,annotation,"segmentation ring first/last point gap = 7.07px (first=(434.0,974.0) last=(433.0,981.0)) -- prompt's assumed x0==x_n-1,y0==y_n-1 invariant does NOT hold for this annotation"
f2859eaa-f3a9-4849-9226-0401e5798cf7,annotation,"segmentation ring first/last point gap = 1.60px (first=(1324.0788,975.0329) last=(1324.4888,973.4829)) -- prompt's assumed x0==x_n-1,y0==y_n-1 invariant does NOT hold for this annotation"
30c96e3a-3837-4d62-acf9-5a5d9e6dde5e,annotation,"segmentation ring first/last point gap = 1.60px (first=(1530.403,631.6839) last=(1530.813,630.1339)) -- prompt's assumed x0==x_n-1,y0==y_n-1 invariant does NOT hold for this annotation"
bbd3d4d5-ef98-4dee-8824-6f0ad916aba9,annotation,"segmentation ring first/last point gap = 1.60px (first=(610.6575,921.8873) last=(610.2475,923.4373)) -- prompt's assumed x0==x_n-1,y0==y_n-1 invariant does NOT hold for this annotation"
7ae86579-a59e-4453-90d9-983e2d49f498,annotation,"segmentation ring first/last point gap = 2.59px (first=(1070.8754,1328.63) last=(1070.2054,1331.13)) -- prompt's assumed x0==x_n-1,y0==y_n-1 invariant does NOT hold for this annotation"
a1c376a5-b287-4b23-be7a-7dc6a266510e,annotation,"segmentation ring first/last point gap = 2.59px (first=(590.8968,745.5426) last=(591.5668,743.0426)) -- prompt's assumed x0==x_n-1,y0==y_n-1 invariant does NOT hold for this annotation"
4f0a466a-ae37-47ca-9eca-0a5d823beda2,annotation,"segmentation ring first/last point gap = 1.60px (first=(949.0083,955.9446) last=(949.4183,954.3946)) -- prompt's assumed x0==x_n-1,y0==y_n-1 invariant does NOT hold for this annotation"
aa0b7685-7a85-4771-a857-610fb2e677c9,annotation,"segmentation ring first/last point gap = 1.29px (first=(783.9992,1235.4501) last=(783.6692,1236.7001)) -- prompt's assumed x0==x_n-1,y0==y_n-1 invariant does NOT hold for this annotation"
530c0aa2-3b71-434d-ad7a-083bba46178d,annotation,"segmentation ring first/last point gap = 1.60px (first=(945.9101,565.3202) last=(946.3201,563.7702)) -- prompt's assumed x0==x_n-1,y0==y_n-1 invariant does NOT hold for this annotation"
049fb782-f1a3-471c-9e93-61d511dcdcfd,annotation,"segmentation ring first/last point gap = 1.60px (first=(1129.4763,1720.8197) last=(1129.0663,1722.3697)) -- prompt's assumed x0==x_n-1,y0==y_n-1 invariant does NOT hold for this annotation"
79e753d6-ef9b-4bf3-ba7b-d170540e0fa8,annotation,"segmentation ring first/last point gap = 1.41px (first=(703.0,644.0) last=(702.0,645.0)) -- prompt's assumed x0==x_n-1,y0==y_n-1 invariant does NOT hold for this annotation"
1cc98b96-3a10-4f4f-83fd-0baf6a947f7b,annotation,"segmentation ring first/last point gap = 4.47px (first=(686.0,637.0) last=(684.0,641.0)) -- prompt's assumed x0==x_n-1,y0==y_n-1 invariant does NOT hold for this annotation"
e84b1b65-94c8-4196-b264-6ca621166bc5,annotation,"segmentation ring first/last point gap = 3.61px (first=(1432.0,1317.0) last=(1429.0,1319.0)) -- prompt's assumed x0==x_n-1,y0==y_n-1 invariant does NOT hold for this annotation"
8a079b9f-71a5-4ef2-be2e-6580f1e68b5a,annotation,"segmentation ring first/last point gap = 1.29px (first=(681.773,635.7056) last=(681.443,636.9556)) -- prompt's assumed x0==x_n-1,y0==y_n-1 invariant does NOT hold for this annotation"
42e9c954-d4be-4ada-bc1e-096dc72e838b,annotation,"segmentation ring first/last point gap = 1.04px (first=(347.6253,847.5814) last=(347.3553,848.5814)) -- prompt's assumed x0==x_n-1,y0==y_n-1 invariant does NOT hold for this annotation"
867b1432-23d0-4104-985c-af6a23f12684,annotation,"segmentation ring first/last point gap = 1.04px (first=(1536.6986,859.5839) last=(1536.4286,860.5839)) -- prompt's assumed x0==x_n-1,y0==y_n-1 invariant does NOT hold for this annotation"
fe481bee-789a-4965-a168-6c10b51ce5c6,annotation,"segmentation ring first/last point gap = 1.60px (first=(940.3504,532.6422) last=(940.5495,531.0498)) -- prompt's assumed x0==x_n-1,y0==y_n-1 invariant does NOT hold for this annotation"
45b2d050-38b5-4fe6-b83d-ecad49de9121,annotation,"segmentation ring first/last point gap = 2.59px (first=(1077.6433,710.9975) last=(1078.3133,708.4975)) -- prompt's assumed x0==x_n-1,y0==y_n-1 invariant does NOT hold for this annotation"
cb87ffe9-f58b-4373-9a21-13f7e62edd81,annotation,"segmentation ring first/last point gap = 2.59px (first=(1587.3546,962.5996) last=(1588.0246,960.0996)) -- prompt's assumed x0==x_n-1,y0==y_n-1 invariant does NOT hold for this annotation"
76bdfca2-8795-4823-bcd2-93b033cea0f5,annotation,"segmentation ring first/last point gap = 2.35px (first=(1074.9985,849.7104) last=(1074.3898,851.9815)) -- prompt's assumed x0==x_n-1,y0==y_n-1 invariant does NOT hold for this annotation"
a8a93a00-272b-44a4-8d84-3524d6c2e9cf,annotation,"segmentation ring first/last point gap = 2.59px (first=(1681.1656,1266.1454) last=(1680.4956,1268.6454)) -- prompt's assumed x0==x_n-1,y0==y_n-1 invariant does NOT hold for this annotation"
2517618c-2da7-47c5-b60b-fe54baa2368f,annotation,"segmentation ring first/last point gap = 2.75px (first=(556.8259,836.0514) last=(555.38,838.3921)) -- prompt's assumed x0==x_n-1,y0==y_n-1 invariant does NOT hold for this annotation"
b94ba239-3e08-409d-b920-8c8cbb30ce2d,annotation,"segmentation ring first/last point gap = 2.59px (first=(1275.7977,1655.0968) last=(1276.4677,1652.5968)) -- prompt's assumed x0==x_n-1,y0==y_n-1 invariant does NOT hold for this annotation"
7790bbc6-8a51-4134-945d-b7d1380fbeaa,annotation,"segmentation ring first/last point gap = 1.60px (first=(925.6612,1147.6138) last=(926.0712,1146.0638)) -- prompt's assumed x0==x_n-1,y0==y_n-1 invariant does NOT hold for this annotation"
49de2f66-c6be-484b-b2ad-479f35296bbe,annotation,"segmentation ring first/last point gap = 8.33px (first=(448.0,1295.0) last=(447.4065,1303.3089)) -- prompt's assumed x0==x_n-1,y0==y_n-1 invariant does NOT hold for this annotation"
1eb1450a-9230-441c-b21d-4acccd8b8ae2,annotation,"segmentation ring first/last point gap = 1.86px (first=(512.1833,1298.6024) last=(514.0,1299.0)) -- prompt's assumed x0==x_n-1,y0==y_n-1 invariant does NOT hold for this annotation"
d403b32b-e4a2-40be-b3f5-92ca93ecf0b6,annotation,"segmentation ring first/last point gap = 1.20px (first=(1298.0769,1461.4616) last=(1297.0,1462.0)) -- prompt's assumed x0==x_n-1,y0==y_n-1 invariant does NOT hold for this annotation"
bdb7f8a7-3e28-40c2-ad9c-0af6979a7db9,annotation,"segmentation ring first/last point gap = 1.60px (first=(939.9568,1312.697) last=(939.5468,1314.247)) -- prompt's assumed x0==x_n-1,y0==y_n-1 invariant does NOT hold for this annotation"
ca74f9a4-c372-44b7-a34d-269dcc954df6,annotation,"segmentation ring first/last point gap = 1.60px (first=(1299.6925,1453.5496) last=(1300.1025,1451.9996)) -- prompt's assumed x0==x_n-1,y0==y_n-1 invariant does NOT hold for this annotation"
c24e1919-9304-4744-962b-2eeb86e14558,annotation,"segmentation ring first/last point gap = 2.59px (first=(1304.6771,1459.0656) last=(1304.0071,1461.5656)) -- prompt's assumed x0==x_n-1,y0==y_n-1 invariant does NOT hold for this annotation"
fb53931a-1ec6-4893-8a38-016cc1d6754e,annotation,"segmentation ring first/last point gap = 1.29px (first=(1839.1055,1220.8526) last=(1839.4355,1219.6026)) -- prompt's assumed x0==x_n-1,y0==y_n-1 invariant does NOT hold for this annotation"
1b11c697-260a-4dc1-8934-f4b60e107d31,annotation,"segmentation ring first/last point gap = 1.60px (first=(1403.9023,957.3425) last=(1403.4923,958.8925)) -- prompt's assumed x0==x_n-1,y0==y_n-1 invariant does NOT hold for this annotation"
fdbd6205-32bb-4007-b120-1e8e5141a6a4,annotation,"segmentation ring first/last point gap = 3.07px (first=(1382.6888,969.5814) last=(1385.7553,969.754)) -- prompt's assumed x0==x_n-1,y0==y_n-1 invariant does NOT hold for this annotation"
b461c5e1-edb2-4398-9ab6-36dffcba7dfe,annotation,"segmentation ring first/last point gap = 1.05px (first=(1123.9359,930.4927) last=(1123.8491,931.5354)) -- prompt's assumed x0==x_n-1,y0==y_n-1 invariant does NOT hold for this annotation"
3136889b-8aae-43b6-affe-662bb7c34fb9,annotation,"segmentation ring first/last point gap = 4.92px (first=(518.9062,913.6863) last=(518.3144,918.5687)) -- prompt's assumed x0==x_n-1,y0==y_n-1 invariant does NOT hold for this annotation"
4570eba8-2d2f-4c38-8c50-b9366d9965bd,annotation,"segmentation ring first/last point gap = 1.41px (first=(770.0,1455.0) last=(769.0,1456.0)) -- prompt's assumed x0==x_n-1,y0==y_n-1 invariant does NOT hold for this annotation"
770b3a02-7c67-474c-a751-846a09d326f2,annotation,"segmentation ring first/last point gap = 2.24px (first=(1587.0,818.0) last=(1586.0,820.0)) -- prompt's assumed x0==x_n-1,y0==y_n-1 invariant does NOT hold for this annotation"
d109360d-da3a-413a-9c43-e5c3b8c678ca,annotation,"segmentation ring first/last point gap = 1.60px (first=(685.8978,909.0503) last=(685.4878,910.6003)) -- prompt's assumed x0==x_n-1,y0==y_n-1 invariant does NOT hold for this annotation"
7a57f556-f3c7-4638-ade8-5f66147a2631,annotation,"segmentation ring first/last point gap = 5.66px (first=(920.0,1142.0) last=(916.0,1146.0)) -- prompt's assumed x0==x_n-1,y0==y_n-1 invariant does NOT hold for this annotation"
1ff1ee5a-68af-4117-86bf-b230708c29ae,annotation,"segmentation ring first/last point gap = 2.24px (first=(768.0,1459.0) last=(769.0,1457.0)) -- prompt's assumed x0==x_n-1,y0==y_n-1 invariant does NOT hold for this annotation"
4730b45f-e446-46bf-9240-47e216ae7ca2,annotation,"segmentation ring first/last point gap = 1.60px (first=(1252.904,1481.4529) last=(1253.314,1479.9029)) -- prompt's assumed x0==x_n-1,y0==y_n-1 invariant does NOT hold for this annotation"
91b2dfbc-c20f-4593-889a-2cbda00fe70d,annotation,"segmentation ring first/last point gap = 1.48px (first=(1387.3563,801.0921) last=(1387.0657,802.5449)) -- prompt's assumed x0==x_n-1,y0==y_n-1 invariant does NOT hold for this annotation"
b81157da-65ce-4911-91a7-36f0ef9636aa,annotation,"segmentation ring first/last point gap = 2.59px (first=(1106.4019,1734.3872) last=(1107.0719,1731.8872)) -- prompt's assumed x0==x_n-1,y0==y_n-1 invariant does NOT hold for this annotation"
e812e7d1-e171-44ec-82c9-27883f9e1192,annotation,"segmentation ring first/last point gap = 4.84px (first=(1769.9583,542.0582) last=(1773.3823,538.6341)) -- prompt's assumed x0==x_n-1,y0==y_n-1 invariant does NOT hold for this annotation"
12223bf9-2236-478e-96ca-dc0d76609d9c,annotation,"segmentation ring first/last point gap = 1.41px (first=(427.0,868.0) last=(428.0,867.0)) -- prompt's assumed x0==x_n-1,y0==y_n-1 invariant does NOT hold for this annotation"
a99d3ab7-4153-41e1-a58f-e2ae1136a095,annotation,"segmentation ring first/last point gap = 3.15px (first=(556.0,692.0) last=(555.3818,695.091)) -- prompt's assumed x0==x_n-1,y0==y_n-1 invariant does NOT hold for this annotation"
44e4c463-c0ee-44a6-b08a-1ba8a0d93e60,annotation,"segmentation ring first/last point gap = 6.40px (first=(1013.0,1239.0) last=(1009.0,1244.0)) -- prompt's assumed x0==x_n-1,y0==y_n-1 invariant does NOT hold for this annotation"
2e597d94-5240-4ad9-ac4b-e35509ce941d,annotation,"segmentation ring first/last point gap = 2.83px (first=(478.0,1418.0) last=(476.0,1420.0)) -- prompt's assumed x0==x_n-1,y0==y_n-1 invariant does NOT hold for this annotation"
a880e21f-33a4-4cb4-b17a-9474473d7831,annotation,"segmentation ring first/last point gap = 2.76px (first=(388.0,968.0) last=(386.0494,969.9506)) -- prompt's assumed x0==x_n-1,y0==y_n-1 invariant does NOT hold for this annotation"
ee019e1a-1585-4872-ac16-a8c7322b1d57,annotation,"segmentation ring first/last point gap = 2.24px (first=(1326.0,915.0) last=(1325.0,917.0)) -- prompt's assumed x0==x_n-1,y0==y_n-1 invariant does NOT hold for this annotation"
a90d590c-a8f3-4314-9b6a-03d3ca3a8feb,annotation,"segmentation ring first/last point gap = 4.47px (first=(1480.0,883.0) last=(1482.0,879.0)) -- prompt's assumed x0==x_n-1,y0==y_n-1 invariant does NOT hold for this annotation"
c57fe5be-b9f6-4fb6-8ff1-22835e5177be,annotation,"segmentation ring first/last point gap = 1.41px (first=(719.0,830.7069) last=(718.1217,829.609)) -- prompt's assumed x0==x_n-1,y0==y_n-1 invariant does NOT hold for this annotation"
53b5680b-2663-4d62-86ee-b121eb4ea1aa,annotation,"segmentation ring first/last point gap = 3.61px (first=(419.0,869.0) last=(422.0,867.0)) -- prompt's assumed x0==x_n-1,y0==y_n-1 invariant does NOT hold for this annotation"
cbf43928-a939-4cc6-9b21-e128fcd67128,annotation,"segmentation ring first/last point gap = 2.83px (first=(1017.0,1236.0) last=(1015.0,1238.0)) -- prompt's assumed x0==x_n-1,y0==y_n-1 invariant does NOT hold for this annotation"
18caf45b-8726-41c1-bf07-7f90e7ffcb24,annotation,"segmentation ring first/last point gap = 1.49px (first=(967.3323,1131.3353) last=(968.0,1130.0)) -- prompt's assumed x0==x_n-1,y0==y_n-1 invariant does NOT hold for this annotation"
8342b3b1-d996-495d-b536-2218aef7586c,annotation,"segmentation ring first/last point gap = 3.30px (first=(1515.0,1394.0) last=(1512.8842,1396.5389)) -- prompt's assumed x0==x_n-1,y0==y_n-1 invariant does NOT hold for this annotation"
0e35f310-ba1b-461d-87a7-c86f36867fa3,annotation,"segmentation ring first/last point gap = 1.60px (first=(736.9081,1567.3864) last=(736.4981,1568.9364)) -- prompt's assumed x0==x_n-1,y0==y_n-1 invariant does NOT hold for this annotation"
4398e27d-6355-4524-ba6e-a47e63948361,annotation,"segmentation ring first/last point gap = 4.14px (first=(1318.2361,885.0281) last=(1317.1661,889.0281)) -- prompt's assumed x0==x_n-1,y0==y_n-1 invariant does NOT hold for this annotation"
9682dab7-e25e-4e28-a110-a65d814d571b,annotation,"segmentation ring first/last point gap = 2.59px (first=(1448.5897,1324.2699) last=(1449.2597,1321.7699)) -- prompt's assumed x0==x_n-1,y0==y_n-1 invariant does NOT hold for this annotation"
c35febbc-1ccd-41f5-ad97-b8d7bd942a0d,annotation,"segmentation ring first/last point gap = 6.77px (first=(1731.336,1460.1116) last=(1733.086,1453.5716)) -- prompt's assumed x0==x_n-1,y0==y_n-1 invariant does NOT hold for this annotation"
330215e6-e2dd-4fd0-9e01-d8aeddb3b2c9,annotation,"segmentation ring first/last point gap = 2.59px (first=(1756.7512,1039.0668) last=(1756.0812,1041.5668)) -- prompt's assumed x0==x_n-1,y0==y_n-1 invariant does NOT hold for this annotation"
39de7aad-84f9-44c2-81b5-41c14eaa8917,annotation,"segmentation ring first/last point gap = 2.59px (first=(1521.8706,902.0275) last=(1522.5406,899.5275)) -- prompt's assumed x0==x_n-1,y0==y_n-1 invariant does NOT hold for this annotation"
e9304499-bf93-47b5-bcfb-3b6e2cabd555,annotation,"segmentation ring first/last point gap = 2.59px (first=(397.8074,1052.8254) last=(397.1374,1055.3254)) -- prompt's assumed x0==x_n-1,y0==y_n-1 invariant does NOT hold for this annotation"
8cc33b8e-4d09-4f8c-a485-57d040e06d79,annotation,"segmentation ring first/last point gap = 1.86px (first=(362.3138,1401.0607) last=(361.8324,1402.857)) -- prompt's assumed x0==x_n-1,y0==y_n-1 invariant does NOT hold for this annotation"
5b6bdecf-388d-44d5-8299-01c648856c16,annotation,"segmentation ring first/last point gap = 2.59px (first=(1266.6717,1547.7917) last=(1266.0017,1550.2917)) -- prompt's assumed x0==x_n-1,y0==y_n-1 invariant does NOT hold for this annotation"
80664f5f-29ed-453a-ab9c-ccbc4d39dad4,annotation,"segmentation ring first/last point gap = 2.59px (first=(905.056,1595.3215) last=(905.726,1592.8215)) -- prompt's assumed x0==x_n-1,y0==y_n-1 invariant does NOT hold for this annotation"
70a3a783-67d5-4e3b-b494-fce2711db0f8,annotation,"segmentation ring first/last point gap = 1.29px (first=(1200.8026,312.3596) last=(1200.4726,313.6096)) -- prompt's assumed x0==x_n-1,y0==y_n-1 invariant does NOT hold for this annotation"
2833bbf4-e6d4-44ff-89a1-029fd82fbe7b,annotation,"segmentation ring first/last point gap = 1.60px (first=(1256.6362,814.8931) last=(1256.2262,816.4431)) -- prompt's assumed x0==x_n-1,y0==y_n-1 invariant does NOT hold for this annotation"
288539b9-b89f-4b67-8ded-0a8dc4b92905,annotation,"segmentation ring first/last point gap = 1.60px (first=(985.6797,1055.007) last=(985.2697,1056.557)) -- prompt's assumed x0==x_n-1,y0==y_n-1 invariant does NOT hold for this annotation"
670c9565-3644-4746-b29d-f2afea7604ea,annotation,"segmentation ring first/last point gap = 1.41px (first=(1175.0,790.0) last=(1174.0,791.0)) -- prompt's assumed x0==x_n-1,y0==y_n-1 invariant does NOT hold for this annotation"
447d5686-c47f-43f1-acc9-d692920c589f,annotation,"segmentation ring first/last point gap = 1.05px (first=(1584.8,1268.1275) last=(1584.5275,1269.144)) -- prompt's assumed x0==x_n-1,y0==y_n-1 invariant does NOT hold for this annotation"
f1d6a8dd-cb90-43de-9c14-f5c59aca8e78,annotation,"segmentation ring first/last point gap = 3.61px (first=(718.1888,1474.4167) last=(719.6567,1471.1189)) -- prompt's assumed x0==x_n-1,y0==y_n-1 invariant does NOT hold for this annotation"
4b7a02df-c951-440e-8d35-cd511594777a,annotation,"segmentation ring first/last point gap = 2.40px (first=(1245.7411,1242.5281) last=(1245.9006,1240.1353)) -- prompt's assumed x0==x_n-1,y0==y_n-1 invariant does NOT hold for this annotation"
83b1c5ce-f1d5-423d-812a-4e52db650a90,annotation,"segmentation ring first/last point gap = 1.60px (first=(640.4241,701.6129) last=(640.8341,700.0629)) -- prompt's assumed x0==x_n-1,y0==y_n-1 invariant does NOT hold for this annotation"
12524b6d-e9b5-412c-9c78-0d19fe1723cc,annotation,"segmentation ring first/last point gap = 4.18px (first=(1232.2914,799.857) last=(1231.2114,803.897)) -- prompt's assumed x0==x_n-1,y0==y_n-1 invariant does NOT hold for this annotation"
557ad44c-830b-488a-aa8a-28c8dbaa3c28,annotation,"segmentation ring first/last point gap = 2.59px (first=(1245.0431,1239.2249) last=(1244.3731,1241.7249)) -- prompt's assumed x0==x_n-1,y0==y_n-1 invariant does NOT hold for this annotation"
fcef01be-4c38-4f56-bce9-8c313cc5233b,annotation,"segmentation ring first/last point gap = 1.60px (first=(645.8399,705.8148) last=(646.2499,704.2648)) -- prompt's assumed x0==x_n-1,y0==y_n-1 invariant does NOT hold for this annotation"
11e0daf4-d23e-4194-9afe-17d75b68a309,annotation,"segmentation ring first/last point gap = 1.60px (first=(1222.1006,784.8672) last=(1222.5106,783.3172)) -- prompt's assumed x0==x_n-1,y0==y_n-1 invariant does NOT hold for this annotation"
7412cc3a-c5a9-48a8-873d-81bfb46ba1ae,annotation,"segmentation ring first/last point gap = 2.59px (first=(847.4589,489.8464) last=(846.7889,492.3464)) -- prompt's assumed x0==x_n-1,y0==y_n-1 invariant does NOT hold for this annotation"
03349b16-f051-4336-b079-cff8c0f70e54,annotation,"segmentation ring first/last point gap = 4.18px (first=(1212.1315,754.0984) last=(1211.0515,758.1384)) -- prompt's assumed x0==x_n-1,y0==y_n-1 invariant does NOT hold for this annotation"
d5f73899-0b65-484b-9c64-062e6816e2b1,annotation,"segmentation ring first/last point gap = 1.60px (first=(639.3506,699.4122) last=(638.9406,700.9622)) -- prompt's assumed x0==x_n-1,y0==y_n-1 invariant does NOT hold for this annotation"
acb96d1b-6d23-43ff-a2c7-32c8ab7dd6ad,annotation,"segmentation ring first/last point gap = 4.18px (first=(684.9894,838.0151) last=(683.9094,842.0551)) -- prompt's assumed x0==x_n-1,y0==y_n-1 invariant does NOT hold for this annotation"
c39a08fd-e8c6-4ab5-a205-45aad9c1f0e2,annotation,"segmentation ring first/last point gap = 2.59px (first=(1245.5903,1239.0509) last=(1244.9203,1241.5509)) -- prompt's assumed x0==x_n-1,y0==y_n-1 invariant does NOT hold for this annotation"
3acb292d-f5f8-4fda-9ce7-60582fa8db7c,annotation,"segmentation ring first/last point gap = 1.41px (first=(876.0,1443.0) last=(875.0,1444.0)) -- prompt's assumed x0==x_n-1,y0==y_n-1 invariant does NOT hold for this annotation"
cd771208-93cd-4597-8926-06785d1c403e,annotation,"segmentation ring first/last point gap = 2.59px (first=(844.6209,489.9497) last=(845.2909,487.4497)) -- prompt's assumed x0==x_n-1,y0==y_n-1 invariant does NOT hold for this annotation"
6d1a2ea7-2e51-4fcf-8f61-68e767c0c9da,annotation,"segmentation ring first/last point gap = 1.60px (first=(1031.8858,1066.7448) last=(1031.4758,1068.2948)) -- prompt's assumed x0==x_n-1,y0==y_n-1 invariant does NOT hold for this annotation"
46507e29-8bac-4ad1-aabd-aab9a2971d15,annotation,"segmentation ring first/last point gap = 1.55px (first=(1099.1034,995.5211) last=(1098.7034,997.0211)) -- prompt's assumed x0==x_n-1,y0==y_n-1 invariant does NOT hold for this annotation"
712b68a7-be50-4be0-abf7-8ba5c52624c8,annotation,"segmentation ring first/last point gap = 1.60px (first=(1201.2314,1288.137) last=(1201.6414,1286.587)) -- prompt's assumed x0==x_n-1,y0==y_n-1 invariant does NOT hold for this annotation"
01457afa-75c0-4931-864b-7a18aaf10906,annotation,"segmentation ring first/last point gap = 2.59px (first=(596.1858,1448.3898) last=(595.5158,1450.8898)) -- prompt's assumed x0==x_n-1,y0==y_n-1 invariant does NOT hold for this annotation"
6af149bc-6b4b-4735-bb7b-d82e085f15c2,annotation,"segmentation ring first/last point gap = 1.55px (first=(1598.7396,521.6966) last=(1599.1396,520.1966)) -- prompt's assumed x0==x_n-1,y0==y_n-1 invariant does NOT hold for this annotation"
4575e8d0-233e-46f0-95a2-06d6791a572d,annotation,"segmentation ring first/last point gap = 2.18px (first=(1593.3546,506.9328) last=(1592.7929,509.0342)) -- prompt's assumed x0==x_n-1,y0==y_n-1 invariant does NOT hold for this annotation"
4182c7a4-8421-474e-aa2b-ca66be4cc0df,annotation,"segmentation ring first/last point gap = 3.36px (first=(1281.6553,690.3574) last=(1280.7853,693.6074)) -- prompt's assumed x0==x_n-1,y0==y_n-1 invariant does NOT hold for this annotation"
d12dab88-1e7b-4520-b771-a8861700cc88,annotation,"segmentation ring first/last point gap = 1.23px (first=(591.8705,1441.1295) last=(591.0,1442.0)) -- prompt's assumed x0==x_n-1,y0==y_n-1 invariant does NOT hold for this annotation"
31a75322-a609-48ce-884c-f81f0e21bff4,annotation,"segmentation ring first/last point gap = 5.35px (first=(858.6003,709.8185) last=(856.3611,714.6787)) -- prompt's assumed x0==x_n-1,y0==y_n-1 invariant does NOT hold for this annotation"
da166b5f-bae0-4e3c-aca0-5af39fdcc843,annotation,"segmentation ring first/last point gap = 1.60px (first=(1213.4003,1277.3092) last=(1212.9903,1278.8592)) -- prompt's assumed x0==x_n-1,y0==y_n-1 invariant does NOT hold for this annotation"
b42a73ef-c5f4-44b7-ad5d-43e8f55f02a8,annotation,"segmentation ring first/last point gap = 1.41px (first=(1254.0,858.0) last=(1255.0,857.0)) -- prompt's assumed x0==x_n-1,y0==y_n-1 invariant does NOT hold for this annotation"
22563c59-7b98-417f-b8cb-029439d16229,annotation,"segmentation ring first/last point gap = 2.07px (first=(1683.4578,1175.6087) last=(1683.9978,1173.6087)) -- prompt's assumed x0==x_n-1,y0==y_n-1 invariant does NOT hold for this annotation"
c16b58fa-a50b-42d4-97e1-f42f1098df30,annotation,"segmentation ring first/last point gap = 2.59px (first=(1215.9693,1275.6992) last=(1216.6393,1273.1992)) -- prompt's assumed x0==x_n-1,y0==y_n-1 invariant does NOT hold for this annotation"
3f169a1f-03c6-4f64-9f61-c7de9187b9c8,annotation,"segmentation ring first/last point gap = 2.59px (first=(247.3272,1251.6077) last=(247.9972,1249.1077)) -- prompt's assumed x0==x_n-1,y0==y_n-1 invariant does NOT hold for this annotation"
4008861d-8057-4f63-92ae-875212ee35a9,annotation,"segmentation ring first/last point gap = 1.41px (first=(1100.0,1002.0) last=(1101.0,1001.0)) -- prompt's assumed x0==x_n-1,y0==y_n-1 invariant does NOT hold for this annotation"
e00d5b2c-c2e5-4b54-a51a-dd62a2a4e6fd,annotation,"segmentation ring first/last point gap = 1.65px (first=(1702.5335,1153.8163) last=(1701.3665,1154.9833)) -- prompt's assumed x0==x_n-1,y0==y_n-1 invariant does NOT hold for this annotation"
0664a042-ebed-41ba-9232-ad6c7f339e97,annotation,"segmentation ring first/last point gap = 2.86px (first=(856.2848,705.9085) last=(855.881,708.7348)) -- prompt's assumed x0==x_n-1,y0==y_n-1 invariant does NOT hold for this annotation"
add97722-016d-4124-b874-4ae6edc7955d,annotation,"segmentation ring first/last point gap = 1.22px (first=(1602.1386,415.1496) last=(1603.0,414.2882)) -- prompt's assumed x0==x_n-1,y0==y_n-1 invariant does NOT hold for this annotation"
10f2adbe-322f-4354-8539-574ae9ebec45,annotation,"segmentation ring first/last point gap = 3.61px (first=(466.0,836.0) last=(463.0,838.0)) -- prompt's assumed x0==x_n-1,y0==y_n-1 invariant does NOT hold for this annotation"
ec1532e4-7d2d-4fc1-b712-87a44b6eee19,annotation,"segmentation ring first/last point gap = 1.60px (first=(557.2166,874.0624) last=(556.8066,875.6124)) -- prompt's assumed x0==x_n-1,y0==y_n-1 invariant does NOT hold for this annotation"
fba5d34d-dda4-4b89-9eda-37e70703aeb7,annotation,"segmentation ring first/last point gap = 7.58px (first=(1623.3858,1315.7013) last=(1625.6987,1308.4785)) -- prompt's assumed x0==x_n-1,y0==y_n-1 invariant does NOT hold for this annotation"
2e8fea49-0937-42a2-99a6-84ae91b5dbfb,annotation,"segmentation ring first/last point gap = 2.59px (first=(1706.2448,1480.9169) last=(1706.9148,1478.4169)) -- prompt's assumed x0==x_n-1,y0==y_n-1 invariant does NOT hold for this annotation"
2ec109b5-fe4f-4e75-8bda-033208d2e9bc,annotation,"segmentation ring first/last point gap = 2.59px (first=(1590.5403,618.352) last=(1589.8703,620.852)) -- prompt's assumed x0==x_n-1,y0==y_n-1 invariant does NOT hold for this annotation"
b945e2f9-8bc9-42af-a64a-5ceceb3b03db,annotation,"segmentation ring first/last point gap = 2.07px (first=(1659.1431,860.6963) last=(1659.6831,858.6963)) -- prompt's assumed x0==x_n-1,y0==y_n-1 invariant does NOT hold for this annotation"
0c8d911c-76c1-4fb8-86c8-21267c344601,annotation,"segmentation ring first/last point gap = 2.07px (first=(1653.4811,1028.7462) last=(1652.9411,1030.7462)) -- prompt's assumed x0==x_n-1,y0==y_n-1 invariant does NOT hold for this annotation"
9a0a4222-ab3e-4248-80b8-75e987b5a607,annotation,"segmentation ring first/last point gap = 2.07px (first=(1061.2935,1256.3866) last=(1061.8335,1254.3866)) -- prompt's assumed x0==x_n-1,y0==y_n-1 invariant does NOT hold for this annotation"
3f60224a-0cc9-4b31-b8bc-1dbed159bd06,annotation,"segmentation ring first/last point gap = 2.59px (first=(554.4098,874.0313) last=(555.0798,871.5313)) -- prompt's assumed x0==x_n-1,y0==y_n-1 invariant does NOT hold for this annotation"
ef881696-6fab-463d-b390-1d3b90836a32,annotation,"segmentation ring first/last point gap = 1.60px (first=(1061.2494,1254.0774) last=(1060.8394,1255.6274)) -- prompt's assumed x0==x_n-1,y0==y_n-1 invariant does NOT hold for this annotation"
fdae9953-17c7-490c-9c13-bfa6afa4f811,annotation,"segmentation ring first/last point gap = 1.60px (first=(1664.8729,867.1586) last=(1665.2829,865.6086)) -- prompt's assumed x0==x_n-1,y0==y_n-1 invariant does NOT hold for this annotation"
8d100364-6e92-4444-9f7e-266aeb37c485,annotation,"segmentation ring first/last point gap = 2.59px (first=(1711.426,1476.5283) last=(1710.756,1479.0283)) -- prompt's assumed x0==x_n-1,y0==y_n-1 invariant does NOT hold for this annotation"
94787fc7-f776-4f23-80b5-a558f95611dd,annotation,"segmentation ring first/last point gap = 1.60px (first=(434.8643,1061.1817) last=(434.4543,1062.7317)) -- prompt's assumed x0==x_n-1,y0==y_n-1 invariant does NOT hold for this annotation"
6df7aa69-1298-4d2e-a013-37cb3daf8292,annotation,"segmentation ring first/last point gap = 1.58px (first=(461.6692,582.9833) last=(463.1251,582.3593)) -- prompt's assumed x0==x_n-1,y0==y_n-1 invariant does NOT hold for this annotation"
63eadb30-8322-4a32-a5ac-08bdadd03dad,annotation,"segmentation ring first/last point gap = 1.60px (first=(376.4719,955.2554) last=(376.8819,953.7054)) -- prompt's assumed x0==x_n-1,y0==y_n-1 invariant does NOT hold for this annotation"
15dcdc5d-11c6-4a29-935d-d7dc9d09b29a,annotation,"segmentation ring first/last point gap = 1.60px (first=(928.9489,939.767) last=(928.5389,941.317)) -- prompt's assumed x0==x_n-1,y0==y_n-1 invariant does NOT hold for this annotation"
d3742623-dfdd-4baf-8a52-5cd474aa0ec2,annotation,"segmentation ring first/last point gap = 1.60px (first=(962.511,714.2951) last=(962.921,712.7451)) -- prompt's assumed x0==x_n-1,y0==y_n-1 invariant does NOT hold for this annotation"
b2c62519-e93d-4de5-924b-3899d46ced32,annotation,"segmentation ring first/last point gap = 1.85px (first=(1294.6445,714.5647) last=(1296.4962,714.5647)) -- prompt's assumed x0==x_n-1,y0==y_n-1 invariant does NOT hold for this annotation"
5c03d711-589d-4947-a057-d48b0192fb09,annotation,"segmentation ring first/last point gap = 2.07px (first=(1359.3198,749.9523) last=(1358.7798,751.9523)) -- prompt's assumed x0==x_n-1,y0==y_n-1 invariant does NOT hold for this annotation"
73c70b67-9e0b-4b72-9d42-26350d3855e4,annotation,"segmentation ring first/last point gap = 1.41px (first=(730.0,809.0) last=(729.0,810.0)) -- prompt's assumed x0==x_n-1,y0==y_n-1 invariant does NOT hold for this annotation"
eff83622-ebd7-4a32-bbd4-4353799acf28,annotation,"segmentation ring first/last point gap = 7.92px (first=(1400.0,480.0) last=(1392.0803,480.0)) -- prompt's assumed x0==x_n-1,y0==y_n-1 invariant does NOT hold for this annotation"
a0742a58-7372-4d5f-8229-a2152bf2f73c,annotation,"segmentation ring first/last point gap = 2.24px (first=(1556.0,779.0) last=(1554.0,780.0)) -- prompt's assumed x0==x_n-1,y0==y_n-1 invariant does NOT hold for this annotation"
40549945-897b-4664-83e3-e537c7c3b0f3,annotation,"segmentation ring first/last point gap = 1.60px (first=(806.2847,1024.233) last=(806.6947,1022.683)) -- prompt's assumed x0==x_n-1,y0==y_n-1 invariant does NOT hold for this annotation"
869f693a-843e-466d-8d3c-6f5cc8767e50,annotation,"segmentation ring first/last point gap = 4.47px (first=(1507.0,1280.0) last=(1505.0,1284.0)) -- prompt's assumed x0==x_n-1,y0==y_n-1 invariant does NOT hold for this annotation"
2ec2f5e6-6ddf-4167-9592-fbea4d6ebe6d,annotation,"segmentation ring first/last point gap = 1.41px (first=(1509.0,1277.0) last=(1510.0,1276.0)) -- prompt's assumed x0==x_n-1,y0==y_n-1 invariant does NOT hold for this annotation"
c070aed0-7189-4fad-89ed-798ffb8f3ff1,annotation,"segmentation ring first/last point gap = 2.59px (first=(1534.6881,966.6555) last=(1534.0181,969.1555)) -- prompt's assumed x0==x_n-1,y0==y_n-1 invariant does NOT hold for this annotation"
605d9107-fd64-40b4-8fb8-3739bb60904e,annotation,"segmentation ring first/last point gap = 2.59px (first=(1603.2742,489.2967) last=(1603.9442,486.7967)) -- prompt's assumed x0==x_n-1,y0==y_n-1 invariant does NOT hold for this annotation"
e42e545b-733d-4fbb-abc7-45cd7f33f945,annotation,"segmentation ring first/last point gap = 1.29px (first=(394.6249,783.5031) last=(394.9549,782.2531)) -- prompt's assumed x0==x_n-1,y0==y_n-1 invariant does NOT hold for this annotation"
4ffc2339-e7b0-4a0d-a476-7f90cf0e289a,annotation,"segmentation ring first/last point gap = 1.04px (first=(611.3825,1371.576) last=(611.1125,1372.576)) -- prompt's assumed x0==x_n-1,y0==y_n-1 invariant does NOT hold for this annotation"
5291ebf1-a432-4c80-a166-f16cdafb8231,annotation,"segmentation ring first/last point gap = 2.59px (first=(1757.3493,1210.2752) last=(1758.0193,1207.7752)) -- prompt's assumed x0==x_n-1,y0==y_n-1 invariant does NOT hold for this annotation"
58350b87-e607-4178-9d9c-5d7e76e308c7,annotation,"segmentation ring first/last point gap = 1.04px (first=(1231.5224,1029.4393) last=(1231.7924,1028.4393)) -- prompt's assumed x0==x_n-1,y0==y_n-1 invariant does NOT hold for this annotation"
ccddb274-303b-4cb5-bbbb-bc237069b59c,annotation,"segmentation ring first/last point gap = 1.95px (first=(1300.7742,1078.034) last=(1299.3093,1079.3216)) -- prompt's assumed x0==x_n-1,y0==y_n-1 invariant does NOT hold for this annotation"
e0cb8a96-231d-45c1-b9f0-d0aaea37b8f6,annotation,"segmentation ring first/last point gap = 8.80px (first=(1334.2492,949.9946) last=(1329.5773,957.4505)) -- prompt's assumed x0==x_n-1,y0==y_n-1 invariant does NOT hold for this annotation"
dbd1d163-cb1e-465e-aa22-9bce9fdf998e,annotation,"segmentation ring first/last point gap = 2.83px (first=(956.0,717.0) last=(958.0,715.0)) -- prompt's assumed x0==x_n-1,y0==y_n-1 invariant does NOT hold for this annotation"
ce998e57-4248-4313-8cd3-2ada34c1aa56,annotation,"segmentation ring first/last point gap = 1.04px (first=(1334.7293,1069.4389) last=(1334.9993,1068.4389)) -- prompt's assumed x0==x_n-1,y0==y_n-1 invariant does NOT hold for this annotation"
45d7b86c-23d3-4293-b975-3b0f04229bdd,annotation,"segmentation ring first/last point gap = 1.38px (first=(404.3356,802.6578) last=(404.0,804.0)) -- prompt's assumed x0==x_n-1,y0==y_n-1 invariant does NOT hold for this annotation"
eaca764b-b7af-415e-9c7b-cec40f467d7f,annotation,"segmentation ring first/last point gap = 3.84px (first=(1758.3471,1107.9493) last=(1757.7165,1111.7329)) -- prompt's assumed x0==x_n-1,y0==y_n-1 invariant does NOT hold for this annotation"
012b8a11-c4ab-47a6-8e9b-03180d56d69d,annotation,"segmentation ring first/last point gap = 1.41px (first=(1292.0,941.0) last=(1291.0,942.0)) -- prompt's assumed x0==x_n-1,y0==y_n-1 invariant does NOT hold for this annotation"
b1fad8e8-355a-45da-8f1b-d85a9bde5046,annotation,"segmentation ring first/last point gap = 4.47px (first=(1328.0,867.0) last=(1326.0,871.0)) -- prompt's assumed x0==x_n-1,y0==y_n-1 invariant does NOT hold for this annotation"
9511b0e6-d171-49fb-aa30-e2de476a76ad,annotation,"segmentation ring first/last point gap = 2.19px (first=(1759.909,1092.7811) last=(1759.3433,1094.8942)) -- prompt's assumed x0==x_n-1,y0==y_n-1 invariant does NOT hold for this annotation"
de05c8db-db8b-4d89-aa61-0e642f0121c2,annotation,"segmentation ring first/last point gap = 7.00px (first=(1227.0,1028.0) last=(1220.0,1028.0)) -- prompt's assumed x0==x_n-1,y0==y_n-1 invariant does NOT hold for this annotation"
34db2895-23a5-44c9-a031-db0b14be1ed6,annotation,"segmentation ring first/last point gap = 1.04px (first=(961.1904,712.5998) last=(961.4604,711.5998)) -- prompt's assumed x0==x_n-1,y0==y_n-1 invariant does NOT hold for this annotation"
a1d26db4-865b-45b3-b586-d5166fb5cf62,annotation,"segmentation ring first/last point gap = 2.83px (first=(1334.0,1068.0) last=(1332.0,1070.0)) -- prompt's assumed x0==x_n-1,y0==y_n-1 invariant does NOT hold for this annotation"
7a829051-d027-4dc0-97cd-9dec06694b25,annotation,"segmentation ring first/last point gap = 2.29px (first=(675.1563,1274.1161) last=(672.9658,1274.8)) -- prompt's assumed x0==x_n-1,y0==y_n-1 invariant does NOT hold for this annotation"
4c32a439-5049-4898-9f99-674e70d70b2c,annotation,"segmentation ring first/last point gap = 2.10px (first=(1687.0,490.0) last=(1685.7386,491.6818)) -- prompt's assumed x0==x_n-1,y0==y_n-1 invariant does NOT hold for this annotation"
5ae6ea53-ad1d-4e51-9a3c-42ee2f868bc8,annotation,"segmentation ring first/last point gap = 1.10px (first=(801.5527,1003.5211) last=(801.3134,1004.5978)) -- prompt's assumed x0==x_n-1,y0==y_n-1 invariant does NOT hold for this annotation"
1793e21b-00d9-4ced-a26c-5a0f79d8c5e9,annotation,"segmentation ring first/last point gap = 1.24px (first=(1670.0894,986.6309) last=(1669.2114,987.5089)) -- prompt's assumed x0==x_n-1,y0==y_n-1 invariant does NOT hold for this annotation"
6e60d4cf-bbe9-4c2b-9430-736329e614fc,annotation,"segmentation ring first/last point gap = 1.60px (first=(1616.3682,601.0068) last=(1615.9582,602.5568)) -- prompt's assumed x0==x_n-1,y0==y_n-1 invariant does NOT hold for this annotation"
293c743c-08ca-4521-a432-db50d101bd04,annotation,"segmentation ring first/last point gap = 6.40px (first=(802.0,831.0) last=(798.0,836.0)) -- prompt's assumed x0==x_n-1,y0==y_n-1 invariant does NOT hold for this annotation"
d7fc3ba3-a5b6-4e38-b37d-414af754f94b,annotation,"segmentation ring first/last point gap = 1.41px (first=(1141.0,802.0) last=(1140.0,803.0)) -- prompt's assumed x0==x_n-1,y0==y_n-1 invariant does NOT hold for this annotation"
75f43a65-7a2c-4fc9-a2e4-9610e467ed98,annotation,"segmentation ring first/last point gap = 1.60px (first=(801.9997,1201.2754) last=(801.5897,1202.8254)) -- prompt's assumed x0==x_n-1,y0==y_n-1 invariant does NOT hold for this annotation"
97561e74-2192-4fa1-8b2e-8ced5759797b,annotation,"segmentation ring first/last point gap = 2.24px (first=(967.0,1248.0) last=(966.0,1250.0)) -- prompt's assumed x0==x_n-1,y0==y_n-1 invariant does NOT hold for this annotation"
97c53c17-f65f-469b-b4c1-530a764d79cb,annotation,"segmentation ring first/last point gap = 5.99px (first=(442.4597,914.0713) last=(441.3664,919.9575)) -- prompt's assumed x0==x_n-1,y0==y_n-1 invariant does NOT hold for this annotation"
fe5488d7-14fc-436f-947e-035fa3e778ad,annotation,"segmentation ring first/last point gap = 6.40px (first=(458.0,960.0) last=(462.0,955.0)) -- prompt's assumed x0==x_n-1,y0==y_n-1 invariant does NOT hold for this annotation"
de41e983-12a6-402e-8a49-1df56699d3db,annotation,"segmentation ring first/last point gap = 1.41px (first=(983.0,534.0) last=(982.0,535.0)) -- prompt's assumed x0==x_n-1,y0==y_n-1 invariant does NOT hold for this annotation"
d3bc1225-5ef0-4271-af63-64ec76cb718d,annotation,"segmentation ring first/last point gap = 1.60px (first=(989.4009,531.0381) last=(988.9909,532.5881)) -- prompt's assumed x0==x_n-1,y0==y_n-1 invariant does NOT hold for this annotation"
e8d84c55-70dd-45ba-9100-cd3894d8dfe3,annotation,"segmentation ring first/last point gap = 4.24px (first=(982.0,534.0) last=(979.0,537.0)) -- prompt's assumed x0==x_n-1,y0==y_n-1 invariant does NOT hold for this annotation"
cfde3270-5a9b-4f2e-9289-3557becda702,annotation,"segmentation ring first/last point gap = 2.83px (first=(800.0,1203.0) last=(798.0,1205.0)) -- prompt's assumed x0==x_n-1,y0==y_n-1 invariant does NOT hold for this annotation"
7402dc20-6b08-4f67-bb51-797d8662292d,annotation,"segmentation ring first/last point gap = 9.06px (first=(472.0,591.0) last=(463.0,590.0)) -- prompt's assumed x0==x_n-1,y0==y_n-1 invariant does NOT hold for this annotation"
26941567-87d7-40cd-8d18-402597d0b753,annotation,"segmentation ring first/last point gap = 2.59px (first=(1059.2824,623.5821) last=(1058.6124,626.0821)) -- prompt's assumed x0==x_n-1,y0==y_n-1 invariant does NOT hold for this annotation"
8b361331-dfe1-4ecb-a1e8-4a660048b739,annotation,"segmentation ring first/last point gap = 4.18px (first=(1750.9944,632.6322) last=(1749.9144,636.6722)) -- prompt's assumed x0==x_n-1,y0==y_n-1 invariant does NOT hold for this annotation"
e22b793a-e0de-49f8-bc57-c0e8c4501a5d,annotation,"segmentation ring first/last point gap = 2.32px (first=(1176.5682,1382.8555) last=(1178.2091,1381.2091)) -- prompt's assumed x0==x_n-1,y0==y_n-1 invariant does NOT hold for this annotation"
3f602f58-9d14-4a44-8fbc-3df513edaf19,annotation,"segmentation ring first/last point gap = 2.24px (first=(918.0,1297.0) last=(916.0,1298.0)) -- prompt's assumed x0==x_n-1,y0==y_n-1 invariant does NOT hold for this annotation"
72968f1a-f551-40ef-8388-3e994425c0e0,annotation,"segmentation ring first/last point gap = 2.24px (first=(679.0,1391.0) last=(678.0,1393.0)) -- prompt's assumed x0==x_n-1,y0==y_n-1 invariant does NOT hold for this annotation"
a8c7a55e-8ad5-4e83-9ca7-cc57cdfc949f,annotation,"segmentation ring first/last point gap = 8.06px (first=(688.0,1377.0) last=(684.0,1384.0)) -- prompt's assumed x0==x_n-1,y0==y_n-1 invariant does NOT hold for this annotation"
42189640-4d21-4fdb-8a49-b2926ebbc65d,annotation,"segmentation ring first/last point gap = 2.64px (first=(576.6826,702.7676) last=(578.5505,700.8997)) -- prompt's assumed x0==x_n-1,y0==y_n-1 invariant does NOT hold for this annotation"
2d5f32c7-e61d-4afc-83e4-62e5e0ad9622,annotation,"segmentation ring first/last point gap = 1.60px (first=(958.8083,626.8444) last=(958.3983,628.3944)) -- prompt's assumed x0==x_n-1,y0==y_n-1 invariant does NOT hold for this annotation"
64d7b4d9-15e3-4dbf-8091-e4c72fe0d3ce,annotation,"segmentation ring first/last point gap = 2.59px (first=(787.7732,489.2091) last=(787.1032,491.7091)) -- prompt's assumed x0==x_n-1,y0==y_n-1 invariant does NOT hold for this annotation"
875fa5b6-22fb-434f-a58f-8fbffd3e42f0,annotation,"segmentation ring first/last point gap = 2.59px (first=(1148.0525,791.0575) last=(1148.7225,788.5575)) -- prompt's assumed x0==x_n-1,y0==y_n-1 invariant does NOT hold for this annotation"
42694401-9043-4bf2-9aa5-d1422527f569,annotation,"segmentation ring first/last point gap = 2.59px (first=(1694.1455,1247.5906) last=(1693.4755,1250.0906)) -- prompt's assumed x0==x_n-1,y0==y_n-1 invariant does NOT hold for this annotation"
a34f2939-f9bd-4e56-9560-23df59d9bc2f,annotation,"segmentation ring first/last point gap = 1.28px (first=(1171.9946,1249.5591) last=(1171.6646,1250.7991)) -- prompt's assumed x0==x_n-1,y0==y_n-1 invariant does NOT hold for this annotation"
a254afb3-99dc-4a44-9ec7-a28796c51ac8,annotation,"segmentation ring first/last point gap = 1.60px (first=(1676.6265,1165.1204) last=(1677.0365,1163.5704)) -- prompt's assumed x0==x_n-1,y0==y_n-1 invariant does NOT hold for this annotation"
bd47174b-e5c3-4e09-bdc0-2839329926fd,annotation,"segmentation ring first/last point gap = 2.24px (first=(1478.0,1345.0) last=(1480.0,1344.0)) -- prompt's assumed x0==x_n-1,y0==y_n-1 invariant does NOT hold for this annotation"
611ef58a-3679-4d4a-b0e9-290cc1713aec,annotation,"segmentation ring first/last point gap = 1.10px (first=(339.0345,1151.5198) last=(338.7445,1152.5798)) -- prompt's assumed x0==x_n-1,y0==y_n-1 invariant does NOT hold for this annotation"
40250b14-65af-4236-8d3f-afb68371b936,annotation,"segmentation ring first/last point gap = 1.60px (first=(1118.8353,709.6622) last=(1119.2453,708.1122)) -- prompt's assumed x0==x_n-1,y0==y_n-1 invariant does NOT hold for this annotation"
3e28f2ca-dcd1-470f-ae2a-8f0b053156bb,annotation,"segmentation ring first/last point gap = 1.60px (first=(805.6645,741.5724) last=(805.2545,743.1224)) -- prompt's assumed x0==x_n-1,y0==y_n-1 invariant does NOT hold for this annotation"
c18ff01b-1c7a-4f81-b635-23493672b37e,annotation,"segmentation ring first/last point gap = 1.60px (first=(792.3847,1306.7604) last=(792.7947,1305.2104)) -- prompt's assumed x0==x_n-1,y0==y_n-1 invariant does NOT hold for this annotation"
f5df4c19-7f52-4a47-a3e2-0f281f000321,annotation,"segmentation ring first/last point gap = 1.60px (first=(338.753,1151.7757) last=(338.343,1153.3257)) -- prompt's assumed x0==x_n-1,y0==y_n-1 invariant does NOT hold for this annotation"
ba78351e-77e3-4547-bf64-7c2b76ebdd8a,annotation,"segmentation ring first/last point gap = 1.60px (first=(1251.9464,610.5357) last=(1252.3564,608.9857)) -- prompt's assumed x0==x_n-1,y0==y_n-1 invariant does NOT hold for this annotation"
084388ea-729c-45e4-a370-3ff96af774af,annotation,"segmentation ring first/last point gap = 1.60px (first=(517.1979,1046.6788) last=(517.6079,1045.1288)) -- prompt's assumed x0==x_n-1,y0==y_n-1 invariant does NOT hold for this annotation"
a32d0245-b81c-4888-9a61-4e2fdca0372c,annotation,"segmentation ring first/last point gap = 1.60px (first=(457.8914,1323.7259) last=(458.3014,1322.1759)) -- prompt's assumed x0==x_n-1,y0==y_n-1 invariant does NOT hold for this annotation"
671be3e1-522d-47bd-89a9-5e7dbb23ad0c,annotation,"segmentation ring first/last point gap = 1.60px (first=(251.3662,1066.4416) last=(251.7762,1064.8916)) -- prompt's assumed x0==x_n-1,y0==y_n-1 invariant does NOT hold for this annotation"
c8773367-a487-43f6-8c03-a4f16a526b07,annotation,"segmentation ring first/last point gap = 5.40px (first=(1540.2168,1041.6266) last=(1536.0,1045.0)) -- prompt's assumed x0==x_n-1,y0==y_n-1 invariant does NOT hold for this annotation"
e0fdb91e-30ad-485a-b182-a1e13732d923,annotation,"segmentation ring first/last point gap = 3.85px (first=(1295.067,1650.7318) last=(1296.0,1647.0)) -- prompt's assumed x0==x_n-1,y0==y_n-1 invariant does NOT hold for this annotation"
d9a88d7c-d5b8-4320-9afd-fb45ec409dd4,annotation,"segmentation ring first/last point gap = 1.41px (first=(1498.0,791.0) last=(1497.0,792.0)) -- prompt's assumed x0==x_n-1,y0==y_n-1 invariant does NOT hold for this annotation"
cea67c5e-614f-4c43-8988-76cfd0ab156d,annotation,"segmentation ring first/last point gap = 6.71px (first=(1526.0,1038.0) last=(1529.0,1032.0)) -- prompt's assumed x0==x_n-1,y0==y_n-1 invariant does NOT hold for this annotation"
75a68b51-8090-4062-85f5-d41e1d811ba8,annotation,"segmentation ring first/last point gap = 3.40px (first=(1487.5992,1273.6029) last=(1490.0,1271.2021)) -- prompt's assumed x0==x_n-1,y0==y_n-1 invariant does NOT hold for this annotation"
6b9a03af-72fc-4eff-9ef3-8c63b0c1b6ca,annotation,"segmentation ring first/last point gap = 1.60px (first=(1278.8349,1487.008) last=(1279.2449,1485.458)) -- prompt's assumed x0==x_n-1,y0==y_n-1 invariant does NOT hold for this annotation"
7c9bd10d-523e-47d6-906d-8e23127f788a,annotation,"segmentation ring first/last point gap = 1.60px (first=(1128.7037,682.5375) last=(1129.1137,680.9875)) -- prompt's assumed x0==x_n-1,y0==y_n-1 invariant does NOT hold for this annotation"
3e779b21-c224-4026-a867-7fd3b90f3568,annotation,"segmentation ring first/last point gap = 1.60px (first=(1269.4077,1630.0359) last=(1269.8177,1628.4859)) -- prompt's assumed x0==x_n-1,y0==y_n-1 invariant does NOT hold for this annotation"
dbf48f45-600b-401f-bfeb-890b5d0eb271,annotation,"segmentation ring first/last point gap = 1.60px (first=(1267.1293,1377.1581) last=(1266.7193,1378.7081)) -- prompt's assumed x0==x_n-1,y0==y_n-1 invariant does NOT hold for this annotation"
7ba1c849-48da-4a5a-b533-6d35c8e53aeb,annotation,"segmentation ring first/last point gap = 4.09px (first=(637.0,1014.0) last=(636.007,1017.972)) -- prompt's assumed x0==x_n-1,y0==y_n-1 invariant does NOT hold for this annotation"
64e8a5d9-afd8-4b4d-a9e7-f2aa9c587e0e,annotation,"segmentation ring first/last point gap = 2.83px (first=(1097.0,739.0) last=(1099.0,737.0)) -- prompt's assumed x0==x_n-1,y0==y_n-1 invariant does NOT hold for this annotation"
acad7038-ca17-43c2-9bbe-040c4b80c79b,annotation,"segmentation ring first/last point gap = 5.66px (first=(1577.0,632.0) last=(1581.0,628.0)) -- prompt's assumed x0==x_n-1,y0==y_n-1 invariant does NOT hold for this annotation"
c746832d-dc17-4458-85ec-b0cfc619e07d,annotation,"segmentation ring first/last point gap = 1.41px (first=(1099.0,737.2907) last=(1098.0,738.2907)) -- prompt's assumed x0==x_n-1,y0==y_n-1 invariant does NOT hold for this annotation"
413b8cf8-d9cd-4483-b21a-dd1c14b72f94,annotation,"segmentation ring first/last point gap = 2.24px (first=(1265.0,1383.0) last=(1264.0,1385.0)) -- prompt's assumed x0==x_n-1,y0==y_n-1 invariant does NOT hold for this annotation"
45754180-7eec-467a-b5ad-64bd27cc96f3,annotation,"segmentation ring first/last point gap = 7.07px (first=(1758.0,1307.0) last=(1753.0,1312.0)) -- prompt's assumed x0==x_n-1,y0==y_n-1 invariant does NOT hold for this annotation"
1e5089dc-8708-4653-978a-d8d5a723ce39,annotation,"segmentation ring first/last point gap = 1.41px (first=(1790.0,1092.0) last=(1789.0,1093.0)) -- prompt's assumed x0==x_n-1,y0==y_n-1 invariant does NOT hold for this annotation"
17dcf66b-6eca-402e-a7e2-10bcbbb89132,annotation,"segmentation ring first/last point gap = 2.24px (first=(298.0,1344.0) last=(297.0,1346.0)) -- prompt's assumed x0==x_n-1,y0==y_n-1 invariant does NOT hold for this annotation"
59259e49-fb4b-4fb5-89f8-f8c0d32d990e,annotation,"segmentation ring first/last point gap = 2.83px (first=(463.0,1297.0) last=(461.0,1299.0)) -- prompt's assumed x0==x_n-1,y0==y_n-1 invariant does NOT hold for this annotation"
3d6822bf-2529-43b1-a9c9-ea93b7018036,annotation,"segmentation ring first/last point gap = 1.41px (first=(252.0,1210.0) last=(251.0,1211.0)) -- prompt's assumed x0==x_n-1,y0==y_n-1 invariant does NOT hold for this annotation"
eafa79a1-fd33-49e9-a749-fd7b5c0d66cc,annotation,"segmentation ring first/last point gap = 1.41px (first=(1642.0,698.0) last=(1641.0,699.0)) -- prompt's assumed x0==x_n-1,y0==y_n-1 invariant does NOT hold for this annotation"
f8976627-7103-4938-a710-6b68ea635556,annotation,"segmentation ring first/last point gap = 1.60px (first=(645.37,1011.5912) last=(644.96,1013.1412)) -- prompt's assumed x0==x_n-1,y0==y_n-1 invariant does NOT hold for this annotation"
b1d5ef74-4411-414f-a7b2-c4bb0ad7e690,annotation,"segmentation ring first/last point gap = 1.60px (first=(968.8253,1000.7998) last=(969.2353,999.2498)) -- prompt's assumed x0==x_n-1,y0==y_n-1 invariant does NOT hold for this annotation"
098174e8-e428-4db8-a887-5ae2954521bf,annotation,"segmentation ring first/last point gap = 4.72px (first=(1512.8041,1076.6358) last=(1510.1855,1072.708)) -- prompt's assumed x0==x_n-1,y0==y_n-1 invariant does NOT hold for this annotation"
22186f6c-a77e-4b3b-aab9-b4b81aed3568,annotation,"segmentation ring first/last point gap = 3.59px (first=(933.0,1281.0) last=(930.6339,1283.7041)) -- prompt's assumed x0==x_n-1,y0==y_n-1 invariant does NOT hold for this annotation"
f56695cc-5fce-4c80-b517-4f2e2d3b8bd5,annotation,"segmentation ring first/last point gap = 1.60px (first=(1266.0155,1375.3456) last=(1265.6055,1376.8956)) -- prompt's assumed x0==x_n-1,y0==y_n-1 invariant does NOT hold for this annotation"
7a0721ef-e078-464c-a329-3af8345b6d98,annotation,"segmentation ring first/last point gap = 1.60px (first=(1635.4305,1424.1478) last=(1635.0205,1425.6978)) -- prompt's assumed x0==x_n-1,y0==y_n-1 invariant does NOT hold for this annotation"
2f33ed52-062c-412d-9364-3f0409ce13f2,annotation,"segmentation ring first/last point gap = 1.04px (first=(1782.07,1147.8724) last=(1781.8,1148.8724)) -- prompt's assumed x0==x_n-1,y0==y_n-1 invariant does NOT hold for this annotation"
6001f134-acf3-4011-8f3e-addf1dd21980,annotation,"segmentation ring first/last point gap = 3.15px (first=(1471.1315,1164.1104) last=(1469.5418,1166.8335)) -- prompt's assumed x0==x_n-1,y0==y_n-1 invariant does NOT hold for this annotation"
571109aa-1bb0-4191-9265-00976c728649,annotation,"segmentation ring first/last point gap = 2.24px (first=(1544.0,1602.0) last=(1543.0,1604.0)) -- prompt's assumed x0==x_n-1,y0==y_n-1 invariant does NOT hold for this annotation"
bead8557-26c5-45b5-a717-50afa934f19c,annotation,"segmentation ring first/last point gap = 2.59px (first=(1885.1153,1252.1587) last=(1884.4453,1254.6587)) -- prompt's assumed x0==x_n-1,y0==y_n-1 invariant does NOT hold for this annotation"
37be01ea-40c7-44ba-a2e4-4511b6677a69,annotation,"segmentation ring first/last point gap = 3.61px (first=(1659.0,659.0) last=(1656.0,661.0)) -- prompt's assumed x0==x_n-1,y0==y_n-1 invariant does NOT hold for this annotation"
3a16fd8c-b8b3-45c3-bda4-608d41605927,annotation,"segmentation ring first/last point gap = 2.00px (first=(1398.0,663.0) last=(1396.0,663.0)) -- prompt's assumed x0==x_n-1,y0==y_n-1 invariant does NOT hold for this annotation"
76b4eef9-c74a-4f15-b0af-0f8b8604236d,annotation,"segmentation ring first/last point gap = 2.83px (first=(1148.0,549.0) last=(1146.0,551.0)) -- prompt's assumed x0==x_n-1,y0==y_n-1 invariant does NOT hold for this annotation"
88a2e82c-d82e-4658-b308-476329128faa,annotation,"segmentation ring first/last point gap = 2.59px (first=(626.7188,1422.2351) last=(626.0488,1424.7351)) -- prompt's assumed x0==x_n-1,y0==y_n-1 invariant does NOT hold for this annotation"
79ac4a1a-d627-4595-aedf-605e896292b4,annotation,"segmentation ring first/last point gap = 5.00px (first=(954.0,1426.0) last=(950.0,1429.0)) -- prompt's assumed x0==x_n-1,y0==y_n-1 invariant does NOT hold for this annotation"
3fcac2c6-9eee-4012-b645-3957c2f2da92,annotation,"segmentation ring first/last point gap = 2.83px (first=(655.0,1264.0) last=(657.0,1262.0)) -- prompt's assumed x0==x_n-1,y0==y_n-1 invariant does NOT hold for this annotation"
e357d59b-da75-4367-9e96-ad58c4f2e6ae,annotation,"segmentation ring first/last point gap = 1.41px (first=(1297.0,1151.0) last=(1296.0,1152.0)) -- prompt's assumed x0==x_n-1,y0==y_n-1 invariant does NOT hold for this annotation"
e936fec7-c89c-491b-a476-dac6758a6200,annotation,"segmentation ring first/last point gap = 2.24px (first=(1889.0,965.0) last=(1888.0,967.0)) -- prompt's assumed x0==x_n-1,y0==y_n-1 invariant does NOT hold for this annotation"
c69b5607-3cd1-404e-80e5-1089d50d40e7,annotation,"segmentation ring first/last point gap = 2.24px (first=(1288.0,650.0) last=(1289.0,648.0)) -- prompt's assumed x0==x_n-1,y0==y_n-1 invariant does NOT hold for this annotation"
2b272a89-77e6-4959-93de-88d2a7cf2ee2,annotation,"segmentation ring first/last point gap = 1.60px (first=(1665.2258,647.5078) last=(1664.8158,649.0578)) -- prompt's assumed x0==x_n-1,y0==y_n-1 invariant does NOT hold for this annotation"
7138a8e5-9efc-4cb6-b7d4-df725eaac228,annotation,"segmentation ring first/last point gap = 1.60px (first=(413.2365,1311.4696) last=(413.6465,1309.9196)) -- prompt's assumed x0==x_n-1,y0==y_n-1 invariant does NOT hold for this annotation"
5896f3da-2ed7-4f32-8133-edccaaa062c2,annotation,"segmentation ring first/last point gap = 1.60px (first=(1149.7586,547.1698) last=(1149.3486,548.7198)) -- prompt's assumed x0==x_n-1,y0==y_n-1 invariant does NOT hold for this annotation"
bf76d0ee-65ec-476b-ab41-0c785308a091,annotation,"segmentation ring first/last point gap = 1.60px (first=(1295.3647,1158.104) last=(1294.9547,1159.654)) -- prompt's assumed x0==x_n-1,y0==y_n-1 invariant does NOT hold for this annotation"
14741136-d105-44b3-a9a9-3b2e6abd339a,annotation,"segmentation ring first/last point gap = 2.59px (first=(1894.9308,963.4983) last=(1894.2608,965.9983)) -- prompt's assumed x0==x_n-1,y0==y_n-1 invariant does NOT hold for this annotation"
dd7d871b-8803-4ade-a7c5-1483d616f6ec,annotation,"segmentation ring first/last point gap = 1.60px (first=(293.153,1281.1119) last=(293.563,1279.5619)) -- prompt's assumed x0==x_n-1,y0==y_n-1 invariant does NOT hold for this annotation"
fbc32c56-f019-44e2-894d-fa79b7e1f4d3,annotation,"segmentation ring first/last point gap = 1.60px (first=(1544.3456,414.695) last=(1543.9356,416.245)) -- prompt's assumed x0==x_n-1,y0==y_n-1 invariant does NOT hold for this annotation"
a1cd2dac-7ace-4d16-8936-53e4387d6b5a,annotation,"segmentation ring first/last point gap = 2.83px (first=(801.0,1747.0) last=(803.0,1745.0)) -- prompt's assumed x0==x_n-1,y0==y_n-1 invariant does NOT hold for this annotation"
f604e289-f0f7-4bb9-9455-a054565e0be1,annotation,"segmentation ring first/last point gap = 1.72px (first=(1116.0238,422.0954) last=(1116.7936,420.5559)) -- prompt's assumed x0==x_n-1,y0==y_n-1 invariant does NOT hold for this annotation"
b9833680-1dda-4fd4-9bf6-4ac2adc3c658,annotation,"segmentation ring first/last point gap = 1.60px (first=(662.4549,557.8351) last=(662.0449,559.3851)) -- prompt's assumed x0==x_n-1,y0==y_n-1 invariant does NOT hold for this annotation"
b2b78a2d-e867-4fba-864b-617ce08f555d,annotation,"segmentation ring first/last point gap = 3.91px (first=(966.8654,887.3196) last=(964.0996,890.0854)) -- prompt's assumed x0==x_n-1,y0==y_n-1 invariant does NOT hold for this annotation"
e7e766bf-2099-46e3-b4f8-eab6bd4a482b,annotation,"segmentation ring first/last point gap = 2.61px (first=(1465.4296,484.4226) last=(1465.0,487.0)) -- prompt's assumed x0==x_n-1,y0==y_n-1 invariant does NOT hold for this annotation"
4abbb968-4ca0-478b-86be-7b760fcc6c4d,annotation,"segmentation ring first/last point gap = 1.60px (first=(1132.5001,670.4641) last=(1132.0901,672.0141)) -- prompt's assumed x0==x_n-1,y0==y_n-1 invariant does NOT hold for this annotation"
c701b2e9-7a81-4012-adc8-4a875453f409,annotation,"segmentation ring first/last point gap = 1.29px (first=(1198.8765,850.4893) last=(1198.5465,851.7393)) -- prompt's assumed x0==x_n-1,y0==y_n-1 invariant does NOT hold for this annotation"
985e82dc-aa9a-4619-bb66-b79d35b8980c,annotation,"segmentation ring first/last point gap = 1.29px (first=(1363.6872,1485.8565) last=(1364.0172,1484.6065)) -- prompt's assumed x0==x_n-1,y0==y_n-1 invariant does NOT hold for this annotation"
a715c68e-5a9d-4e42-9c59-901c84e512ff,annotation,"segmentation ring first/last point gap = 2.00px (first=(1471.0,494.0) last=(1469.0,494.0)) -- prompt's assumed x0==x_n-1,y0==y_n-1 invariant does NOT hold for this annotation"
38111f83-9d2f-4d88-a9d5-c42d69e3ca79,annotation,"segmentation ring first/last point gap = 2.83px (first=(1275.0,834.0) last=(1273.0,836.0)) -- prompt's assumed x0==x_n-1,y0==y_n-1 invariant does NOT hold for this annotation"
04a860fb-03f6-4e65-a149-b2217d837231,annotation,"segmentation ring first/last point gap = 1.83px (first=(1334.0,426.0803) last=(1332.1695,426.0803)) -- prompt's assumed x0==x_n-1,y0==y_n-1 invariant does NOT hold for this annotation"
e1daedce-ac10-46c6-a618-436ef726b990,annotation,"segmentation ring first/last point gap = 2.83px (first=(1119.0,669.0) last=(1121.0,667.0)) -- prompt's assumed x0==x_n-1,y0==y_n-1 invariant does NOT hold for this annotation"
cf7e93a4-476e-4a49-9d91-e49dd6fbb6b1,annotation,"segmentation ring first/last point gap = 1.38px (first=(766.4943,1315.2755) last=(765.5167,1316.253)) -- prompt's assumed x0==x_n-1,y0==y_n-1 invariant does NOT hold for this annotation"
b679311d-092c-497d-903b-2538050f9a12,annotation,"segmentation ring first/last point gap = 1.73px (first=(744.0,747.9831) last=(742.876,746.6718)) -- prompt's assumed x0==x_n-1,y0==y_n-1 invariant does NOT hold for this annotation"
d4ede21c-3a01-40a5-9295-da03dbffdb6c,annotation,"segmentation ring first/last point gap = 7.38px (first=(1187.3526,1085.3526) last=(1179.9679,1085.3526)) -- prompt's assumed x0==x_n-1,y0==y_n-1 invariant does NOT hold for this annotation"
f0dfe48d-dfd0-4b51-9ea9-ef10f670609d,annotation,"segmentation ring first/last point gap = 1.23px (first=(1118.8094,807.8976) last=(1120.0,807.5785)) -- prompt's assumed x0==x_n-1,y0==y_n-1 invariant does NOT hold for this annotation"
479486b6-0a6d-4017-bb8c-1613fcc05726,annotation,"segmentation ring first/last point gap = 1.41px (first=(1223.0,731.0) last=(1222.0,732.0)) -- prompt's assumed x0==x_n-1,y0==y_n-1 invariant does NOT hold for this annotation"
092f9229-bbbf-4868-bc21-dee011f023b4,annotation,"segmentation ring first/last point gap = 2.24px (first=(1231.0,811.0) last=(1232.0,809.0)) -- prompt's assumed x0==x_n-1,y0==y_n-1 invariant does NOT hold for this annotation"
562c524c-2017-4cef-b56c-95889769a92e,annotation,"segmentation ring first/last point gap = 4.24px (first=(491.0,1488.0) last=(488.0,1491.0)) -- prompt's assumed x0==x_n-1,y0==y_n-1 invariant does NOT hold for this annotation"
ecc91ee0-2ca1-4b8c-a62f-c5ae7debbd77,annotation,"segmentation ring first/last point gap = 2.24px (first=(1487.0,1260.0) last=(1489.0,1259.0)) -- prompt's assumed x0==x_n-1,y0==y_n-1 invariant does NOT hold for this annotation"
ea3fcfd4-a3b3-4573-ba39-1195fc8b3ebd,annotation,"segmentation ring first/last point gap = 2.59px (first=(1394.5257,1326.8321) last=(1393.8557,1329.3321)) -- prompt's assumed x0==x_n-1,y0==y_n-1 invariant does NOT hold for this annotation"
1c36275d-9813-4e11-8599-17ffc87ae578,annotation,"segmentation ring first/last point gap = 2.07px (first=(1192.6545,492.126) last=(1192.1145,494.126)) -- prompt's assumed x0==x_n-1,y0==y_n-1 invariant does NOT hold for this annotation"
ff8d80da-57b0-41c0-a7b1-94fdd5044c23,annotation,"segmentation ring first/last point gap = 2.59px (first=(818.8527,1782.3056) last=(818.1827,1784.8056)) -- prompt's assumed x0==x_n-1,y0==y_n-1 invariant does NOT hold for this annotation"
ba226ccc-f0e9-4447-bb4a-2dbe55d47197,annotation,"segmentation ring first/last point gap = 1.60px (first=(1663.23,1383.0617) last=(1662.82,1384.6117)) -- prompt's assumed x0==x_n-1,y0==y_n-1 invariant does NOT hold for this annotation"
193331c4-c97d-4c78-bac9-dd0bcfd8de09,annotation,"segmentation ring first/last point gap = 3.16px (first=(1508.0,476.0) last=(1511.0,475.0)) -- prompt's assumed x0==x_n-1,y0==y_n-1 invariant does NOT hold for this annotation"
17022a84-c95d-401d-a813-ff9452edb9c8,annotation,"segmentation ring first/last point gap = 2.59px (first=(1276.5827,1713.127) last=(1275.9127,1715.627)) -- prompt's assumed x0==x_n-1,y0==y_n-1 invariant does NOT hold for this annotation"
3e8b04de-d85d-4f6b-afb9-0d43096cbb23,annotation,"segmentation ring first/last point gap = 2.59px (first=(701.3617,654.2614) last=(700.6917,656.7614)) -- prompt's assumed x0==x_n-1,y0==y_n-1 invariant does NOT hold for this annotation"
53527801-66b6-4f0b-8de1-ea1a8ef86071,annotation,"segmentation ring first/last point gap = 2.59px (first=(588.5455,647.2803) last=(587.8755,649.7803)) -- prompt's assumed x0==x_n-1,y0==y_n-1 invariant does NOT hold for this annotation"
0eeabdee-19ca-410f-9dee-909a75d10ea5,annotation,"segmentation ring first/last point gap = 2.59px (first=(1524.4506,1642.5066) last=(1525.1206,1640.0066)) -- prompt's assumed x0==x_n-1,y0==y_n-1 invariant does NOT hold for this annotation"
057e85d8-4390-4509-bd1f-bfc390dcb824,annotation,"segmentation ring first/last point gap = 1.60px (first=(1279.2345,601.666) last=(1278.8245,603.216)) -- prompt's assumed x0==x_n-1,y0==y_n-1 invariant does NOT hold for this annotation"
9876fd38-5c6a-49ab-8cd2-32f5c86fef93,annotation,"segmentation ring first/last point gap = 1.60px (first=(825.7528,963.744) last=(825.3428,965.294)) -- prompt's assumed x0==x_n-1,y0==y_n-1 invariant does NOT hold for this annotation"
2abd871e-7f69-4381-9977-9f999e1c5dcb,annotation,"segmentation ring first/last point gap = 2.59px (first=(525.0233,664.0769) last=(524.3533,666.5769)) -- prompt's assumed x0==x_n-1,y0==y_n-1 invariant does NOT hold for this annotation"
bec6fde9-cb6b-472a-8872-3b3895555b6b,annotation,"segmentation ring first/last point gap = 2.60px (first=(1772.8761,826.9577) last=(1773.1633,824.373)) -- prompt's assumed x0==x_n-1,y0==y_n-1 invariant does NOT hold for this annotation"
9aa11cbe-625f-4d30-abee-c4a939ceea8e,annotation,"segmentation ring first/last point gap = 2.59px (first=(1376.8262,751.1462) last=(1377.4962,748.6462)) -- prompt's assumed x0==x_n-1,y0==y_n-1 invariant does NOT hold for this annotation"
020101-20140430071914Th,image,annotation count 26 exceeds 99th percentile (19.0)
010101-20150518145654Bh,image,annotation count 24 exceeds 99th percentile (19.0)
010101-20131025185414Mh,image,annotation count 23 exceeds 99th percentile (19.0)
010102-20110914063134Lh,image,annotation count 22 exceeds 99th percentile (19.0)
010402-20120703070814Th,image,annotation count 21 exceeds 99th percentile (19.0)
040302-20140807195854Bh,image,annotation count 20 exceeds 99th percentile (19.0)
010402-20120519070814Th,image,annotation count 20 exceeds 99th percentile (19.0)
010102-20141027025054Uh,image,low inter-batch mask IoU (0.404) vs batch 010101-20141027025054Uh (file 20141027025054Uh.jpeg)
010101-20160714235434Lh,image,low inter-batch mask IoU (0.486) vs batch 010102-20160714235434Lh (file 20160714235434Lh.jpeg)
010403-20131007075314Th,image,low inter-batch mask IoU (0.478) vs batch 010402-20131007075314Th (file 20131007075314Th.jpeg)
010403-20131007075314Th,image,low inter-batch mask IoU (0.401) vs batch 010401-20131007075314Th (file 20131007075314Th.jpeg)
010402-20131007075314Th,image,low inter-batch mask IoU (0.360) vs batch 010401-20131007075314Th (file 20131007075314Th.jpeg)
020401-20170425133730Ch,image,low inter-batch mask IoU (0.227) vs batch 020403-20170425133730Ch (file 20170425133730Ch.jpeg)
020403-20110510063134Lh,image,low inter-batch mask IoU (0.494) vs batch 020401-20110510063134Lh (file 20110510063134Lh.jpeg)
010101-20130425135954Bh,image,low inter-batch mask IoU (0.381) vs batch 010102-20130425135954Bh (file 20130425135954Bh.jpeg)
010301-20160315133714Th,image,low inter-batch mask IoU (0.485) vs batch 010302-20160315133714Th (file 20160315133714Th.jpeg)
010402-20120424072414Th,image,low inter-batch mask IoU (0.312) vs batch 010401-20120424072414Th (file 20120424072414Th.jpeg)
010401-20120424072414Th,image,low inter-batch mask IoU (0.307) vs batch 010403-20120424072414Th (file 20120424072414Th.jpeg)
010401-20160213153054Bh,image,low inter-batch mask IoU (0.350) vs batch 010403-20160213153054Bh (file 20160213153054Bh.jpeg)
010401-20160213153054Bh,image,low inter-batch mask IoU (0.426) vs batch 010402-20160213153054Bh (file 20160213153054Bh.jpeg)
010403-20160213153054Bh,image,low inter-batch mask IoU (0.435) vs batch 010402-20160213153054Bh (file 20160213153054Bh.jpeg)
010403-20140216230134Lh,image,low inter-batch mask IoU (0.460) vs batch 010402-20140216230134Lh (file 20140216230134Lh.jpeg)
010403-20140216230134Lh,image,low inter-batch mask IoU (0.456) vs batch 010401-20140216230134Lh (file 20140216230134Lh.jpeg)
010402-20140216230134Lh,image,low inter-batch mask IoU (0.474) vs batch 010401-20140216230134Lh (file 20140216230134Lh.jpeg)
010201-20150819082014Th,image,low inter-batch mask IoU (0.195) vs batch 010203-20150819082014Th (file 20150819082014Th.jpeg)
010201-20150819082014Th,image,low inter-batch mask IoU (0.149) vs batch 010202-20150819082014Th (file 20150819082014Th.jpeg)
010203-20150819082014Th,image,low inter-batch mask IoU (0.465) vs batch 010202-20150819082014Th (file 20150819082014Th.jpeg)
010102-20120427063154Uh,image,low inter-batch mask IoU (0.329) vs batch 010101-20120427063154Uh (file 20120427063154Uh.jpeg)
010203-20170327143550Bh,image,low inter-batch mask IoU (0.403) vs batch 010202-20170327143550Bh (file 20170327143550Bh.jpeg)
010102-20131016185334Ch,image,low inter-batch mask IoU (0.427) vs batch 010101-20131016185334Ch (file 20131016185334Ch.jpeg)
010102-20131016185334Ch,image,low inter-batch mask IoU (0.358) vs batch 010103-20131016185334Ch (file 20131016185334Ch.jpeg)
010101-20131016185334Ch,image,low inter-batch mask IoU (0.441) vs batch 010103-20131016185334Ch (file 20131016185334Ch.jpeg)
010401-20170119031254Uh,image,low inter-batch mask IoU (0.214) vs batch 010403-20170119031254Uh (file 20170119031254Uh.jpeg)
010401-20170119031254Uh,image,low inter-batch mask IoU (0.327) vs batch 010402-20170119031254Uh (file 20170119031254Uh.jpeg)
010403-20170119031254Uh,image,low inter-batch mask IoU (0.218) vs batch 010402-20170119031254Uh (file 20170119031254Uh.jpeg)
040302-20120914063134Lh,image,low inter-batch mask IoU (0.183) vs batch 040301-20120914063134Lh (file 20120914063134Lh.jpeg)
010403-20110410141654Bh,image,low inter-batch mask IoU (0.172) vs batch 010401-20110410141654Bh (file 20110410141654Bh.jpeg)
010403-20110410141654Bh,image,low inter-batch mask IoU (0.140) vs batch 010402-20110410141654Bh (file 20110410141654Bh.jpeg)
010401-20110410141654Bh,image,low inter-batch mask IoU (0.437) vs batch 010402-20110410141654Bh (file 20110410141654Bh.jpeg)
010202-20210201020330Lh,image,low inter-batch mask IoU (0.252) vs batch 010201-20210201020330Lh (file 20210201020330Lh.jpeg)
010202-20210201020330Lh,image,low inter-batch mask IoU (0.221) vs batch 010203-20210201020330Lh (file 20210201020330Lh.jpeg)
010201-20210201020330Lh,image,low inter-batch mask IoU (0.118) vs batch 010203-20210201020330Lh (file 20210201020330Lh.jpeg)
010203-20161231133734Ch,image,low inter-batch mask IoU (0.373) vs batch 010202-20161231133734Ch (file 20161231133734Ch.jpeg)
010101-20110327143554Bh,image,low inter-batch mask IoU (0.439) vs batch 010102-20110327143554Bh (file 20110327143554Bh.jpeg)
020403-20130110104734Ch,image,low inter-batch mask IoU (0.287) vs batch 020401-20130110104734Ch (file 20130110104734Ch.jpeg)
050103-20110429135554Bh,image,low inter-batch mask IoU (0.447) vs batch 050101-20110429135554Bh (file 20110429135554Bh.jpeg)
010403-20130517063134Lh,image,low inter-batch mask IoU (0.491) vs batch 010401-20130517063134Lh (file 20130517063134Lh.jpeg)
010402-20130517063134Lh,image,low inter-batch mask IoU (0.429) vs batch 010401-20130517063134Lh (file 20130517063134Lh.jpeg)
010102-20170418013450Uh,image,low inter-batch mask IoU (0.465) vs batch 010103-20170418013450Uh (file 20170418013450Uh.jpeg)
010101-20170418013450Uh,image,low inter-batch mask IoU (0.381) vs batch 010103-20170418013450Uh (file 20170418013450Uh.jpeg)
010301-20190609123330Ch,image,low inter-batch mask IoU (0.335) vs batch 010302-20190609123330Ch (file 20190609123330Ch.jpeg)
010403-20220721185332Bh,image,low inter-batch mask IoU (0.322) vs batch 010401-20220721185332Bh (file 20220721185332Bh.jpeg)
010403-20220721185332Bh,image,low inter-batch mask IoU (0.388) vs batch 010402-20220721185332Bh (file 20220721185332Bh.jpeg)
010102-20111027145954Bh,image,low inter-batch mask IoU (0.402) vs batch 010103-20111027145954Bh (file 20111027145954Bh.jpeg)
010102-20111027145954Bh,image,low inter-batch mask IoU (0.464) vs batch 010101-20111027145954Bh (file 20111027145954Bh.jpeg)
010103-20111027145954Bh,image,low inter-batch mask IoU (0.402) vs batch 010101-20111027145954Bh (file 20111027145954Bh.jpeg)
010403-20121009165914Mh,image,low inter-batch mask IoU (0.382) vs batch 010402-20121009165914Mh (file 20121009165914Mh.jpeg)
010201-20170726235030Lh,image,low inter-batch mask IoU (0.272) vs batch 010202-20170726235030Lh (file 20170726235030Lh.jpeg)
010201-20170726235030Lh,image,low inter-batch mask IoU (0.390) vs batch 010203-20170726235030Lh (file 20170726235030Lh.jpeg)
010202-20170726235030Lh,image,low inter-batch mask IoU (0.209) vs batch 010203-20170726235030Lh (file 20170726235030Lh.jpeg)
010101-20160401170314Mh,image,low inter-batch mask IoU (0.348) vs batch 010103-20160401170314Mh (file 20160401170314Mh.jpeg)
010103-20160401170314Mh,image,low inter-batch mask IoU (0.358) vs batch 010102-20160401170314Mh (file 20160401170314Mh.jpeg)
010101-20140513012554Uh,image,low inter-batch mask IoU (0.477) vs batch 010102-20140513012554Uh (file 20140513012554Uh.jpeg)
010401-20111009110234Ch,image,low inter-batch mask IoU (0.237) vs batch 010402-20111009110234Ch (file 20111009110234Ch.jpeg)
010401-20111009110234Ch,image,low inter-batch mask IoU (0.394) vs batch 010403-20111009110234Ch (file 20111009110234Ch.jpeg)
010402-20111009110234Ch,image,low inter-batch mask IoU (0.271) vs batch 010403-20111009110234Ch (file 20111009110234Ch.jpeg)
010201-20120729122634Ch,image,low inter-batch mask IoU (0.438) vs batch 010202-20120729122634Ch (file 20120729122634Ch.jpeg)
010201-20120729122634Ch,image,low inter-batch mask IoU (0.357) vs batch 010203-20120729122634Ch (file 20120729122634Ch.jpeg)
010202-20120729122634Ch,image,low inter-batch mask IoU (0.488) vs batch 010203-20120729122634Ch (file 20120729122634Ch.jpeg)
010403-20171007133730Ch,image,low inter-batch mask IoU (0.100) vs batch 010402-20171007133730Ch (file 20171007133730Ch.jpeg)
010103-20140509195814Mh,image,low inter-batch mask IoU (0.228) vs batch 010102-20140509195814Mh (file 20140509195814Mh.jpeg)
010103-20140509195814Mh,image,low inter-batch mask IoU (0.407) vs batch 010101-20140509195814Mh (file 20140509195814Mh.jpeg)
010102-20140509195814Mh,image,low inter-batch mask IoU (0.229) vs batch 010101-20140509195814Mh (file 20140509195814Mh.jpeg)
010102-20151122172614Mh,image,low inter-batch mask IoU (0.364) vs batch 010101-20151122172614Mh (file 20151122172614Mh.jpeg)
010103-20151122172614Mh,image,low inter-batch mask IoU (0.318) vs batch 010101-20151122172614Mh (file 20151122172614Mh.jpeg)
050102-20150731082034Lh,image,low inter-batch mask IoU (0.495) vs batch 050101-20150731082034Lh (file 20150731082034Lh.jpeg)
050102-20150731082034Lh,image,low inter-batch mask IoU (0.364) vs batch 050103-20150731082034Lh (file 20150731082034Lh.jpeg)
050101-20150731082034Lh,image,low inter-batch mask IoU (0.432) vs batch 050103-20150731082034Lh (file 20150731082034Lh.jpeg)
050103-20121007131134Ch,image,low inter-batch mask IoU (0.423) vs batch 050101-20121007131134Ch (file 20121007131134Ch.jpeg)
050101-20111218085014Th,image,low inter-batch mask IoU (0.343) vs batch 050103-20111218085014Th (file 20111218085014Th.jpeg)
050101-20111218085014Th,image,low inter-batch mask IoU (0.341) vs batch 050102-20111218085014Th (file 20111218085014Th.jpeg)
050103-20111218085014Th,image,low inter-batch mask IoU (0.479) vs batch 050102-20111218085014Th (file 20111218085014Th.jpeg)
010402-20140509071314Th,image,low inter-batch mask IoU (0.334) vs batch 010401-20140509071314Th (file 20140509071314Th.jpeg)
010403-20140509071314Th,image,low inter-batch mask IoU (0.339) vs batch 010401-20140509071314Th (file 20140509071314Th.jpeg)
010101-20160606163514Mh,image,low inter-batch mask IoU (0.474) vs batch 010102-20160606163514Mh (file 20160606163514Mh.jpeg)
010101-20140604195854Bh,image,low inter-batch mask IoU (0.369) vs batch 010103-20140604195854Bh (file 20140604195854Bh.jpeg)
010101-20140604195854Bh,image,low inter-batch mask IoU (0.341) vs batch 010102-20140604195854Bh (file 20140604195854Bh.jpeg)
010103-20140604195854Bh,image,low inter-batch mask IoU (0.446) vs batch 010102-20140604195854Bh (file 20140604195854Bh.jpeg)
040401-20210616142650Bh,image,low inter-batch mask IoU (0.373) vs batch 040402-20210616142650Bh (file 20210616142650Bh.jpeg)
050103-20110727063234Lh,image,low inter-batch mask IoU (0.471) vs batch 050101-20110727063234Lh (file 20110727063234Lh.jpeg)
050103-20110727063234Lh,image,low inter-batch mask IoU (0.377) vs batch 050102-20110727063234Lh (file 20110727063234Lh.jpeg)
050101-20110727063234Lh,image,low inter-batch mask IoU (0.411) vs batch 050102-20110727063234Lh (file 20110727063234Lh.jpeg)
020401-20160501143154Bh,image,low inter-batch mask IoU (0.389) vs batch 020403-20160501143154Bh (file 20160501143154Bh.jpeg)
050102-20170728150230Ch,image,low inter-batch mask IoU (0.446) vs batch 050103-20170728150230Ch (file 20170728150230Ch.jpeg)
050103-20170728150230Ch,image,low inter-batch mask IoU (0.459) vs batch 050101-20170728150230Ch (file 20170728150230Ch.jpeg)
010401-20160810234034Lh,image,low inter-batch mask IoU (0.415) vs batch 010402-20160810234034Lh (file 20160810234034Lh.jpeg)
010401-20160810234034Lh,image,low inter-batch mask IoU (0.418) vs batch 010403-20160810234034Lh (file 20160810234034Lh.jpeg)
010402-20160810234034Lh,image,low inter-batch mask IoU (0.453) vs batch 010403-20160810234034Lh (file 20160810234034Lh.jpeg)
010101-20150112081954Uh,image,low inter-batch mask IoU (0.472) vs batch 010103-20150112081954Uh (file 20150112081954Uh.jpeg)
010101-20150112081954Uh,image,low inter-batch mask IoU (0.419) vs batch 010102-20150112081954Uh (file 20150112081954Uh.jpeg)
050101-20110502063154Uh,image,low inter-batch mask IoU (0.291) vs batch 050102-20110502063154Uh (file 20110502063154Uh.jpeg)
050101-20110502063154Uh,image,low inter-batch mask IoU (0.414) vs batch 050103-20110502063154Uh (file 20110502063154Uh.jpeg)
050102-20110502063154Uh,image,low inter-batch mask IoU (0.403) vs batch 050103-20110502063154Uh (file 20110502063154Uh.jpeg)
010402-20121218063534Lh,image,low inter-batch mask IoU (0.313) vs batch 010403-20121218063534Lh (file 20121218063534Lh.jpeg)
010402-20121218063534Lh,image,low inter-batch mask IoU (0.273) vs batch 010401-20121218063534Lh (file 20121218063534Lh.jpeg)
010403-20121218063534Lh,image,low inter-batch mask IoU (0.484) vs batch 010401-20121218063534Lh (file 20121218063534Lh.jpeg)
010403-20140205180154Bh,image,low inter-batch mask IoU (0.408) vs batch 010402-20140205180154Bh (file 20140205180154Bh.jpeg)
010401-20140205180154Bh,image,low inter-batch mask IoU (0.465) vs batch 010402-20140205180154Bh (file 20140205180154Bh.jpeg)
010202-20171004143950Bh,image,low inter-batch mask IoU (0.382) vs batch 010203-20171004143950Bh (file 20171004143950Bh.jpeg)
020401-20120814163114Mh,image,low inter-batch mask IoU (0.473) vs batch 020403-20120814163114Mh (file 20120814163114Mh.jpeg)
010102-20190626025430Lh,image,low inter-batch mask IoU (0.307) vs batch 010103-20190626025430Lh (file 20190626025430Lh.jpeg)
010103-20190626025430Lh,image,low inter-batch mask IoU (0.337) vs batch 010101-20190626025430Lh (file 20190626025430Lh.jpeg)
010303-20210624133950Bh,image,low inter-batch mask IoU (0.206) vs batch 010302-20210624133950Bh (file 20210624133950Bh.jpeg)
020403-20131101222734Lh,image,low inter-batch mask IoU (0.499) vs batch 020401-20131101222734Lh (file 20131101222734Lh.jpeg)
010202-20120910074014Th,image,low inter-batch mask IoU (0.498) vs batch 010201-20120910074014Th (file 20120910074014Th.jpeg)
010403-20120913165314Mh,image,low inter-batch mask IoU (0.437) vs batch 010401-20120913165314Mh (file 20120913165314Mh.jpeg)
010403-20120913165314Mh,image,low inter-batch mask IoU (0.342) vs batch 010402-20120913165314Mh (file 20120913165314Mh.jpeg)
010401-20120913165314Mh,image,low inter-batch mask IoU (0.251) vs batch 010402-20120913165314Mh (file 20120913165314Mh.jpeg)
010403-20150825082034Lh,image,low inter-batch mask IoU (0.487) vs batch 010402-20150825082034Lh (file 20150825082034Lh.jpeg)
050103-20130719140154Bh,image,low inter-batch mask IoU (0.483) vs batch 050102-20130719140154Bh (file 20130719140154Bh.jpeg)
050103-20130719140154Bh,image,low inter-batch mask IoU (0.499) vs batch 050101-20130719140154Bh (file 20130719140154Bh.jpeg)
050102-20130719140154Bh,image,low inter-batch mask IoU (0.476) vs batch 050101-20130719140154Bh (file 20130719140154Bh.jpeg)
010102-20170218173710Mh,image,low inter-batch mask IoU (0.259) vs batch 010101-20170218173710Mh (file 20170218173710Mh.jpeg)
010401-20170804140650Bh,image,low inter-batch mask IoU (0.298) vs batch 010403-20170804140650Bh (file 20170804140650Bh.jpeg)
010401-20170804140650Bh,image,low inter-batch mask IoU (0.203) vs batch 010402-20170804140650Bh (file 20170804140650Bh.jpeg)
010403-20170804140650Bh,image,low inter-batch mask IoU (0.374) vs batch 010402-20170804140650Bh (file 20170804140650Bh.jpeg)
010402-20110128174814Mh,image,low inter-batch mask IoU (0.345) vs batch 010403-20110128174814Mh (file 20110128174814Mh.jpeg)
010401-20110128174814Mh,image,low inter-batch mask IoU (0.324) vs batch 010403-20110128174814Mh (file 20110128174814Mh.jpeg)
010401-20150125172714Mh,image,low inter-batch mask IoU (0.426) vs batch 010402-20150125172714Mh (file 20150125172714Mh.jpeg)
010101-20171008144250Bh,image,low inter-batch mask IoU (0.419) vs batch 010102-20171008144250Bh (file 20171008144250Bh.jpeg)
010403-20110306082634Lh,image,low inter-batch mask IoU (0.406) vs batch 010401-20110306082634Lh (file 20110306082634Lh.jpeg)
010403-20110306082634Lh,image,low inter-batch mask IoU (0.469) vs batch 010402-20110306082634Lh (file 20110306082634Lh.jpeg)
010401-20110306082634Lh,image,low inter-batch mask IoU (0.419) vs batch 010402-20110306082634Lh (file 20110306082634Lh.jpeg)
010402-20120802090314Th,image,low inter-batch mask IoU (0.475) vs batch 010403-20120802090314Th (file 20120802090314Th.jpeg)
010403-20120802090314Th,image,low inter-batch mask IoU (0.436) vs batch 010401-20120802090314Th (file 20120802090314Th.jpeg)
010101-20131006075314Th,image,low inter-batch mask IoU (0.379) vs batch 010102-20131006075314Th (file 20131006075314Th.jpeg)
050102-20160310133734Ch,image,low inter-batch mask IoU (0.499) vs batch 050103-20160310133734Ch (file 20160310133734Ch.jpeg)
010102-20140312081114Th,image,low inter-batch mask IoU (0.491) vs batch 010101-20140312081114Th (file 20140312081114Th.jpeg)
010402-20150228082414Th,image,low inter-batch mask IoU (0.498) vs batch 010401-20150228082414Th (file 20150228082414Th.jpeg)
010202-20130903141654Bh,image,low inter-batch mask IoU (0.500) vs batch 010203-20130903141654Bh (file 20130903141654Bh.jpeg)
010402-20120610175114Mh,image,low inter-batch mask IoU (0.458) vs batch 010401-20120610175114Mh (file 20120610175114Mh.jpeg)
010402-20120610175114Mh,image,low inter-batch mask IoU (0.468) vs batch 010403-20120610175114Mh (file 20120610175114Mh.jpeg)
010401-20120610175114Mh,image,low inter-batch mask IoU (0.392) vs batch 010403-20120610175114Mh (file 20120610175114Mh.jpeg)
050101-20150113105034Ch,image,low inter-batch mask IoU (0.498) vs batch 050102-20150113105034Ch (file 20150113105034Ch.jpeg)
050103-20150113105034Ch,image,low inter-batch mask IoU (0.458) vs batch 050102-20150113105034Ch (file 20150113105034Ch.jpeg)
010202-20110823120334Ch,image,low inter-batch mask IoU (0.370) vs batch 010203-20110823120334Ch (file 20110823120334Ch.jpeg)
010203-20110823120334Ch,image,low inter-batch mask IoU (0.381) vs batch 010201-20110823120334Ch (file 20110823120334Ch.jpeg)
010101-20140813064254Uh,image,low inter-batch mask IoU (0.477) vs batch 010102-20140813064254Uh (file 20140813064254Uh.jpeg)
010403-20130429063154Uh,image,low inter-batch mask IoU (0.376) vs batch 010402-20130429063154Uh (file 20130429063154Uh.jpeg)
040401-20171115222230Lh,image,low inter-batch mask IoU (0.301) vs batch 040402-20171115222230Lh (file 20171115222230Lh.jpeg)
010101-20120215153654Bh,image,low inter-batch mask IoU (0.352) vs batch 010102-20120215153654Bh (file 20120215153654Bh.jpeg)
010403-20150221155154Bh,image,low inter-batch mask IoU (0.370) vs batch 010401-20150221155154Bh (file 20150221155154Bh.jpeg)
010403-20150221155154Bh,image,low inter-batch mask IoU (0.425) vs batch 010402-20150221155154Bh (file 20150221155154Bh.jpeg)
010401-20150221155154Bh,image,low inter-batch mask IoU (0.321) vs batch 010402-20150221155154Bh (file 20150221155154Bh.jpeg)
010401-20141106195854Bh,image,low inter-batch mask IoU (0.379) vs batch 010402-20141106195854Bh (file 20141106195854Bh.jpeg)
010401-20141106195854Bh,image,low inter-batch mask IoU (0.495) vs batch 010403-20141106195854Bh (file 20141106195854Bh.jpeg)
010402-20141106195854Bh,image,low inter-batch mask IoU (0.442) vs batch 010403-20141106195854Bh (file 20141106195854Bh.jpeg)
010401-20120131063154Uh,image,low inter-batch mask IoU (0.459) vs batch 010403-20120131063154Uh (file 20120131063154Uh.jpeg)
010402-20120131063154Uh,image,low inter-batch mask IoU (0.452) vs batch 010403-20120131063154Uh (file 20120131063154Uh.jpeg)
010401-20120723095014Th,image,low inter-batch mask IoU (0.235) vs batch 010402-20120723095014Th (file 20120723095014Th.jpeg)
010402-20120723095014Th,image,low inter-batch mask IoU (0.220) vs batch 010403-20120723095014Th (file 20120723095014Th.jpeg)
010403-20120404063154Uh,image,low inter-batch mask IoU (0.359) vs batch 010402-20120404063154Uh (file 20120404063154Uh.jpeg)
010403-20120404063154Uh,image,low inter-batch mask IoU (0.339) vs batch 010401-20120404063154Uh (file 20120404063154Uh.jpeg)
010402-20120404063154Uh,image,low inter-batch mask IoU (0.377) vs batch 010401-20120404063154Uh (file 20120404063154Uh.jpeg)
010102-20111029063154Uh,image,low inter-batch mask IoU (0.410) vs batch 010101-20111029063154Uh (file 20111029063154Uh.jpeg)
010402-20160229151254Bh,image,low inter-batch mask IoU (0.452) vs batch 010403-20160229151254Bh (file 20160229151254Bh.jpeg)
010402-20160229151254Bh,image,low inter-batch mask IoU (0.393) vs batch 010401-20160229151254Bh (file 20160229151254Bh.jpeg)
010403-20160229151254Bh,image,low inter-batch mask IoU (0.411) vs batch 010401-20160229151254Bh (file 20160229151254Bh.jpeg)
010401-20140413195914Mh,image,low inter-batch mask IoU (0.498) vs batch 010403-20140413195914Mh (file 20140413195914Mh.jpeg)
010201-20141016022554Uh,image,low inter-batch mask IoU (0.443) vs batch 010203-20141016022554Uh (file 20141016022554Uh.jpeg)
010202-20141016022554Uh,image,low inter-batch mask IoU (0.438) vs batch 010203-20141016022554Uh (file 20141016022554Uh.jpeg)
050101-20121027165114Mh,image,low inter-batch mask IoU (0.498) vs batch 050103-20121027165114Mh (file 20121027165114Mh.jpeg)
050101-20121027165114Mh,image,low inter-batch mask IoU (0.457) vs batch 050102-20121027165114Mh (file 20121027165114Mh.jpeg)
010401-20171029150150Bh,image,low inter-batch mask IoU (0.451) vs batch 010403-20171029150150Bh (file 20171029150150Bh.jpeg)
010401-20171029150150Bh,image,low inter-batch mask IoU (0.425) vs batch 010402-20171029150150Bh (file 20171029150150Bh.jpeg)
010403-20121129063154Uh,image,low inter-batch mask IoU (0.284) vs batch 010402-20121129063154Uh (file 20121129063154Uh.jpeg)
010403-20121129063154Uh,image,low inter-batch mask IoU (0.453) vs batch 010401-20121129063154Uh (file 20121129063154Uh.jpeg)
010402-20121129063154Uh,image,low inter-batch mask IoU (0.305) vs batch 010401-20121129063154Uh (file 20121129063154Uh.jpeg)
020401-20160402025254Uh,image,low inter-batch mask IoU (0.393) vs batch 020403-20160402025254Uh (file 20160402025254Uh.jpeg)
050102-20130630070714Th,image,low inter-batch mask IoU (0.433) vs batch 050101-20130630070714Th (file 20130630070714Th.jpeg)
010102-20171011170310Mh,image,low inter-batch mask IoU (0.202) vs batch 010101-20171011170310Mh (file 20171011170310Mh.jpeg)
010101-20171011170310Mh,image,low inter-batch mask IoU (0.204) vs batch 010103-20171011170310Mh (file 20171011170310Mh.jpeg)
010402-20110803164914Mh,image,low inter-batch mask IoU (0.198) vs batch 010401-20110803164914Mh (file 20110803164914Mh.jpeg)
010402-20110803164914Mh,image,low inter-batch mask IoU (0.280) vs batch 010403-20110803164914Mh (file 20110803164914Mh.jpeg)
010102-20150626161514Mh,image,low inter-batch mask IoU (0.440) vs batch 010101-20150626161514Mh (file 20150626161514Mh.jpeg)
010403-20160403170114Mh,image,low inter-batch mask IoU (0.404) vs batch 010402-20160403170114Mh (file 20160403170114Mh.jpeg)
010403-20160403170114Mh,image,low inter-batch mask IoU (0.391) vs batch 010401-20160403170114Mh (file 20160403170114Mh.jpeg)
010402-20160403170114Mh,image,low inter-batch mask IoU (0.347) vs batch 010401-20160403170114Mh (file 20160403170114Mh.jpeg)
020403-20141105195814Mh,image,low inter-batch mask IoU (0.479) vs batch 020401-20141105195814Mh (file 20141105195814Mh.jpeg)
010202-20121006063534Lh,image,low inter-batch mask IoU (0.081) vs batch 010201-20121006063534Lh (file 20121006063534Lh.jpeg)
010202-20190611032810Mh,image,low inter-batch mask IoU (0.126) vs batch 010201-20190611032810Mh (file 20190611032810Mh.jpeg)
010202-20190611032810Mh,image,low inter-batch mask IoU (0.122) vs batch 010203-20190611032810Mh (file 20190611032810Mh.jpeg)
010101-20120603123034Ch,image,low inter-batch mask IoU (0.471) vs batch 010102-20120603123034Ch (file 20120603123034Ch.jpeg)
010101-20120603123034Ch,image,low inter-batch mask IoU (0.368) vs batch 010103-20120603123034Ch (file 20120603123034Ch.jpeg)
010102-20120603123034Ch,image,low inter-batch mask IoU (0.441) vs batch 010103-20120603123034Ch (file 20120603123034Ch.jpeg)
010101-20161222133714Th,image,low inter-batch mask IoU (0.306) vs batch 010102-20161222133714Th (file 20161222133714Th.jpeg)
010402-20131107043054Uh,image,low inter-batch mask IoU (0.338) vs batch 010401-20131107043054Uh (file 20131107043054Uh.jpeg)
010402-20131107043054Uh,image,low inter-batch mask IoU (0.415) vs batch 010403-20131107043054Uh (file 20131107043054Uh.jpeg)
010401-20131107043054Uh,image,low inter-batch mask IoU (0.346) vs batch 010403-20131107043054Uh (file 20131107043054Uh.jpeg)
050103-20140710083214Th,image,low inter-batch mask IoU (0.499) vs batch 050101-20140710083214Th (file 20140710083214Th.jpeg)
050103-20140710083214Th,image,low inter-batch mask IoU (0.391) vs batch 050102-20140710083214Th (file 20140710083214Th.jpeg)
050101-20140710083214Th,image,low inter-batch mask IoU (0.343) vs batch 050102-20140710083214Th (file 20140710083214Th.jpeg)
010203-20140531195834Ch,image,low inter-batch mask IoU (0.245) vs batch 010202-20140531195834Ch (file 20140531195834Ch.jpeg)
010102-20171101133730Ch,image,low inter-batch mask IoU (0.210) vs batch 010101-20171101133730Ch (file 20171101133730Ch.jpeg)
010102-20171101133730Ch,image,low inter-batch mask IoU (0.465) vs batch 010103-20171101133730Ch (file 20171101133730Ch.jpeg)
010101-20171101133730Ch,image,low inter-batch mask IoU (0.240) vs batch 010103-20171101133730Ch (file 20171101133730Ch.jpeg)
010303-20160204133734Ch,image,low inter-batch mask IoU (0.299) vs batch 010302-20160204133734Ch (file 20160204133734Ch.jpeg)
010203-20170222133710Th,image,low inter-batch mask IoU (0.326) vs batch 010202-20170222133710Th (file 20170222133710Th.jpeg)
030401-20150727082014Th,image,low inter-batch mask IoU (0.000) vs batch 030403-20150727082014Th (file 20150727082014Th.jpeg)
050102-20120110155754Bh,image,low inter-batch mask IoU (0.400) vs batch 050101-20120110155754Bh (file 20120110155754Bh.jpeg)
050102-20120110155754Bh,image,low inter-batch mask IoU (0.433) vs batch 050103-20120110155754Bh (file 20120110155754Bh.jpeg)
010401-20210223222830Ch,image,low inter-batch mask IoU (0.376) vs batch 010402-20210223222830Ch (file 20210223222830Ch.jpeg)
010401-20210223222830Ch,image,low inter-batch mask IoU (0.465) vs batch 010403-20210223222830Ch (file 20210223222830Ch.jpeg)
040301-20190701123830Ch,image,low inter-batch mask IoU (0.209) vs batch 040302-20190701123830Ch (file 20190701123830Ch.jpeg)
010202-20140414020354Uh,image,low inter-batch mask IoU (0.235) vs batch 010201-20140414020354Uh (file 20140414020354Uh.jpeg)
010403-20160215133734Ch,image,low inter-batch mask IoU (0.485) vs batch 010401-20160215133734Ch (file 20160215133734Ch.jpeg)
010403-20160215133734Ch,image,low inter-batch mask IoU (0.311) vs batch 010402-20160215133734Ch (file 20160215133734Ch.jpeg)
010401-20160215133734Ch,image,low inter-batch mask IoU (0.354) vs batch 010402-20160215133734Ch (file 20160215133734Ch.jpeg)
010103-20121109103634Ch,image,low inter-batch mask IoU (0.225) vs batch 010101-20121109103634Ch (file 20121109103634Ch.jpeg)
010103-20121109103634Ch,image,low inter-batch mask IoU (0.232) vs batch 010102-20121109103634Ch (file 20121109103634Ch.jpeg)
010101-20121109103634Ch,image,low inter-batch mask IoU (0.413) vs batch 010102-20121109103634Ch (file 20121109103634Ch.jpeg)
010101-20161224024154Uh,image,low inter-batch mask IoU (0.321) vs batch 010102-20161224024154Uh (file 20161224024154Uh.jpeg)
010101-20161224024154Uh,image,low inter-batch mask IoU (0.303) vs batch 010103-20161224024154Uh (file 20161224024154Uh.jpeg)
010102-20161224024154Uh,image,low inter-batch mask IoU (0.488) vs batch 010103-20161224024154Uh (file 20161224024154Uh.jpeg)
050103-20140414195834Ch,image,low inter-batch mask IoU (0.330) vs batch 050101-20140414195834Ch (file 20140414195834Ch.jpeg)
050103-20140414195834Ch,image,low inter-batch mask IoU (0.473) vs batch 050102-20140414195834Ch (file 20140414195834Ch.jpeg)
050101-20140414195834Ch,image,low inter-batch mask IoU (0.300) vs batch 050102-20140414195834Ch (file 20140414195834Ch.jpeg)
010401-20110215083814Th,image,low inter-batch mask IoU (0.455) vs batch 010402-20110215083814Th (file 20110215083814Th.jpeg)
010401-20110215083814Th,image,low inter-batch mask IoU (0.279) vs batch 010403-20110215083814Th (file 20110215083814Th.jpeg)
010402-20110215083814Th,image,low inter-batch mask IoU (0.323) vs batch 010403-20110215083814Th (file 20110215083814Th.jpeg)
010402-20121113103634Ch,image,low inter-batch mask IoU (0.475) vs batch 010401-20121113103634Ch (file 20121113103634Ch.jpeg)
010403-20121113103634Ch,image,low inter-batch mask IoU (0.493) vs batch 010401-20121113103634Ch (file 20121113103634Ch.jpeg)
040301-20140508195834Ch,image,low inter-batch mask IoU (0.334) vs batch 040302-20140508195834Ch (file 20140508195834Ch.jpeg)
010401-20120519070814Th,image,low inter-batch mask IoU (0.291) vs batch 010403-20120519070814Th (file 20120519070814Th.jpeg)
010401-20120519070814Th,image,low inter-batch mask IoU (0.269) vs batch 010402-20120519070814Th (file 20120519070814Th.jpeg)
010403-20120519070814Th,image,low inter-batch mask IoU (0.483) vs batch 010402-20120519070814Th (file 20120519070814Th.jpeg)
020401-20150720082014Th,image,low inter-batch mask IoU (0.218) vs batch 020403-20150720082014Th (file 20150720082014Th.jpeg)
010402-20141016195834Ch,image,low inter-batch mask IoU (0.365) vs batch 010401-20141016195834Ch (file 20141016195834Ch.jpeg)
010402-20141016195834Ch,image,low inter-batch mask IoU (0.488) vs batch 010403-20141016195834Ch (file 20141016195834Ch.jpeg)
010401-20141016195834Ch,image,low inter-batch mask IoU (0.403) vs batch 010403-20141016195834Ch (file 20141016195834Ch.jpeg)
050103-20110517164514Mh,image,low inter-batch mask IoU (0.444) vs batch 050101-20110517164514Mh (file 20110517164514Mh.jpeg)
050102-20110517164514Mh,image,low inter-batch mask IoU (0.448) vs batch 050101-20110517164514Mh (file 20110517164514Mh.jpeg)
010101-20180318020350Uh,image,low inter-batch mask IoU (0.429) vs batch 010102-20180318020350Uh (file 20180318020350Uh.jpeg)
040303-20140218230234Lh,image,low inter-batch mask IoU (0.478) vs batch 040301-20140218230234Lh (file 20140218230234Lh.jpeg)
050102-20130107174854Bh,image,low inter-batch mask IoU (0.211) vs batch 050103-20130107174854Bh (file 20130107174854Bh.jpeg)
050102-20130107174854Bh,image,low inter-batch mask IoU (0.133) vs batch 050101-20130107174854Bh (file 20130107174854Bh.jpeg)
050103-20130107174854Bh,image,low inter-batch mask IoU (0.333) vs batch 050101-20130107174854Bh (file 20130107174854Bh.jpeg)
050103-20170827165310Mh,image,low inter-batch mask IoU (0.497) vs batch 050101-20170827165310Mh (file 20170827165310Mh.jpeg)
050101-20170827165310Mh,image,low inter-batch mask IoU (0.448) vs batch 050102-20170827165310Mh (file 20170827165310Mh.jpeg)
010101-20110114105034Ch,image,low inter-batch mask IoU (0.403) vs batch 010103-20110114105034Ch (file 20110114105034Ch.jpeg)
010402-20150423120034Ch,image,low inter-batch mask IoU (0.409) vs batch 010401-20150423120034Ch (file 20150423120034Ch.jpeg)
010402-20150423120034Ch,image,low inter-batch mask IoU (0.345) vs batch 010403-20150423120034Ch (file 20150423120034Ch.jpeg)
010401-20150423120034Ch,image,low inter-batch mask IoU (0.336) vs batch 010403-20150423120034Ch (file 20150423120034Ch.jpeg)
010201-20170502233130Lh,image,low inter-batch mask IoU (0.394) vs batch 010202-20170502233130Lh (file 20170502233130Lh.jpeg)
010203-20170502233130Lh,image,low inter-batch mask IoU (0.462) vs batch 010202-20170502233130Lh (file 20170502233130Lh.jpeg)
020401-20150706083014Th,image,low inter-batch mask IoU (0.490) vs batch 020403-20150706083014Th (file 20150706083014Th.jpeg)
010301-20151119133734Ch,image,low inter-batch mask IoU (0.423) vs batch 010302-20151119133734Ch (file 20151119133734Ch.jpeg)
020403-20120403164114Mh,image,low inter-batch mask IoU (0.421) vs batch 020401-20120403164114Mh (file 20120403164114Mh.jpeg)
040301-20210626133950Bh,image,low inter-batch mask IoU (0.000) vs batch 040303-20210626133950Bh (file 20210626133950Bh.jpeg)
010401-20111229063154Uh,image,low inter-batch mask IoU (0.333) vs batch 010402-20111229063154Uh (file 20111229063154Uh.jpeg)
010401-20111229063154Uh,image,low inter-batch mask IoU (0.362) vs batch 010403-20111229063154Uh (file 20111229063154Uh.jpeg)
010402-20111229063154Uh,image,low inter-batch mask IoU (0.451) vs batch 010403-20111229063154Uh (file 20111229063154Uh.jpeg)
010103-20210222222850Bh,image,low inter-batch mask IoU (0.384) vs batch 010101-20210222222850Bh (file 20210222222850Bh.jpeg)
010402-20111222063154Uh,image,low inter-batch mask IoU (0.484) vs batch 010403-20111222063154Uh (file 20111222063154Uh.jpeg)
020401-20110205082634Lh,image,low inter-batch mask IoU (0.199) vs batch 020403-20110205082634Lh (file 20110205082634Lh.jpeg)
010103-20180825205030Ch,image,low inter-batch mask IoU (0.454) vs batch 010101-20180825205030Ch (file 20180825205030Ch.jpeg)
010103-20180825205030Ch,image,low inter-batch mask IoU (0.368) vs batch 010102-20180825205030Ch (file 20180825205030Ch.jpeg)
010101-20180825205030Ch,image,low inter-batch mask IoU (0.459) vs batch 010102-20180825205030Ch (file 20180825205030Ch.jpeg)
010102-20151117172314Mh,image,low inter-batch mask IoU (0.364) vs batch 010103-20151117172314Mh (file 20151117172314Mh.jpeg)
010102-20151117172314Mh,image,low inter-batch mask IoU (0.428) vs batch 010101-20151117172314Mh (file 20151117172314Mh.jpeg)
010101-20110918112834Ch,image,low inter-batch mask IoU (0.451) vs batch 010102-20110918112834Ch (file 20110918112834Ch.jpeg)
010403-20111215063134Lh,image,low inter-batch mask IoU (0.299) vs batch 010401-20111215063134Lh (file 20111215063134Lh.jpeg)
010403-20111215063134Lh,image,low inter-batch mask IoU (0.305) vs batch 010402-20111215063134Lh (file 20111215063134Lh.jpeg)
010401-20111215063134Lh,image,low inter-batch mask IoU (0.262) vs batch 010402-20111215063134Lh (file 20111215063134Lh.jpeg)
010103-20110914063134Lh,image,low inter-batch mask IoU (0.437) vs batch 010101-20110914063134Lh (file 20110914063134Lh.jpeg)
010103-20110914063134Lh,image,low inter-batch mask IoU (0.413) vs batch 010102-20110914063134Lh (file 20110914063134Lh.jpeg)
010101-20110914063134Lh,image,low inter-batch mask IoU (0.368) vs batch 010102-20110914063134Lh (file 20110914063134Lh.jpeg)
050102-20141216222634Lh,image,low inter-batch mask IoU (0.377) vs batch 050101-20141216222634Lh (file 20141216222634Lh.jpeg)
050103-20141216222634Lh,image,low inter-batch mask IoU (0.485) vs batch 050101-20141216222634Lh (file 20141216222634Lh.jpeg)
010403-20210817165030Mh,image,low inter-batch mask IoU (0.430) vs batch 010402-20210817165030Mh (file 20210817165030Mh.jpeg)
010402-20210817165030Mh,image,low inter-batch mask IoU (0.361) vs batch 010401-20210817165030Mh (file 20210817165030Mh.jpeg)
010101-20120206063134Lh,image,low inter-batch mask IoU (0.393) vs batch 010102-20120206063134Lh (file 20120206063134Lh.jpeg)
010102-20170103030554Uh,image,low inter-batch mask IoU (0.498) vs batch 010101-20170103030554Uh (file 20170103030554Uh.jpeg)
010102-20170103030554Uh,image,low inter-batch mask IoU (0.301) vs batch 010103-20170103030554Uh (file 20170103030554Uh.jpeg)
010101-20170103030554Uh,image,low inter-batch mask IoU (0.357) vs batch 010103-20170103030554Uh (file 20170103030554Uh.jpeg)
020401-20111018063134Lh,image,low inter-batch mask IoU (0.436) vs batch 020403-20111018063134Lh (file 20111018063134Lh.jpeg)
050103-20171115170950Bh,image,low inter-batch mask IoU (0.425) vs batch 050101-20171115170950Bh (file 20171115170950Bh.jpeg)
010301-20140605195854Bh,image,low inter-batch mask IoU (0.400) vs batch 010302-20140605195854Bh (file 20140605195854Bh.jpeg)
010402-20160920230134Lh,image,low inter-batch mask IoU (0.242) vs batch 010403-20160920230134Lh (file 20160920230134Lh.jpeg)
010402-20160920230134Lh,image,low inter-batch mask IoU (0.427) vs batch 010401-20160920230134Lh (file 20160920230134Lh.jpeg)
010403-20160920230134Lh,image,low inter-batch mask IoU (0.255) vs batch 010401-20160920230134Lh (file 20160920230134Lh.jpeg)
050103-20180202130330Ch,image,low inter-batch mask IoU (0.257) vs batch 050102-20180202130330Ch (file 20180202130330Ch.jpeg)
050103-20180202130330Ch,image,low inter-batch mask IoU (0.370) vs batch 050101-20180202130330Ch (file 20180202130330Ch.jpeg)
050102-20180202130330Ch,image,low inter-batch mask IoU (0.345) vs batch 050101-20180202130330Ch (file 20180202130330Ch.jpeg)
010401-20150308081954Uh,image,low inter-batch mask IoU (0.434) vs batch 010402-20150308081954Uh (file 20150308081954Uh.jpeg)
010402-20150308081954Uh,image,low inter-batch mask IoU (0.487) vs batch 010403-20150308081954Uh (file 20150308081954Uh.jpeg)
050102-20160617133654Bh,image,low inter-batch mask IoU (0.392) vs batch 050103-20160617133654Bh (file 20160617133654Bh.jpeg)
050103-20160617133654Bh,image,low inter-batch mask IoU (0.425) vs batch 050101-20160617133654Bh (file 20160617133654Bh.jpeg)
050101-20120720085114Th,image,low inter-batch mask IoU (0.145) vs batch 050102-20120720085114Th (file 20120720085114Th.jpeg)
050101-20120720085114Th,image,low inter-batch mask IoU (0.198) vs batch 050103-20120720085114Th (file 20120720085114Th.jpeg)
010403-20130221063134Lh,image,low inter-batch mask IoU (0.455) vs batch 010401-20130221063134Lh (file 20130221063134Lh.jpeg)
010401-20130221063134Lh,image,low inter-batch mask IoU (0.417) vs batch 010402-20130221063134Lh (file 20130221063134Lh.jpeg)
010403-20110301082654Uh,image,low inter-batch mask IoU (0.361) vs batch 010401-20110301082654Uh (file 20110301082654Uh.jpeg)
010403-20110301082654Uh,image,low inter-batch mask IoU (0.153) vs batch 010402-20110301082654Uh (file 20110301082654Uh.jpeg)
010401-20110301082654Uh,image,low inter-batch mask IoU (0.195) vs batch 010402-20110301082654Uh (file 20110301082654Uh.jpeg)
040301-20151128133734Ch,image,low inter-batch mask IoU (0.148) vs batch 040302-20151128133734Ch (file 20151128133734Ch.jpeg)
010403-20110923165814Mh,image,low inter-batch mask IoU (0.455) vs batch 010401-20110923165814Mh (file 20110923165814Mh.jpeg)
010403-20110923165814Mh,image,low inter-batch mask IoU (0.315) vs batch 010402-20110923165814Mh (file 20110923165814Mh.jpeg)
010401-20110923165814Mh,image,low inter-batch mask IoU (0.332) vs batch 010402-20110923165814Mh (file 20110923165814Mh.jpeg)
020401-20200114073230Lh,image,low inter-batch mask IoU (0.219) vs batch 020403-20200114073230Lh (file 20200114073230Lh.jpeg)
050102-20131229112414Th,image,low inter-batch mask IoU (0.376) vs batch 050101-20131229112414Th (file 20131229112414Th.jpeg)
050102-20131229112414Th,image,low inter-batch mask IoU (0.464) vs batch 050103-20131229112414Th (file 20131229112414Th.jpeg)
010401-20161205133714Th,image,low inter-batch mask IoU (0.151) vs batch 010403-20161205133714Th (file 20161205133714Th.jpeg)
010401-20161205133714Th,image,low inter-batch mask IoU (0.144) vs batch 010402-20161205133714Th (file 20161205133714Th.jpeg)
010403-20161205133714Th,image,low inter-batch mask IoU (0.489) vs batch 010402-20161205133714Th (file 20161205133714Th.jpeg)
010202-20141004075414Th,image,low inter-batch mask IoU (0.494) vs batch 010203-20141004075414Th (file 20141004075414Th.jpeg)
040302-20210331231510Mh,image,low inter-batch mask IoU (0.483) vs batch 040301-20210331231510Mh (file 20210331231510Mh.jpeg)
010201-20120917142654Bh,image,low inter-batch mask IoU (0.454) vs batch 010203-20120917142654Bh (file 20120917142654Bh.jpeg)
050103-20130305112734Ch,image,low inter-batch mask IoU (0.467) vs batch 050102-20130305112734Ch (file 20130305112734Ch.jpeg)
050101-20130305112734Ch,image,low inter-batch mask IoU (0.473) vs batch 050102-20130305112734Ch (file 20130305112734Ch.jpeg)
010403-20160225173314Mh,image,low inter-batch mask IoU (0.095) vs batch 010402-20160225173314Mh (file 20160225173314Mh.jpeg)
010401-20160225173314Mh,image,low inter-batch mask IoU (0.132) vs batch 010402-20160225173314Mh (file 20160225173314Mh.jpeg)
010102-20131128192214Mh,image,low inter-batch mask IoU (0.286) vs batch 010101-20131128192214Mh (file 20131128192214Mh.jpeg)
010402-20180306081810Th,image,low inter-batch mask IoU (0.407) vs batch 010401-20180306081810Th (file 20180306081810Th.jpeg)
010401-20180306081810Th,image,low inter-batch mask IoU (0.434) vs batch 010403-20180306081810Th (file 20180306081810Th.jpeg)
010101-20180309000910Mh,image,low inter-batch mask IoU (0.231) vs batch 010103-20180309000910Mh (file 20180309000910Mh.jpeg)
010102-20110203082634Lh,image,low inter-batch mask IoU (0.248) vs batch 010101-20110203082634Lh (file 20110203082634Lh.jpeg)
010102-20110203082634Lh,image,low inter-batch mask IoU (0.308) vs batch 010103-20110203082634Lh (file 20110203082634Lh.jpeg)
010101-20110203082634Lh,image,low inter-batch mask IoU (0.443) vs batch 010103-20110203082634Lh (file 20110203082634Lh.jpeg)
020401-20110324082614Th,image,low inter-batch mask IoU (0.383) vs batch 020403-20110324082614Th (file 20110324082614Th.jpeg)
050101-20131225065154Uh,image,low inter-batch mask IoU (0.424) vs batch 050103-20131225065154Uh (file 20131225065154Uh.jpeg)
050101-20131225065154Uh,image,low inter-batch mask IoU (0.464) vs batch 050102-20131225065154Uh (file 20131225065154Uh.jpeg)
010302-20170831170750Bh,image,low inter-batch mask IoU (0.334) vs batch 010303-20170831170750Bh (file 20170831170750Bh.jpeg)
010403-20130319144654Bh,image,low inter-batch mask IoU (0.415) vs batch 010402-20130319144654Bh (file 20130319144654Bh.jpeg)
010403-20130319144654Bh,image,low inter-batch mask IoU (0.467) vs batch 010401-20130319144654Bh (file 20130319144654Bh.jpeg)
010402-20130319144654Bh,image,low inter-batch mask IoU (0.493) vs batch 010401-20130319144654Bh (file 20130319144654Bh.jpeg)
010403-20141112195854Bh,image,low inter-batch mask IoU (0.453) vs batch 010402-20141112195854Bh (file 20141112195854Bh.jpeg)
010401-20141112195854Bh,image,low inter-batch mask IoU (0.449) vs batch 010402-20141112195854Bh (file 20141112195854Bh.jpeg)
010203-20150716162114Mh,image,low inter-batch mask IoU (0.496) vs batch 010202-20150716162114Mh (file 20150716162114Mh.jpeg)
010103-20200110073230Lh,image,low inter-batch mask IoU (0.403) vs batch 010101-20200110073230Lh (file 20200110073230Lh.jpeg)
050102-20171123222130Lh,image,low inter-batch mask IoU (0.452) vs batch 050101-20171123222130Lh (file 20171123222130Lh.jpeg)
010103-20160526011254Uh,image,low inter-batch mask IoU (0.494) vs batch 010101-20160526011254Uh (file 20160526011254Uh.jpeg)
010103-20160526011254Uh,image,low inter-batch mask IoU (0.439) vs batch 010102-20160526011254Uh (file 20160526011254Uh.jpeg)
010101-20160526011254Uh,image,low inter-batch mask IoU (0.366) vs batch 010102-20160526011254Uh (file 20160526011254Uh.jpeg)
010202-20171103222630Lh,image,low inter-batch mask IoU (0.139) vs batch 010201-20171103222630Lh (file 20171103222630Lh.jpeg)
050103-20120715123434Ch,image,low inter-batch mask IoU (0.458) vs batch 050101-20120715123434Ch (file 20120715123434Ch.jpeg)
050103-20120715123434Ch,image,low inter-batch mask IoU (0.450) vs batch 050102-20120715123434Ch (file 20120715123434Ch.jpeg)
010401-20150325015554Uh,image,low inter-batch mask IoU (0.473) vs batch 010402-20150325015554Uh (file 20150325015554Uh.jpeg)
010401-20150325015554Uh,image,low inter-batch mask IoU (0.500) vs batch 010403-20150325015554Uh (file 20150325015554Uh.jpeg)
010402-20201227202710Mh,image,low inter-batch mask IoU (0.470) vs batch 010403-20201227202710Mh (file 20201227202710Mh.jpeg)
010402-20201227202710Mh,image,low inter-batch mask IoU (0.486) vs batch 010401-20201227202710Mh (file 20201227202710Mh.jpeg)
010403-20201227202710Mh,image,low inter-batch mask IoU (0.364) vs batch 010401-20201227202710Mh (file 20201227202710Mh.jpeg)
010403-20130303063154Uh,image,low inter-batch mask IoU (0.436) vs batch 010402-20130303063154Uh (file 20130303063154Uh.jpeg)
010401-20130303063154Uh,image,low inter-batch mask IoU (0.348) vs batch 010402-20130303063154Uh (file 20130303063154Uh.jpeg)
040301-20110711071214Th,image,low inter-batch mask IoU (0.349) vs batch 040302-20110711071214Th (file 20110711071214Th.jpeg)
010401-20131011195414Mh,image,low inter-batch mask IoU (0.339) vs batch 010402-20131011195414Mh (file 20131011195414Mh.jpeg)
010403-20131011195414Mh,image,low inter-batch mask IoU (0.319) vs batch 010402-20131011195414Mh (file 20131011195414Mh.jpeg)
010402-20140406195854Bh,image,low inter-batch mask IoU (0.448) vs batch 010403-20140406195854Bh (file 20140406195854Bh.jpeg)
010402-20140406195854Bh,image,low inter-batch mask IoU (0.474) vs batch 010401-20140406195854Bh (file 20140406195854Bh.jpeg)
010102-20131109222434Lh,image,low inter-batch mask IoU (0.484) vs batch 010101-20131109222434Lh (file 20131109222434Lh.jpeg)
010402-20160430133714Th,image,low inter-batch mask IoU (0.338) vs batch 010403-20160430133714Th (file 20160430133714Th.jpeg)
010402-20120703070814Th,image,low inter-batch mask IoU (0.276) vs batch 010403-20120703070814Th (file 20120703070814Th.jpeg)
010402-20120703070814Th,image,low inter-batch mask IoU (0.283) vs batch 010401-20120703070814Th (file 20120703070814Th.jpeg)
010403-20120703070814Th,image,low inter-batch mask IoU (0.400) vs batch 010401-20120703070814Th (file 20120703070814Th.jpeg)
010303-20180926014350Uh,image,low inter-batch mask IoU (0.474) vs batch 010302-20180926014350Uh (file 20180926014350Uh.jpeg)
